{"day": 2, "month": 3, "station_id": 12, "predict": [31.892071759259267, 31.892071759259267, 31.892071759259267, 31.892071759259267, 31.892071759259267, 31.892071759259267, 31.892071759259267, 31.892071759259267, 31.892071759259267, 31.892071759259267, 31.892071759259267, 31.892071759259267, 31.892071759259267, 31.892071759259267, 31.892071759259267, 31.892071759259267, 31.892071759259267, 31.892071759259267, 31.892071759259267, 31.892071759259267, 31.892071759259267, 31.892071759259267, 31.892071759259267, 31.892071759259267, 31.966319444444448, 31.966319444444448, 31.966319444444448, 31.966319444444448, 31.966319444444448, 31.966319444444448, 31.966319444444448, 31.966319444444448, 31.966319444444448, 31.966319444444448, 31.966319444444448, 31.966319444444448, 31.966319444444448, 31.966319444444448, 31.966319444444448, 31.966319444444448, 31.966319444444448, 31.966319444444448, 31.966319444444448, 31.966319444444448, 31.966319444444448, 31.966319444444448, 31.966319444444448, 31.966319444444448, 32.030729166666674, 32.030729166666674, 32.030729166666674, 32.030729166666674, 32.030729166666674, 32.030729166666674, 32.030729166666674, 32.030729166666674, 32.030729166666674, 32.030729166666674, 32.030729166666674, 32.030729166666674, 32.030729166666674, 32.030729166666674, 32.030729166666674, 32.030729166666674, 32.030729166666674, 32.030729166666674, 32.030729166666674, 32.030729166666674, 32.030729166666674, 32.030729166666674, 32.030729166666674, 32.030729166666674, 31.981307870370376, 31.981307870370376, 31.981307870370376, 31.981307870370376, 31.981307870370376, 31.981307870370376, 31.981307870370376, 31.981307870370376, 31.981307870370376, 31.981307870370376, 31.981307870370376, 31.981307870370376, 31.981307870370376, 31.981307870370376, 31.981307870370376, 31.981307870370376, 31.981307870370376, 31.981307870370376, 31.981307870370376, 31.981307870370376, 31.981307870370376, 31.981307870370376, 31.981307870370376, 31.981307870370376, 31.816377314814826, 31.816377314814826, 31.816377314814826, 31.816377314814826, 31.816377314814826, 31.816377314814826, 31.816377314814826, 31.816377314814826, 31.816377314814826, 31.816377314814826, 31.816377314814826, 31.816377314814826, 31.816377314814826, 31.816377314814826, 31.816377314814826, 31.816377314814826, 31.816377314814826, 31.816377314814826, 31.816377314814826, 31.816377314814826, 31.816377314814826, 31.816377314814826, 31.816377314814826, 31.816377314814826, 31.774016203703702, 31.774016203703702, 31.774016203703702, 31.774016203703702, 31.774016203703702, 31.774016203703702, 31.774016203703702, 31.774016203703702, 31.774016203703702, 31.774016203703702, 31.774016203703702, 31.774016203703702, 31.774016203703702, 31.774016203703702, 31.774016203703702, 31.774016203703702, 31.774016203703702, 31.774016203703702, 31.774016203703702, 31.774016203703702, 31.774016203703702, 31.774016203703702, 31.774016203703702, 31.774016203703702], "test": [47.0, 47.0, 47.0, 47.0, 47.0, 47.0, 47.0, 47.0, 47.0, 47.0, 47.0, 47.0, 47.0, 46.8, 46.0, 46.0, 46.0, 46.0, 46.0, 46.0, 46.0, 46.0, 46.0, 46.0, 47.0, 47.0, 47.0, 47.0, 47.0, 47.0, 46.6, 46.0, 46.0, 46.0, 46.0, 46.0, 46.0, 46.0, 46.0, 46.0, 46.0, 46.0, 46.0, 46.0, 46.0, 46.0, 46.0, 46.0, 45.6, 45.0, 45.0, 45.0, 45.0, 43.6, 43.0, 42.4, 42.0, 41.2, 41.0, 40.2, 37.8, 22.4, 16.4, 14.6, 14.0, 14.0, 14.0, 13.8, 13.0, 12.0, 12.0, 12.8, 13.0, 13.0, 13.0, 13.0, 13.0, 13.0, 13.0, 14.0, 13.2, 13.0, 13.0, 13.0, 13.4, 14.0, 14.0, 14.0, 14.0, 14.0, 14.0, 15.0, 14.6, 14.0, 14.8, 15.0, 15.4, 17.4, 19.2, 24.2, 24.4, 26.0, 26.4, 28.4, 29.2, 29.6, 31.0, 34.6, 36.8, 38.8, 40.4, 41.0, 43.8, 45.8, 46.0, 46.0, 46.0, 46.0, 45.2, 45.6, 46.0, 46.0, 46.0, 46.0, 46.0, 46.0, 46.0, 46.0, 46.0, 46.0, 46.0, 46.0, 46.0, 46.0, 46.0, 46.0, 46.0, 46.0, 46.0, 46.0, 46.0, 46.0, 46.0, 46.0]}