{"day": 4, "month": 3, "station_id": 213, "predict": [15.97465277777779, 15.97465277777779, 15.97465277777779, 15.97465277777779, 15.97465277777779, 15.97465277777779, 15.97465277777779, 15.97465277777779, 15.97465277777779, 15.97465277777779, 15.97465277777779, 15.97465277777779, 15.97465277777779, 15.97465277777779, 15.97465277777779, 15.97465277777779, 15.97465277777779, 15.97465277777779, 15.97465277777779, 15.97465277777779, 15.97465277777779, 15.97465277777779, 15.97465277777779, 15.97465277777779, 16.126620370370382, 16.126620370370382, 16.126620370370382, 16.126620370370382, 16.126620370370382, 16.126620370370382, 16.126620370370382, 16.126620370370382, 16.126620370370382, 16.126620370370382, 16.126620370370382, 16.126620370370382, 16.126620370370382, 16.126620370370382, 16.126620370370382, 16.126620370370382, 16.126620370370382, 16.126620370370382, 16.126620370370382, 16.126620370370382, 16.126620370370382, 16.126620370370382, 16.126620370370382, 16.126620370370382, 16.274363425925937, 16.274363425925937, 16.274363425925937, 16.274363425925937, 16.274363425925937, 16.274363425925937, 16.274363425925937, 16.274363425925937, 16.274363425925937, 16.274363425925937, 16.274363425925937, 16.274363425925937, 16.274363425925937, 16.274363425925937, 16.274363425925937, 16.274363425925937, 16.274363425925937, 16.274363425925937, 16.274363425925937, 16.274363425925937, 16.274363425925937, 16.274363425925937, 16.274363425925937, 16.274363425925937, 16.43906250000001, 16.43906250000001, 16.43906250000001, 16.43906250000001, 16.43906250000001, 16.43906250000001, 16.43906250000001, 16.43906250000001, 16.43906250000001, 16.43906250000001, 16.43906250000001, 16.43906250000001, 16.43906250000001, 16.43906250000001, 16.43906250000001, 16.43906250000001, 16.43906250000001, 16.43906250000001, 16.43906250000001, 16.43906250000001, 16.43906250000001, 16.43906250000001, 16.43906250000001, 16.43906250000001, 16.495312500000015, 16.495312500000015, 16.495312500000015, 16.495312500000015, 16.495312500000015, 16.495312500000015, 16.495312500000015, 16.495312500000015, 16.495312500000015, 16.495312500000015, 16.495312500000015, 16.495312500000015, 16.495312500000015, 16.495312500000015, 16.495312500000015, 16.495312500000015, 16.495312500000015, 16.495312500000015, 16.495312500000015, 16.495312500000015, 16.495312500000015, 16.495312500000015, 16.495312500000015, 16.495312500000015, 16.5582175925926, 16.5582175925926, 16.5582175925926, 16.5582175925926, 16.5582175925926, 16.5582175925926, 16.5582175925926, 16.5582175925926, 16.5582175925926, 16.5582175925926, 16.5582175925926, 16.5582175925926, 16.5582175925926, 16.5582175925926, 16.5582175925926, 16.5582175925926, 16.5582175925926, 16.5582175925926, 16.5582175925926, 16.5582175925926, 16.5582175925926, 16.5582175925926, 16.5582175925926, 16.5582175925926], "test": [31.0, 31.0, 31.0, 31.0, 31.0, 31.0, 31.0, 31.0, 31.6, 32.0, 32.0, 32.0, 32.0, 32.0, 30.8, 29.0, 29.0, 29.0, 29.0, 29.0, 29.0, 29.0, 29.0, 29.0, 29.0, 29.0, 29.0, 29.0, 29.0, 29.0, 29.0, 29.0, 29.0, 29.0, 29.0, 29.0, 29.0, 29.0, 29.0, 29.0, 29.0, 29.0, 29.0, 29.0, 29.0, 29.0, 29.0, 29.0, 29.0, 29.0, 29.0, 29.0, 29.0, 28.6, 27.0, 27.0, 27.0, 27.0, 27.0, 27.0, 27.0, 27.0, 27.0, 25.8, 25.8, 28.2, 33.2, 34.0, 32.4, 28.0, 25.4, 25.0, 23.0, 23.0, 23.0, 23.0, 22.8, 22.0, 22.0, 18.8, 18.0, 18.0, 18.0, 18.0, 18.0, 18.0, 18.0, 18.0, 18.0, 18.0, 18.0, 18.0, 18.0, 18.0, 18.0, 18.0, 18.0, 18.0, 18.0, 17.6, 17.0, 17.0, 17.0, 17.0, 17.0, 17.0, 17.0, 17.0, 17.0, 17.0, 17.0, 17.0, 17.0, 17.0, 17.0, 17.0, 17.0, 17.0, 17.0, 17.0, 17.0, 17.0, 17.0, 17.0, 17.8, 18.0, 18.0, 18.0, 18.0, 18.0, 18.0, 18.0, 18.0, 18.0, 18.0, 18.0, 18.0, 17.8, 17.8, 18.0, 18.0, 18.0, 18.0, 18.0]}