{"day": 1, "month": 2, "station_id": 272, "predict": [9.62876984126984, 9.62876984126984, 9.62876984126984, 9.62876984126984, 9.62876984126984, 9.62876984126984, 9.62876984126984, 9.62876984126984, 9.62876984126984, 9.62876984126984, 9.62876984126984, 9.62876984126984, 9.62876984126984, 9.62876984126984, 9.62876984126984, 9.62876984126984, 9.62876984126984, 9.62876984126984, 9.62876984126984, 9.62876984126984, 9.62876984126984, 9.62876984126984, 9.62876984126984, 9.62876984126984, 9.696891534391535, 9.696891534391535, 9.696891534391535, 9.696891534391535, 9.696891534391535, 9.696891534391535, 9.696891534391535, 9.696891534391535, 9.696891534391535, 9.696891534391535, 9.696891534391535, 9.696891534391535, 9.696891534391535, 9.696891534391535, 9.696891534391535, 9.696891534391535, 9.696891534391535, 9.696891534391535, 9.696891534391535, 9.696891534391535, 9.696891534391535, 9.696891534391535, 9.696891534391535, 9.696891534391535, 9.76369047619047, 9.76369047619047, 9.76369047619047, 9.76369047619047, 9.76369047619047, 9.76369047619047, 9.76369047619047, 9.76369047619047, 9.76369047619047, 9.76369047619047, 9.76369047619047, 9.76369047619047, 9.76369047619047, 9.76369047619047, 9.76369047619047, 9.76369047619047, 9.76369047619047, 9.76369047619047, 9.76369047619047, 9.76369047619047, 9.76369047619047, 9.76369047619047, 9.76369047619047, 9.76369047619047, 9.77314814814814, 9.77314814814814, 9.77314814814814, 9.77314814814814, 9.77314814814814, 9.77314814814814, 9.77314814814814, 9.77314814814814, 9.77314814814814, 9.77314814814814, 9.77314814814814, 9.77314814814814, 9.77314814814814, 9.77314814814814, 9.77314814814814, 9.77314814814814, 9.77314814814814, 9.77314814814814, 9.77314814814814, 9.77314814814814, 9.77314814814814, 9.77314814814814, 9.77314814814814, 9.77314814814814, 9.736904761904757, 9.736904761904757, 9.736904761904757, 9.736904761904757, 9.736904761904757, 9.736904761904757, 9.736904761904757, 9.736904761904757, 9.736904761904757, 9.736904761904757, 9.736904761904757, 9.736904761904757, 9.736904761904757, 9.736904761904757, 9.736904761904757, 9.736904761904757, 9.736904761904757, 9.736904761904757, 9.736904761904757, 9.736904761904757, 9.736904761904757, 9.736904761904757, 9.736904761904757, 9.736904761904757, 9.721428571428564, 9.721428571428564, 9.721428571428564, 9.721428571428564, 9.721428571428564, 9.721428571428564, 9.721428571428564, 9.721428571428564, 9.721428571428564, 9.721428571428564, 9.721428571428564, 9.721428571428564, 9.721428571428564, 9.721428571428564, 9.721428571428564, 9.721428571428564, 9.721428571428564, 9.721428571428564, 9.721428571428564, 9.721428571428564, 9.721428571428564, 9.721428571428564, 9.721428571428564, 9.721428571428564], "test": [15.0, 15.0, 14.6, 14.0, 14.2, 15.0, 15.0, 15.0, 15.0, 15.0, 15.0, 15.0, 15.0, 15.0, 15.0, 15.0, 15.0, 15.0, 15.0, 15.0, 15.0, 15.0, 15.0, 15.0, 15.0, 15.0, 15.0, 15.0, 15.0, 15.0, 15.0, 15.0, 15.0, 15.0, 15.0, 15.0, 15.0, 14.6, 13.0, 14.0, 14.0, 14.0, 14.4, 15.0, 14.6, 15.4, 15.8, 17.6, 20.4, 19.4, 17.6, 18.8, 19.0, 18.6, 20.6, 21.6, 20.6, 20.0, 19.4, 19.0, 19.0, 19.0, 19.0, 20.0, 20.0, 19.4, 19.0, 18.2, 18.8, 19.0, 19.0, 18.8, 18.0, 18.2, 18.0, 17.2, 15.6, 13.4, 13.4, 14.0, 14.0, 14.0, 14.0, 13.6, 14.6, 14.0, 17.0, 17.0, 17.0, 16.4, 14.4, 14.2, 14.0, 12.6, 12.0, 12.0, 12.0, 10.8, 17.0, 18.6, 17.2, 16.8, 16.8, 15.6, 14.8, 19.2, 20.6, 17.4, 13.6, 11.4, 7.2, 4.8, 5.0, 2.6, 0.2, 0.8, 1.4, 3.0, 3.0, 5.8, 16.8, 18.0, 18.0, 18.0, 19.8, 21.0, 21.0, 20.0, 19.8, 19.4, 17.4, 13.6, 14.4, 15.0, 15.0, 15.0, 15.0, 14.6, 5.4, 5.0, 5.0, 5.0, 5.0, 6.0]}