{"day": 4, "month": 6, "station_id": 109, "predict": [40.07155797101449, 40.07155797101449, 40.07155797101449, 40.07155797101449, 40.07155797101449, 40.07155797101449, 40.07155797101449, 40.07155797101449, 40.07155797101449, 40.07155797101449, 40.07155797101449, 40.07155797101449, 40.07155797101449, 40.07155797101449, 40.07155797101449, 40.07155797101449, 40.07155797101449, 40.07155797101449, 40.07155797101449, 40.07155797101449, 40.07155797101449, 40.07155797101449, 40.07155797101449, 40.07155797101449, 40.05615942028983, 40.05615942028983, 40.05615942028983, 40.05615942028983, 40.05615942028983, 40.05615942028983, 40.05615942028983, 40.05615942028983, 40.05615942028983, 40.05615942028983, 40.05615942028983, 40.05615942028983, 40.05615942028983, 40.05615942028983, 40.05615942028983, 40.05615942028983, 40.05615942028983, 40.05615942028983, 40.05615942028983, 40.05615942028983, 40.05615942028983, 40.05615942028983, 40.05615942028983, 40.05615942028983, 40.04293478260868, 40.04293478260868, 40.04293478260868, 40.04293478260868, 40.04293478260868, 40.04293478260868, 40.04293478260868, 40.04293478260868, 40.04293478260868, 40.04293478260868, 40.04293478260868, 40.04293478260868, 40.04293478260868, 40.04293478260868, 40.04293478260868, 40.04293478260868, 40.04293478260868, 40.04293478260868, 40.04293478260868, 40.04293478260868, 40.04293478260868, 40.04293478260868, 40.04293478260868, 40.04293478260868, 40.25972222222222, 40.25972222222222, 40.25972222222222, 40.25972222222222, 40.25972222222222, 40.25972222222222, 40.25972222222222, 40.25972222222222, 40.25972222222222, 40.25972222222222, 40.25972222222222, 40.25972222222222, 40.25972222222222, 40.25972222222222, 40.25972222222222, 40.25972222222222, 40.25972222222222, 40.25972222222222, 40.25972222222222, 40.25972222222222, 40.25972222222222, 40.25972222222222, 40.25972222222222, 40.25972222222222, 40.47173913043477, 40.47173913043477, 40.47173913043477, 40.47173913043477, 40.47173913043477, 40.47173913043477, 40.47173913043477, 40.47173913043477, 40.47173913043477, 40.47173913043477, 40.47173913043477, 40.47173913043477, 40.47173913043477, 40.47173913043477, 40.47173913043477, 40.47173913043477, 40.47173913043477, 40.47173913043477, 40.47173913043477, 40.47173913043477, 40.47173913043477, 40.47173913043477, 40.47173913043477, 40.47173913043477, 40.51074879227054, 40.51074879227054, 40.51074879227054, 40.51074879227054, 40.51074879227054, 40.51074879227054, 40.51074879227054, 40.51074879227054, 40.51074879227054, 40.51074879227054, 40.51074879227054, 40.51074879227054, 40.51074879227054, 40.51074879227054, 40.51074879227054, 40.51074879227054, 40.51074879227054, 40.51074879227054, 40.51074879227054, 40.51074879227054, 40.51074879227054, 40.51074879227054, 40.51074879227054, 40.51074879227054], "test": [54.0, 54.0, 54.0, 54.0, 54.0, 54.0, 54.0, 54.0, 54.0, 54.0, 54.0, 54.0, 54.0, 54.0, 53.6, 52.0, 52.0, 52.0, 53.4, 54.0, 54.0, 54.0, 54.0, 54.0, 54.0, 54.0, 54.0, 54.0, 54.0, 54.0, 54.0, 54.0, 54.0, 54.0, 54.0, 54.0, 54.0, 54.0, 54.0, 53.2, 53.8, 54.0, 53.4, 53.2, 54.0, 53.6, 52.0, 50.8, 50.0, 49.2, 47.4, 46.6, 52.0, 49.6, 49.2, 49.2, 43.8, 46.6, 45.6, 44.8, 47.0, 45.2, 46.2, 45.4, 45.2, 43.6, 42.6, 44.4, 41.4, 40.8, 39.2, 37.2, 37.2, 38.4, 39.4, 39.6, 36.4, 31.8, 29.4, 28.0, 27.8, 29.0, 28.2, 28.0, 28.2, 29.2, 29.6, 30.2, 31.8, 29.8, 29.0, 30.4, 30.8, 31.8, 30.4, 30.8, 30.8, 31.6, 33.6, 35.2, 36.6, 35.0, 19.8, 5.2, 8.0, 11.6, 12.4, 17.2, 20.4, 29.6, 37.0, 40.2, 44.6, 47.2, 55.0, 57.0, 56.0, 55.0, 56.2, 55.8, 56.8, 55.8, 53.6, 53.0, 53.2, 54.4, 53.4, 55.4, 55.0, 55.6, 53.6, 54.2, 54.0, 55.6, 56.4, 56.4, 55.6, 56.0, 56.0, 56.0, 55.2, 56.0, 56.4, 57.0]}