{"day": 5, "month": 2, "station_id": 703, "predict": [17.113756613756603, 17.113756613756603, 17.113756613756603, 17.113756613756603, 17.113756613756603, 17.113756613756603, 17.113756613756603, 17.113756613756603, 17.113756613756603, 17.113756613756603, 17.113756613756603, 17.113756613756603, 17.113756613756603, 17.113756613756603, 17.113756613756603, 17.113756613756603, 17.113756613756603, 17.113756613756603, 17.113756613756603, 17.113756613756603, 17.113756613756603, 17.113756613756603, 17.113756613756603, 17.113756613756603, 17.155886243386227, 17.155886243386227, 17.155886243386227, 17.155886243386227, 17.155886243386227, 17.155886243386227, 17.155886243386227, 17.155886243386227, 17.155886243386227, 17.155886243386227, 17.155886243386227, 17.155886243386227, 17.155886243386227, 17.155886243386227, 17.155886243386227, 17.155886243386227, 17.155886243386227, 17.155886243386227, 17.155886243386227, 17.155886243386227, 17.155886243386227, 17.155886243386227, 17.155886243386227, 17.155886243386227, 17.19556878306877, 17.19556878306877, 17.19556878306877, 17.19556878306877, 17.19556878306877, 17.19556878306877, 17.19556878306877, 17.19556878306877, 17.19556878306877, 17.19556878306877, 17.19556878306877, 17.19556878306877, 17.19556878306877, 17.19556878306877, 17.19556878306877, 17.19556878306877, 17.19556878306877, 17.19556878306877, 17.19556878306877, 17.19556878306877, 17.19556878306877, 17.19556878306877, 17.19556878306877, 17.19556878306877, 17.242328042328026, 17.242328042328026, 17.242328042328026, 17.242328042328026, 17.242328042328026, 17.242328042328026, 17.242328042328026, 17.242328042328026, 17.242328042328026, 17.242328042328026, 17.242328042328026, 17.242328042328026, 17.242328042328026, 17.242328042328026, 17.242328042328026, 17.242328042328026, 17.242328042328026, 17.242328042328026, 17.242328042328026, 17.242328042328026, 17.242328042328026, 17.242328042328026, 17.242328042328026, 17.242328042328026, 17.308730158730143, 17.308730158730143, 17.308730158730143, 17.308730158730143, 17.308730158730143, 17.308730158730143, 17.308730158730143, 17.308730158730143, 17.308730158730143, 17.308730158730143, 17.308730158730143, 17.308730158730143, 17.308730158730143, 17.308730158730143, 17.308730158730143, 17.308730158730143, 17.308730158730143, 17.308730158730143, 17.308730158730143, 17.308730158730143, 17.308730158730143, 17.308730158730143, 17.308730158730143, 17.308730158730143, 17.335251322751304, 17.335251322751304, 17.335251322751304, 17.335251322751304, 17.335251322751304, 17.335251322751304, 17.335251322751304, 17.335251322751304, 17.335251322751304, 17.335251322751304, 17.335251322751304, 17.335251322751304, 17.335251322751304, 17.335251322751304, 17.335251322751304, 17.335251322751304, 17.335251322751304, 17.335251322751304, 17.335251322751304, 17.335251322751304, 17.335251322751304, 17.335251322751304, 17.335251322751304, 17.335251322751304], "test": [23.4, 24.0, 24.0, 24.0, 24.0, 24.0, 24.0, 24.0, 24.0, 24.0, 24.0, 24.0, 24.0, 24.0, 24.0, 24.0, 24.0, 24.0, 24.0, 24.0, 24.0, 24.0, 24.0, 24.0, 24.0, 24.0, 24.0, 24.0, 24.0, 24.0, 24.0, 24.0, 24.0, 24.0, 24.0, 24.0, 24.0, 24.0, 24.0, 24.0, 24.0, 24.0, 24.0, 24.0, 24.0, 24.0, 24.0, 24.0, 24.0, 24.0, 24.0, 24.0, 24.0, 24.0, 23.2, 23.0, 23.0, 23.0, 23.0, 22.8, 22.0, 21.2, 21.0, 22.0, 22.0, 22.0, 21.6, 22.0, 22.0, 22.0, 22.0, 22.6, 23.0, 22.6, 23.8, 24.4, 25.0, 24.2, 23.0, 23.0, 24.0, 24.0, 24.0, 24.0, 24.0, 24.0, 24.2, 25.0, 25.0, 25.0, 24.8, 22.2, 21.4, 22.0, 23.0, 21.2, 20.0, 20.0, 20.0, 20.0, 20.0, 21.6, 22.0, 22.0, 22.0, 22.0, 22.0, 22.0, 21.2, 21.0, 21.0, 21.0, 21.0, 21.0, 21.0, 21.0, 20.6, 21.0, 21.0, 21.0, 21.0, 21.0, 21.0, 21.0, 21.0, 21.0, 21.0, 21.0, 21.0, 21.0, 21.0, 21.0, 21.0, 21.0, 22.0, 22.0, 22.0, 22.6, 23.0, 23.0, 23.0, 23.0, 23.0, 23.0]}