{"day": 1, "month": 12, "station_id": 18, "predict": [18.099479166666644, 18.099479166666644, 18.099479166666644, 18.099479166666644, 18.099479166666644, 18.099479166666644, 18.099479166666644, 18.099479166666644, 18.099479166666644, 18.099479166666644, 18.099479166666644, 18.099479166666644, 18.099479166666644, 18.099479166666644, 18.099479166666644, 18.099479166666644, 18.099479166666644, 18.099479166666644, 18.099479166666644, 18.099479166666644, 18.099479166666644, 18.099479166666644, 18.099479166666644, 18.099479166666644, 18.05011574074072, 18.05011574074072, 18.05011574074072, 18.05011574074072, 18.05011574074072, 18.05011574074072, 18.05011574074072, 18.05011574074072, 18.05011574074072, 18.05011574074072, 18.05011574074072, 18.05011574074072, 18.05011574074072, 18.05011574074072, 18.05011574074072, 18.05011574074072, 18.05011574074072, 18.05011574074072, 18.05011574074072, 18.05011574074072, 18.05011574074072, 18.05011574074072, 18.05011574074072, 18.05011574074072, 18.00706018518516, 18.00706018518516, 18.00706018518516, 18.00706018518516, 18.00706018518516, 18.00706018518516, 18.00706018518516, 18.00706018518516, 18.00706018518516, 18.00706018518516, 18.00706018518516, 18.00706018518516, 18.00706018518516, 18.00706018518516, 18.00706018518516, 18.00706018518516, 18.00706018518516, 18.00706018518516, 18.00706018518516, 18.00706018518516, 18.00706018518516, 18.00706018518516, 18.00706018518516, 18.00706018518516, 18.008159722222203, 18.008159722222203, 18.008159722222203, 18.008159722222203, 18.008159722222203, 18.008159722222203, 18.008159722222203, 18.008159722222203, 18.008159722222203, 18.008159722222203, 18.008159722222203, 18.008159722222203, 18.008159722222203, 18.008159722222203, 18.008159722222203, 18.008159722222203, 18.008159722222203, 18.008159722222203, 18.008159722222203, 18.008159722222203, 18.008159722222203, 18.008159722222203, 18.008159722222203, 18.008159722222203, 17.976157407407385, 17.976157407407385, 17.976157407407385, 17.976157407407385, 17.976157407407385, 17.976157407407385, 17.976157407407385, 17.976157407407385, 17.976157407407385, 17.976157407407385, 17.976157407407385, 17.976157407407385, 17.976157407407385, 17.976157407407385, 17.976157407407385, 17.976157407407385, 17.976157407407385, 17.976157407407385, 17.976157407407385, 17.976157407407385, 17.976157407407385, 17.976157407407385, 17.976157407407385, 17.976157407407385, 17.917708333333312, 17.917708333333312, 17.917708333333312, 17.917708333333312, 17.917708333333312, 17.917708333333312, 17.917708333333312, 17.917708333333312, 17.917708333333312, 17.917708333333312, 17.917708333333312, 17.917708333333312, 17.917708333333312, 17.917708333333312, 17.917708333333312, 17.917708333333312, 17.917708333333312, 17.917708333333312, 17.917708333333312, 17.917708333333312, 17.917708333333312, 17.917708333333312, 17.917708333333312, 17.917708333333312], "test": [9.0, 9.0, 9.0, 9.0, 9.0, 9.0, 9.0, 9.0, 9.0, 9.0, 8.2, 8.0, 8.0, 8.0, 8.0, 8.0, 8.0, 8.0, 8.6, 9.0, 9.0, 9.0, 9.0, 9.0, 9.0, 9.0, 9.0, 9.0, 9.0, 9.0, 9.0, 9.0, 9.0, 9.0, 9.0, 9.0, 9.0, 9.0, 10.2, 11.0, 11.0, 11.0, 11.0, 11.0, 11.0, 11.0, 11.0, 11.0, 11.0, 11.0, 11.0, 11.0, 11.0, 11.0, 11.0, 11.0, 11.0, 11.8, 13.0, 13.0, 13.0, 13.0, 15.0, 18.6, 23.0, 24.4, 26.0, 25.8, 22.2, 20.0, 21.4, 23.4, 26.0, 26.0, 26.0, 26.0, 23.6, 22.8, 22.0, 20.2, 17.2, 13.0, 1.8, 0.0, 0.4, 3.2, 1.2, 1.4, 4.8, 2.8, 1.0, 1.0, 1.0, 1.0, 3.2, 3.6, 2.4, 2.8, 2.0, 4.4, 7.2, 10.2, 12.8, 12.8, 12.0, 12.0, 13.2, 14.4, 16.8, 18.0, 18.0, 18.0, 16.0, 19.2, 20.2, 24.4, 25.0, 23.2, 25.0, 24.4, 22.4, 23.0, 24.4, 23.0, 25.8, 26.0, 26.0, 26.0, 26.0, 26.0, 24.4, 24.0, 24.0, 25.0, 26.0, 26.0, 26.0, 26.0, 26.0, 26.0, 26.0, 26.0, 26.0, 26.0]}