{"day": 5, "month": 4, "station_id": 109, "predict": [33.3348429951691, 33.3348429951691, 33.3348429951691, 33.3348429951691, 33.3348429951691, 33.3348429951691, 33.3348429951691, 33.3348429951691, 33.3348429951691, 33.3348429951691, 33.3348429951691, 33.3348429951691, 33.3348429951691, 33.3348429951691, 33.3348429951691, 33.3348429951691, 33.3348429951691, 33.3348429951691, 33.3348429951691, 33.3348429951691, 33.3348429951691, 33.3348429951691, 33.3348429951691, 33.3348429951691, 33.2989734299517, 33.2989734299517, 33.2989734299517, 33.2989734299517, 33.2989734299517, 33.2989734299517, 33.2989734299517, 33.2989734299517, 33.2989734299517, 33.2989734299517, 33.2989734299517, 33.2989734299517, 33.2989734299517, 33.2989734299517, 33.2989734299517, 33.2989734299517, 33.2989734299517, 33.2989734299517, 33.2989734299517, 33.2989734299517, 33.2989734299517, 33.2989734299517, 33.2989734299517, 33.2989734299517, 33.23943236714978, 33.23943236714978, 33.23943236714978, 33.23943236714978, 33.23943236714978, 33.23943236714978, 33.23943236714978, 33.23943236714978, 33.23943236714978, 33.23943236714978, 33.23943236714978, 33.23943236714978, 33.23943236714978, 33.23943236714978, 33.23943236714978, 33.23943236714978, 33.23943236714978, 33.23943236714978, 33.23943236714978, 33.23943236714978, 33.23943236714978, 33.23943236714978, 33.23943236714978, 33.23943236714978, 33.39492753623191, 33.39492753623191, 33.39492753623191, 33.39492753623191, 33.39492753623191, 33.39492753623191, 33.39492753623191, 33.39492753623191, 33.39492753623191, 33.39492753623191, 33.39492753623191, 33.39492753623191, 33.39492753623191, 33.39492753623191, 33.39492753623191, 33.39492753623191, 33.39492753623191, 33.39492753623191, 33.39492753623191, 33.39492753623191, 33.39492753623191, 33.39492753623191, 33.39492753623191, 33.39492753623191, 33.5027777777778, 33.5027777777778, 33.5027777777778, 33.5027777777778, 33.5027777777778, 33.5027777777778, 33.5027777777778, 33.5027777777778, 33.5027777777778, 33.5027777777778, 33.5027777777778, 33.5027777777778, 33.5027777777778, 33.5027777777778, 33.5027777777778, 33.5027777777778, 33.5027777777778, 33.5027777777778, 33.5027777777778, 33.5027777777778, 33.5027777777778, 33.5027777777778, 33.5027777777778, 33.5027777777778, 33.57161835748796, 33.57161835748796, 33.57161835748796, 33.57161835748796, 33.57161835748796, 33.57161835748796, 33.57161835748796, 33.57161835748796, 33.57161835748796, 33.57161835748796, 33.57161835748796, 33.57161835748796, 33.57161835748796, 33.57161835748796, 33.57161835748796, 33.57161835748796, 33.57161835748796, 33.57161835748796, 33.57161835748796, 33.57161835748796, 33.57161835748796, 33.57161835748796, 33.57161835748796, 33.57161835748796], "test": [37.4, 38.0, 38.0, 39.0, 38.4, 38.0, 38.0, 38.0, 38.0, 38.8, 39.0, 39.0, 39.0, 39.0, 39.6, 40.0, 40.0, 40.0, 40.0, 38.0, 38.0, 38.0, 38.0, 38.0, 38.0, 38.0, 38.0, 38.0, 38.0, 38.0, 38.0, 38.0, 38.0, 38.0, 38.0, 38.0, 38.0, 38.0, 38.0, 38.0, 38.0, 38.0, 37.0, 37.0, 36.6, 36.0, 35.8, 35.0, 35.0, 35.6, 36.0, 36.0, 36.0, 36.0, 36.0, 36.0, 36.0, 36.0, 36.0, 36.6, 37.0, 37.0, 37.0, 37.0, 37.0, 37.0, 37.0, 36.0, 36.0, 36.0, 36.0, 36.0, 34.2, 33.0, 32.4, 32.0, 32.0, 32.0, 29.6, 29.0, 29.0, 29.8, 29.0, 29.0, 29.6, 30.0, 30.4, 25.4, 23.8, 27.8, 30.0, 30.0, 31.4, 32.0, 31.2, 30.4, 31.0, 31.4, 31.8, 32.0, 31.8, 30.0, 30.0, 30.0, 30.0, 30.0, 27.4, 25.0, 24.4, 24.2, 25.6, 26.0, 27.0, 28.4, 30.2, 28.6, 31.0, 31.0, 29.6, 28.6, 27.2, 27.0, 27.0, 27.2, 27.6, 29.0, 29.0, 28.2, 27.0, 27.0, 26.2, 25.0, 24.6, 24.0, 23.8, 23.8, 24.2, 26.0, 26.0, 25.0, 24.6, 25.0, 26.6, 27.0]}