{"day": 4, "month": 7, "station_id": 116, "predict": [13.783564814814826, 13.783564814814826, 13.783564814814826, 13.783564814814826, 13.783564814814826, 13.783564814814826, 13.783564814814826, 13.783564814814826, 13.783564814814826, 13.783564814814826, 13.783564814814826, 13.783564814814826, 13.783564814814826, 13.783564814814826, 13.783564814814826, 13.783564814814826, 13.783564814814826, 13.783564814814826, 13.783564814814826, 13.783564814814826, 13.783564814814826, 13.783564814814826, 13.783564814814826, 13.783564814814826, 13.786689814814824, 13.786689814814824, 13.786689814814824, 13.786689814814824, 13.786689814814824, 13.786689814814824, 13.786689814814824, 13.786689814814824, 13.786689814814824, 13.786689814814824, 13.786689814814824, 13.786689814814824, 13.786689814814824, 13.786689814814824, 13.786689814814824, 13.786689814814824, 13.786689814814824, 13.786689814814824, 13.786689814814824, 13.786689814814824, 13.786689814814824, 13.786689814814824, 13.786689814814824, 13.786689814814824, 13.795717592592602, 13.795717592592602, 13.795717592592602, 13.795717592592602, 13.795717592592602, 13.795717592592602, 13.795717592592602, 13.795717592592602, 13.795717592592602, 13.795717592592602, 13.795717592592602, 13.795717592592602, 13.795717592592602, 13.795717592592602, 13.795717592592602, 13.795717592592602, 13.795717592592602, 13.795717592592602, 13.795717592592602, 13.795717592592602, 13.795717592592602, 13.795717592592602, 13.795717592592602, 13.795717592592602, 13.823611111111127, 13.823611111111127, 13.823611111111127, 13.823611111111127, 13.823611111111127, 13.823611111111127, 13.823611111111127, 13.823611111111127, 13.823611111111127, 13.823611111111127, 13.823611111111127, 13.823611111111127, 13.823611111111127, 13.823611111111127, 13.823611111111127, 13.823611111111127, 13.823611111111127, 13.823611111111127, 13.823611111111127, 13.823611111111127, 13.823611111111127, 13.823611111111127, 13.823611111111127, 13.823611111111127, 13.872974537037052, 13.872974537037052, 13.872974537037052, 13.872974537037052, 13.872974537037052, 13.872974537037052, 13.872974537037052, 13.872974537037052, 13.872974537037052, 13.872974537037052, 13.872974537037052, 13.872974537037052, 13.872974537037052, 13.872974537037052, 13.872974537037052, 13.872974537037052, 13.872974537037052, 13.872974537037052, 13.872974537037052, 13.872974537037052, 13.872974537037052, 13.872974537037052, 13.872974537037052, 13.872974537037052, 13.872800925925945, 13.872800925925945, 13.872800925925945, 13.872800925925945, 13.872800925925945, 13.872800925925945, 13.872800925925945, 13.872800925925945, 13.872800925925945, 13.872800925925945, 13.872800925925945, 13.872800925925945, 13.872800925925945, 13.872800925925945, 13.872800925925945, 13.872800925925945, 13.872800925925945, 13.872800925925945, 13.872800925925945, 13.872800925925945, 13.872800925925945, 13.872800925925945, 13.872800925925945, 13.872800925925945], "test": [20.0, 20.0, 20.0, 19.0, 19.0, 19.0, 19.4, 20.0, 20.0, 20.0, 20.0, 20.0, 20.0, 19.0, 20.0, 20.0, 20.0, 20.0, 20.0, 20.0, 20.0, 20.0, 20.0, 20.0, 20.0, 20.0, 20.0, 20.0, 20.0, 20.0, 20.0, 20.0, 20.0, 20.0, 20.0, 19.4, 18.0, 18.0, 18.0, 18.0, 19.0, 18.6, 17.8, 17.2, 19.0, 18.6, 16.0, 16.0, 15.8, 13.8, 11.6, 9.0, 7.8, 6.6, 2.6, 1.0, 1.0, 1.0, 1.0, 1.0, 1.0, 1.4, 7.4, 9.0, 8.6, 9.8, 11.0, 9.8, 11.0, 11.0, 11.4, 11.8, 11.2, 12.0, 11.0, 9.6, 10.0, 10.4, 12.0, 12.0, 12.4, 15.0, 13.8, 10.8, 10.0, 10.0, 9.8, 9.6, 10.4, 11.0, 9.6, 11.0, 9.8, 11.2, 10.6, 10.2, 8.8, 7.6, 7.0, 8.0, 7.0, 7.0, 4.8, 8.2, 10.0, 11.8, 13.8, 12.4, 14.0, 14.0, 15.6, 18.0, 18.0, 18.0, 18.0, 18.8, 18.8, 18.0, 17.6, 19.8, 21.0, 20.0, 19.0, 20.4, 21.0, 21.0, 19.6, 18.6, 20.6, 21.0, 21.0, 21.0, 21.0, 21.0, 21.0, 21.0, 21.0, 20.2, 19.0, 19.8, 20.0, 20.0, 20.8, 21.0]}