{"day": 1, "month": 7, "station_id": 270, "predict": [12.742592592592617, 12.742592592592617, 12.742592592592617, 12.742592592592617, 12.742592592592617, 12.742592592592617, 12.742592592592617, 12.742592592592617, 12.742592592592617, 12.742592592592617, 12.742592592592617, 12.742592592592617, 12.742592592592617, 12.742592592592617, 12.742592592592617, 12.742592592592617, 12.742592592592617, 12.742592592592617, 12.742592592592617, 12.742592592592617, 12.742592592592617, 12.742592592592617, 12.742592592592617, 12.742592592592617, 12.762094907407427, 12.762094907407427, 12.762094907407427, 12.762094907407427, 12.762094907407427, 12.762094907407427, 12.762094907407427, 12.762094907407427, 12.762094907407427, 12.762094907407427, 12.762094907407427, 12.762094907407427, 12.762094907407427, 12.762094907407427, 12.762094907407427, 12.762094907407427, 12.762094907407427, 12.762094907407427, 12.762094907407427, 12.762094907407427, 12.762094907407427, 12.762094907407427, 12.762094907407427, 12.762094907407427, 12.787847222222243, 12.787847222222243, 12.787847222222243, 12.787847222222243, 12.787847222222243, 12.787847222222243, 12.787847222222243, 12.787847222222243, 12.787847222222243, 12.787847222222243, 12.787847222222243, 12.787847222222243, 12.787847222222243, 12.787847222222243, 12.787847222222243, 12.787847222222243, 12.787847222222243, 12.787847222222243, 12.787847222222243, 12.787847222222243, 12.787847222222243, 12.787847222222243, 12.787847222222243, 12.787847222222243, 12.843692129629655, 12.843692129629655, 12.843692129629655, 12.843692129629655, 12.843692129629655, 12.843692129629655, 12.843692129629655, 12.843692129629655, 12.843692129629655, 12.843692129629655, 12.843692129629655, 12.843692129629655, 12.843692129629655, 12.843692129629655, 12.843692129629655, 12.843692129629655, 12.843692129629655, 12.843692129629655, 12.843692129629655, 12.843692129629655, 12.843692129629655, 12.843692129629655, 12.843692129629655, 12.843692129629655, 12.795891203703729, 12.795891203703729, 12.795891203703729, 12.795891203703729, 12.795891203703729, 12.795891203703729, 12.795891203703729, 12.795891203703729, 12.795891203703729, 12.795891203703729, 12.795891203703729, 12.795891203703729, 12.795891203703729, 12.795891203703729, 12.795891203703729, 12.795891203703729, 12.795891203703729, 12.795891203703729, 12.795891203703729, 12.795891203703729, 12.795891203703729, 12.795891203703729, 12.795891203703729, 12.795891203703729, 12.638425925925949, 12.638425925925949, 12.638425925925949, 12.638425925925949, 12.638425925925949, 12.638425925925949, 12.638425925925949, 12.638425925925949, 12.638425925925949, 12.638425925925949, 12.638425925925949, 12.638425925925949, 12.638425925925949, 12.638425925925949, 12.638425925925949, 12.638425925925949, 12.638425925925949, 12.638425925925949, 12.638425925925949, 12.638425925925949, 12.638425925925949, 12.638425925925949, 12.638425925925949, 12.638425925925949], "test": [6.0, 6.0, 6.0, 6.0, 6.0, 5.6, 5.0, 5.2, 5.2, 5.0, 5.0, 5.0, 5.0, 4.2, 3.0, 3.0, 3.0, 3.0, 3.0, 3.0, 3.0, 3.0, 3.0, 3.0, 3.0, 3.6, 4.0, 4.0, 4.0, 4.0, 4.0, 4.0, 4.0, 4.0, 4.0, 4.0, 4.0, 3.4, 4.0, 4.0, 5.4, 6.8, 8.8, 10.2, 10.8, 11.2, 9.6, 12.2, 10.4, 11.0, 13.0, 10.8, 10.2, 10.0, 14.8, 17.0, 18.6, 28.8, 30.0, 29.4, 30.0, 30.0, 30.0, 30.0, 30.0, 29.8, 29.4, 29.0, 29.0, 29.4, 29.6, 29.0, 27.2, 27.0, 26.6, 26.0, 25.2, 25.4, 25.4, 25.0, 25.0, 24.8, 24.8, 25.0, 24.0, 24.0, 23.6, 22.6, 22.6, 22.2, 22.8, 23.2, 22.2, 22.0, 21.4, 20.8, 20.0, 19.4, 18.4, 17.8, 19.6, 18.2, 16.4, 13.8, 14.2, 15.2, 8.8, 3.8, 0.4, 1.2, 1.0, 0.6, 1.4, 0.0, 0.0, 1.2, 3.6, 1.8, 2.0, 1.0, 0.4, 0.0, 0.0, 0.0, 0.2, 0.0, 0.6, 0.0, 0.6, 3.2, 5.4, 7.2, 8.0, 9.2, 10.4, 12.2, 14.0, 13.0, 9.8, 9.2, 10.0, 10.6, 11.0, 11.2]}