{"day": 0, "month": 1, "station_id": 374, "predict": [14.500793417572744, 14.500793417572744, 14.500793417572744, 14.500793417572744, 14.500793417572744, 14.500793417572744, 14.500793417572744, 14.500793417572744, 14.500793417572744, 14.500793417572744, 14.500793417572744, 14.500793417572744, 14.500793417572744, 14.500793417572744, 14.500793417572744, 14.500793417572744, 14.500793417572744, 14.500793417572744, 14.500793417572744, 14.500793417572744, 14.500793417572744, 14.500793417572744, 14.500793417572744, 14.500793417572744, 14.430149867763749, 14.430149867763749, 14.430149867763749, 14.430149867763749, 14.430149867763749, 14.430149867763749, 14.430149867763749, 14.430149867763749, 14.430149867763749, 14.430149867763749, 14.430149867763749, 14.430149867763749, 14.430149867763749, 14.430149867763749, 14.430149867763749, 14.430149867763749, 14.430149867763749, 14.430149867763749, 14.430149867763749, 14.430149867763749, 14.430149867763749, 14.430149867763749, 14.430149867763749, 14.430149867763749, 14.36185718483692, 14.36185718483692, 14.36185718483692, 14.36185718483692, 14.36185718483692, 14.36185718483692, 14.36185718483692, 14.36185718483692, 14.36185718483692, 14.36185718483692, 14.36185718483692, 14.36185718483692, 14.36185718483692, 14.36185718483692, 14.36185718483692, 14.36185718483692, 14.36185718483692, 14.36185718483692, 14.36185718483692, 14.36185718483692, 14.36185718483692, 14.36185718483692, 14.36185718483692, 14.36185718483692, 14.438671760211589, 14.438671760211589, 14.438671760211589, 14.438671760211589, 14.438671760211589, 14.438671760211589, 14.438671760211589, 14.438671760211589, 14.438671760211589, 14.438671760211589, 14.438671760211589, 14.438671760211589, 14.438671760211589, 14.438671760211589, 14.438671760211589, 14.438671760211589, 14.438671760211589, 14.438671760211589, 14.438671760211589, 14.438671760211589, 14.438671760211589, 14.438671760211589, 14.438671760211589, 14.438671760211589, 14.315016162209828, 14.315016162209828, 14.315016162209828, 14.315016162209828, 14.315016162209828, 14.315016162209828, 14.315016162209828, 14.315016162209828, 14.315016162209828, 14.315016162209828, 14.315016162209828, 14.315016162209828, 14.315016162209828, 14.315016162209828, 14.315016162209828, 14.315016162209828, 14.315016162209828, 14.315016162209828, 14.315016162209828, 14.315016162209828, 14.315016162209828, 14.315016162209828, 14.315016162209828, 14.315016162209828, 14.256420805171922, 14.256420805171922, 14.256420805171922, 14.256420805171922, 14.256420805171922, 14.256420805171922, 14.256420805171922, 14.256420805171922, 14.256420805171922, 14.256420805171922, 14.256420805171922, 14.256420805171922, 14.256420805171922, 14.256420805171922, 14.256420805171922, 14.256420805171922, 14.256420805171922, 14.256420805171922, 14.256420805171922, 14.256420805171922, 14.256420805171922, 14.256420805171922, 14.256420805171922, 14.256420805171922], "test": [0.0, 0.0, 0.0, 0.0, 0.0, 0.0, 0.6, 1.0, 1.0, 1.0, 1.0, 1.0, 1.0, 1.0, 1.0, 1.0, 1.0, 1.0, 1.0, 1.0, 1.0, 1.0, 1.0, 1.0, 1.0, 1.0, 1.0, 1.0, 1.0, 1.0, 1.0, 1.0, 1.0, 1.0, 1.0, 1.0, 1.0, 1.8, 3.2, 5.0, 5.0, 5.2, 6.0, 5.6, 12.6, 14.4, 7.8, 13.6, 22.0, 18.0, 16.2, 20.4, 34.6, 32.6, 32.4, 33.2, 33.4, 29.2, 27.4, 16.6, 6.0, 8.0, 11.0, 14.8, 14.6, 8.4, 1.2, 1.6, 3.0, 4.8, 6.0, 5.0, 5.6, 5.4, 5.4, 11.8, 10.0, 6.0, 4.0, 4.0, 3.2, 3.4, 3.6, 2.2, 2.8, 3.0, 3.0, 0.6, 0.2, 0.0, 0.4, 1.4, 13.0, 25.4, 27.0, 27.0, 26.6, 25.8, 23.6, 22.0, 25.0, 23.4, 20.0, 19.2, 12.0, 9.2, 9.4, 5.6, 22.2, 27.4, 17.0, 12.8, 9.8, 5.8, 1.8, 0.2, 0.0, 3.4, 9.8, 6.4, 11.8, 16.4, 12.2, 13.6, 26.6, 26.4, 25.6, 25.0, 24.4, 24.0, 24.0, 24.0, 24.0, 23.4, 22.0, 22.0, 22.0, 22.0, 22.0, 22.0, 22.0, 22.0, 22.0, 22.0]}