{"day": 1, "month": 12, "station_id": 109, "predict": [34.32013888888893, 34.32013888888893, 34.32013888888893, 34.32013888888893, 34.32013888888893, 34.32013888888893, 34.32013888888893, 34.32013888888893, 34.32013888888893, 34.32013888888893, 34.32013888888893, 34.32013888888893, 34.32013888888893, 34.32013888888893, 34.32013888888893, 34.32013888888893, 34.32013888888893, 34.32013888888893, 34.32013888888893, 34.32013888888893, 34.32013888888893, 34.32013888888893, 34.32013888888893, 34.32013888888893, 34.38125000000004, 34.38125000000004, 34.38125000000004, 34.38125000000004, 34.38125000000004, 34.38125000000004, 34.38125000000004, 34.38125000000004, 34.38125000000004, 34.38125000000004, 34.38125000000004, 34.38125000000004, 34.38125000000004, 34.38125000000004, 34.38125000000004, 34.38125000000004, 34.38125000000004, 34.38125000000004, 34.38125000000004, 34.38125000000004, 34.38125000000004, 34.38125000000004, 34.38125000000004, 34.38125000000004, 34.416087962963, 34.416087962963, 34.416087962963, 34.416087962963, 34.416087962963, 34.416087962963, 34.416087962963, 34.416087962963, 34.416087962963, 34.416087962963, 34.416087962963, 34.416087962963, 34.416087962963, 34.416087962963, 34.416087962963, 34.416087962963, 34.416087962963, 34.416087962963, 34.416087962963, 34.416087962963, 34.416087962963, 34.416087962963, 34.416087962963, 34.416087962963, 34.488194444444474, 34.488194444444474, 34.488194444444474, 34.488194444444474, 34.488194444444474, 34.488194444444474, 34.488194444444474, 34.488194444444474, 34.488194444444474, 34.488194444444474, 34.488194444444474, 34.488194444444474, 34.488194444444474, 34.488194444444474, 34.488194444444474, 34.488194444444474, 34.488194444444474, 34.488194444444474, 34.488194444444474, 34.488194444444474, 34.488194444444474, 34.488194444444474, 34.488194444444474, 34.488194444444474, 34.62841435185189, 34.62841435185189, 34.62841435185189, 34.62841435185189, 34.62841435185189, 34.62841435185189, 34.62841435185189, 34.62841435185189, 34.62841435185189, 34.62841435185189, 34.62841435185189, 34.62841435185189, 34.62841435185189, 34.62841435185189, 34.62841435185189, 34.62841435185189, 34.62841435185189, 34.62841435185189, 34.62841435185189, 34.62841435185189, 34.62841435185189, 34.62841435185189, 34.62841435185189, 34.62841435185189, 34.67268518518522, 34.67268518518522, 34.67268518518522, 34.67268518518522, 34.67268518518522, 34.67268518518522, 34.67268518518522, 34.67268518518522, 34.67268518518522, 34.67268518518522, 34.67268518518522, 34.67268518518522, 34.67268518518522, 34.67268518518522, 34.67268518518522, 34.67268518518522, 34.67268518518522, 34.67268518518522, 34.67268518518522, 34.67268518518522, 34.67268518518522, 34.67268518518522, 34.67268518518522, 34.67268518518522], "test": [30.0, 30.0, 30.0, 30.0, 30.0, 30.0, 30.0, 30.0, 30.0, 30.0, 30.0, 30.0, 30.0, 30.0, 30.0, 30.2, 31.6, 32.0, 32.0, 32.0, 32.0, 32.0, 32.0, 32.0, 32.0, 32.0, 32.0, 32.0, 32.0, 32.0, 32.0, 32.0, 32.0, 32.0, 32.0, 32.0, 32.0, 32.0, 32.0, 32.0, 32.0, 32.0, 32.0, 31.6, 31.0, 31.0, 31.0, 31.0, 31.0, 32.2, 33.0, 33.0, 33.0, 33.0, 33.8, 34.0, 32.8, 32.0, 32.0, 32.0, 33.0, 33.6, 33.0, 33.4, 35.0, 40.2, 39.4, 40.6, 47.0, 48.6, 50.6, 50.2, 56.0, 56.0, 53.6, 53.4, 54.4, 52.8, 51.2, 49.2, 48.6, 53.8, 51.0, 50.2, 47.8, 49.6, 45.4, 41.8, 38.2, 33.2, 30.8, 32.2, 28.6, 16.4, 19.2, 17.8, 17.8, 19.2, 17.2, 11.8, 12.2, 11.6, 7.8, 7.0, 6.8, 6.0, 8.0, 7.0, 11.6, 16.2, 24.6, 34.2, 38.4, 34.4, 36.4, 35.8, 36.4, 38.0, 38.0, 39.8, 37.4, 34.4, 32.4, 33.0, 33.0, 31.8, 27.8, 35.6, 42.0, 42.0, 46.8, 47.2, 45.0, 48.6, 51.8, 55.2, 57.0, 57.0, 57.0, 57.0, 57.0, 57.0, 57.0, 57.0]}