{"day": 3, "month": 9, "station_id": 217, "predict": [9.707367149758454, 9.707367149758454, 9.707367149758454, 9.707367149758454, 9.707367149758454, 9.707367149758454, 9.707367149758454, 9.707367149758454, 9.707367149758454, 9.707367149758454, 9.707367149758454, 9.707367149758454, 9.707367149758454, 9.707367149758454, 9.707367149758454, 9.707367149758454, 9.707367149758454, 9.707367149758454, 9.707367149758454, 9.707367149758454, 9.707367149758454, 9.707367149758454, 9.707367149758454, 9.707367149758454, 9.707367149758454, 9.707367149758454, 9.707367149758454, 9.707367149758454, 9.707367149758454, 9.707367149758454, 9.707367149758454, 9.707367149758454, 9.707367149758454, 9.707367149758454, 9.707367149758454, 9.707367149758454, 9.707367149758454, 9.707367149758454, 9.707367149758454, 9.707367149758454, 9.707367149758454, 9.707367149758454, 9.707367149758454, 9.707367149758454, 9.707367149758454, 9.707367149758454, 9.707367149758454, 9.707367149758454, 9.70344202898551, 9.70344202898551, 9.70344202898551, 9.70344202898551, 9.70344202898551, 9.70344202898551, 9.70344202898551, 9.70344202898551, 9.70344202898551, 9.70344202898551, 9.70344202898551, 9.70344202898551, 9.70344202898551, 9.70344202898551, 9.70344202898551, 9.70344202898551, 9.70344202898551, 9.70344202898551, 9.70344202898551, 9.70344202898551, 9.70344202898551, 9.70344202898551, 9.70344202898551, 9.70344202898551, 9.719202898550728, 9.719202898550728, 9.719202898550728, 9.719202898550728, 9.719202898550728, 9.719202898550728, 9.719202898550728, 9.719202898550728, 9.719202898550728, 9.719202898550728, 9.719202898550728, 9.719202898550728, 9.719202898550728, 9.719202898550728, 9.719202898550728, 9.719202898550728, 9.719202898550728, 9.719202898550728, 9.719202898550728, 9.719202898550728, 9.719202898550728, 9.719202898550728, 9.719202898550728, 9.719202898550728, 9.73097826086957, 9.73097826086957, 9.73097826086957, 9.73097826086957, 9.73097826086957, 9.73097826086957, 9.73097826086957, 9.73097826086957, 9.73097826086957, 9.73097826086957, 9.73097826086957, 9.73097826086957, 9.73097826086957, 9.73097826086957, 9.73097826086957, 9.73097826086957, 9.73097826086957, 9.73097826086957, 9.73097826086957, 9.73097826086957, 9.73097826086957, 9.73097826086957, 9.73097826086957, 9.73097826086957, 9.712922705314016, 9.712922705314016, 9.712922705314016, 9.712922705314016, 9.712922705314016, 9.712922705314016, 9.712922705314016, 9.712922705314016, 9.712922705314016, 9.712922705314016, 9.712922705314016, 9.712922705314016, 9.712922705314016, 9.712922705314016, 9.712922705314016, 9.712922705314016, 9.712922705314016, 9.712922705314016, 9.712922705314016, 9.712922705314016, 9.712922705314016, 9.712922705314016, 9.712922705314016, 9.712922705314016], "test": [16.0, 16.0, 16.0, 16.0, 16.0, 16.0, 16.0, 16.0, 16.0, 16.0, 16.0, 16.0, 16.0, 16.0, 16.0, 16.0, 16.0, 16.0, 16.0, 16.0, 16.0, 16.0, 16.0, 16.0, 16.0, 16.0, 16.0, 16.0, 16.0, 16.0, 16.0, 16.0, 16.0, 16.0, 15.6, 15.0, 15.0, 15.0, 15.8, 13.2, 11.4, 10.8, 12.0, 11.8, 12.8, 15.0, 11.2, 7.4, 8.8, 8.0, 11.8, 14.8, 15.8, 9.6, 6.0, 9.4, 12.8, 12.8, 10.4, 9.4, 6.6, 5.4, 6.6, 3.4, 3.2, 2.2, 1.4, 1.8, 1.4, 0.8, 0.0, 0.0, 0.2, 0.2, 2.0, 2.2, 1.0, 2.0, 3.0, 2.2, 2.0, 2.0, 2.2, 2.2, 2.4, 2.8, 4.0, 4.0, 4.0, 4.8, 4.4, 5.0, 5.4, 6.2, 4.6, 5.0, 6.6, 6.6, 4.4, 1.8, 0.2, 0.2, 0.4, 0.2, 0.2, 3.4, 7.4, 8.4, 6.4, 7.6, 8.8, 8.2, 6.6, 5.2, 3.8, 4.6, 5.4, 7.8, 9.2, 9.6, 9.0, 8.2, 11.8, 14.4, 15.6, 15.6, 15.0, 15.0, 15.6, 16.0, 16.0, 14.0, 13.4, 15.2, 16.0, 16.0, 16.0, 16.0, 16.0, 16.0, 16.0, 16.0, 16.0, 16.0]}