{"day": 5, "month": 10, "station_id": 214, "predict": [14.107291666666663, 14.107291666666663, 14.107291666666663, 14.107291666666663, 14.107291666666663, 14.107291666666663, 14.107291666666663, 14.107291666666663, 14.107291666666663, 14.107291666666663, 14.107291666666663, 14.107291666666663, 14.107291666666663, 14.107291666666663, 14.107291666666663, 14.107291666666663, 14.107291666666663, 14.107291666666663, 14.107291666666663, 14.107291666666663, 14.107291666666663, 14.107291666666663, 14.107291666666663, 14.107291666666663, 14.100289351851847, 14.100289351851847, 14.100289351851847, 14.100289351851847, 14.100289351851847, 14.100289351851847, 14.100289351851847, 14.100289351851847, 14.100289351851847, 14.100289351851847, 14.100289351851847, 14.100289351851847, 14.100289351851847, 14.100289351851847, 14.100289351851847, 14.100289351851847, 14.100289351851847, 14.100289351851847, 14.100289351851847, 14.100289351851847, 14.100289351851847, 14.100289351851847, 14.100289351851847, 14.100289351851847, 14.09820601851851, 14.09820601851851, 14.09820601851851, 14.09820601851851, 14.09820601851851, 14.09820601851851, 14.09820601851851, 14.09820601851851, 14.09820601851851, 14.09820601851851, 14.09820601851851, 14.09820601851851, 14.09820601851851, 14.09820601851851, 14.09820601851851, 14.09820601851851, 14.09820601851851, 14.09820601851851, 14.09820601851851, 14.09820601851851, 14.09820601851851, 14.09820601851851, 14.09820601851851, 14.09820601851851, 13.980844907407404, 13.980844907407404, 13.980844907407404, 13.980844907407404, 13.980844907407404, 13.980844907407404, 13.980844907407404, 13.980844907407404, 13.980844907407404, 13.980844907407404, 13.980844907407404, 13.980844907407404, 13.980844907407404, 13.980844907407404, 13.980844907407404, 13.980844907407404, 13.980844907407404, 13.980844907407404, 13.980844907407404, 13.980844907407404, 13.980844907407404, 13.980844907407404, 13.980844907407404, 13.980844907407404, 13.806249999999993, 13.806249999999993, 13.806249999999993, 13.806249999999993, 13.806249999999993, 13.806249999999993, 13.806249999999993, 13.806249999999993, 13.806249999999993, 13.806249999999993, 13.806249999999993, 13.806249999999993, 13.806249999999993, 13.806249999999993, 13.806249999999993, 13.806249999999993, 13.806249999999993, 13.806249999999993, 13.806249999999993, 13.806249999999993, 13.806249999999993, 13.806249999999993, 13.806249999999993, 13.806249999999993, 13.772743055555544, 13.772743055555544, 13.772743055555544, 13.772743055555544, 13.772743055555544, 13.772743055555544, 13.772743055555544, 13.772743055555544, 13.772743055555544, 13.772743055555544, 13.772743055555544, 13.772743055555544, 13.772743055555544, 13.772743055555544, 13.772743055555544, 13.772743055555544, 13.772743055555544, 13.772743055555544, 13.772743055555544, 13.772743055555544, 13.772743055555544, 13.772743055555544, 13.772743055555544, 13.772743055555544], "test": [8.0, 8.0, 8.0, 8.0, 8.0, 8.0, 8.0, 8.0, 8.0, 8.0, 8.0, 8.0, 8.0, 8.0, 8.0, 8.0, 8.0, 8.0, 8.0, 8.0, 8.0, 8.0, 8.0, 8.0, 8.6, 9.2, 10.0, 10.0, 9.8, 9.0, 9.0, 9.0, 9.0, 9.4, 10.0, 10.0, 10.0, 10.0, 10.4, 12.0, 12.0, 12.0, 12.0, 12.0, 12.0, 12.0, 11.0, 11.0, 11.6, 12.0, 12.0, 11.8, 11.0, 11.0, 10.0, 10.0, 10.0, 10.6, 10.4, 10.0, 10.0, 9.6, 8.0, 7.8, 7.4, 17.8, 20.0, 20.0, 20.0, 11.8, 6.0, 6.0, 6.0, 6.0, 6.8, 6.0, 6.0, 6.0, 6.0, 6.0, 5.2, 4.2, 4.0, 4.0, 4.0, 4.0, 4.0, 4.0, 4.0, 3.6, 3.4, 4.0, 4.0, 4.0, 4.0, 3.0, 2.0, 2.0, 1.8, 1.0, 1.0, 0.2, 0.0, 0.6, 11.2, 16.0, 16.0, 17.0, 17.0, 17.0, 17.0, 18.0, 18.0, 18.0, 18.0, 18.0, 18.0, 19.0, 19.0, 19.0, 19.0, 19.0, 19.0, 19.0, 19.0, 19.0, 19.0, 19.0, 19.0, 19.0, 19.0, 19.0, 19.0, 18.2, 17.4, 17.0, 17.0, 17.0, 17.0, 17.0, 17.0, 17.0, 17.0, 17.0]}