{"day": 3, "month": 9, "station_id": 199, "predict": [16.705615942029, 16.705615942029, 16.705615942029, 16.705615942029, 16.705615942029, 16.705615942029, 16.705615942029, 16.705615942029, 16.705615942029, 16.705615942029, 16.705615942029, 16.705615942029, 16.705615942029, 16.705615942029, 16.705615942029, 16.705615942029, 16.705615942029, 16.705615942029, 16.705615942029, 16.705615942029, 16.705615942029, 16.705615942029, 16.705615942029, 16.705615942029, 16.716002415458952, 16.716002415458952, 16.716002415458952, 16.716002415458952, 16.716002415458952, 16.716002415458952, 16.716002415458952, 16.716002415458952, 16.716002415458952, 16.716002415458952, 16.716002415458952, 16.716002415458952, 16.716002415458952, 16.716002415458952, 16.716002415458952, 16.716002415458952, 16.716002415458952, 16.716002415458952, 16.716002415458952, 16.716002415458952, 16.716002415458952, 16.716002415458952, 16.716002415458952, 16.716002415458952, 16.706280193236733, 16.706280193236733, 16.706280193236733, 16.706280193236733, 16.706280193236733, 16.706280193236733, 16.706280193236733, 16.706280193236733, 16.706280193236733, 16.706280193236733, 16.706280193236733, 16.706280193236733, 16.706280193236733, 16.706280193236733, 16.706280193236733, 16.706280193236733, 16.706280193236733, 16.706280193236733, 16.706280193236733, 16.706280193236733, 16.706280193236733, 16.706280193236733, 16.706280193236733, 16.706280193236733, 16.73321256038649, 16.73321256038649, 16.73321256038649, 16.73321256038649, 16.73321256038649, 16.73321256038649, 16.73321256038649, 16.73321256038649, 16.73321256038649, 16.73321256038649, 16.73321256038649, 16.73321256038649, 16.73321256038649, 16.73321256038649, 16.73321256038649, 16.73321256038649, 16.73321256038649, 16.73321256038649, 16.73321256038649, 16.73321256038649, 16.73321256038649, 16.73321256038649, 16.73321256038649, 16.73321256038649, 16.787077294686004, 16.787077294686004, 16.787077294686004, 16.787077294686004, 16.787077294686004, 16.787077294686004, 16.787077294686004, 16.787077294686004, 16.787077294686004, 16.787077294686004, 16.787077294686004, 16.787077294686004, 16.787077294686004, 16.787077294686004, 16.787077294686004, 16.787077294686004, 16.787077294686004, 16.787077294686004, 16.787077294686004, 16.787077294686004, 16.787077294686004, 16.787077294686004, 16.787077294686004, 16.787077294686004, 16.780736714975866, 16.780736714975866, 16.780736714975866, 16.780736714975866, 16.780736714975866, 16.780736714975866, 16.780736714975866, 16.780736714975866, 16.780736714975866, 16.780736714975866, 16.780736714975866, 16.780736714975866, 16.780736714975866, 16.780736714975866, 16.780736714975866, 16.780736714975866, 16.780736714975866, 16.780736714975866, 16.780736714975866, 16.780736714975866, 16.780736714975866, 16.780736714975866, 16.780736714975866, 16.780736714975866], "test": [24.0, 24.0, 24.0, 24.0, 24.0, 24.0, 24.0, 24.0, 24.0, 24.0, 24.0, 24.0, 24.0, 24.0, 24.0, 24.0, 24.0, 24.0, 24.0, 24.0, 22.4, 20.0, 20.0, 20.0, 20.0, 20.0, 20.0, 20.0, 20.0, 20.0, 20.0, 20.0, 19.6, 19.0, 19.0, 19.0, 19.0, 18.4, 19.0, 18.4, 17.8, 19.8, 19.0, 18.2, 17.2, 20.0, 22.0, 16.4, 12.4, 9.6, 9.0, 6.0, 3.0, 0.6, 0.0, 0.6, 2.0, 2.0, 0.4, 0.0, 1.4, 2.0, 4.2, 19.2, 18.4, 18.0, 17.2, 17.0, 17.6, 17.4, 15.8, 15.0, 16.2, 17.0, 15.6, 15.0, 10.4, 11.8, 7.0, 8.2, 11.4, 13.4, 14.4, 13.2, 14.2, 13.2, 9.0, 8.8, 9.4, 8.4, 8.6, 10.6, 11.0, 11.0, 10.6, 11.8, 15.0, 16.4, 16.6, 15.0, 13.6, 15.0, 17.2, 16.4, 16.2, 20.8, 23.4, 24.0, 23.2, 23.0, 22.8, 21.8, 21.2, 22.8, 22.6, 24.0, 23.8, 22.0, 21.6, 23.0, 23.0, 24.0, 24.0, 24.0, 24.0, 24.0, 24.0, 24.0, 24.0, 24.0, 22.6, 22.6, 23.2, 22.4, 22.0, 22.8, 23.8, 24.0, 24.0, 24.0, 24.0, 24.0, 24.0, 24.0]}