{"day": 6, "month": 3, "station_id": 159, "predict": [24.090682870370394, 24.090682870370394, 24.090682870370394, 24.090682870370394, 24.090682870370394, 24.090682870370394, 24.090682870370394, 24.090682870370394, 24.090682870370394, 24.090682870370394, 24.090682870370394, 24.090682870370394, 24.090682870370394, 24.090682870370394, 24.090682870370394, 24.090682870370394, 24.090682870370394, 24.090682870370394, 24.090682870370394, 24.090682870370394, 24.090682870370394, 24.090682870370394, 24.090682870370394, 24.090682870370394, 24.07094907407409, 24.07094907407409, 24.07094907407409, 24.07094907407409, 24.07094907407409, 24.07094907407409, 24.07094907407409, 24.07094907407409, 24.07094907407409, 24.07094907407409, 24.07094907407409, 24.07094907407409, 24.07094907407409, 24.07094907407409, 24.07094907407409, 24.07094907407409, 24.07094907407409, 24.07094907407409, 24.07094907407409, 24.07094907407409, 24.07094907407409, 24.07094907407409, 24.07094907407409, 24.07094907407409, 24.058680555555583, 24.058680555555583, 24.058680555555583, 24.058680555555583, 24.058680555555583, 24.058680555555583, 24.058680555555583, 24.058680555555583, 24.058680555555583, 24.058680555555583, 24.058680555555583, 24.058680555555583, 24.058680555555583, 24.058680555555583, 24.058680555555583, 24.058680555555583, 24.058680555555583, 24.058680555555583, 24.058680555555583, 24.058680555555583, 24.058680555555583, 24.058680555555583, 24.058680555555583, 24.058680555555583, 24.153472222222245, 24.153472222222245, 24.153472222222245, 24.153472222222245, 24.153472222222245, 24.153472222222245, 24.153472222222245, 24.153472222222245, 24.153472222222245, 24.153472222222245, 24.153472222222245, 24.153472222222245, 24.153472222222245, 24.153472222222245, 24.153472222222245, 24.153472222222245, 24.153472222222245, 24.153472222222245, 24.153472222222245, 24.153472222222245, 24.153472222222245, 24.153472222222245, 24.153472222222245, 24.153472222222245, 24.261284722222253, 24.261284722222253, 24.261284722222253, 24.261284722222253, 24.261284722222253, 24.261284722222253, 24.261284722222253, 24.261284722222253, 24.261284722222253, 24.261284722222253, 24.261284722222253, 24.261284722222253, 24.261284722222253, 24.261284722222253, 24.261284722222253, 24.261284722222253, 24.261284722222253, 24.261284722222253, 24.261284722222253, 24.261284722222253, 24.261284722222253, 24.261284722222253, 24.261284722222253, 24.261284722222253, 24.293750000000024, 24.293750000000024, 24.293750000000024, 24.293750000000024, 24.293750000000024, 24.293750000000024, 24.293750000000024, 24.293750000000024, 24.293750000000024, 24.293750000000024, 24.293750000000024, 24.293750000000024, 24.293750000000024, 24.293750000000024, 24.293750000000024, 24.293750000000024, 24.293750000000024, 24.293750000000024, 24.293750000000024, 24.293750000000024, 24.293750000000024, 24.293750000000024, 24.293750000000024, 24.293750000000024], "test": [22.0, 22.4, 23.0, 23.4, 23.4, 23.0, 23.0, 23.0, 23.0, 23.0, 23.0, 23.0, 23.0, 23.0, 23.0, 23.0, 23.0, 23.0, 23.0, 23.0, 23.6, 24.0, 24.0, 24.0, 24.0, 24.0, 24.0, 24.0, 24.0, 24.0, 24.0, 24.0, 24.0, 24.0, 24.0, 24.0, 24.0, 24.0, 24.0, 24.0, 24.0, 24.0, 24.0, 24.0, 24.0, 24.0, 24.0, 24.0, 24.0, 24.0, 23.8, 23.0, 26.6, 33.0, 33.0, 33.0, 33.0, 33.0, 33.0, 32.4, 32.0, 32.0, 31.2, 31.0, 31.0, 31.0, 31.0, 31.0, 31.0, 30.4, 30.0, 29.0, 29.0, 29.0, 29.0, 28.0, 28.0, 28.2, 28.0, 28.0, 27.2, 26.0, 27.0, 27.0, 27.6, 28.0, 28.0, 28.0, 28.6, 27.0, 27.0, 27.0, 27.0, 27.8, 29.0, 28.0, 27.2, 26.8, 25.2, 23.2, 23.0, 23.0, 22.0, 22.8, 21.0, 21.0, 20.0, 20.0, 20.0, 20.0, 20.0, 20.0, 20.0, 20.0, 18.8, 18.0, 18.0, 17.0, 17.0, 17.0, 17.0, 17.0, 17.4, 18.0, 18.0, 17.6, 17.0, 17.0, 17.0, 17.0, 17.0, 17.0, 17.0, 17.0, 17.0, 17.0, 17.0, 17.0, 17.0, 18.2, 23.2, 26.0, 26.0, 26.0]}