{"day": 2, "month": 3, "station_id": 338, "predict": [14.285011574074074, 14.285011574074074, 14.285011574074074, 14.285011574074074, 14.285011574074074, 14.285011574074074, 14.285011574074074, 14.285011574074074, 14.285011574074074, 14.285011574074074, 14.285011574074074, 14.285011574074074, 14.285011574074074, 14.285011574074074, 14.285011574074074, 14.285011574074074, 14.285011574074074, 14.285011574074074, 14.285011574074074, 14.285011574074074, 14.285011574074074, 14.285011574074074, 14.285011574074074, 14.285011574074074, 14.295081018518514, 14.295081018518514, 14.295081018518514, 14.295081018518514, 14.295081018518514, 14.295081018518514, 14.295081018518514, 14.295081018518514, 14.295081018518514, 14.295081018518514, 14.295081018518514, 14.295081018518514, 14.295081018518514, 14.295081018518514, 14.295081018518514, 14.295081018518514, 14.295081018518514, 14.295081018518514, 14.295081018518514, 14.295081018518514, 14.295081018518514, 14.295081018518514, 14.295081018518514, 14.295081018518514, 14.309664351851843, 14.309664351851843, 14.309664351851843, 14.309664351851843, 14.309664351851843, 14.309664351851843, 14.309664351851843, 14.309664351851843, 14.309664351851843, 14.309664351851843, 14.309664351851843, 14.309664351851843, 14.309664351851843, 14.309664351851843, 14.309664351851843, 14.309664351851843, 14.309664351851843, 14.309664351851843, 14.309664351851843, 14.309664351851843, 14.309664351851843, 14.309664351851843, 14.309664351851843, 14.309664351851843, 14.313657407407398, 14.313657407407398, 14.313657407407398, 14.313657407407398, 14.313657407407398, 14.313657407407398, 14.313657407407398, 14.313657407407398, 14.313657407407398, 14.313657407407398, 14.313657407407398, 14.313657407407398, 14.313657407407398, 14.313657407407398, 14.313657407407398, 14.313657407407398, 14.313657407407398, 14.313657407407398, 14.313657407407398, 14.313657407407398, 14.313657407407398, 14.313657407407398, 14.313657407407398, 14.313657407407398, 14.299884259259247, 14.299884259259247, 14.299884259259247, 14.299884259259247, 14.299884259259247, 14.299884259259247, 14.299884259259247, 14.299884259259247, 14.299884259259247, 14.299884259259247, 14.299884259259247, 14.299884259259247, 14.299884259259247, 14.299884259259247, 14.299884259259247, 14.299884259259247, 14.299884259259247, 14.299884259259247, 14.299884259259247, 14.299884259259247, 14.299884259259247, 14.299884259259247, 14.299884259259247, 14.299884259259247, 14.279456018518507, 14.279456018518507, 14.279456018518507, 14.279456018518507, 14.279456018518507, 14.279456018518507, 14.279456018518507, 14.279456018518507, 14.279456018518507, 14.279456018518507, 14.279456018518507, 14.279456018518507, 14.279456018518507, 14.279456018518507, 14.279456018518507, 14.279456018518507, 14.279456018518507, 14.279456018518507, 14.279456018518507, 14.279456018518507, 14.279456018518507, 14.279456018518507, 14.279456018518507, 14.279456018518507], "test": [22.0, 22.0, 22.0, 22.0, 22.0, 22.0, 22.0, 22.0, 22.0, 22.0, 22.0, 22.0, 22.0, 22.0, 22.0, 22.0, 22.0, 22.0, 22.0, 22.0, 22.0, 22.0, 22.0, 22.0, 22.0, 22.0, 22.0, 22.0, 22.0, 22.0, 22.2, 22.0, 22.0, 22.0, 22.0, 22.0, 22.0, 22.0, 22.0, 22.0, 22.0, 22.0, 22.0, 22.0, 21.6, 21.0, 20.4, 21.0, 20.6, 20.0, 19.4, 19.0, 19.0, 19.0, 19.0, 19.0, 19.0, 19.0, 19.0, 19.0, 19.0, 19.0, 19.0, 19.0, 18.2, 18.0, 18.0, 17.6, 17.8, 18.0, 17.8, 17.0, 17.0, 17.0, 17.0, 17.0, 17.0, 17.0, 17.0, 17.0, 16.4, 16.0, 16.0, 16.0, 15.8, 15.0, 15.0, 15.0, 15.0, 15.0, 14.2, 13.6, 14.0, 14.0, 14.6, 15.2, 16.8, 17.0, 17.8, 18.6, 20.8, 20.6, 20.0, 20.0, 20.8, 21.8, 22.0, 20.2, 19.0, 20.2, 20.4, 20.0, 20.4, 20.0, 20.0, 19.0, 20.2, 21.0, 21.0, 21.0, 21.0, 20.2, 20.8, 21.0, 21.0, 21.0, 20.4, 20.8, 21.0, 20.4, 20.6, 20.2, 20.6, 21.0, 21.0, 21.0, 21.0, 21.0, 21.0, 21.0, 21.0, 21.0, 21.0, 21.0]}