{"day": 3, "month": 5, "station_id": 71, "predict": [24.925405092592612, 24.925405092592612, 24.925405092592612, 24.925405092592612, 24.925405092592612, 24.925405092592612, 24.925405092592612, 24.925405092592612, 24.925405092592612, 24.925405092592612, 24.925405092592612, 24.925405092592612, 24.925405092592612, 24.925405092592612, 24.925405092592612, 24.925405092592612, 24.925405092592612, 24.925405092592612, 24.925405092592612, 24.925405092592612, 24.925405092592612, 24.925405092592612, 24.925405092592612, 24.925405092592612, 25.08240740740742, 25.08240740740742, 25.08240740740742, 25.08240740740742, 25.08240740740742, 25.08240740740742, 25.08240740740742, 25.08240740740742, 25.08240740740742, 25.08240740740742, 25.08240740740742, 25.08240740740742, 25.08240740740742, 25.08240740740742, 25.08240740740742, 25.08240740740742, 25.08240740740742, 25.08240740740742, 25.08240740740742, 25.08240740740742, 25.08240740740742, 25.08240740740742, 25.08240740740742, 25.08240740740742, 25.22071759259261, 25.22071759259261, 25.22071759259261, 25.22071759259261, 25.22071759259261, 25.22071759259261, 25.22071759259261, 25.22071759259261, 25.22071759259261, 25.22071759259261, 25.22071759259261, 25.22071759259261, 25.22071759259261, 25.22071759259261, 25.22071759259261, 25.22071759259261, 25.22071759259261, 25.22071759259261, 25.22071759259261, 25.22071759259261, 25.22071759259261, 25.22071759259261, 25.22071759259261, 25.22071759259261, 25.25983796296298, 25.25983796296298, 25.25983796296298, 25.25983796296298, 25.25983796296298, 25.25983796296298, 25.25983796296298, 25.25983796296298, 25.25983796296298, 25.25983796296298, 25.25983796296298, 25.25983796296298, 25.25983796296298, 25.25983796296298, 25.25983796296298, 25.25983796296298, 25.25983796296298, 25.25983796296298, 25.25983796296298, 25.25983796296298, 25.25983796296298, 25.25983796296298, 25.25983796296298, 25.25983796296298, 25.289236111111123, 25.289236111111123, 25.289236111111123, 25.289236111111123, 25.289236111111123, 25.289236111111123, 25.289236111111123, 25.289236111111123, 25.289236111111123, 25.289236111111123, 25.289236111111123, 25.289236111111123, 25.289236111111123, 25.289236111111123, 25.289236111111123, 25.289236111111123, 25.289236111111123, 25.289236111111123, 25.289236111111123, 25.289236111111123, 25.289236111111123, 25.289236111111123, 25.289236111111123, 25.289236111111123, 25.257928240740757, 25.257928240740757, 25.257928240740757, 25.257928240740757, 25.257928240740757, 25.257928240740757, 25.257928240740757, 25.257928240740757, 25.257928240740757, 25.257928240740757, 25.257928240740757, 25.257928240740757, 25.257928240740757, 25.257928240740757, 25.257928240740757, 25.257928240740757, 25.257928240740757, 25.257928240740757, 25.257928240740757, 25.257928240740757, 25.257928240740757, 25.257928240740757, 25.257928240740757, 25.257928240740757], "test": [33.0, 33.0, 33.0, 33.0, 33.0, 33.0, 33.0, 33.0, 33.0, 33.0, 33.0, 33.0, 33.0, 33.0, 33.0, 33.0, 33.0, 33.0, 33.0, 33.0, 33.0, 34.0, 34.0, 34.0, 34.0, 34.0, 34.0, 34.0, 34.0, 33.6, 33.0, 33.0, 33.0, 33.0, 33.0, 33.0, 32.2, 31.0, 30.0, 29.0, 27.2, 25.6, 26.6, 34.0, 32.6, 30.2, 30.0, 26.4, 19.8, 24.0, 18.4, 20.8, 14.2, 3.8, 1.0, 6.4, 8.4, 8.8, 13.8, 13.4, 12.6, 14.6, 25.0, 23.8, 23.6, 24.4, 23.0, 21.6, 18.4, 19.0, 17.6, 19.0, 20.2, 21.4, 21.2, 20.0, 20.8, 20.0, 20.2, 20.2, 19.0, 18.0, 20.4, 22.0, 21.0, 20.4, 21.2, 22.0, 21.8, 22.6, 21.0, 17.0, 16.2, 16.4, 16.8, 16.8, 13.2, 3.8, 7.0, 11.2, 12.0, 10.4, 12.6, 20.2, 25.6, 29.2, 21.2, 18.2, 22.0, 26.6, 30.8, 34.0, 33.6, 33.4, 34.0, 34.0, 34.0, 33.6, 34.0, 34.0, 34.0, 34.0, 29.8, 31.0, 30.8, 31.0, 32.4, 24.8, 25.4, 26.8, 29.0, 32.2, 33.0, 33.0, 33.0, 33.0, 33.0, 33.0, 33.0, 33.0, 33.0, 33.0, 33.0, 33.0]}