{"day": 6, "month": 8, "station_id": 154, "predict": [17.634895833333367, 17.634895833333367, 17.634895833333367, 17.634895833333367, 17.634895833333367, 17.634895833333367, 17.634895833333367, 17.634895833333367, 17.634895833333367, 17.634895833333367, 17.634895833333367, 17.634895833333367, 17.634895833333367, 17.634895833333367, 17.634895833333367, 17.634895833333367, 17.634895833333367, 17.634895833333367, 17.634895833333367, 17.634895833333367, 17.634895833333367, 17.634895833333367, 17.634895833333367, 17.634895833333367, 17.712615740740766, 17.712615740740766, 17.712615740740766, 17.712615740740766, 17.712615740740766, 17.712615740740766, 17.712615740740766, 17.712615740740766, 17.712615740740766, 17.712615740740766, 17.712615740740766, 17.712615740740766, 17.712615740740766, 17.712615740740766, 17.712615740740766, 17.712615740740766, 17.712615740740766, 17.712615740740766, 17.712615740740766, 17.712615740740766, 17.712615740740766, 17.712615740740766, 17.712615740740766, 17.712615740740766, 17.766087962962995, 17.766087962962995, 17.766087962962995, 17.766087962962995, 17.766087962962995, 17.766087962962995, 17.766087962962995, 17.766087962962995, 17.766087962962995, 17.766087962962995, 17.766087962962995, 17.766087962962995, 17.766087962962995, 17.766087962962995, 17.766087962962995, 17.766087962962995, 17.766087962962995, 17.766087962962995, 17.766087962962995, 17.766087962962995, 17.766087962962995, 17.766087962962995, 17.766087962962995, 17.766087962962995, 17.72494212962966, 17.72494212962966, 17.72494212962966, 17.72494212962966, 17.72494212962966, 17.72494212962966, 17.72494212962966, 17.72494212962966, 17.72494212962966, 17.72494212962966, 17.72494212962966, 17.72494212962966, 17.72494212962966, 17.72494212962966, 17.72494212962966, 17.72494212962966, 17.72494212962966, 17.72494212962966, 17.72494212962966, 17.72494212962966, 17.72494212962966, 17.72494212962966, 17.72494212962966, 17.72494212962966, 17.719386574074107, 17.719386574074107, 17.719386574074107, 17.719386574074107, 17.719386574074107, 17.719386574074107, 17.719386574074107, 17.719386574074107, 17.719386574074107, 17.719386574074107, 17.719386574074107, 17.719386574074107, 17.719386574074107, 17.719386574074107, 17.719386574074107, 17.719386574074107, 17.719386574074107, 17.719386574074107, 17.719386574074107, 17.719386574074107, 17.719386574074107, 17.719386574074107, 17.719386574074107, 17.719386574074107, 17.83912037037041, 17.83912037037041, 17.83912037037041, 17.83912037037041, 17.83912037037041, 17.83912037037041, 17.83912037037041, 17.83912037037041, 17.83912037037041, 17.83912037037041, 17.83912037037041, 17.83912037037041, 17.83912037037041, 17.83912037037041, 17.83912037037041, 17.83912037037041, 17.83912037037041, 17.83912037037041, 17.83912037037041, 17.83912037037041, 17.83912037037041, 17.83912037037041, 17.83912037037041, 17.83912037037041], "test": [23.0, 23.0, 22.0, 22.0, 22.0, 22.0, 22.0, 22.0, 22.0, 22.0, 22.0, 22.0, 22.0, 22.0, 22.0, 22.0, 22.0, 22.0, 22.0, 22.0, 22.0, 22.0, 22.0, 22.0, 22.0, 22.0, 22.0, 22.0, 22.0, 22.0, 22.0, 24.0, 24.0, 24.0, 24.0, 24.0, 24.0, 24.0, 24.0, 24.0, 24.0, 24.0, 24.0, 24.0, 24.0, 24.0, 24.0, 24.0, 24.0, 24.0, 24.0, 24.0, 24.0, 24.0, 24.0, 24.0, 25.0, 26.2, 27.2, 28.0, 28.0, 28.0, 29.0, 29.0, 29.0, 29.0, 29.0, 30.2, 31.0, 31.8, 31.0, 31.0, 31.0, 31.0, 31.0, 31.0, 31.0, 31.0, 31.0, 31.8, 32.0, 32.0, 32.0, 32.0, 32.0, 28.0, 28.0, 28.0, 28.0, 28.0, 28.0, 28.0, 28.0, 28.0, 28.0, 28.0, 28.4, 29.0, 29.0, 29.0, 29.0, 29.4, 30.0, 30.0, 30.0, 30.0, 30.0, 30.0, 30.0, 30.0, 30.0, 30.0, 29.4, 29.0, 29.0, 29.0, 29.0, 29.0, 29.0, 29.0, 29.0, 29.0, 29.0, 29.4, 30.0, 30.0, 30.0, 29.8, 29.0, 29.0, 29.0, 29.0, 29.0, 29.0, 29.0, 30.0, 30.0, 30.0, 30.0, 30.0, 30.0, 30.0, 30.0, 30.0]}