{"day": 5, "month": 11, "station_id": 374, "predict": [12.264009661835757, 12.264009661835757, 12.264009661835757, 12.264009661835757, 12.264009661835757, 12.264009661835757, 12.264009661835757, 12.264009661835757, 12.264009661835757, 12.264009661835757, 12.264009661835757, 12.264009661835757, 12.264009661835757, 12.264009661835757, 12.264009661835757, 12.264009661835757, 12.264009661835757, 12.264009661835757, 12.264009661835757, 12.264009661835757, 12.264009661835757, 12.264009661835757, 12.264009661835757, 12.264009661835757, 12.19571256038648, 12.19571256038648, 12.19571256038648, 12.19571256038648, 12.19571256038648, 12.19571256038648, 12.19571256038648, 12.19571256038648, 12.19571256038648, 12.19571256038648, 12.19571256038648, 12.19571256038648, 12.19571256038648, 12.19571256038648, 12.19571256038648, 12.19571256038648, 12.19571256038648, 12.19571256038648, 12.19571256038648, 12.19571256038648, 12.19571256038648, 12.19571256038648, 12.19571256038648, 12.19571256038648, 12.206400966183574, 12.206400966183574, 12.206400966183574, 12.206400966183574, 12.206400966183574, 12.206400966183574, 12.206400966183574, 12.206400966183574, 12.206400966183574, 12.206400966183574, 12.206400966183574, 12.206400966183574, 12.206400966183574, 12.206400966183574, 12.206400966183574, 12.206400966183574, 12.206400966183574, 12.206400966183574, 12.206400966183574, 12.206400966183574, 12.206400966183574, 12.206400966183574, 12.206400966183574, 12.206400966183574, 12.280917874396138, 12.280917874396138, 12.280917874396138, 12.280917874396138, 12.280917874396138, 12.280917874396138, 12.280917874396138, 12.280917874396138, 12.280917874396138, 12.280917874396138, 12.280917874396138, 12.280917874396138, 12.280917874396138, 12.280917874396138, 12.280917874396138, 12.280917874396138, 12.280917874396138, 12.280917874396138, 12.280917874396138, 12.280917874396138, 12.280917874396138, 12.280917874396138, 12.280917874396138, 12.280917874396138, 12.22765700483092, 12.22765700483092, 12.22765700483092, 12.22765700483092, 12.22765700483092, 12.22765700483092, 12.22765700483092, 12.22765700483092, 12.22765700483092, 12.22765700483092, 12.22765700483092, 12.22765700483092, 12.22765700483092, 12.22765700483092, 12.22765700483092, 12.22765700483092, 12.22765700483092, 12.22765700483092, 12.22765700483092, 12.22765700483092, 12.22765700483092, 12.22765700483092, 12.22765700483092, 12.22765700483092, 12.185507246376813, 12.185507246376813, 12.185507246376813, 12.185507246376813, 12.185507246376813, 12.185507246376813, 12.185507246376813, 12.185507246376813, 12.185507246376813, 12.185507246376813, 12.185507246376813, 12.185507246376813, 12.185507246376813, 12.185507246376813, 12.185507246376813, 12.185507246376813, 12.185507246376813, 12.185507246376813, 12.185507246376813, 12.185507246376813, 12.185507246376813, 12.185507246376813, 12.185507246376813, 12.185507246376813], "test": [1.0, 1.0, 1.0, 1.0, 2.6, 3.0, 3.0, 3.0, 3.0, 3.0, 3.0, 3.0, 3.0, 3.0, 3.0, 3.0, 3.0, 3.0, 3.0, 3.0, 3.0, 3.0, 3.0, 3.0, 3.0, 3.0, 3.0, 3.0, 10.6, 21.0, 21.0, 20.0, 20.0, 16.0, 16.0, 16.0, 16.0, 16.0, 16.0, 16.0, 16.0, 16.0, 16.0, 16.0, 16.0, 15.2, 14.2, 14.0, 14.0, 14.0, 14.0, 24.0, 32.0, 32.0, 32.0, 32.0, 32.2, 31.0, 31.0, 31.0, 31.0, 31.0, 31.6, 30.4, 30.0, 29.8, 28.4, 27.0, 26.8, 26.0, 26.0, 23.0, 22.2, 20.0, 17.4, 16.6, 15.0, 14.2, 12.8, 12.0, 12.6, 9.0, 7.0, 6.6, 6.0, 6.0, 6.0, 5.2, 5.8, 5.0, 5.0, 9.0, 21.2, 19.6, 19.0, 19.0, 19.0, 19.8, 20.0, 18.4, 18.2, 19.8, 19.4, 19.0, 19.4, 19.0, 19.0, 19.0, 19.0, 19.0, 19.0, 19.0, 19.0, 19.0, 19.0, 19.0, 18.8, 19.4, 20.0, 20.0, 20.0, 20.0, 20.0, 19.6, 19.0, 17.4, 17.0, 17.0, 17.0, 17.0, 17.0, 16.0, 16.8, 17.0, 17.0, 17.0, 17.0, 17.0, 17.0, 17.0, 17.0, 17.0, 17.0, 17.0]}