{"day": 4, "month": 3, "station_id": 270, "predict": [9.935821759259252, 9.935821759259252, 9.935821759259252, 9.935821759259252, 9.935821759259252, 9.935821759259252, 9.935821759259252, 9.935821759259252, 9.935821759259252, 9.935821759259252, 9.935821759259252, 9.935821759259252, 9.935821759259252, 9.935821759259252, 9.935821759259252, 9.935821759259252, 9.935821759259252, 9.935821759259252, 9.935821759259252, 9.935821759259252, 9.935821759259252, 9.935821759259252, 9.935821759259252, 9.935821759259252, 9.893402777777773, 9.893402777777773, 9.893402777777773, 9.893402777777773, 9.893402777777773, 9.893402777777773, 9.893402777777773, 9.893402777777773, 9.893402777777773, 9.893402777777773, 9.893402777777773, 9.893402777777773, 9.893402777777773, 9.893402777777773, 9.893402777777773, 9.893402777777773, 9.893402777777773, 9.893402777777773, 9.893402777777773, 9.893402777777773, 9.893402777777773, 9.893402777777773, 9.893402777777773, 9.893402777777773, 9.86400462962963, 9.86400462962963, 9.86400462962963, 9.86400462962963, 9.86400462962963, 9.86400462962963, 9.86400462962963, 9.86400462962963, 9.86400462962963, 9.86400462962963, 9.86400462962963, 9.86400462962963, 9.86400462962963, 9.86400462962963, 9.86400462962963, 9.86400462962963, 9.86400462962963, 9.86400462962963, 9.86400462962963, 9.86400462962963, 9.86400462962963, 9.86400462962963, 9.86400462962963, 9.86400462962963, 9.70445601851852, 9.70445601851852, 9.70445601851852, 9.70445601851852, 9.70445601851852, 9.70445601851852, 9.70445601851852, 9.70445601851852, 9.70445601851852, 9.70445601851852, 9.70445601851852, 9.70445601851852, 9.70445601851852, 9.70445601851852, 9.70445601851852, 9.70445601851852, 9.70445601851852, 9.70445601851852, 9.70445601851852, 9.70445601851852, 9.70445601851852, 9.70445601851852, 9.70445601851852, 9.70445601851852, 9.506018518518518, 9.506018518518518, 9.506018518518518, 9.506018518518518, 9.506018518518518, 9.506018518518518, 9.506018518518518, 9.506018518518518, 9.506018518518518, 9.506018518518518, 9.506018518518518, 9.506018518518518, 9.506018518518518, 9.506018518518518, 9.506018518518518, 9.506018518518518, 9.506018518518518, 9.506018518518518, 9.506018518518518, 9.506018518518518, 9.506018518518518, 9.506018518518518, 9.506018518518518, 9.506018518518518, 9.402083333333334, 9.402083333333334, 9.402083333333334, 9.402083333333334, 9.402083333333334, 9.402083333333334, 9.402083333333334, 9.402083333333334, 9.402083333333334, 9.402083333333334, 9.402083333333334, 9.402083333333334, 9.402083333333334, 9.402083333333334, 9.402083333333334, 9.402083333333334, 9.402083333333334, 9.402083333333334, 9.402083333333334, 9.402083333333334, 9.402083333333334, 9.402083333333334, 9.402083333333334, 9.402083333333334], "test": [2.0, 2.0, 2.0, 2.0, 2.0, 2.0, 2.0, 2.0, 2.0, 2.8, 3.0, 3.0, 3.0, 3.2, 4.4, 5.0, 5.0, 5.0, 6.0, 7.0, 7.0, 7.0, 7.0, 7.0, 7.0, 7.0, 7.0, 7.0, 7.0, 7.0, 7.0, 7.0, 7.0, 7.0, 7.0, 7.0, 7.6, 8.0, 8.0, 8.0, 8.0, 8.0, 8.0, 7.4, 7.0, 7.0, 6.0, 6.0, 6.0, 6.0, 6.0, 6.0, 6.0, 6.0, 5.2, 4.2, 4.0, 4.0, 4.6, 5.0, 5.0, 5.0, 4.4, 3.0, 3.0, 3.0, 3.0, 2.6, 2.0, 1.4, 2.0, 0.6, 0.0, 0.0, 0.0, 0.2, 0.0, 0.0, 0.0, 0.0, 0.0, 0.0, 0.0, 0.0, 0.0, 0.0, 0.4, 1.0, 1.0, 1.0, 1.8, 2.0, 2.6, 3.0, 3.0, 3.0, 4.0, 4.0, 4.0, 4.0, 3.8, 3.0, 3.0, 3.0, 3.0, 3.0, 3.0, 3.0, 3.0, 3.8, 4.0, 4.0, 4.0, 4.6, 5.0, 5.0, 5.0, 5.0, 5.0, 5.0, 5.0, 5.0, 5.0, 5.0, 5.0, 5.0, 4.0, 4.0, 4.0, 4.0, 4.0, 4.0, 4.0, 4.0, 4.0, 4.0, 4.0, 4.0, 4.0, 4.0, 4.8, 5.0, 5.0, 5.0]}