{"day": 5, "month": 6, "station_id": 193, "predict": [41.00000000000004, 41.00000000000004, 41.00000000000004, 41.00000000000004, 41.00000000000004, 41.00000000000004, 41.00000000000004, 41.00000000000004, 41.00000000000004, 41.00000000000004, 41.00000000000004, 41.00000000000004, 41.00000000000004, 41.00000000000004, 41.00000000000004, 41.00000000000004, 41.00000000000004, 41.00000000000004, 41.00000000000004, 41.00000000000004, 41.00000000000004, 41.00000000000004, 41.00000000000004, 41.00000000000004, 40.917753623188446, 40.917753623188446, 40.917753623188446, 40.917753623188446, 40.917753623188446, 40.917753623188446, 40.917753623188446, 40.917753623188446, 40.917753623188446, 40.917753623188446, 40.917753623188446, 40.917753623188446, 40.917753623188446, 40.917753623188446, 40.917753623188446, 40.917753623188446, 40.917753623188446, 40.917753623188446, 40.917753623188446, 40.917753623188446, 40.917753623188446, 40.917753623188446, 40.917753623188446, 40.917753623188446, 40.83478260869569, 40.83478260869569, 40.83478260869569, 40.83478260869569, 40.83478260869569, 40.83478260869569, 40.83478260869569, 40.83478260869569, 40.83478260869569, 40.83478260869569, 40.83478260869569, 40.83478260869569, 40.83478260869569, 40.83478260869569, 40.83478260869569, 40.83478260869569, 40.83478260869569, 40.83478260869569, 40.83478260869569, 40.83478260869569, 40.83478260869569, 40.83478260869569, 40.83478260869569, 40.83478260869569, 41.04130434782614, 41.04130434782614, 41.04130434782614, 41.04130434782614, 41.04130434782614, 41.04130434782614, 41.04130434782614, 41.04130434782614, 41.04130434782614, 41.04130434782614, 41.04130434782614, 41.04130434782614, 41.04130434782614, 41.04130434782614, 41.04130434782614, 41.04130434782614, 41.04130434782614, 41.04130434782614, 41.04130434782614, 41.04130434782614, 41.04130434782614, 41.04130434782614, 41.04130434782614, 41.04130434782614, 41.383454106280254, 41.383454106280254, 41.383454106280254, 41.383454106280254, 41.383454106280254, 41.383454106280254, 41.383454106280254, 41.383454106280254, 41.383454106280254, 41.383454106280254, 41.383454106280254, 41.383454106280254, 41.383454106280254, 41.383454106280254, 41.383454106280254, 41.383454106280254, 41.383454106280254, 41.383454106280254, 41.383454106280254, 41.383454106280254, 41.383454106280254, 41.383454106280254, 41.383454106280254, 41.383454106280254, 41.660446859903445, 41.660446859903445, 41.660446859903445, 41.660446859903445, 41.660446859903445, 41.660446859903445, 41.660446859903445, 41.660446859903445, 41.660446859903445, 41.660446859903445, 41.660446859903445, 41.660446859903445, 41.660446859903445, 41.660446859903445, 41.660446859903445, 41.660446859903445, 41.660446859903445, 41.660446859903445, 41.660446859903445, 41.660446859903445, 41.660446859903445, 41.660446859903445, 41.660446859903445, 41.660446859903445], "test": [47.0, 47.6, 48.0, 47.8, 47.0, 47.0, 47.0, 47.0, 47.0, 47.0, 47.0, 47.0, 47.6, 48.0, 48.0, 48.0, 48.0, 48.0, 48.0, 48.0, 48.0, 48.0, 48.0, 48.0, 48.0, 48.0, 48.0, 48.0, 48.0, 46.8, 46.0, 46.0, 46.0, 46.0, 46.0, 46.0, 46.0, 46.0, 46.0, 46.0, 46.0, 46.0, 46.0, 45.8, 46.0, 46.0, 46.0, 46.4, 47.0, 47.0, 48.0, 47.6, 47.0, 47.0, 47.0, 47.0, 47.0, 47.0, 47.0, 48.0, 48.0, 48.6, 47.6, 46.0, 47.0, 48.2, 47.4, 45.0, 45.0, 45.0, 44.4, 44.0, 44.0, 44.0, 44.0, 46.4, 47.6, 47.2, 48.2, 47.0, 47.0, 47.0, 47.8, 48.6, 48.2, 48.0, 48.0, 48.8, 49.4, 49.4, 49.0, 50.2, 50.0, 50.0, 51.8, 49.8, 46.0, 46.0, 45.4, 45.0, 45.2, 51.8, 53.2, 54.2, 53.8, 55.4, 54.8, 54.8, 53.6, 56.8, 58.2, 58.0, 58.0, 57.0, 56.0, 53.6, 52.4, 51.2, 47.2, 49.0, 49.0, 48.6, 47.8, 48.6, 47.0, 47.0, 50.6, 52.0, 52.0, 52.0, 52.6, 53.0, 54.6, 55.0, 55.0, 55.0, 55.0, 55.0, 55.4, 56.0, 56.0, 56.0, 56.0, 56.2]}