{"day": 0, "month": 2, "station_id": 194, "predict": [38.737830687830694, 38.737830687830694, 38.737830687830694, 38.737830687830694, 38.737830687830694, 38.737830687830694, 38.737830687830694, 38.737830687830694, 38.737830687830694, 38.737830687830694, 38.737830687830694, 38.737830687830694, 38.737830687830694, 38.737830687830694, 38.737830687830694, 38.737830687830694, 38.737830687830694, 38.737830687830694, 38.737830687830694, 38.737830687830694, 38.737830687830694, 38.737830687830694, 38.737830687830694, 38.737830687830694, 38.6827380952381, 38.6827380952381, 38.6827380952381, 38.6827380952381, 38.6827380952381, 38.6827380952381, 38.6827380952381, 38.6827380952381, 38.6827380952381, 38.6827380952381, 38.6827380952381, 38.6827380952381, 38.6827380952381, 38.6827380952381, 38.6827380952381, 38.6827380952381, 38.6827380952381, 38.6827380952381, 38.6827380952381, 38.6827380952381, 38.6827380952381, 38.6827380952381, 38.6827380952381, 38.6827380952381, 38.62916666666667, 38.62916666666667, 38.62916666666667, 38.62916666666667, 38.62916666666667, 38.62916666666667, 38.62916666666667, 38.62916666666667, 38.62916666666667, 38.62916666666667, 38.62916666666667, 38.62916666666667, 38.62916666666667, 38.62916666666667, 38.62916666666667, 38.62916666666667, 38.62916666666667, 38.62916666666667, 38.62916666666667, 38.62916666666667, 38.62916666666667, 38.62916666666667, 38.62916666666667, 38.62916666666667, 38.66395502645503, 38.66395502645503, 38.66395502645503, 38.66395502645503, 38.66395502645503, 38.66395502645503, 38.66395502645503, 38.66395502645503, 38.66395502645503, 38.66395502645503, 38.66395502645503, 38.66395502645503, 38.66395502645503, 38.66395502645503, 38.66395502645503, 38.66395502645503, 38.66395502645503, 38.66395502645503, 38.66395502645503, 38.66395502645503, 38.66395502645503, 38.66395502645503, 38.66395502645503, 38.66395502645503, 38.777182539682535, 38.777182539682535, 38.777182539682535, 38.777182539682535, 38.777182539682535, 38.777182539682535, 38.777182539682535, 38.777182539682535, 38.777182539682535, 38.777182539682535, 38.777182539682535, 38.777182539682535, 38.777182539682535, 38.777182539682535, 38.777182539682535, 38.777182539682535, 38.777182539682535, 38.777182539682535, 38.777182539682535, 38.777182539682535, 38.777182539682535, 38.777182539682535, 38.777182539682535, 38.777182539682535, 38.847552910052904, 38.847552910052904, 38.847552910052904, 38.847552910052904, 38.847552910052904, 38.847552910052904, 38.847552910052904, 38.847552910052904, 38.847552910052904, 38.847552910052904, 38.847552910052904, 38.847552910052904, 38.847552910052904, 38.847552910052904, 38.847552910052904, 38.847552910052904, 38.847552910052904, 38.847552910052904, 38.847552910052904, 38.847552910052904, 38.847552910052904, 38.847552910052904, 38.847552910052904, 38.847552910052904], "test": [49.0, 49.0, 49.0, 49.0, 49.0, 49.0, 49.0, 49.0, 49.0, 49.0, 49.0, 49.0, 49.0, 49.0, 49.0, 49.0, 49.0, 49.0, 49.0, 49.0, 49.0, 49.0, 49.0, 49.0, 49.0, 49.0, 49.0, 49.0, 49.0, 49.0, 49.0, 49.0, 49.0, 49.0, 49.0, 48.2, 48.0, 48.0, 48.0, 48.0, 48.0, 48.0, 48.0, 48.0, 47.8, 46.4, 47.6, 47.8, 48.4, 47.8, 48.4, 48.8, 48.4, 47.6, 50.6, 47.8, 45.2, 44.4, 43.0, 42.6, 41.6, 41.2, 40.8, 39.6, 39.8, 40.2, 39.4, 40.8, 40.2, 44.8, 47.0, 47.4, 48.6, 49.4, 49.4, 49.0, 47.6, 47.6, 47.0, 46.4, 45.8, 45.0, 44.0, 43.2, 42.2, 43.2, 45.0, 45.0, 46.4, 46.0, 46.0, 45.8, 45.4, 43.8, 41.8, 41.2, 39.8, 40.0, 48.4, 52.6, 53.0, 53.6, 53.2, 51.2, 49.4, 47.4, 46.0, 43.8, 44.2, 43.4, 46.2, 44.0, 42.8, 42.0, 42.0, 42.6, 44.0, 42.4, 42.0, 42.8, 44.0, 44.0, 43.8, 43.0, 42.6, 43.8, 44.0, 44.0, 44.0, 44.0, 44.0, 44.6, 45.4, 45.0, 45.2, 46.0, 46.0, 47.6, 48.0, 48.0, 48.0, 48.0, 48.0, 48.0]}