{"day": 0, "month": 10, "station_id": 703, "predict": [16.989930555555574, 16.989930555555574, 16.989930555555574, 16.989930555555574, 16.989930555555574, 16.989930555555574, 16.989930555555574, 16.989930555555574, 16.989930555555574, 16.989930555555574, 16.989930555555574, 16.989930555555574, 16.989930555555574, 16.989930555555574, 16.989930555555574, 16.989930555555574, 16.989930555555574, 16.989930555555574, 16.989930555555574, 16.989930555555574, 16.989930555555574, 16.989930555555574, 16.989930555555574, 16.989930555555574, 16.97604166666668, 16.97604166666668, 16.97604166666668, 16.97604166666668, 16.97604166666668, 16.97604166666668, 16.97604166666668, 16.97604166666668, 16.97604166666668, 16.97604166666668, 16.97604166666668, 16.97604166666668, 16.97604166666668, 16.97604166666668, 16.97604166666668, 16.97604166666668, 16.97604166666668, 16.97604166666668, 16.97604166666668, 16.97604166666668, 16.97604166666668, 16.97604166666668, 16.97604166666668, 16.97604166666668, 16.953587962962978, 16.953587962962978, 16.953587962962978, 16.953587962962978, 16.953587962962978, 16.953587962962978, 16.953587962962978, 16.953587962962978, 16.953587962962978, 16.953587962962978, 16.953587962962978, 16.953587962962978, 16.953587962962978, 16.953587962962978, 16.953587962962978, 16.953587962962978, 16.953587962962978, 16.953587962962978, 16.953587962962978, 16.953587962962978, 16.953587962962978, 16.953587962962978, 16.953587962962978, 16.953587962962978, 16.99166666666668, 16.99166666666668, 16.99166666666668, 16.99166666666668, 16.99166666666668, 16.99166666666668, 16.99166666666668, 16.99166666666668, 16.99166666666668, 16.99166666666668, 16.99166666666668, 16.99166666666668, 16.99166666666668, 16.99166666666668, 16.99166666666668, 16.99166666666668, 16.99166666666668, 16.99166666666668, 16.99166666666668, 16.99166666666668, 16.99166666666668, 16.99166666666668, 16.99166666666668, 16.99166666666668, 17.05538194444446, 17.05538194444446, 17.05538194444446, 17.05538194444446, 17.05538194444446, 17.05538194444446, 17.05538194444446, 17.05538194444446, 17.05538194444446, 17.05538194444446, 17.05538194444446, 17.05538194444446, 17.05538194444446, 17.05538194444446, 17.05538194444446, 17.05538194444446, 17.05538194444446, 17.05538194444446, 17.05538194444446, 17.05538194444446, 17.05538194444446, 17.05538194444446, 17.05538194444446, 17.05538194444446, 17.036342592592607, 17.036342592592607, 17.036342592592607, 17.036342592592607, 17.036342592592607, 17.036342592592607, 17.036342592592607, 17.036342592592607, 17.036342592592607, 17.036342592592607, 17.036342592592607, 17.036342592592607, 17.036342592592607, 17.036342592592607, 17.036342592592607, 17.036342592592607, 17.036342592592607, 17.036342592592607, 17.036342592592607, 17.036342592592607, 17.036342592592607, 17.036342592592607, 17.036342592592607, 17.036342592592607], "test": [22.0, 22.0, 22.0, 22.0, 22.0, 22.0, 22.0, 22.0, 22.0, 22.0, 22.0, 22.0, 22.0, 22.0, 22.0, 22.0, 22.0, 22.0, 22.0, 22.0, 22.0, 22.0, 22.0, 22.0, 22.0, 22.0, 22.0, 22.0, 22.0, 22.0, 22.0, 22.0, 22.0, 22.0, 21.6, 20.8, 20.0, 20.0, 18.8, 16.0, 12.2, 9.0, 8.0, 5.6, 3.2, 2.4, 1.2, 1.4, 5.0, 9.2, 5.0, 2.2, 0.6, 0.0, 0.0, 0.0, 0.0, 1.4, 12.6, 14.0, 13.2, 11.0, 11.8, 10.6, 10.0, 10.2, 10.0, 8.8, 9.6, 10.4, 11.4, 12.4, 12.2, 12.0, 12.0, 12.0, 11.6, 10.2, 10.0, 10.0, 10.8, 11.0, 11.0, 12.0, 12.0, 12.0, 11.6, 11.0, 10.4, 10.6, 11.4, 12.0, 12.8, 8.8, 4.6, 5.0, 6.0, 7.6, 8.8, 9.2, 7.8, 4.0, 6.6, 9.6, 10.6, 11.2, 16.2, 20.6, 24.2, 24.2, 24.8, 24.8, 24.0, 10.8, 1.4, 5.4, 7.0, 10.2, 15.0, 16.0, 17.0, 17.2, 19.4, 20.2, 21.0, 24.2, 24.2, 23.8, 24.0, 24.0, 24.8, 25.0, 25.0, 25.0, 25.0, 25.0, 25.0, 25.0, 25.0, 25.0, 25.0, 25.0, 25.0, 25.0]}