{"day": 0, "month": 12, "station_id": 12, "predict": [29.921006944444432, 29.921006944444432, 29.921006944444432, 29.921006944444432, 29.921006944444432, 29.921006944444432, 29.921006944444432, 29.921006944444432, 29.921006944444432, 29.921006944444432, 29.921006944444432, 29.921006944444432, 29.921006944444432, 29.921006944444432, 29.921006944444432, 29.921006944444432, 29.921006944444432, 29.921006944444432, 29.921006944444432, 29.921006944444432, 29.921006944444432, 29.921006944444432, 29.921006944444432, 29.921006944444432, 29.954108796296282, 29.954108796296282, 29.954108796296282, 29.954108796296282, 29.954108796296282, 29.954108796296282, 29.954108796296282, 29.954108796296282, 29.954108796296282, 29.954108796296282, 29.954108796296282, 29.954108796296282, 29.954108796296282, 29.954108796296282, 29.954108796296282, 29.954108796296282, 29.954108796296282, 29.954108796296282, 29.954108796296282, 29.954108796296282, 29.954108796296282, 29.954108796296282, 29.954108796296282, 29.954108796296282, 29.890509259259247, 29.890509259259247, 29.890509259259247, 29.890509259259247, 29.890509259259247, 29.890509259259247, 29.890509259259247, 29.890509259259247, 29.890509259259247, 29.890509259259247, 29.890509259259247, 29.890509259259247, 29.890509259259247, 29.890509259259247, 29.890509259259247, 29.890509259259247, 29.890509259259247, 29.890509259259247, 29.890509259259247, 29.890509259259247, 29.890509259259247, 29.890509259259247, 29.890509259259247, 29.890509259259247, 29.838946759259247, 29.838946759259247, 29.838946759259247, 29.838946759259247, 29.838946759259247, 29.838946759259247, 29.838946759259247, 29.838946759259247, 29.838946759259247, 29.838946759259247, 29.838946759259247, 29.838946759259247, 29.838946759259247, 29.838946759259247, 29.838946759259247, 29.838946759259247, 29.838946759259247, 29.838946759259247, 29.838946759259247, 29.838946759259247, 29.838946759259247, 29.838946759259247, 29.838946759259247, 29.838946759259247, 29.879513888888876, 29.879513888888876, 29.879513888888876, 29.879513888888876, 29.879513888888876, 29.879513888888876, 29.879513888888876, 29.879513888888876, 29.879513888888876, 29.879513888888876, 29.879513888888876, 29.879513888888876, 29.879513888888876, 29.879513888888876, 29.879513888888876, 29.879513888888876, 29.879513888888876, 29.879513888888876, 29.879513888888876, 29.879513888888876, 29.879513888888876, 29.879513888888876, 29.879513888888876, 29.879513888888876, 29.962847222222212, 29.962847222222212, 29.962847222222212, 29.962847222222212, 29.962847222222212, 29.962847222222212, 29.962847222222212, 29.962847222222212, 29.962847222222212, 29.962847222222212, 29.962847222222212, 29.962847222222212, 29.962847222222212, 29.962847222222212, 29.962847222222212, 29.962847222222212, 29.962847222222212, 29.962847222222212, 29.962847222222212, 29.962847222222212, 29.962847222222212, 29.962847222222212, 29.962847222222212, 29.962847222222212], "test": [45.0, 45.0, 45.0, 45.0, 45.0, 45.0, 45.0, 45.0, 45.0, 45.0, 45.0, 45.0, 45.0, 45.0, 45.0, 45.0, 45.0, 45.0, 33.4, 27.0, 27.0, 27.0, 27.0, 27.0, 27.0, 27.0, 27.0, 27.0, 27.0, 27.0, 27.0, 27.0, 27.0, 27.0, 27.0, 27.0, 27.0, 27.0, 27.0, 27.0, 27.0, 27.0, 27.0, 27.0, 27.0, 27.0, 27.0, 27.0, 27.0, 27.0, 27.0, 26.8, 26.0, 26.0, 26.0, 26.0, 26.0, 25.6, 25.0, 25.6, 26.0, 26.4, 27.0, 27.0, 27.0, 27.0, 27.0, 27.0, 27.0, 27.0, 27.0, 27.0, 27.4, 28.0, 28.0, 28.0, 28.0, 28.0, 25.8, 25.0, 25.0, 24.4, 24.4, 25.0, 24.6, 23.8, 24.0, 23.2, 21.8, 25.2, 26.8, 27.0, 27.0, 27.0, 27.0, 27.0, 27.4, 33.6, 33.8, 34.0, 34.0, 34.0, 34.0, 34.0, 33.6, 33.0, 33.0, 33.2, 34.0, 34.0, 34.0, 33.6, 34.0, 34.0, 34.0, 34.0, 34.4, 35.0, 35.0, 35.0, 35.0, 35.0, 38.0, 38.0, 38.0, 37.8, 38.2, 39.0, 39.0, 39.0, 39.0, 39.0, 39.0, 39.0, 39.0, 39.0, 39.0, 39.0, 39.0, 39.0, 39.0, 39.0, 39.0, 39.0]}