{"day": 4, "month": 4, "station_id": 194, "predict": [32.7036835748792, 32.7036835748792, 32.7036835748792, 32.7036835748792, 32.7036835748792, 32.7036835748792, 32.7036835748792, 32.7036835748792, 32.7036835748792, 32.7036835748792, 32.7036835748792, 32.7036835748792, 32.7036835748792, 32.7036835748792, 32.7036835748792, 32.7036835748792, 32.7036835748792, 32.7036835748792, 32.7036835748792, 32.7036835748792, 32.7036835748792, 32.7036835748792, 32.7036835748792, 32.7036835748792, 32.686835748792234, 32.686835748792234, 32.686835748792234, 32.686835748792234, 32.686835748792234, 32.686835748792234, 32.686835748792234, 32.686835748792234, 32.686835748792234, 32.686835748792234, 32.686835748792234, 32.686835748792234, 32.686835748792234, 32.686835748792234, 32.686835748792234, 32.686835748792234, 32.686835748792234, 32.686835748792234, 32.686835748792234, 32.686835748792234, 32.686835748792234, 32.686835748792234, 32.686835748792234, 32.686835748792234, 32.67807971014489, 32.67807971014489, 32.67807971014489, 32.67807971014489, 32.67807971014489, 32.67807971014489, 32.67807971014489, 32.67807971014489, 32.67807971014489, 32.67807971014489, 32.67807971014489, 32.67807971014489, 32.67807971014489, 32.67807971014489, 32.67807971014489, 32.67807971014489, 32.67807971014489, 32.67807971014489, 32.67807971014489, 32.67807971014489, 32.67807971014489, 32.67807971014489, 32.67807971014489, 32.67807971014489, 32.735688405797084, 32.735688405797084, 32.735688405797084, 32.735688405797084, 32.735688405797084, 32.735688405797084, 32.735688405797084, 32.735688405797084, 32.735688405797084, 32.735688405797084, 32.735688405797084, 32.735688405797084, 32.735688405797084, 32.735688405797084, 32.735688405797084, 32.735688405797084, 32.735688405797084, 32.735688405797084, 32.735688405797084, 32.735688405797084, 32.735688405797084, 32.735688405797084, 32.735688405797084, 32.735688405797084, 32.66086956521736, 32.66086956521736, 32.66086956521736, 32.66086956521736, 32.66086956521736, 32.66086956521736, 32.66086956521736, 32.66086956521736, 32.66086956521736, 32.66086956521736, 32.66086956521736, 32.66086956521736, 32.66086956521736, 32.66086956521736, 32.66086956521736, 32.66086956521736, 32.66086956521736, 32.66086956521736, 32.66086956521736, 32.66086956521736, 32.66086956521736, 32.66086956521736, 32.66086956521736, 32.66086956521736, 32.542210144927516, 32.542210144927516, 32.542210144927516, 32.542210144927516, 32.542210144927516, 32.542210144927516, 32.542210144927516, 32.542210144927516, 32.542210144927516, 32.542210144927516, 32.542210144927516, 32.542210144927516, 32.542210144927516, 32.542210144927516, 32.542210144927516, 32.542210144927516, 32.542210144927516, 32.542210144927516, 32.542210144927516, 32.542210144927516, 32.542210144927516, 32.542210144927516, 32.542210144927516, 32.542210144927516], "test": [49.0, 49.0, 49.0, 49.0, 49.0, 49.0, 49.0, 49.0, 49.0, 49.0, 49.0, 51.2, 53.0, 53.0, 53.0, 53.0, 53.0, 53.0, 53.0, 53.0, 53.0, 53.0, 53.0, 53.0, 53.0, 53.0, 52.8, 53.0, 53.0, 53.0, 53.0, 53.0, 53.0, 53.0, 52.6, 52.0, 52.0, 53.0, 53.0, 53.0, 53.0, 53.0, 53.4, 53.0, 54.8, 55.8, 55.0, 55.0, 54.6, 53.8, 52.8, 53.2, 52.8, 52.0, 49.8, 50.0, 51.2, 48.6, 47.2, 47.6, 44.8, 44.2, 43.4, 42.6, 43.0, 42.4, 41.4, 40.4, 39.4, 38.6, 37.4, 36.6, 34.4, 33.4, 35.4, 35.0, 33.0, 31.4, 31.4, 31.8, 29.6, 29.4, 24.4, 23.4, 22.8, 23.4, 22.0, 22.2, 23.2, 24.0, 23.6, 24.8, 24.2, 23.8, 23.4, 24.0, 24.2, 22.0, 22.0, 21.8, 24.0, 24.8, 25.2, 27.4, 27.6, 24.8, 23.4, 18.6, 13.0, 11.2, 4.8, 1.0, 6.8, 18.6, 17.4, 19.0, 20.6, 21.6, 24.0, 24.6, 23.2, 23.6, 24.0, 24.2, 24.4, 24.0, 24.2, 24.2, 21.2, 21.8, 22.0, 21.8, 21.0, 21.6, 21.2, 22.0, 22.0, 21.2, 22.0, 23.0, 22.8, 21.4, 21.0, 21.0]}