{"day": 3, "month": 7, "station_id": 73, "predict": [25.624942129629694, 25.624942129629694, 25.624942129629694, 25.624942129629694, 25.624942129629694, 25.624942129629694, 25.624942129629694, 25.624942129629694, 25.624942129629694, 25.624942129629694, 25.624942129629694, 25.624942129629694, 25.624942129629694, 25.624942129629694, 25.624942129629694, 25.624942129629694, 25.624942129629694, 25.624942129629694, 25.624942129629694, 25.624942129629694, 25.624942129629694, 25.624942129629694, 25.624942129629694, 25.624942129629694, 25.687615740740807, 25.687615740740807, 25.687615740740807, 25.687615740740807, 25.687615740740807, 25.687615740740807, 25.687615740740807, 25.687615740740807, 25.687615740740807, 25.687615740740807, 25.687615740740807, 25.687615740740807, 25.687615740740807, 25.687615740740807, 25.687615740740807, 25.687615740740807, 25.687615740740807, 25.687615740740807, 25.687615740740807, 25.687615740740807, 25.687615740740807, 25.687615740740807, 25.687615740740807, 25.687615740740807, 25.76168981481488, 25.76168981481488, 25.76168981481488, 25.76168981481488, 25.76168981481488, 25.76168981481488, 25.76168981481488, 25.76168981481488, 25.76168981481488, 25.76168981481488, 25.76168981481488, 25.76168981481488, 25.76168981481488, 25.76168981481488, 25.76168981481488, 25.76168981481488, 25.76168981481488, 25.76168981481488, 25.76168981481488, 25.76168981481488, 25.76168981481488, 25.76168981481488, 25.76168981481488, 25.76168981481488, 25.818518518518598, 25.818518518518598, 25.818518518518598, 25.818518518518598, 25.818518518518598, 25.818518518518598, 25.818518518518598, 25.818518518518598, 25.818518518518598, 25.818518518518598, 25.818518518518598, 25.818518518518598, 25.818518518518598, 25.818518518518598, 25.818518518518598, 25.818518518518598, 25.818518518518598, 25.818518518518598, 25.818518518518598, 25.818518518518598, 25.818518518518598, 25.818518518518598, 25.818518518518598, 25.818518518518598, 25.79594907407415, 25.79594907407415, 25.79594907407415, 25.79594907407415, 25.79594907407415, 25.79594907407415, 25.79594907407415, 25.79594907407415, 25.79594907407415, 25.79594907407415, 25.79594907407415, 25.79594907407415, 25.79594907407415, 25.79594907407415, 25.79594907407415, 25.79594907407415, 25.79594907407415, 25.79594907407415, 25.79594907407415, 25.79594907407415, 25.79594907407415, 25.79594907407415, 25.79594907407415, 25.79594907407415, 25.750520833333407, 25.750520833333407, 25.750520833333407, 25.750520833333407, 25.750520833333407, 25.750520833333407, 25.750520833333407, 25.750520833333407, 25.750520833333407, 25.750520833333407, 25.750520833333407, 25.750520833333407, 25.750520833333407, 25.750520833333407, 25.750520833333407, 25.750520833333407, 25.750520833333407, 25.750520833333407, 25.750520833333407, 25.750520833333407, 25.750520833333407, 25.750520833333407, 25.750520833333407, 25.750520833333407], "test": [36.0, 36.0, 36.0, 36.2, 37.0, 37.0, 37.0, 37.0, 37.0, 37.0, 37.0, 37.0, 37.0, 37.0, 37.0, 37.0, 37.0, 37.0, 37.0, 37.0, 37.0, 37.0, 37.0, 37.0, 37.0, 37.0, 37.0, 37.0, 37.0, 37.0, 37.0, 37.0, 37.0, 36.6, 37.0, 37.0, 36.6, 36.0, 36.4, 36.0, 35.0, 35.0, 35.6, 36.8, 35.4, 35.6, 35.8, 35.6, 32.8, 30.8, 28.8, 29.0, 27.8, 25.4, 17.8, 16.2, 11.8, 10.8, 11.6, 12.2, 13.2, 11.6, 12.6, 13.0, 13.0, 12.0, 12.6, 15.4, 16.0, 16.2, 15.0, 14.8, 14.0, 14.2, 13.4, 11.4, 11.0, 10.6, 11.6, 11.4, 12.2, 13.0, 12.8, 13.0, 12.8, 14.0, 14.8, 16.0, 15.0, 14.2, 13.4, 12.2, 10.4, 11.4, 12.0, 13.0, 12.0, 11.2, 12.4, 12.4, 12.6, 13.8, 15.2, 18.8, 17.4, 19.8, 23.2, 26.2, 29.8, 31.0, 31.4, 29.8, 30.2, 29.4, 30.0, 33.6, 35.0, 36.0, 34.2, 34.4, 35.8, 36.0, 35.6, 36.0, 35.8, 35.8, 36.0, 36.0, 36.0, 36.0, 35.8, 36.0, 36.0, 36.0, 36.0, 36.0, 36.0, 36.0, 36.0, 36.0, 36.0, 36.0, 36.0, 36.0]}