{"day": 2, "month": 8, "station_id": 192, "predict": [10.636342592592607, 10.636342592592607, 10.636342592592607, 10.636342592592607, 10.636342592592607, 10.636342592592607, 10.636342592592607, 10.636342592592607, 10.636342592592607, 10.636342592592607, 10.636342592592607, 10.636342592592607, 10.636342592592607, 10.636342592592607, 10.636342592592607, 10.636342592592607, 10.636342592592607, 10.636342592592607, 10.636342592592607, 10.636342592592607, 10.636342592592607, 10.636342592592607, 10.636342592592607, 10.636342592592607, 10.646585648148163, 10.646585648148163, 10.646585648148163, 10.646585648148163, 10.646585648148163, 10.646585648148163, 10.646585648148163, 10.646585648148163, 10.646585648148163, 10.646585648148163, 10.646585648148163, 10.646585648148163, 10.646585648148163, 10.646585648148163, 10.646585648148163, 10.646585648148163, 10.646585648148163, 10.646585648148163, 10.646585648148163, 10.646585648148163, 10.646585648148163, 10.646585648148163, 10.646585648148163, 10.646585648148163, 10.657581018518533, 10.657581018518533, 10.657581018518533, 10.657581018518533, 10.657581018518533, 10.657581018518533, 10.657581018518533, 10.657581018518533, 10.657581018518533, 10.657581018518533, 10.657581018518533, 10.657581018518533, 10.657581018518533, 10.657581018518533, 10.657581018518533, 10.657581018518533, 10.657581018518533, 10.657581018518533, 10.657581018518533, 10.657581018518533, 10.657581018518533, 10.657581018518533, 10.657581018518533, 10.657581018518533, 10.626736111111127, 10.626736111111127, 10.626736111111127, 10.626736111111127, 10.626736111111127, 10.626736111111127, 10.626736111111127, 10.626736111111127, 10.626736111111127, 10.626736111111127, 10.626736111111127, 10.626736111111127, 10.626736111111127, 10.626736111111127, 10.626736111111127, 10.626736111111127, 10.626736111111127, 10.626736111111127, 10.626736111111127, 10.626736111111127, 10.626736111111127, 10.626736111111127, 10.626736111111127, 10.626736111111127, 10.67702546296298, 10.67702546296298, 10.67702546296298, 10.67702546296298, 10.67702546296298, 10.67702546296298, 10.67702546296298, 10.67702546296298, 10.67702546296298, 10.67702546296298, 10.67702546296298, 10.67702546296298, 10.67702546296298, 10.67702546296298, 10.67702546296298, 10.67702546296298, 10.67702546296298, 10.67702546296298, 10.67702546296298, 10.67702546296298, 10.67702546296298, 10.67702546296298, 10.67702546296298, 10.67702546296298, 10.709895833333356, 10.709895833333356, 10.709895833333356, 10.709895833333356, 10.709895833333356, 10.709895833333356, 10.709895833333356, 10.709895833333356, 10.709895833333356, 10.709895833333356, 10.709895833333356, 10.709895833333356, 10.709895833333356, 10.709895833333356, 10.709895833333356, 10.709895833333356, 10.709895833333356, 10.709895833333356, 10.709895833333356, 10.709895833333356, 10.709895833333356, 10.709895833333356, 10.709895833333356, 10.709895833333356], "test": [16.0, 16.0, 16.0, 16.0, 16.0, 16.0, 16.0, 16.0, 16.0, 16.0, 16.0, 16.0, 16.0, 16.0, 16.0, 16.0, 16.0, 16.0, 16.0, 16.0, 16.0, 16.0, 16.0, 16.0, 16.0, 16.0, 16.0, 16.0, 16.0, 16.0, 16.0, 16.0, 16.0, 16.0, 16.0, 16.0, 16.0, 16.0, 15.2, 14.8, 14.0, 14.0, 14.0, 14.4, 14.0, 14.0, 14.0, 13.8, 13.0, 13.0, 13.0, 12.0, 10.0, 8.8, 6.4, 5.4, 5.0, 5.0, 5.0, 5.0, 5.0, 5.0, 5.2, 12.8, 13.0, 12.6, 12.0, 12.0, 12.0, 11.8, 11.6, 10.0, 10.6, 11.0, 12.4, 13.4, 12.8, 13.0, 13.4, 13.4, 13.0, 12.2, 12.0, 12.0, 12.8, 11.8, 11.0, 11.0, 13.4, 15.0, 14.6, 14.0, 13.6, 15.4, 15.0, 15.0, 15.6, 16.0, 14.4, 13.4, 13.4, 14.8, 15.0, 14.0, 14.6, 14.0, 15.4, 14.2, 11.8, 13.0, 14.8, 13.0, 10.2, 13.2, 15.0, 13.8, 12.6, 13.2, 14.4, 14.8, 13.6, 13.8, 13.8, 15.0, 15.0, 15.0, 15.0, 15.0, 15.0, 15.0, 15.0, 15.0, 14.8, 14.0, 14.4, 14.0, 15.0, 15.0, 15.0, 15.0, 15.0, 15.0, 15.0, 15.0]}