{"day": 4, "month": 10, "station_id": 246, "predict": [30.943634259259266, 30.943634259259266, 30.943634259259266, 30.943634259259266, 30.943634259259266, 30.943634259259266, 30.943634259259266, 30.943634259259266, 30.943634259259266, 30.943634259259266, 30.943634259259266, 30.943634259259266, 30.943634259259266, 30.943634259259266, 30.943634259259266, 30.943634259259266, 30.943634259259266, 30.943634259259266, 30.943634259259266, 30.943634259259266, 30.943634259259266, 30.943634259259266, 30.943634259259266, 30.943634259259266, 30.89149305555557, 30.89149305555557, 30.89149305555557, 30.89149305555557, 30.89149305555557, 30.89149305555557, 30.89149305555557, 30.89149305555557, 30.89149305555557, 30.89149305555557, 30.89149305555557, 30.89149305555557, 30.89149305555557, 30.89149305555557, 30.89149305555557, 30.89149305555557, 30.89149305555557, 30.89149305555557, 30.89149305555557, 30.89149305555557, 30.89149305555557, 30.89149305555557, 30.89149305555557, 30.89149305555557, 30.83113425925927, 30.83113425925927, 30.83113425925927, 30.83113425925927, 30.83113425925927, 30.83113425925927, 30.83113425925927, 30.83113425925927, 30.83113425925927, 30.83113425925927, 30.83113425925927, 30.83113425925927, 30.83113425925927, 30.83113425925927, 30.83113425925927, 30.83113425925927, 30.83113425925927, 30.83113425925927, 30.83113425925927, 30.83113425925927, 30.83113425925927, 30.83113425925927, 30.83113425925927, 30.83113425925927, 30.86383101851853, 30.86383101851853, 30.86383101851853, 30.86383101851853, 30.86383101851853, 30.86383101851853, 30.86383101851853, 30.86383101851853, 30.86383101851853, 30.86383101851853, 30.86383101851853, 30.86383101851853, 30.86383101851853, 30.86383101851853, 30.86383101851853, 30.86383101851853, 30.86383101851853, 30.86383101851853, 30.86383101851853, 30.86383101851853, 30.86383101851853, 30.86383101851853, 30.86383101851853, 30.86383101851853, 30.93125000000001, 30.93125000000001, 30.93125000000001, 30.93125000000001, 30.93125000000001, 30.93125000000001, 30.93125000000001, 30.93125000000001, 30.93125000000001, 30.93125000000001, 30.93125000000001, 30.93125000000001, 30.93125000000001, 30.93125000000001, 30.93125000000001, 30.93125000000001, 30.93125000000001, 30.93125000000001, 30.93125000000001, 30.93125000000001, 30.93125000000001, 30.93125000000001, 30.93125000000001, 30.93125000000001, 30.912847222222236, 30.912847222222236, 30.912847222222236, 30.912847222222236, 30.912847222222236, 30.912847222222236, 30.912847222222236, 30.912847222222236, 30.912847222222236, 30.912847222222236, 30.912847222222236, 30.912847222222236, 30.912847222222236, 30.912847222222236, 30.912847222222236, 30.912847222222236, 30.912847222222236, 30.912847222222236, 30.912847222222236, 30.912847222222236, 30.912847222222236, 30.912847222222236, 30.912847222222236, 30.912847222222236], "test": [33.6, 33.0, 33.0, 33.0, 33.0, 33.0, 33.0, 33.0, 33.0, 33.0, 33.0, 33.0, 33.0, 32.6, 32.0, 32.0, 32.0, 32.0, 32.0, 32.0, 32.0, 31.4, 31.0, 31.0, 31.0, 31.0, 31.0, 31.0, 31.0, 31.0, 31.0, 31.0, 31.0, 31.0, 31.0, 31.0, 31.0, 31.0, 31.4, 32.0, 33.0, 33.0, 33.2, 33.2, 32.0, 32.0, 32.2, 32.8, 32.0, 32.2, 30.2, 28.6, 26.0, 20.4, 15.4, 13.4, 12.8, 12.2, 12.8, 12.8, 12.2, 12.0, 11.2, 12.0, 12.0, 12.0, 10.8, 10.0, 10.8, 11.0, 10.6, 10.0, 10.6, 11.0, 11.0, 11.0, 9.2, 11.2, 14.4, 17.6, 18.0, 17.0, 16.6, 15.8, 15.4, 16.2, 15.8, 14.2, 13.2, 13.8, 14.2, 15.2, 15.6, 15.6, 17.0, 16.6, 15.6, 14.4, 14.0, 13.0, 13.0, 13.8, 13.6, 13.4, 14.6, 14.0, 13.4, 15.0, 16.6, 19.8, 21.0, 20.0, 22.2, 24.4, 24.4, 24.8, 28.4, 29.8, 31.4, 31.6, 30.0, 30.0, 30.0, 30.6, 31.0, 31.0, 31.0, 31.0, 31.0, 30.2, 30.4, 31.0, 31.0, 31.0, 31.0, 31.8, 31.4, 31.0, 31.0, 31.0, 31.0, 31.0, 31.0, 31.0]}