{"day": 6, "month": 2, "station_id": 213, "predict": [16.131283068783087, 16.131283068783087, 16.131283068783087, 16.131283068783087, 16.131283068783087, 16.131283068783087, 16.131283068783087, 16.131283068783087, 16.131283068783087, 16.131283068783087, 16.131283068783087, 16.131283068783087, 16.131283068783087, 16.131283068783087, 16.131283068783087, 16.131283068783087, 16.131283068783087, 16.131283068783087, 16.131283068783087, 16.131283068783087, 16.131283068783087, 16.131283068783087, 16.131283068783087, 16.131283068783087, 16.091402116402133, 16.091402116402133, 16.091402116402133, 16.091402116402133, 16.091402116402133, 16.091402116402133, 16.091402116402133, 16.091402116402133, 16.091402116402133, 16.091402116402133, 16.091402116402133, 16.091402116402133, 16.091402116402133, 16.091402116402133, 16.091402116402133, 16.091402116402133, 16.091402116402133, 16.091402116402133, 16.091402116402133, 16.091402116402133, 16.091402116402133, 16.091402116402133, 16.091402116402133, 16.091402116402133, 16.051587301587322, 16.051587301587322, 16.051587301587322, 16.051587301587322, 16.051587301587322, 16.051587301587322, 16.051587301587322, 16.051587301587322, 16.051587301587322, 16.051587301587322, 16.051587301587322, 16.051587301587322, 16.051587301587322, 16.051587301587322, 16.051587301587322, 16.051587301587322, 16.051587301587322, 16.051587301587322, 16.051587301587322, 16.051587301587322, 16.051587301587322, 16.051587301587322, 16.051587301587322, 16.051587301587322, 16.041534391534412, 16.041534391534412, 16.041534391534412, 16.041534391534412, 16.041534391534412, 16.041534391534412, 16.041534391534412, 16.041534391534412, 16.041534391534412, 16.041534391534412, 16.041534391534412, 16.041534391534412, 16.041534391534412, 16.041534391534412, 16.041534391534412, 16.041534391534412, 16.041534391534412, 16.041534391534412, 16.041534391534412, 16.041534391534412, 16.041534391534412, 16.041534391534412, 16.041534391534412, 16.041534391534412, 16.033068783068803, 16.033068783068803, 16.033068783068803, 16.033068783068803, 16.033068783068803, 16.033068783068803, 16.033068783068803, 16.033068783068803, 16.033068783068803, 16.033068783068803, 16.033068783068803, 16.033068783068803, 16.033068783068803, 16.033068783068803, 16.033068783068803, 16.033068783068803, 16.033068783068803, 16.033068783068803, 16.033068783068803, 16.033068783068803, 16.033068783068803, 16.033068783068803, 16.033068783068803, 16.033068783068803, 15.97526455026457, 15.97526455026457, 15.97526455026457, 15.97526455026457, 15.97526455026457, 15.97526455026457, 15.97526455026457, 15.97526455026457, 15.97526455026457, 15.97526455026457, 15.97526455026457, 15.97526455026457, 15.97526455026457, 15.97526455026457, 15.97526455026457, 15.97526455026457, 15.97526455026457, 15.97526455026457, 15.97526455026457, 15.97526455026457, 15.97526455026457, 15.97526455026457, 15.97526455026457, 15.97526455026457], "test": [27.6, 28.0, 28.0, 28.0, 28.0, 28.0, 28.0, 28.0, 28.0, 28.0, 28.0, 28.0, 28.0, 28.0, 28.0, 28.0, 28.0, 27.8, 28.0, 28.0, 28.0, 28.0, 28.0, 28.0, 28.0, 28.0, 28.0, 28.0, 28.0, 28.0, 28.0, 28.0, 28.0, 28.0, 28.0, 28.0, 28.0, 28.0, 28.0, 28.0, 28.0, 28.0, 28.0, 28.0, 28.0, 28.0, 28.0, 27.6, 27.0, 27.0, 27.0, 27.0, 27.0, 27.2, 30.6, 32.0, 32.0, 32.0, 32.0, 32.0, 31.2, 29.8, 30.0, 30.0, 30.0, 28.8, 27.0, 27.0, 28.6, 33.4, 34.0, 32.4, 32.4, 29.8, 31.2, 34.6, 34.0, 34.8, 34.0, 34.4, 35.0, 35.8, 35.6, 35.2, 33.0, 35.0, 32.0, 28.8, 29.4, 21.2, 25.8, 28.0, 26.2, 25.6, 26.6, 27.6, 27.4, 26.0, 27.2, 27.6, 27.4, 24.8, 25.2, 28.0, 28.0, 28.0, 24.6, 23.8, 24.0, 24.0, 24.0, 24.0, 24.0, 22.4, 20.2, 20.0, 19.8, 20.0, 21.0, 21.0, 21.0, 21.0, 21.0, 21.0, 21.0, 21.0, 21.0, 20.6, 20.0, 20.0, 20.0, 20.0, 20.0, 20.0, 20.0, 20.0, 20.0, 20.0, 20.0, 20.0, 20.0, 20.0, 20.0, 20.0]}