{"day": 2, "month": 7, "station_id": 48, "predict": [16.50214120370369, 16.50214120370369, 16.50214120370369, 16.50214120370369, 16.50214120370369, 16.50214120370369, 16.50214120370369, 16.50214120370369, 16.50214120370369, 16.50214120370369, 16.50214120370369, 16.50214120370369, 16.50214120370369, 16.50214120370369, 16.50214120370369, 16.50214120370369, 16.50214120370369, 16.50214120370369, 16.50214120370369, 16.50214120370369, 16.50214120370369, 16.50214120370369, 16.50214120370369, 16.50214120370369, 16.57199074074073, 16.57199074074073, 16.57199074074073, 16.57199074074073, 16.57199074074073, 16.57199074074073, 16.57199074074073, 16.57199074074073, 16.57199074074073, 16.57199074074073, 16.57199074074073, 16.57199074074073, 16.57199074074073, 16.57199074074073, 16.57199074074073, 16.57199074074073, 16.57199074074073, 16.57199074074073, 16.57199074074073, 16.57199074074073, 16.57199074074073, 16.57199074074073, 16.57199074074073, 16.57199074074073, 16.65648148148147, 16.65648148148147, 16.65648148148147, 16.65648148148147, 16.65648148148147, 16.65648148148147, 16.65648148148147, 16.65648148148147, 16.65648148148147, 16.65648148148147, 16.65648148148147, 16.65648148148147, 16.65648148148147, 16.65648148148147, 16.65648148148147, 16.65648148148147, 16.65648148148147, 16.65648148148147, 16.65648148148147, 16.65648148148147, 16.65648148148147, 16.65648148148147, 16.65648148148147, 16.65648148148147, 16.622685185185176, 16.622685185185176, 16.622685185185176, 16.622685185185176, 16.622685185185176, 16.622685185185176, 16.622685185185176, 16.622685185185176, 16.622685185185176, 16.622685185185176, 16.622685185185176, 16.622685185185176, 16.622685185185176, 16.622685185185176, 16.622685185185176, 16.622685185185176, 16.622685185185176, 16.622685185185176, 16.622685185185176, 16.622685185185176, 16.622685185185176, 16.622685185185176, 16.622685185185176, 16.622685185185176, 16.571296296296282, 16.571296296296282, 16.571296296296282, 16.571296296296282, 16.571296296296282, 16.571296296296282, 16.571296296296282, 16.571296296296282, 16.571296296296282, 16.571296296296282, 16.571296296296282, 16.571296296296282, 16.571296296296282, 16.571296296296282, 16.571296296296282, 16.571296296296282, 16.571296296296282, 16.571296296296282, 16.571296296296282, 16.571296296296282, 16.571296296296282, 16.571296296296282, 16.571296296296282, 16.571296296296282, 16.575694444444423, 16.575694444444423, 16.575694444444423, 16.575694444444423, 16.575694444444423, 16.575694444444423, 16.575694444444423, 16.575694444444423, 16.575694444444423, 16.575694444444423, 16.575694444444423, 16.575694444444423, 16.575694444444423, 16.575694444444423, 16.575694444444423, 16.575694444444423, 16.575694444444423, 16.575694444444423, 16.575694444444423, 16.575694444444423, 16.575694444444423, 16.575694444444423, 16.575694444444423, 16.575694444444423], "test": [25.0, 25.0, 25.0, 25.0, 25.0, 25.0, 25.0, 25.0, 25.0, 25.0, 25.0, 25.0, 25.0, 25.0, 25.0, 25.0, 25.0, 25.0, 25.0, 25.0, 25.0, 25.0, 25.0, 25.0, 25.0, 25.0, 25.0, 25.0, 25.0, 25.0, 25.0, 25.0, 25.0, 25.0, 25.0, 25.0, 25.0, 25.0, 24.2, 23.4, 22.0, 22.0, 22.0, 19.4, 18.0, 16.2, 14.2, 14.4, 12.8, 6.6, 4.2, 1.8, 0.0, 0.4, 0.4, 0.2, 0.0, 0.4, 0.0, 0.0, 0.0, 0.0, 0.0, 0.0, 0.0, 0.0, 0.0, 2.2, 7.0, 7.0, 7.0, 7.0, 6.8, 7.0, 7.0, 6.6, 6.6, 6.8, 6.0, 6.0, 3.4, 3.0, 4.0, 6.0, 8.2, 8.6, 9.0, 8.6, 8.2, 7.8, 7.0, 7.2, 8.0, 9.0, 9.2, 9.2, 10.6, 13.0, 15.2, 17.2, 18.6, 21.6, 22.2, 12.2, 8.2, 8.2, 6.8, 9.6, 13.2, 23.8, 24.4, 25.0, 24.4, 24.8, 25.0, 25.0, 25.0, 24.6, 18.8, 8.8, 10.0, 11.4, 14.6, 17.8, 20.0, 22.6, 24.0, 25.0, 25.0, 25.0, 25.0, 25.0, 25.0, 24.2, 25.0, 25.0, 25.0, 25.0, 25.0, 25.0, 24.4, 24.0, 24.0, 24.0]}