{"day": 5, "month": 4, "station_id": 278, "predict": [8.182004830917885, 8.182004830917885, 8.182004830917885, 8.182004830917885, 8.182004830917885, 8.182004830917885, 8.182004830917885, 8.182004830917885, 8.182004830917885, 8.182004830917885, 8.182004830917885, 8.182004830917885, 8.182004830917885, 8.182004830917885, 8.182004830917885, 8.182004830917885, 8.182004830917885, 8.182004830917885, 8.182004830917885, 8.182004830917885, 8.182004830917885, 8.182004830917885, 8.182004830917885, 8.182004830917885, 8.150845410628028, 8.150845410628028, 8.150845410628028, 8.150845410628028, 8.150845410628028, 8.150845410628028, 8.150845410628028, 8.150845410628028, 8.150845410628028, 8.150845410628028, 8.150845410628028, 8.150845410628028, 8.150845410628028, 8.150845410628028, 8.150845410628028, 8.150845410628028, 8.150845410628028, 8.150845410628028, 8.150845410628028, 8.150845410628028, 8.150845410628028, 8.150845410628028, 8.150845410628028, 8.150845410628028, 8.136473429951701, 8.136473429951701, 8.136473429951701, 8.136473429951701, 8.136473429951701, 8.136473429951701, 8.136473429951701, 8.136473429951701, 8.136473429951701, 8.136473429951701, 8.136473429951701, 8.136473429951701, 8.136473429951701, 8.136473429951701, 8.136473429951701, 8.136473429951701, 8.136473429951701, 8.136473429951701, 8.136473429951701, 8.136473429951701, 8.136473429951701, 8.136473429951701, 8.136473429951701, 8.136473429951701, 8.144987922705326, 8.144987922705326, 8.144987922705326, 8.144987922705326, 8.144987922705326, 8.144987922705326, 8.144987922705326, 8.144987922705326, 8.144987922705326, 8.144987922705326, 8.144987922705326, 8.144987922705326, 8.144987922705326, 8.144987922705326, 8.144987922705326, 8.144987922705326, 8.144987922705326, 8.144987922705326, 8.144987922705326, 8.144987922705326, 8.144987922705326, 8.144987922705326, 8.144987922705326, 8.144987922705326, 8.105978260869579, 8.105978260869579, 8.105978260869579, 8.105978260869579, 8.105978260869579, 8.105978260869579, 8.105978260869579, 8.105978260869579, 8.105978260869579, 8.105978260869579, 8.105978260869579, 8.105978260869579, 8.105978260869579, 8.105978260869579, 8.105978260869579, 8.105978260869579, 8.105978260869579, 8.105978260869579, 8.105978260869579, 8.105978260869579, 8.105978260869579, 8.105978260869579, 8.105978260869579, 8.105978260869579, 8.090277777777791, 8.090277777777791, 8.090277777777791, 8.090277777777791, 8.090277777777791, 8.090277777777791, 8.090277777777791, 8.090277777777791, 8.090277777777791, 8.090277777777791, 8.090277777777791, 8.090277777777791, 8.090277777777791, 8.090277777777791, 8.090277777777791, 8.090277777777791, 8.090277777777791, 8.090277777777791, 8.090277777777791, 8.090277777777791, 8.090277777777791, 8.090277777777791, 8.090277777777791, 8.090277777777791], "test": [13.0, 13.0, 13.0, 13.0, 13.0, 13.8, 14.0, 13.0, 13.0, 13.0, 13.0, 13.0, 13.0, 12.2, 12.0, 12.0, 12.0, 12.0, 12.0, 12.0, 12.0, 12.0, 12.0, 12.0, 12.0, 12.0, 12.0, 12.0, 12.0, 12.0, 12.0, 12.0, 12.0, 12.0, 12.0, 12.0, 12.0, 12.0, 12.0, 12.0, 12.0, 12.0, 12.0, 12.0, 12.0, 12.2, 13.0, 10.2, 9.0, 9.0, 8.4, 5.2, 5.0, 5.0, 5.0, 4.2, 4.2, 4.0, 4.0, 4.0, 3.4, 3.0, 3.0, 3.0, 3.0, 3.2, 3.4, 4.0, 4.0, 4.0, 3.2, 1.0, 0.0, 0.0, 0.8, 0.8, 0.0, 0.0, 0.0, 0.0, 1.0, 0.4, 0.0, 0.0, 0.0, 0.0, 0.0, 0.8, 0.4, 0.0, 0.0, 0.4, 0.8, 0.0, 0.0, 0.0, 0.6, 2.6, 2.4, 0.0, 0.0, 0.0, 0.8, 0.8, 1.6, 1.4, 2.0, 2.8, 3.0, 3.0, 3.0, 2.8, 2.0, 1.4, 1.0, 0.0, 0.0, 0.0, 0.0, 0.0, 1.0, 1.0, 0.4, 0.0, 0.0, 0.0, 0.0, 0.0, 0.0, 0.0, 0.0, 0.0, 0.0, 0.0, 0.0, 0.0, 0.0, 0.0, 0.0, 0.0, 1.0, 1.0, 1.0, 1.6]}