{"day": 0, "month": 10, "station_id": 73, "predict": [23.426446759259292, 23.426446759259292, 23.426446759259292, 23.426446759259292, 23.426446759259292, 23.426446759259292, 23.426446759259292, 23.426446759259292, 23.426446759259292, 23.426446759259292, 23.426446759259292, 23.426446759259292, 23.426446759259292, 23.426446759259292, 23.426446759259292, 23.426446759259292, 23.426446759259292, 23.426446759259292, 23.426446759259292, 23.426446759259292, 23.426446759259292, 23.426446759259292, 23.426446759259292, 23.426446759259292, 23.416782407407442, 23.416782407407442, 23.416782407407442, 23.416782407407442, 23.416782407407442, 23.416782407407442, 23.416782407407442, 23.416782407407442, 23.416782407407442, 23.416782407407442, 23.416782407407442, 23.416782407407442, 23.416782407407442, 23.416782407407442, 23.416782407407442, 23.416782407407442, 23.416782407407442, 23.416782407407442, 23.416782407407442, 23.416782407407442, 23.416782407407442, 23.416782407407442, 23.416782407407442, 23.416782407407442, 23.40289351851856, 23.40289351851856, 23.40289351851856, 23.40289351851856, 23.40289351851856, 23.40289351851856, 23.40289351851856, 23.40289351851856, 23.40289351851856, 23.40289351851856, 23.40289351851856, 23.40289351851856, 23.40289351851856, 23.40289351851856, 23.40289351851856, 23.40289351851856, 23.40289351851856, 23.40289351851856, 23.40289351851856, 23.40289351851856, 23.40289351851856, 23.40289351851856, 23.40289351851856, 23.40289351851856, 23.38969907407411, 23.38969907407411, 23.38969907407411, 23.38969907407411, 23.38969907407411, 23.38969907407411, 23.38969907407411, 23.38969907407411, 23.38969907407411, 23.38969907407411, 23.38969907407411, 23.38969907407411, 23.38969907407411, 23.38969907407411, 23.38969907407411, 23.38969907407411, 23.38969907407411, 23.38969907407411, 23.38969907407411, 23.38969907407411, 23.38969907407411, 23.38969907407411, 23.38969907407411, 23.38969907407411, 23.3737268518519, 23.3737268518519, 23.3737268518519, 23.3737268518519, 23.3737268518519, 23.3737268518519, 23.3737268518519, 23.3737268518519, 23.3737268518519, 23.3737268518519, 23.3737268518519, 23.3737268518519, 23.3737268518519, 23.3737268518519, 23.3737268518519, 23.3737268518519, 23.3737268518519, 23.3737268518519, 23.3737268518519, 23.3737268518519, 23.3737268518519, 23.3737268518519, 23.3737268518519, 23.3737268518519, 23.34745370370373, 23.34745370370373, 23.34745370370373, 23.34745370370373, 23.34745370370373, 23.34745370370373, 23.34745370370373, 23.34745370370373, 23.34745370370373, 23.34745370370373, 23.34745370370373, 23.34745370370373, 23.34745370370373, 23.34745370370373, 23.34745370370373, 23.34745370370373, 23.34745370370373, 23.34745370370373, 23.34745370370373, 23.34745370370373, 23.34745370370373, 23.34745370370373, 23.34745370370373, 23.34745370370373], "test": [17.0, 16.2, 15.0, 15.0, 16.0, 16.0, 16.0, 16.0, 16.0, 16.0, 16.0, 16.0, 16.0, 16.0, 16.0, 16.0, 16.0, 16.0, 16.0, 16.0, 16.0, 16.0, 16.0, 16.0, 16.0, 27.6, 32.0, 32.0, 32.0, 32.0, 32.0, 32.0, 32.0, 32.0, 32.0, 31.0, 31.0, 31.0, 30.6, 30.0, 30.0, 30.0, 29.4, 29.0, 28.8, 30.2, 29.8, 29.0, 27.6, 29.0, 30.4, 30.4, 28.0, 24.8, 16.4, 8.8, 5.4, 0.8, 0.0, 0.0, 0.2, 1.0, 1.0, 0.2, 0.0, 0.0, 0.6, 3.4, 3.0, 3.0, 0.8, 0.8, 0.0, 0.0, 0.6, 1.8, 4.0, 4.6, 4.6, 4.0, 4.6, 4.8, 4.2, 6.0, 5.6, 4.8, 4.0, 4.4, 3.2, 2.2, 2.0, 2.0, 2.0, 2.0, 2.0, 2.0, 1.2, 1.0, 1.2, 1.4, 1.2, 1.8, 0.2, 4.6, 9.0, 9.4, 8.0, 7.4, 10.2, 15.2, 17.0, 17.4, 21.2, 23.0, 24.6, 27.0, 28.8, 29.6, 30.2, 32.6, 34.8, 35.2, 36.0, 35.2, 35.0, 35.4, 34.6, 35.0, 33.8, 33.0, 33.0, 32.2, 32.4, 33.8, 35.0, 35.0, 35.0, 36.0, 36.6, 37.0, 37.0, 37.0, 37.0, 37.0]}