{"day": 3, "month": 3, "station_id": 732, "predict": [10.472916666666638, 10.472916666666638, 10.472916666666638, 10.472916666666638, 10.472916666666638, 10.472916666666638, 10.472916666666638, 10.472916666666638, 10.472916666666638, 10.472916666666638, 10.472916666666638, 10.472916666666638, 10.472916666666638, 10.472916666666638, 10.472916666666638, 10.472916666666638, 10.472916666666638, 10.472916666666638, 10.472916666666638, 10.472916666666638, 10.472916666666638, 10.472916666666638, 10.472916666666638, 10.472916666666638, 10.394039351851825, 10.394039351851825, 10.394039351851825, 10.394039351851825, 10.394039351851825, 10.394039351851825, 10.394039351851825, 10.394039351851825, 10.394039351851825, 10.394039351851825, 10.394039351851825, 10.394039351851825, 10.394039351851825, 10.394039351851825, 10.394039351851825, 10.394039351851825, 10.394039351851825, 10.394039351851825, 10.394039351851825, 10.394039351851825, 10.394039351851825, 10.394039351851825, 10.394039351851825, 10.394039351851825, 10.326967592592574, 10.326967592592574, 10.326967592592574, 10.326967592592574, 10.326967592592574, 10.326967592592574, 10.326967592592574, 10.326967592592574, 10.326967592592574, 10.326967592592574, 10.326967592592574, 10.326967592592574, 10.326967592592574, 10.326967592592574, 10.326967592592574, 10.326967592592574, 10.326967592592574, 10.326967592592574, 10.326967592592574, 10.326967592592574, 10.326967592592574, 10.326967592592574, 10.326967592592574, 10.326967592592574, 10.248206018518495, 10.248206018518495, 10.248206018518495, 10.248206018518495, 10.248206018518495, 10.248206018518495, 10.248206018518495, 10.248206018518495, 10.248206018518495, 10.248206018518495, 10.248206018518495, 10.248206018518495, 10.248206018518495, 10.248206018518495, 10.248206018518495, 10.248206018518495, 10.248206018518495, 10.248206018518495, 10.248206018518495, 10.248206018518495, 10.248206018518495, 10.248206018518495, 10.248206018518495, 10.248206018518495, 10.245717592592571, 10.245717592592571, 10.245717592592571, 10.245717592592571, 10.245717592592571, 10.245717592592571, 10.245717592592571, 10.245717592592571, 10.245717592592571, 10.245717592592571, 10.245717592592571, 10.245717592592571, 10.245717592592571, 10.245717592592571, 10.245717592592571, 10.245717592592571, 10.245717592592571, 10.245717592592571, 10.245717592592571, 10.245717592592571, 10.245717592592571, 10.245717592592571, 10.245717592592571, 10.245717592592571, 10.18877314814813, 10.18877314814813, 10.18877314814813, 10.18877314814813, 10.18877314814813, 10.18877314814813, 10.18877314814813, 10.18877314814813, 10.18877314814813, 10.18877314814813, 10.18877314814813, 10.18877314814813, 10.18877314814813, 10.18877314814813, 10.18877314814813, 10.18877314814813, 10.18877314814813, 10.18877314814813, 10.18877314814813, 10.18877314814813, 10.18877314814813, 10.18877314814813, 10.18877314814813, 10.18877314814813], "test": [6.0, 6.0, 6.0, 6.0, 6.0, 6.0, 6.0, 6.0, 7.0, 7.0, 7.0, 7.0, 7.0, 7.0, 7.0, 7.0, 7.0, 7.0, 7.0, 7.0, 7.0, 7.0, 7.0, 7.0, 7.4, 8.0, 8.0, 8.0, 8.0, 8.0, 8.0, 8.0, 8.0, 8.0, 8.8, 9.0, 9.0, 9.2, 9.0, 7.8, 8.0, 8.0, 7.4, 7.8, 8.4, 8.4, 11.2, 11.8, 10.6, 9.2, 11.4, 10.2, 8.2, 6.4, 6.4, 7.2, 2.6, 2.8, 2.2, 1.2, 0.4, 0.0, 0.4, 1.6, 0.6, 0.0, 0.0, 0.0, 1.0, 0.4, 0.0, 0.0, 0.0, 0.6, 4.2, 8.0, 8.0, 7.4, 7.0, 6.8, 6.8, 7.0, 8.6, 9.8, 9.0, 9.0, 9.0, 9.0, 9.0, 8.6, 8.0, 8.0, 8.0, 8.0, 8.0, 8.0, 6.8, 5.6, 6.0, 6.0, 5.6, 2.2, 1.6, 0.4, 0.0, 0.2, 0.6, 0.0, 2.6, 1.8, 0.8, 3.0, 3.8, 3.0, 3.0, 2.4, 0.6, 0.0, 0.0, 0.2, 1.0, 0.6, 0.6, 8.6, 11.0, 10.8, 9.8, 10.0, 10.0, 10.0, 10.0, 10.0, 10.0, 10.6, 11.8, 12.0, 12.0, 12.0, 12.0, 12.0, 12.0, 12.0, 12.0, 11.8]}