{"day": 5, "month": 2, "station_id": 107, "predict": [9.80079365079365, 9.80079365079365, 9.80079365079365, 9.80079365079365, 9.80079365079365, 9.80079365079365, 9.80079365079365, 9.80079365079365, 9.80079365079365, 9.80079365079365, 9.80079365079365, 9.80079365079365, 9.80079365079365, 9.80079365079365, 9.80079365079365, 9.80079365079365, 9.80079365079365, 9.80079365079365, 9.80079365079365, 9.80079365079365, 9.80079365079365, 9.80079365079365, 9.80079365079365, 9.80079365079365, 9.812235449735446, 9.812235449735446, 9.812235449735446, 9.812235449735446, 9.812235449735446, 9.812235449735446, 9.812235449735446, 9.812235449735446, 9.812235449735446, 9.812235449735446, 9.812235449735446, 9.812235449735446, 9.812235449735446, 9.812235449735446, 9.812235449735446, 9.812235449735446, 9.812235449735446, 9.812235449735446, 9.812235449735446, 9.812235449735446, 9.812235449735446, 9.812235449735446, 9.812235449735446, 9.812235449735446, 9.822156084656081, 9.822156084656081, 9.822156084656081, 9.822156084656081, 9.822156084656081, 9.822156084656081, 9.822156084656081, 9.822156084656081, 9.822156084656081, 9.822156084656081, 9.822156084656081, 9.822156084656081, 9.822156084656081, 9.822156084656081, 9.822156084656081, 9.822156084656081, 9.822156084656081, 9.822156084656081, 9.822156084656081, 9.822156084656081, 9.822156084656081, 9.822156084656081, 9.822156084656081, 9.822156084656081, 9.812499999999998, 9.812499999999998, 9.812499999999998, 9.812499999999998, 9.812499999999998, 9.812499999999998, 9.812499999999998, 9.812499999999998, 9.812499999999998, 9.812499999999998, 9.812499999999998, 9.812499999999998, 9.812499999999998, 9.812499999999998, 9.812499999999998, 9.812499999999998, 9.812499999999998, 9.812499999999998, 9.812499999999998, 9.812499999999998, 9.812499999999998, 9.812499999999998, 9.812499999999998, 9.812499999999998, 9.811706349206347, 9.811706349206347, 9.811706349206347, 9.811706349206347, 9.811706349206347, 9.811706349206347, 9.811706349206347, 9.811706349206347, 9.811706349206347, 9.811706349206347, 9.811706349206347, 9.811706349206347, 9.811706349206347, 9.811706349206347, 9.811706349206347, 9.811706349206347, 9.811706349206347, 9.811706349206347, 9.811706349206347, 9.811706349206347, 9.811706349206347, 9.811706349206347, 9.811706349206347, 9.811706349206347, 9.885317460317454, 9.885317460317454, 9.885317460317454, 9.885317460317454, 9.885317460317454, 9.885317460317454, 9.885317460317454, 9.885317460317454, 9.885317460317454, 9.885317460317454, 9.885317460317454, 9.885317460317454, 9.885317460317454, 9.885317460317454, 9.885317460317454, 9.885317460317454, 9.885317460317454, 9.885317460317454, 9.885317460317454, 9.885317460317454, 9.885317460317454, 9.885317460317454, 9.885317460317454, 9.885317460317454], "test": [7.0, 7.0, 7.0, 7.0, 7.0, 7.0, 7.0, 7.0, 7.0, 7.0, 7.0, 6.6, 6.0, 6.0, 6.0, 6.0, 6.0, 6.0, 6.0, 6.0, 6.0, 6.0, 6.0, 6.0, 6.0, 6.0, 6.0, 6.0, 6.0, 6.0, 6.0, 6.0, 6.0, 6.0, 6.0, 6.0, 6.0, 6.0, 6.0, 6.0, 6.0, 6.0, 6.0, 6.0, 6.4, 7.0, 7.0, 7.0, 7.4, 8.0, 8.0, 8.0, 8.0, 8.0, 8.2, 8.0, 8.0, 8.8, 8.4, 7.6, 5.0, 3.0, 4.4, 6.2, 6.4, 9.0, 10.0, 10.0, 10.2, 11.0, 13.4, 15.8, 15.6, 15.4, 14.4, 14.0, 14.6, 16.8, 16.6, 15.2, 15.2, 16.8, 16.2, 16.4, 17.6, 19.6, 19.2, 18.6, 17.0, 17.8, 19.4, 19.8, 19.4, 18.4, 18.8, 19.0, 19.6, 20.0, 20.0, 19.6, 17.8, 17.8, 18.0, 18.0, 18.0, 16.0, 9.6, 8.6, 8.2, 9.8, 10.0, 10.0, 10.0, 10.0, 10.0, 10.0, 10.0, 10.0, 10.0, 9.2, 9.0, 9.0, 9.0, 9.0, 9.0, 9.0, 9.0, 8.4, 7.4, 7.0, 7.0, 7.0, 7.6, 8.2, 8.0, 8.0, 8.0, 8.8, 9.0, 9.0, 9.0, 9.0, 9.0, 9.0]}