{"day": 6, "month": 1, "station_id": 214, "predict": [12.761168981481509, 12.761168981481509, 12.761168981481509, 12.761168981481509, 12.761168981481509, 12.761168981481509, 12.761168981481509, 12.761168981481509, 12.761168981481509, 12.761168981481509, 12.761168981481509, 12.761168981481509, 12.761168981481509, 12.761168981481509, 12.761168981481509, 12.761168981481509, 12.761168981481509, 12.761168981481509, 12.761168981481509, 12.761168981481509, 12.761168981481509, 12.761168981481509, 12.761168981481509, 12.761168981481509, 12.839293981481509, 12.839293981481509, 12.839293981481509, 12.839293981481509, 12.839293981481509, 12.839293981481509, 12.839293981481509, 12.839293981481509, 12.839293981481509, 12.839293981481509, 12.839293981481509, 12.839293981481509, 12.839293981481509, 12.839293981481509, 12.839293981481509, 12.839293981481509, 12.839293981481509, 12.839293981481509, 12.839293981481509, 12.839293981481509, 12.839293981481509, 12.839293981481509, 12.839293981481509, 12.839293981481509, 12.910185185185215, 12.910185185185215, 12.910185185185215, 12.910185185185215, 12.910185185185215, 12.910185185185215, 12.910185185185215, 12.910185185185215, 12.910185185185215, 12.910185185185215, 12.910185185185215, 12.910185185185215, 12.910185185185215, 12.910185185185215, 12.910185185185215, 12.910185185185215, 12.910185185185215, 12.910185185185215, 12.910185185185215, 12.910185185185215, 12.910185185185215, 12.910185185185215, 12.910185185185215, 12.910185185185215, 12.870891203703739, 12.870891203703739, 12.870891203703739, 12.870891203703739, 12.870891203703739, 12.870891203703739, 12.870891203703739, 12.870891203703739, 12.870891203703739, 12.870891203703739, 12.870891203703739, 12.870891203703739, 12.870891203703739, 12.870891203703739, 12.870891203703739, 12.870891203703739, 12.870891203703739, 12.870891203703739, 12.870891203703739, 12.870891203703739, 12.870891203703739, 12.870891203703739, 12.870891203703739, 12.870891203703739, 12.818981481481512, 12.818981481481512, 12.818981481481512, 12.818981481481512, 12.818981481481512, 12.818981481481512, 12.818981481481512, 12.818981481481512, 12.818981481481512, 12.818981481481512, 12.818981481481512, 12.818981481481512, 12.818981481481512, 12.818981481481512, 12.818981481481512, 12.818981481481512, 12.818981481481512, 12.818981481481512, 12.818981481481512, 12.818981481481512, 12.818981481481512, 12.818981481481512, 12.818981481481512, 12.818981481481512, 12.88929398148151, 12.88929398148151, 12.88929398148151, 12.88929398148151, 12.88929398148151, 12.88929398148151, 12.88929398148151, 12.88929398148151, 12.88929398148151, 12.88929398148151, 12.88929398148151, 12.88929398148151, 12.88929398148151, 12.88929398148151, 12.88929398148151, 12.88929398148151, 12.88929398148151, 12.88929398148151, 12.88929398148151, 12.88929398148151, 12.88929398148151, 12.88929398148151, 12.88929398148151, 12.88929398148151], "test": [22.0, 22.0, 22.0, 22.0, 16.4, 15.8, 16.0, 16.0, 16.0, 16.0, 16.0, 16.0, 16.0, 16.0, 16.0, 16.0, 16.0, 16.0, 16.0, 16.0, 16.0, 16.0, 16.0, 16.0, 16.0, 16.0, 16.0, 16.0, 16.0, 16.0, 16.2, 17.0, 17.0, 17.0, 17.0, 17.0, 17.0, 17.0, 17.0, 17.0, 17.0, 17.0, 17.0, 17.0, 17.0, 17.0, 17.0, 17.0, 17.0, 17.0, 17.0, 17.0, 17.0, 17.0, 16.8, 16.0, 17.4, 18.0, 18.0, 18.0, 18.0, 18.0, 18.0, 18.0, 18.0, 18.0, 18.4, 19.0, 19.8, 20.4, 21.0, 21.0, 21.0, 21.0, 21.0, 21.0, 21.0, 21.2, 22.0, 22.8, 23.0, 18.2, 14.8, 15.0, 16.0, 16.0, 16.4, 17.0, 18.0, 18.0, 18.0, 18.6, 19.0, 19.0, 19.0, 19.0, 19.0, 19.0, 19.0, 19.0, 19.0, 19.6, 20.0, 20.0, 19.8, 19.0, 19.0, 19.0, 18.2, 18.4, 19.0, 19.0, 19.2, 19.6, 19.6, 20.2, 21.0, 21.2, 22.0, 22.0, 22.0, 22.0, 22.0, 22.0, 22.0, 22.8, 23.0, 23.0, 23.0, 23.0, 23.0, 23.0, 23.0, 23.0, 23.0, 23.0, 23.0, 23.0, 23.0, 23.0, 23.0, 23.0, 23.0, 23.0]}