{"day": 2, "month": 9, "station_id": 341, "predict": [11.460446859903353, 11.460446859903353, 11.460446859903353, 11.460446859903353, 11.460446859903353, 11.460446859903353, 11.460446859903353, 11.460446859903353, 11.460446859903353, 11.460446859903353, 11.460446859903353, 11.460446859903353, 11.460446859903353, 11.460446859903353, 11.460446859903353, 11.460446859903353, 11.460446859903353, 11.460446859903353, 11.460446859903353, 11.460446859903353, 11.460446859903353, 11.460446859903353, 11.460446859903353, 11.460446859903353, 11.475845410627988, 11.475845410627988, 11.475845410627988, 11.475845410627988, 11.475845410627988, 11.475845410627988, 11.475845410627988, 11.475845410627988, 11.475845410627988, 11.475845410627988, 11.475845410627988, 11.475845410627988, 11.475845410627988, 11.475845410627988, 11.475845410627988, 11.475845410627988, 11.475845410627988, 11.475845410627988, 11.475845410627988, 11.475845410627988, 11.475845410627988, 11.475845410627988, 11.475845410627988, 11.475845410627988, 11.586231884057938, 11.586231884057938, 11.586231884057938, 11.586231884057938, 11.586231884057938, 11.586231884057938, 11.586231884057938, 11.586231884057938, 11.586231884057938, 11.586231884057938, 11.586231884057938, 11.586231884057938, 11.586231884057938, 11.586231884057938, 11.586231884057938, 11.586231884057938, 11.586231884057938, 11.586231884057938, 11.586231884057938, 11.586231884057938, 11.586231884057938, 11.586231884057938, 11.586231884057938, 11.586231884057938, 11.552173913043447, 11.552173913043447, 11.552173913043447, 11.552173913043447, 11.552173913043447, 11.552173913043447, 11.552173913043447, 11.552173913043447, 11.552173913043447, 11.552173913043447, 11.552173913043447, 11.552173913043447, 11.552173913043447, 11.552173913043447, 11.552173913043447, 11.552173913043447, 11.552173913043447, 11.552173913043447, 11.552173913043447, 11.552173913043447, 11.552173913043447, 11.552173913043447, 11.552173913043447, 11.552173913043447, 11.54003623188403, 11.54003623188403, 11.54003623188403, 11.54003623188403, 11.54003623188403, 11.54003623188403, 11.54003623188403, 11.54003623188403, 11.54003623188403, 11.54003623188403, 11.54003623188403, 11.54003623188403, 11.54003623188403, 11.54003623188403, 11.54003623188403, 11.54003623188403, 11.54003623188403, 11.54003623188403, 11.54003623188403, 11.54003623188403, 11.54003623188403, 11.54003623188403, 11.54003623188403, 11.54003623188403, 11.527536231884028, 11.527536231884028, 11.527536231884028, 11.527536231884028, 11.527536231884028, 11.527536231884028, 11.527536231884028, 11.527536231884028, 11.527536231884028, 11.527536231884028, 11.527536231884028, 11.527536231884028, 11.527536231884028, 11.527536231884028, 11.527536231884028, 11.527536231884028, 11.527536231884028, 11.527536231884028, 11.527536231884028, 11.527536231884028, 11.527536231884028, 11.527536231884028, 11.527536231884028, 11.527536231884028], "test": [23.0, 23.0, 23.0, 23.0, 23.0, 21.0, 12.2, 13.0, 14.0, 15.0, 15.0, 15.0, 15.0, 15.0, 15.0, 17.0, 17.0, 17.0, 17.0, 17.0, 17.0, 17.0, 17.0, 17.0, 17.0, 17.0, 17.0, 17.0, 17.0, 17.0, 17.0, 16.0, 16.0, 16.0, 16.0, 16.0, 16.2, 17.0, 17.6, 18.0, 18.2, 20.4, 23.0, 22.6, 21.2, 22.6, 22.6, 22.0, 20.6, 21.4, 19.2, 14.8, 12.6, 13.0, 12.4, 10.2, 9.0, 6.4, 2.6, 2.0, 0.4, 1.6, 1.4, 0.4, 0.0, 0.0, 0.0, 0.0, 0.0, 0.0, 1.0, 2.0, 0.0, 0.0, 0.8, 0.0, 0.0, 0.4, 0.2, 0.0, 0.0, 0.4, 0.4, 0.0, 0.4, 1.4, 0.4, 0.0, 0.4, 0.0, 2.0, 0.6, 0.8, 2.2, 2.0, 1.0, 2.6, 7.2, 3.0, 4.0, 3.6, 3.8, 5.8, 4.4, 2.6, 4.2, 1.0, 2.0, 0.2, 0.8, 1.6, 5.0, 7.2, 5.0, 1.2, 0.8, 3.8, 4.2, 4.0, 4.0, 2.4, 1.2, 2.6, 3.0, 4.0, 6.0, 7.0, 8.6, 10.0, 10.4, 10.0, 8.8, 9.6, 10.6, 11.8, 13.2, 14.0, 17.4, 18.0, 19.0, 19.6, 21.0, 21.0, 23.0]}