{"day": 4, "month": 1, "station_id": 101, "predict": [15.364988425925926, 15.364988425925926, 15.364988425925926, 15.364988425925926, 15.364988425925926, 15.364988425925926, 15.364988425925926, 15.364988425925926, 15.364988425925926, 15.364988425925926, 15.364988425925926, 15.364988425925926, 15.364988425925926, 15.364988425925926, 15.364988425925926, 15.364988425925926, 15.364988425925926, 15.364988425925926, 15.364988425925926, 15.364988425925926, 15.364988425925926, 15.364988425925926, 15.364988425925926, 15.364988425925926, 15.392766203703705, 15.392766203703705, 15.392766203703705, 15.392766203703705, 15.392766203703705, 15.392766203703705, 15.392766203703705, 15.392766203703705, 15.392766203703705, 15.392766203703705, 15.392766203703705, 15.392766203703705, 15.392766203703705, 15.392766203703705, 15.392766203703705, 15.392766203703705, 15.392766203703705, 15.392766203703705, 15.392766203703705, 15.392766203703705, 15.392766203703705, 15.392766203703705, 15.392766203703705, 15.392766203703705, 15.412731481481485, 15.412731481481485, 15.412731481481485, 15.412731481481485, 15.412731481481485, 15.412731481481485, 15.412731481481485, 15.412731481481485, 15.412731481481485, 15.412731481481485, 15.412731481481485, 15.412731481481485, 15.412731481481485, 15.412731481481485, 15.412731481481485, 15.412731481481485, 15.412731481481485, 15.412731481481485, 15.412731481481485, 15.412731481481485, 15.412731481481485, 15.412731481481485, 15.412731481481485, 15.412731481481485, 15.298206018518519, 15.298206018518519, 15.298206018518519, 15.298206018518519, 15.298206018518519, 15.298206018518519, 15.298206018518519, 15.298206018518519, 15.298206018518519, 15.298206018518519, 15.298206018518519, 15.298206018518519, 15.298206018518519, 15.298206018518519, 15.298206018518519, 15.298206018518519, 15.298206018518519, 15.298206018518519, 15.298206018518519, 15.298206018518519, 15.298206018518519, 15.298206018518519, 15.298206018518519, 15.298206018518519, 15.181481481481486, 15.181481481481486, 15.181481481481486, 15.181481481481486, 15.181481481481486, 15.181481481481486, 15.181481481481486, 15.181481481481486, 15.181481481481486, 15.181481481481486, 15.181481481481486, 15.181481481481486, 15.181481481481486, 15.181481481481486, 15.181481481481486, 15.181481481481486, 15.181481481481486, 15.181481481481486, 15.181481481481486, 15.181481481481486, 15.181481481481486, 15.181481481481486, 15.181481481481486, 15.181481481481486, 15.116030092592595, 15.116030092592595, 15.116030092592595, 15.116030092592595, 15.116030092592595, 15.116030092592595, 15.116030092592595, 15.116030092592595, 15.116030092592595, 15.116030092592595, 15.116030092592595, 15.116030092592595, 15.116030092592595, 15.116030092592595, 15.116030092592595, 15.116030092592595, 15.116030092592595, 15.116030092592595, 15.116030092592595, 15.116030092592595, 15.116030092592595, 15.116030092592595, 15.116030092592595, 15.116030092592595], "test": [17.0, 17.0, 17.0, 17.0, 17.0, 17.0, 17.0, 17.0, 17.0, 17.0, 17.0, 17.0, 17.0, 17.0, 17.0, 17.0, 17.0, 17.0, 17.0, 17.0, 17.0, 17.0, 17.0, 17.0, 17.0, 17.0, 17.0, 17.0, 17.0, 17.0, 17.0, 17.0, 17.0, 17.0, 17.0, 17.0, 16.6, 16.0, 15.0, 15.0, 13.6, 9.8, 6.6, 6.0, 5.4, 4.0, 2.8, 0.0, 0.0, 0.0, 0.0, 0.0, 0.0, 0.0, 0.0, 0.0, 0.0, 0.0, 0.0, 0.0, 0.0, 0.0, 0.0, 0.0, 0.4, 0.4, 0.0, 0.2, 1.0, 1.6, 0.0, 1.0, 0.4, 0.0, 1.6, 2.4, 3.8, 3.6, 2.4, 1.4, 3.0, 2.8, 2.0, 2.4, 1.8, 3.0, 3.2, 5.2, 5.4, 5.0, 5.0, 4.8, 5.6, 5.0, 5.2, 5.0, 6.4, 8.0, 9.4, 11.2, 12.8, 12.2, 8.6, 5.2, 4.0, 5.2, 3.2, 4.6, 6.8, 5.8, 4.8, 8.6, 11.4, 11.0, 12.6, 12.6, 14.4, 14.6, 15.6, 15.0, 15.0, 17.2, 18.6, 18.4, 18.4, 19.0, 19.0, 19.0, 19.0, 19.0, 19.0, 19.0, 19.0, 19.0, 18.8, 18.6, 19.0, 19.0, 18.6, 18.0, 18.0, 18.0, 17.8, 18.0]}