{"day": 4, "month": 4, "station_id": 195, "predict": [17.61992753623185, 17.61992753623185, 17.61992753623185, 17.61992753623185, 17.61992753623185, 17.61992753623185, 17.61992753623185, 17.61992753623185, 17.61992753623185, 17.61992753623185, 17.61992753623185, 17.61992753623185, 17.61992753623185, 17.61992753623185, 17.61992753623185, 17.61992753623185, 17.61992753623185, 17.61992753623185, 17.61992753623185, 17.61992753623185, 17.61992753623185, 17.61992753623185, 17.61992753623185, 17.61992753623185, 17.66316425120769, 17.66316425120769, 17.66316425120769, 17.66316425120769, 17.66316425120769, 17.66316425120769, 17.66316425120769, 17.66316425120769, 17.66316425120769, 17.66316425120769, 17.66316425120769, 17.66316425120769, 17.66316425120769, 17.66316425120769, 17.66316425120769, 17.66316425120769, 17.66316425120769, 17.66316425120769, 17.66316425120769, 17.66316425120769, 17.66316425120769, 17.66316425120769, 17.66316425120769, 17.66316425120769, 17.70972222222219, 17.70972222222219, 17.70972222222219, 17.70972222222219, 17.70972222222219, 17.70972222222219, 17.70972222222219, 17.70972222222219, 17.70972222222219, 17.70972222222219, 17.70972222222219, 17.70972222222219, 17.70972222222219, 17.70972222222219, 17.70972222222219, 17.70972222222219, 17.70972222222219, 17.70972222222219, 17.70972222222219, 17.70972222222219, 17.70972222222219, 17.70972222222219, 17.70972222222219, 17.70972222222219, 17.73309178743958, 17.73309178743958, 17.73309178743958, 17.73309178743958, 17.73309178743958, 17.73309178743958, 17.73309178743958, 17.73309178743958, 17.73309178743958, 17.73309178743958, 17.73309178743958, 17.73309178743958, 17.73309178743958, 17.73309178743958, 17.73309178743958, 17.73309178743958, 17.73309178743958, 17.73309178743958, 17.73309178743958, 17.73309178743958, 17.73309178743958, 17.73309178743958, 17.73309178743958, 17.73309178743958, 17.716364734299482, 17.716364734299482, 17.716364734299482, 17.716364734299482, 17.716364734299482, 17.716364734299482, 17.716364734299482, 17.716364734299482, 17.716364734299482, 17.716364734299482, 17.716364734299482, 17.716364734299482, 17.716364734299482, 17.716364734299482, 17.716364734299482, 17.716364734299482, 17.716364734299482, 17.716364734299482, 17.716364734299482, 17.716364734299482, 17.716364734299482, 17.716364734299482, 17.716364734299482, 17.716364734299482, 17.781642512077262, 17.781642512077262, 17.781642512077262, 17.781642512077262, 17.781642512077262, 17.781642512077262, 17.781642512077262, 17.781642512077262, 17.781642512077262, 17.781642512077262, 17.781642512077262, 17.781642512077262, 17.781642512077262, 17.781642512077262, 17.781642512077262, 17.781642512077262, 17.781642512077262, 17.781642512077262, 17.781642512077262, 17.781642512077262, 17.781642512077262, 17.781642512077262, 17.781642512077262, 17.781642512077262], "test": [24.0, 24.0, 24.0, 24.0, 24.0, 24.0, 24.0, 24.0, 24.0, 24.0, 24.0, 24.0, 24.0, 24.0, 24.0, 24.0, 24.0, 24.0, 24.0, 24.0, 24.0, 24.0, 24.0, 24.0, 24.0, 24.0, 24.0, 24.0, 24.0, 24.0, 24.0, 24.0, 24.0, 24.0, 24.0, 24.0, 24.0, 24.0, 23.4, 24.0, 24.0, 24.6, 25.0, 25.0, 25.0, 25.0, 24.4, 23.6, 22.8, 22.0, 19.6, 17.6, 15.6, 13.0, 8.6, 5.2, 2.0, 0.4, 0.0, 0.0, 0.0, 0.0, 0.0, 0.0, 0.0, 0.0, 0.0, 1.0, 1.0, 1.0, 1.0, 1.0, 0.0, 0.2, 1.4, 3.0, 2.0, 3.0, 2.6, 2.0, 2.6, 0.8, 0.0, 0.0, 0.4, 0.8, 0.4, 0.2, 0.0, 0.0, 0.0, 0.0, 0.0, 0.0, 0.0, 0.6, 2.4, 17.4, 21.0, 21.0, 22.0, 22.8, 22.6, 23.4, 26.8, 29.0, 29.4, 28.8, 29.2, 29.8, 29.6, 29.0, 30.0, 30.0, 29.6, 29.6, 30.0, 29.0, 29.4, 29.6, 30.0, 30.0, 30.0, 30.0, 30.0, 30.0, 30.0, 30.0, 30.0, 30.0, 30.0, 30.0, 30.0, 30.0, 30.0, 30.0, 30.0, 30.0, 30.0, 30.0, 30.0, 30.0, 29.6, 28.4]}