{"day": 4, "month": 3, "station_id": 272, "predict": [8.993518518518515, 8.993518518518515, 8.993518518518515, 8.993518518518515, 8.993518518518515, 8.993518518518515, 8.993518518518515, 8.993518518518515, 8.993518518518515, 8.993518518518515, 8.993518518518515, 8.993518518518515, 8.993518518518515, 8.993518518518515, 8.993518518518515, 8.993518518518515, 8.993518518518515, 8.993518518518515, 8.993518518518515, 8.993518518518515, 8.993518518518515, 8.993518518518515, 8.993518518518515, 8.993518518518515, 8.973495370370369, 8.973495370370369, 8.973495370370369, 8.973495370370369, 8.973495370370369, 8.973495370370369, 8.973495370370369, 8.973495370370369, 8.973495370370369, 8.973495370370369, 8.973495370370369, 8.973495370370369, 8.973495370370369, 8.973495370370369, 8.973495370370369, 8.973495370370369, 8.973495370370369, 8.973495370370369, 8.973495370370369, 8.973495370370369, 8.973495370370369, 8.973495370370369, 8.973495370370369, 8.973495370370369, 9.044270833333332, 9.044270833333332, 9.044270833333332, 9.044270833333332, 9.044270833333332, 9.044270833333332, 9.044270833333332, 9.044270833333332, 9.044270833333332, 9.044270833333332, 9.044270833333332, 9.044270833333332, 9.044270833333332, 9.044270833333332, 9.044270833333332, 9.044270833333332, 9.044270833333332, 9.044270833333332, 9.044270833333332, 9.044270833333332, 9.044270833333332, 9.044270833333332, 9.044270833333332, 9.044270833333332, 9.005729166666665, 9.005729166666665, 9.005729166666665, 9.005729166666665, 9.005729166666665, 9.005729166666665, 9.005729166666665, 9.005729166666665, 9.005729166666665, 9.005729166666665, 9.005729166666665, 9.005729166666665, 9.005729166666665, 9.005729166666665, 9.005729166666665, 9.005729166666665, 9.005729166666665, 9.005729166666665, 9.005729166666665, 9.005729166666665, 9.005729166666665, 9.005729166666665, 9.005729166666665, 9.005729166666665, 8.934259259259258, 8.934259259259258, 8.934259259259258, 8.934259259259258, 8.934259259259258, 8.934259259259258, 8.934259259259258, 8.934259259259258, 8.934259259259258, 8.934259259259258, 8.934259259259258, 8.934259259259258, 8.934259259259258, 8.934259259259258, 8.934259259259258, 8.934259259259258, 8.934259259259258, 8.934259259259258, 8.934259259259258, 8.934259259259258, 8.934259259259258, 8.934259259259258, 8.934259259259258, 8.934259259259258, 8.907696759259258, 8.907696759259258, 8.907696759259258, 8.907696759259258, 8.907696759259258, 8.907696759259258, 8.907696759259258, 8.907696759259258, 8.907696759259258, 8.907696759259258, 8.907696759259258, 8.907696759259258, 8.907696759259258, 8.907696759259258, 8.907696759259258, 8.907696759259258, 8.907696759259258, 8.907696759259258, 8.907696759259258, 8.907696759259258, 8.907696759259258, 8.907696759259258, 8.907696759259258, 8.907696759259258], "test": [10.6, 11.0, 11.0, 11.0, 11.0, 11.0, 11.0, 11.0, 11.0, 11.0, 11.0, 11.0, 11.0, 11.0, 11.0, 10.8, 10.0, 10.0, 10.0, 10.0, 10.0, 10.0, 10.0, 10.0, 10.4, 11.0, 11.0, 11.0, 11.0, 11.0, 10.4, 10.0, 10.0, 10.0, 10.0, 10.0, 10.0, 10.0, 10.0, 10.0, 10.0, 10.0, 10.0, 10.8, 11.0, 11.0, 11.0, 11.0, 11.0, 11.0, 11.0, 11.0, 11.0, 10.0, 9.0, 9.0, 9.8, 10.0, 10.0, 10.8, 9.4, 9.0, 9.0, 9.0, 10.6, 11.0, 11.0, 10.6, 10.0, 10.0, 9.2, 8.8, 8.0, 8.0, 8.0, 8.0, 7.0, 7.0, 7.6, 8.0, 7.8, 7.0, 7.0, 7.0, 7.0, 7.0, 7.0, 7.0, 7.0, 7.0, 6.0, 6.0, 6.0, 6.0, 6.0, 6.0, 6.0, 7.0, 7.0, 7.0, 7.0, 7.0, 7.6, 8.0, 8.0, 8.0, 8.0, 8.0, 8.0, 8.0, 8.0, 8.0, 8.0, 8.0, 8.0, 8.0, 8.0, 8.0, 8.0, 7.6, 7.0, 7.8, 8.0, 8.0, 8.0, 8.0, 8.0, 8.0, 8.0, 8.0, 8.0, 8.0, 8.0, 8.0, 8.0, 8.4, 10.0, 10.0, 10.4, 11.0, 11.2, 12.0, 12.6, 13.0]}