{"day": 4, "month": 5, "station_id": 251, "predict": [22.94091435185185, 22.94091435185185, 22.94091435185185, 22.94091435185185, 22.94091435185185, 22.94091435185185, 22.94091435185185, 22.94091435185185, 22.94091435185185, 22.94091435185185, 22.94091435185185, 22.94091435185185, 22.94091435185185, 22.94091435185185, 22.94091435185185, 22.94091435185185, 22.94091435185185, 22.94091435185185, 22.94091435185185, 22.94091435185185, 22.94091435185185, 22.94091435185185, 22.94091435185185, 22.94091435185185, 22.9333912037037, 22.9333912037037, 22.9333912037037, 22.9333912037037, 22.9333912037037, 22.9333912037037, 22.9333912037037, 22.9333912037037, 22.9333912037037, 22.9333912037037, 22.9333912037037, 22.9333912037037, 22.9333912037037, 22.9333912037037, 22.9333912037037, 22.9333912037037, 22.9333912037037, 22.9333912037037, 22.9333912037037, 22.9333912037037, 22.9333912037037, 22.9333912037037, 22.9333912037037, 22.9333912037037, 22.928645833333327, 22.928645833333327, 22.928645833333327, 22.928645833333327, 22.928645833333327, 22.928645833333327, 22.928645833333327, 22.928645833333327, 22.928645833333327, 22.928645833333327, 22.928645833333327, 22.928645833333327, 22.928645833333327, 22.928645833333327, 22.928645833333327, 22.928645833333327, 22.928645833333327, 22.928645833333327, 22.928645833333327, 22.928645833333327, 22.928645833333327, 22.928645833333327, 22.928645833333327, 22.928645833333327, 22.966956018518513, 22.966956018518513, 22.966956018518513, 22.966956018518513, 22.966956018518513, 22.966956018518513, 22.966956018518513, 22.966956018518513, 22.966956018518513, 22.966956018518513, 22.966956018518513, 22.966956018518513, 22.966956018518513, 22.966956018518513, 22.966956018518513, 22.966956018518513, 22.966956018518513, 22.966956018518513, 22.966956018518513, 22.966956018518513, 22.966956018518513, 22.966956018518513, 22.966956018518513, 22.966956018518513, 23.068576388888875, 23.068576388888875, 23.068576388888875, 23.068576388888875, 23.068576388888875, 23.068576388888875, 23.068576388888875, 23.068576388888875, 23.068576388888875, 23.068576388888875, 23.068576388888875, 23.068576388888875, 23.068576388888875, 23.068576388888875, 23.068576388888875, 23.068576388888875, 23.068576388888875, 23.068576388888875, 23.068576388888875, 23.068576388888875, 23.068576388888875, 23.068576388888875, 23.068576388888875, 23.068576388888875, 23.058391203703696, 23.058391203703696, 23.058391203703696, 23.058391203703696, 23.058391203703696, 23.058391203703696, 23.058391203703696, 23.058391203703696, 23.058391203703696, 23.058391203703696, 23.058391203703696, 23.058391203703696, 23.058391203703696, 23.058391203703696, 23.058391203703696, 23.058391203703696, 23.058391203703696, 23.058391203703696, 23.058391203703696, 23.058391203703696, 23.058391203703696, 23.058391203703696, 23.058391203703696, 23.058391203703696], "test": [33.0, 33.0, 33.0, 33.0, 33.0, 33.0, 32.0, 32.0, 33.0, 33.0, 33.0, 33.0, 33.0, 33.0, 33.0, 33.0, 33.0, 33.0, 33.0, 33.0, 33.0, 33.0, 33.0, 33.0, 33.0, 33.0, 33.0, 33.0, 33.0, 33.0, 33.0, 33.0, 33.0, 33.0, 33.0, 32.0, 32.0, 32.0, 32.0, 32.0, 29.8, 27.0, 24.6, 19.6, 25.0, 24.4, 21.4, 20.6, 20.6, 20.4, 22.8, 27.6, 25.4, 20.2, 15.2, 10.8, 8.0, 7.0, 10.2, 11.0, 11.0, 10.0, 10.0, 8.6, 8.2, 9.0, 9.2, 8.0, 7.2, 9.8, 18.8, 18.2, 18.0, 19.6, 21.0, 22.4, 22.8, 22.4, 20.2, 22.8, 20.8, 18.8, 21.4, 24.2, 21.0, 21.4, 22.4, 22.6, 23.2, 20.0, 20.8, 22.2, 22.2, 22.4, 21.8, 6.2, 3.4, 4.8, 6.6, 8.4, 9.2, 10.8, 14.0, 19.6, 16.6, 20.6, 11.4, 12.6, 15.4, 21.4, 21.8, 24.8, 26.8, 25.6, 25.6, 28.6, 31.8, 32.2, 33.0, 33.2, 33.8, 33.2, 33.4, 34.0, 33.4, 31.6, 32.6, 31.2, 31.8, 32.4, 33.0, 33.0, 31.6, 31.8, 31.8, 31.6, 31.4, 32.0, 30.6, 31.4, 31.6, 31.0, 32.2, 33.6]}