{"day": 0, "month": 6, "station_id": 217, "predict": [10.802475845410607, 10.802475845410607, 10.802475845410607, 10.802475845410607, 10.802475845410607, 10.802475845410607, 10.802475845410607, 10.802475845410607, 10.802475845410607, 10.802475845410607, 10.802475845410607, 10.802475845410607, 10.802475845410607, 10.802475845410607, 10.802475845410607, 10.802475845410607, 10.802475845410607, 10.802475845410607, 10.802475845410607, 10.802475845410607, 10.802475845410607, 10.802475845410607, 10.802475845410607, 10.802475845410607, 10.805434782608675, 10.805434782608675, 10.805434782608675, 10.805434782608675, 10.805434782608675, 10.805434782608675, 10.805434782608675, 10.805434782608675, 10.805434782608675, 10.805434782608675, 10.805434782608675, 10.805434782608675, 10.805434782608675, 10.805434782608675, 10.805434782608675, 10.805434782608675, 10.805434782608675, 10.805434782608675, 10.805434782608675, 10.805434782608675, 10.805434782608675, 10.805434782608675, 10.805434782608675, 10.805434782608675, 10.796859903381621, 10.796859903381621, 10.796859903381621, 10.796859903381621, 10.796859903381621, 10.796859903381621, 10.796859903381621, 10.796859903381621, 10.796859903381621, 10.796859903381621, 10.796859903381621, 10.796859903381621, 10.796859903381621, 10.796859903381621, 10.796859903381621, 10.796859903381621, 10.796859903381621, 10.796859903381621, 10.796859903381621, 10.796859903381621, 10.796859903381621, 10.796859903381621, 10.796859903381621, 10.796859903381621, 10.722765700483068, 10.722765700483068, 10.722765700483068, 10.722765700483068, 10.722765700483068, 10.722765700483068, 10.722765700483068, 10.722765700483068, 10.722765700483068, 10.722765700483068, 10.722765700483068, 10.722765700483068, 10.722765700483068, 10.722765700483068, 10.722765700483068, 10.722765700483068, 10.722765700483068, 10.722765700483068, 10.722765700483068, 10.722765700483068, 10.722765700483068, 10.722765700483068, 10.722765700483068, 10.722765700483068, 10.651811594202877, 10.651811594202877, 10.651811594202877, 10.651811594202877, 10.651811594202877, 10.651811594202877, 10.651811594202877, 10.651811594202877, 10.651811594202877, 10.651811594202877, 10.651811594202877, 10.651811594202877, 10.651811594202877, 10.651811594202877, 10.651811594202877, 10.651811594202877, 10.651811594202877, 10.651811594202877, 10.651811594202877, 10.651811594202877, 10.651811594202877, 10.651811594202877, 10.651811594202877, 10.651811594202877, 10.684903381642489, 10.684903381642489, 10.684903381642489, 10.684903381642489, 10.684903381642489, 10.684903381642489, 10.684903381642489, 10.684903381642489, 10.684903381642489, 10.684903381642489, 10.684903381642489, 10.684903381642489, 10.684903381642489, 10.684903381642489, 10.684903381642489, 10.684903381642489, 10.684903381642489, 10.684903381642489, 10.684903381642489, 10.684903381642489, 10.684903381642489, 10.684903381642489, 10.684903381642489, 10.684903381642489], "test": [16.0, 16.0, 16.0, 16.0, 16.0, 16.0, 16.0, 16.0, 16.0, 16.0, 16.0, 16.0, 16.0, 16.0, 16.0, 16.0, 16.0, 16.0, 16.0, 16.0, 16.0, 16.0, 16.0, 16.0, 16.0, 16.0, 16.0, 16.0, 16.0, 16.0, 15.4, 15.0, 15.0, 15.0, 15.0, 15.0, 15.0, 15.0, 14.8, 15.0, 14.8, 14.6, 14.6, 13.2, 12.6, 12.2, 12.0, 12.6, 12.2, 14.4, 12.2, 11.8, 7.0, 1.6, 3.6, 1.6, 1.8, 2.2, 1.8, 0.0, 1.4, 1.2, 0.6, 1.0, 1.0, 0.6, 1.0, 0.8, 0.0, 0.2, 1.2, 2.4, 4.2, 5.2, 3.8, 5.8, 6.2, 6.0, 3.8, 0.4, 0.4, 0.2, 1.0, 0.2, 0.8, 1.0, 0.0, 1.0, 0.8, 0.4, 0.2, 3.8, 7.8, 11.0, 10.6, 9.2, 11.0, 11.0, 8.6, 7.6, 5.6, 6.8, 5.2, 0.4, 0.2, 0.2, 8.8, 11.6, 12.2, 8.0, 8.8, 9.0, 9.6, 10.6, 10.8, 13.0, 12.4, 13.0, 12.4, 13.0, 13.0, 12.2, 12.6, 12.8, 12.8, 11.8, 12.8, 13.0, 12.2, 12.0, 12.0, 11.8, 12.0, 11.8, 12.6, 13.0, 13.0, 13.0, 12.2, 12.0, 12.0, 12.0, 11.6, 11.0]}