{"day": 4, "month": 11, "station_id": 193, "predict": [34.95012077294687, 34.95012077294687, 34.95012077294687, 34.95012077294687, 34.95012077294687, 34.95012077294687, 34.95012077294687, 34.95012077294687, 34.95012077294687, 34.95012077294687, 34.95012077294687, 34.95012077294687, 34.95012077294687, 34.95012077294687, 34.95012077294687, 34.95012077294687, 34.95012077294687, 34.95012077294687, 34.95012077294687, 34.95012077294687, 34.95012077294687, 34.95012077294687, 34.95012077294687, 34.95012077294687, 34.797222222222224, 34.797222222222224, 34.797222222222224, 34.797222222222224, 34.797222222222224, 34.797222222222224, 34.797222222222224, 34.797222222222224, 34.797222222222224, 34.797222222222224, 34.797222222222224, 34.797222222222224, 34.797222222222224, 34.797222222222224, 34.797222222222224, 34.797222222222224, 34.797222222222224, 34.797222222222224, 34.797222222222224, 34.797222222222224, 34.797222222222224, 34.797222222222224, 34.797222222222224, 34.797222222222224, 34.59076086956522, 34.59076086956522, 34.59076086956522, 34.59076086956522, 34.59076086956522, 34.59076086956522, 34.59076086956522, 34.59076086956522, 34.59076086956522, 34.59076086956522, 34.59076086956522, 34.59076086956522, 34.59076086956522, 34.59076086956522, 34.59076086956522, 34.59076086956522, 34.59076086956522, 34.59076086956522, 34.59076086956522, 34.59076086956522, 34.59076086956522, 34.59076086956522, 34.59076086956522, 34.59076086956522, 34.700301932367154, 34.700301932367154, 34.700301932367154, 34.700301932367154, 34.700301932367154, 34.700301932367154, 34.700301932367154, 34.700301932367154, 34.700301932367154, 34.700301932367154, 34.700301932367154, 34.700301932367154, 34.700301932367154, 34.700301932367154, 34.700301932367154, 34.700301932367154, 34.700301932367154, 34.700301932367154, 34.700301932367154, 34.700301932367154, 34.700301932367154, 34.700301932367154, 34.700301932367154, 34.700301932367154, 34.94299516908213, 34.94299516908213, 34.94299516908213, 34.94299516908213, 34.94299516908213, 34.94299516908213, 34.94299516908213, 34.94299516908213, 34.94299516908213, 34.94299516908213, 34.94299516908213, 34.94299516908213, 34.94299516908213, 34.94299516908213, 34.94299516908213, 34.94299516908213, 34.94299516908213, 34.94299516908213, 34.94299516908213, 34.94299516908213, 34.94299516908213, 34.94299516908213, 34.94299516908213, 34.94299516908213, 34.92500000000001, 34.92500000000001, 34.92500000000001, 34.92500000000001, 34.92500000000001, 34.92500000000001, 34.92500000000001, 34.92500000000001, 34.92500000000001, 34.92500000000001, 34.92500000000001, 34.92500000000001, 34.92500000000001, 34.92500000000001, 34.92500000000001, 34.92500000000001, 34.92500000000001, 34.92500000000001, 34.92500000000001, 34.92500000000001, 34.92500000000001, 34.92500000000001, 34.92500000000001, 34.92500000000001], "test": [29.0, 29.0, 28.2, 28.0, 28.0, 28.0, 28.0, 28.0, 28.0, 28.0, 28.0, 28.0, 28.0, 28.0, 28.0, 28.0, 28.0, 28.0, 28.0, 28.0, 28.0, 28.0, 28.0, 28.0, 28.0, 28.0, 28.6, 29.0, 29.0, 29.0, 29.0, 29.0, 29.0, 29.0, 29.0, 29.0, 29.0, 29.0, 29.0, 28.6, 28.0, 27.0, 27.0, 27.0, 26.2, 26.0, 25.8, 32.0, 39.0, 36.4, 35.6, 30.8, 28.4, 26.2, 31.0, 33.8, 32.4, 32.4, 31.0, 32.0, 30.6, 30.2, 39.8, 47.0, 45.2, 44.2, 45.0, 45.0, 44.0, 44.6, 46.0, 47.2, 46.0, 46.6, 45.6, 45.4, 44.0, 43.4, 42.2, 41.0, 41.0, 42.2, 42.8, 42.6, 41.0, 40.6, 41.0, 41.8, 42.0, 42.8, 39.0, 39.0, 39.0, 39.0, 38.6, 38.0, 36.8, 33.0, 4.0, 2.6, 3.2, 5.8, 8.2, 8.8, 9.4, 7.8, 9.4, 10.8, 14.6, 20.0, 19.8, 20.8, 21.2, 20.6, 19.4, 19.0, 20.0, 23.8, 23.8, 24.2, 25.4, 25.0, 23.0, 23.0, 23.8, 24.0, 24.0, 24.0, 23.0, 23.0, 23.0, 23.0, 23.0, 23.6, 25.0, 25.0, 25.0, 25.6, 26.0, 26.0, 26.0, 26.0, 25.6, 28.0]}