{"day": 4, "month": 5, "station_id": 270, "predict": [12.725810185185166, 12.725810185185166, 12.725810185185166, 12.725810185185166, 12.725810185185166, 12.725810185185166, 12.725810185185166, 12.725810185185166, 12.725810185185166, 12.725810185185166, 12.725810185185166, 12.725810185185166, 12.725810185185166, 12.725810185185166, 12.725810185185166, 12.725810185185166, 12.725810185185166, 12.725810185185166, 12.725810185185166, 12.725810185185166, 12.725810185185166, 12.725810185185166, 12.725810185185166, 12.725810185185166, 12.68130787037035, 12.68130787037035, 12.68130787037035, 12.68130787037035, 12.68130787037035, 12.68130787037035, 12.68130787037035, 12.68130787037035, 12.68130787037035, 12.68130787037035, 12.68130787037035, 12.68130787037035, 12.68130787037035, 12.68130787037035, 12.68130787037035, 12.68130787037035, 12.68130787037035, 12.68130787037035, 12.68130787037035, 12.68130787037035, 12.68130787037035, 12.68130787037035, 12.68130787037035, 12.68130787037035, 12.640682870370355, 12.640682870370355, 12.640682870370355, 12.640682870370355, 12.640682870370355, 12.640682870370355, 12.640682870370355, 12.640682870370355, 12.640682870370355, 12.640682870370355, 12.640682870370355, 12.640682870370355, 12.640682870370355, 12.640682870370355, 12.640682870370355, 12.640682870370355, 12.640682870370355, 12.640682870370355, 12.640682870370355, 12.640682870370355, 12.640682870370355, 12.640682870370355, 12.640682870370355, 12.640682870370355, 12.586053240740732, 12.586053240740732, 12.586053240740732, 12.586053240740732, 12.586053240740732, 12.586053240740732, 12.586053240740732, 12.586053240740732, 12.586053240740732, 12.586053240740732, 12.586053240740732, 12.586053240740732, 12.586053240740732, 12.586053240740732, 12.586053240740732, 12.586053240740732, 12.586053240740732, 12.586053240740732, 12.586053240740732, 12.586053240740732, 12.586053240740732, 12.586053240740732, 12.586053240740732, 12.586053240740732, 12.473611111111099, 12.473611111111099, 12.473611111111099, 12.473611111111099, 12.473611111111099, 12.473611111111099, 12.473611111111099, 12.473611111111099, 12.473611111111099, 12.473611111111099, 12.473611111111099, 12.473611111111099, 12.473611111111099, 12.473611111111099, 12.473611111111099, 12.473611111111099, 12.473611111111099, 12.473611111111099, 12.473611111111099, 12.473611111111099, 12.473611111111099, 12.473611111111099, 12.473611111111099, 12.473611111111099, 12.413599537037024, 12.413599537037024, 12.413599537037024, 12.413599537037024, 12.413599537037024, 12.413599537037024, 12.413599537037024, 12.413599537037024, 12.413599537037024, 12.413599537037024, 12.413599537037024, 12.413599537037024, 12.413599537037024, 12.413599537037024, 12.413599537037024, 12.413599537037024, 12.413599537037024, 12.413599537037024, 12.413599537037024, 12.413599537037024, 12.413599537037024, 12.413599537037024, 12.413599537037024, 12.413599537037024], "test": [1.0, 2.2, 3.0, 3.0, 3.0, 3.0, 3.0, 3.0, 3.0, 3.0, 3.0, 3.0, 3.0, 2.2, 2.0, 2.0, 2.0, 2.0, 2.0, 2.0, 2.0, 2.0, 2.0, 2.0, 2.0, 2.0, 2.0, 2.0, 2.0, 2.0, 2.0, 2.0, 2.0, 2.0, 2.0, 1.8, 1.0, 1.0, 1.2, 3.8, 4.0, 5.4, 5.8, 1.4, 1.2, 0.2, 1.8, 4.4, 5.4, 9.4, 12.8, 15.8, 15.8, 16.4, 17.4, 18.2, 19.0, 19.8, 19.2, 18.2, 17.8, 19.0, 19.0, 18.8, 18.0, 18.0, 18.0, 17.4, 16.0, 17.0, 15.6, 15.8, 15.0, 13.6, 11.8, 11.0, 10.4, 10.0, 10.8, 10.8, 10.2, 10.4, 10.2, 10.6, 11.0, 7.0, 6.8, 8.0, 10.2, 11.6, 13.6, 15.8, 17.6, 17.6, 17.2, 15.6, 15.4, 16.0, 17.0, 16.2, 16.0, 16.6, 15.8, 14.0, 12.6, 8.4, 6.0, 2.4, 1.2, 1.0, 0.0, 0.0, 0.0, 1.8, 0.0, 0.0, 0.0, 0.0, 2.4, 3.8, 1.8, 0.8, 0.0, 0.0, 0.4, 0.0, 0.0, 0.4, 0.6, 0.0, 0.0, 0.0, 0.0, 0.0, 0.6, 1.0, 1.0, 0.2, 0.0, 0.0, 0.0, 0.4, 0.4, 0.0]}