{"day": 3, "month": 9, "station_id": 95, "predict": [10.061654589371978, 10.061654589371978, 10.061654589371978, 10.061654589371978, 10.061654589371978, 10.061654589371978, 10.061654589371978, 10.061654589371978, 10.061654589371978, 10.061654589371978, 10.061654589371978, 10.061654589371978, 10.061654589371978, 10.061654589371978, 10.061654589371978, 10.061654589371978, 10.061654589371978, 10.061654589371978, 10.061654589371978, 10.061654589371978, 10.061654589371978, 10.061654589371978, 10.061654589371978, 10.061654589371978, 10.061654589371972, 10.061654589371972, 10.061654589371972, 10.061654589371972, 10.061654589371972, 10.061654589371972, 10.061654589371972, 10.061654589371972, 10.061654589371972, 10.061654589371972, 10.061654589371972, 10.061654589371972, 10.061654589371972, 10.061654589371972, 10.061654589371972, 10.061654589371972, 10.061654589371972, 10.061654589371972, 10.061654589371972, 10.061654589371972, 10.061654589371972, 10.061654589371972, 10.061654589371972, 10.061654589371972, 10.061533816425108, 10.061533816425108, 10.061533816425108, 10.061533816425108, 10.061533816425108, 10.061533816425108, 10.061533816425108, 10.061533816425108, 10.061533816425108, 10.061533816425108, 10.061533816425108, 10.061533816425108, 10.061533816425108, 10.061533816425108, 10.061533816425108, 10.061533816425108, 10.061533816425108, 10.061533816425108, 10.061533816425108, 10.061533816425108, 10.061533816425108, 10.061533816425108, 10.061533816425108, 10.061533816425108, 10.07850241545892, 10.07850241545892, 10.07850241545892, 10.07850241545892, 10.07850241545892, 10.07850241545892, 10.07850241545892, 10.07850241545892, 10.07850241545892, 10.07850241545892, 10.07850241545892, 10.07850241545892, 10.07850241545892, 10.07850241545892, 10.07850241545892, 10.07850241545892, 10.07850241545892, 10.07850241545892, 10.07850241545892, 10.07850241545892, 10.07850241545892, 10.07850241545892, 10.07850241545892, 10.07850241545892, 10.066847826086942, 10.066847826086942, 10.066847826086942, 10.066847826086942, 10.066847826086942, 10.066847826086942, 10.066847826086942, 10.066847826086942, 10.066847826086942, 10.066847826086942, 10.066847826086942, 10.066847826086942, 10.066847826086942, 10.066847826086942, 10.066847826086942, 10.066847826086942, 10.066847826086942, 10.066847826086942, 10.066847826086942, 10.066847826086942, 10.066847826086942, 10.066847826086942, 10.066847826086942, 10.066847826086942, 10.03556763285023, 10.03556763285023, 10.03556763285023, 10.03556763285023, 10.03556763285023, 10.03556763285023, 10.03556763285023, 10.03556763285023, 10.03556763285023, 10.03556763285023, 10.03556763285023, 10.03556763285023, 10.03556763285023, 10.03556763285023, 10.03556763285023, 10.03556763285023, 10.03556763285023, 10.03556763285023, 10.03556763285023, 10.03556763285023, 10.03556763285023, 10.03556763285023, 10.03556763285023, 10.03556763285023], "test": [15.0, 15.0, 15.0, 15.0, 15.0, 15.0, 15.0, 15.0, 15.0, 15.0, 15.0, 15.0, 15.0, 15.0, 15.0, 15.0, 15.0, 15.0, 15.0, 15.0, 15.0, 15.0, 15.0, 15.0, 15.0, 15.0, 15.0, 15.0, 15.0, 15.0, 15.0, 15.0, 15.0, 15.0, 15.0, 15.0, 15.0, 15.0, 14.4, 13.2, 13.2, 12.8, 11.2, 10.6, 11.6, 10.6, 10.0, 10.0, 9.2, 10.8, 14.0, 12.2, 9.8, 6.4, 2.8, 0.2, 3.2, 5.2, 6.6, 6.0, 5.2, 2.6, 2.0, 1.0, 0.8, 0.0, 0.0, 1.2, 2.0, 2.0, 2.0, 1.2, 0.8, 1.0, 0.6, 0.4, 1.0, 6.0, 7.6, 7.0, 5.4, 5.2, 4.8, 6.4, 6.6, 7.0, 4.4, 3.6, 1.2, 0.0, 0.0, 0.8, 0.4, 0.0, 0.2, 1.2, 2.4, 4.0, 4.8, 7.8, 8.6, 10.0, 11.8, 15.0, 14.6, 14.6, 14.6, 8.6, 4.6, 2.0, 1.8, 2.8, 1.2, 3.2, 4.8, 8.0, 10.4, 15.0, 14.4, 14.0, 13.8, 14.0, 12.8, 13.0, 12.4, 14.0, 14.6, 15.0, 15.0, 15.0, 15.0, 15.0, 14.4, 14.0, 14.0, 14.8, 15.0, 15.0, 15.0, 15.0, 15.0, 15.0, 15.0, 15.0]}