{"day": 1, "month": 8, "station_id": 199, "predict": [16.838946759259265, 16.838946759259265, 16.838946759259265, 16.838946759259265, 16.838946759259265, 16.838946759259265, 16.838946759259265, 16.838946759259265, 16.838946759259265, 16.838946759259265, 16.838946759259265, 16.838946759259265, 16.838946759259265, 16.838946759259265, 16.838946759259265, 16.838946759259265, 16.838946759259265, 16.838946759259265, 16.838946759259265, 16.838946759259265, 16.838946759259265, 16.838946759259265, 16.838946759259265, 16.838946759259265, 16.825057870370372, 16.825057870370372, 16.825057870370372, 16.825057870370372, 16.825057870370372, 16.825057870370372, 16.825057870370372, 16.825057870370372, 16.825057870370372, 16.825057870370372, 16.825057870370372, 16.825057870370372, 16.825057870370372, 16.825057870370372, 16.825057870370372, 16.825057870370372, 16.825057870370372, 16.825057870370372, 16.825057870370372, 16.825057870370372, 16.825057870370372, 16.825057870370372, 16.825057870370372, 16.825057870370372, 16.80300925925926, 16.80300925925926, 16.80300925925926, 16.80300925925926, 16.80300925925926, 16.80300925925926, 16.80300925925926, 16.80300925925926, 16.80300925925926, 16.80300925925926, 16.80300925925926, 16.80300925925926, 16.80300925925926, 16.80300925925926, 16.80300925925926, 16.80300925925926, 16.80300925925926, 16.80300925925926, 16.80300925925926, 16.80300925925926, 16.80300925925926, 16.80300925925926, 16.80300925925926, 16.80300925925926, 16.721354166666668, 16.721354166666668, 16.721354166666668, 16.721354166666668, 16.721354166666668, 16.721354166666668, 16.721354166666668, 16.721354166666668, 16.721354166666668, 16.721354166666668, 16.721354166666668, 16.721354166666668, 16.721354166666668, 16.721354166666668, 16.721354166666668, 16.721354166666668, 16.721354166666668, 16.721354166666668, 16.721354166666668, 16.721354166666668, 16.721354166666668, 16.721354166666668, 16.721354166666668, 16.721354166666668, 16.64282407407407, 16.64282407407407, 16.64282407407407, 16.64282407407407, 16.64282407407407, 16.64282407407407, 16.64282407407407, 16.64282407407407, 16.64282407407407, 16.64282407407407, 16.64282407407407, 16.64282407407407, 16.64282407407407, 16.64282407407407, 16.64282407407407, 16.64282407407407, 16.64282407407407, 16.64282407407407, 16.64282407407407, 16.64282407407407, 16.64282407407407, 16.64282407407407, 16.64282407407407, 16.64282407407407, 16.63570601851851, 16.63570601851851, 16.63570601851851, 16.63570601851851, 16.63570601851851, 16.63570601851851, 16.63570601851851, 16.63570601851851, 16.63570601851851, 16.63570601851851, 16.63570601851851, 16.63570601851851, 16.63570601851851, 16.63570601851851, 16.63570601851851, 16.63570601851851, 16.63570601851851, 16.63570601851851, 16.63570601851851, 16.63570601851851, 16.63570601851851, 16.63570601851851, 16.63570601851851, 16.63570601851851], "test": [21.0, 21.0, 21.0, 21.0, 21.0, 21.0, 21.0, 21.0, 21.0, 21.0, 21.0, 21.0, 21.0, 21.0, 21.0, 21.0, 21.0, 21.0, 21.0, 21.0, 21.0, 21.0, 21.0, 21.0, 21.0, 21.0, 21.0, 21.0, 20.8, 21.0, 21.0, 20.0, 20.0, 20.0, 20.0, 20.0, 19.6, 19.0, 19.0, 18.2, 17.2, 17.4, 16.8, 16.8, 21.0, 22.4, 19.8, 18.6, 16.2, 13.2, 11.2, 3.6, 0.4, 0.2, 0.0, 0.0, 0.0, 0.0, 0.0, 10.8, 16.4, 15.8, 15.0, 14.2, 12.0, 10.6, 9.4, 9.6, 8.8, 7.2, 6.4, 5.4, 3.6, 3.6, 5.0, 4.6, 5.6, 6.0, 6.0, 5.2, 4.4, 2.2, 1.6, 0.0, 0.0, 0.8, 0.8, 0.0, 1.4, 4.6, 8.2, 14.4, 15.2, 15.2, 14.0, 13.0, 14.2, 13.2, 14.0, 12.2, 11.2, 13.6, 16.4, 21.6, 21.6, 21.8, 23.0, 23.0, 22.8, 22.4, 21.2, 21.0, 22.2, 23.2, 23.2, 22.8, 23.0, 20.2, 20.0, 20.2, 21.4, 21.4, 23.8, 24.0, 24.0, 24.0, 24.0, 24.0, 23.0, 23.0, 23.6, 24.0, 24.0, 24.0, 24.0, 24.0, 24.0, 24.0, 24.0, 24.0, 23.6, 22.0, 24.0, 24.0]}