{"day": 5, "month": 4, "station_id": 154, "predict": [16.473188405797092, 16.473188405797092, 16.473188405797092, 16.473188405797092, 16.473188405797092, 16.473188405797092, 16.473188405797092, 16.473188405797092, 16.473188405797092, 16.473188405797092, 16.473188405797092, 16.473188405797092, 16.473188405797092, 16.473188405797092, 16.473188405797092, 16.473188405797092, 16.473188405797092, 16.473188405797092, 16.473188405797092, 16.473188405797092, 16.473188405797092, 16.473188405797092, 16.473188405797092, 16.473188405797092, 16.532850241545887, 16.532850241545887, 16.532850241545887, 16.532850241545887, 16.532850241545887, 16.532850241545887, 16.532850241545887, 16.532850241545887, 16.532850241545887, 16.532850241545887, 16.532850241545887, 16.532850241545887, 16.532850241545887, 16.532850241545887, 16.532850241545887, 16.532850241545887, 16.532850241545887, 16.532850241545887, 16.532850241545887, 16.532850241545887, 16.532850241545887, 16.532850241545887, 16.532850241545887, 16.532850241545887, 16.568478260869558, 16.568478260869558, 16.568478260869558, 16.568478260869558, 16.568478260869558, 16.568478260869558, 16.568478260869558, 16.568478260869558, 16.568478260869558, 16.568478260869558, 16.568478260869558, 16.568478260869558, 16.568478260869558, 16.568478260869558, 16.568478260869558, 16.568478260869558, 16.568478260869558, 16.568478260869558, 16.568478260869558, 16.568478260869558, 16.568478260869558, 16.568478260869558, 16.568478260869558, 16.568478260869558, 16.53580917874395, 16.53580917874395, 16.53580917874395, 16.53580917874395, 16.53580917874395, 16.53580917874395, 16.53580917874395, 16.53580917874395, 16.53580917874395, 16.53580917874395, 16.53580917874395, 16.53580917874395, 16.53580917874395, 16.53580917874395, 16.53580917874395, 16.53580917874395, 16.53580917874395, 16.53580917874395, 16.53580917874395, 16.53580917874395, 16.53580917874395, 16.53580917874395, 16.53580917874395, 16.53580917874395, 16.543719806763267, 16.543719806763267, 16.543719806763267, 16.543719806763267, 16.543719806763267, 16.543719806763267, 16.543719806763267, 16.543719806763267, 16.543719806763267, 16.543719806763267, 16.543719806763267, 16.543719806763267, 16.543719806763267, 16.543719806763267, 16.543719806763267, 16.543719806763267, 16.543719806763267, 16.543719806763267, 16.543719806763267, 16.543719806763267, 16.543719806763267, 16.543719806763267, 16.543719806763267, 16.543719806763267, 16.66739130434781, 16.66739130434781, 16.66739130434781, 16.66739130434781, 16.66739130434781, 16.66739130434781, 16.66739130434781, 16.66739130434781, 16.66739130434781, 16.66739130434781, 16.66739130434781, 16.66739130434781, 16.66739130434781, 16.66739130434781, 16.66739130434781, 16.66739130434781, 16.66739130434781, 16.66739130434781, 16.66739130434781, 16.66739130434781, 16.66739130434781, 16.66739130434781, 16.66739130434781, 16.66739130434781], "test": [15.0, 15.0, 15.0, 15.0, 15.0, 15.0, 15.0, 15.0, 15.0, 15.0, 15.0, 15.0, 15.0, 15.0, 15.0, 15.0, 15.0, 15.0, 15.0, 15.0, 15.0, 16.6, 17.0, 17.0, 17.0, 17.0, 17.0, 17.0, 17.0, 17.2, 18.0, 18.0, 18.0, 18.0, 18.6, 19.0, 19.0, 19.0, 19.0, 19.0, 19.0, 19.0, 19.4, 20.0, 20.6, 21.0, 21.0, 21.6, 23.4, 24.2, 25.4, 26.0, 28.0, 28.8, 29.0, 29.4, 30.0, 30.0, 30.0, 29.8, 29.0, 29.0, 28.6, 28.0, 28.0, 29.2, 29.8, 29.8, 29.2, 30.0, 30.0, 30.0, 30.0, 30.0, 30.0, 30.0, 31.2, 34.0, 34.0, 34.0, 34.0, 34.0, 34.0, 34.0, 34.0, 34.0, 34.0, 34.0, 34.0, 34.0, 34.0, 34.0, 34.0, 34.0, 34.0, 34.0, 34.0, 34.0, 34.0, 33.8, 33.0, 32.6, 32.4, 33.0, 33.0, 32.4, 31.8, 31.4, 32.0, 32.0, 31.2, 30.0, 32.6, 33.0, 33.0, 33.0, 33.0, 33.0, 33.0, 32.2, 32.0, 32.2, 32.2, 32.0, 32.0, 31.6, 31.0, 30.2, 30.2, 31.6, 32.0, 32.0, 32.8, 32.0, 32.0, 33.0, 33.0, 33.0, 33.0, 33.0, 32.2, 31.6, 30.0, 30.0]}