{"day": 3, "month": 12, "station_id": 427, "predict": [31.190104166666654, 31.190104166666654, 31.190104166666654, 31.190104166666654, 31.190104166666654, 31.190104166666654, 31.190104166666654, 31.190104166666654, 31.190104166666654, 31.190104166666654, 31.190104166666654, 31.190104166666654, 31.190104166666654, 31.190104166666654, 31.190104166666654, 31.190104166666654, 31.190104166666654, 31.190104166666654, 31.190104166666654, 31.190104166666654, 31.190104166666654, 31.190104166666654, 31.190104166666654, 31.190104166666654, 31.17436342592591, 31.17436342592591, 31.17436342592591, 31.17436342592591, 31.17436342592591, 31.17436342592591, 31.17436342592591, 31.17436342592591, 31.17436342592591, 31.17436342592591, 31.17436342592591, 31.17436342592591, 31.17436342592591, 31.17436342592591, 31.17436342592591, 31.17436342592591, 31.17436342592591, 31.17436342592591, 31.17436342592591, 31.17436342592591, 31.17436342592591, 31.17436342592591, 31.17436342592591, 31.17436342592591, 31.171643518518504, 31.171643518518504, 31.171643518518504, 31.171643518518504, 31.171643518518504, 31.171643518518504, 31.171643518518504, 31.171643518518504, 31.171643518518504, 31.171643518518504, 31.171643518518504, 31.171643518518504, 31.171643518518504, 31.171643518518504, 31.171643518518504, 31.171643518518504, 31.171643518518504, 31.171643518518504, 31.171643518518504, 31.171643518518504, 31.171643518518504, 31.171643518518504, 31.171643518518504, 31.171643518518504, 31.326909722222215, 31.326909722222215, 31.326909722222215, 31.326909722222215, 31.326909722222215, 31.326909722222215, 31.326909722222215, 31.326909722222215, 31.326909722222215, 31.326909722222215, 31.326909722222215, 31.326909722222215, 31.326909722222215, 31.326909722222215, 31.326909722222215, 31.326909722222215, 31.326909722222215, 31.326909722222215, 31.326909722222215, 31.326909722222215, 31.326909722222215, 31.326909722222215, 31.326909722222215, 31.326909722222215, 31.540335648148137, 31.540335648148137, 31.540335648148137, 31.540335648148137, 31.540335648148137, 31.540335648148137, 31.540335648148137, 31.540335648148137, 31.540335648148137, 31.540335648148137, 31.540335648148137, 31.540335648148137, 31.540335648148137, 31.540335648148137, 31.540335648148137, 31.540335648148137, 31.540335648148137, 31.540335648148137, 31.540335648148137, 31.540335648148137, 31.540335648148137, 31.540335648148137, 31.540335648148137, 31.540335648148137, 31.625694444444427, 31.625694444444427, 31.625694444444427, 31.625694444444427, 31.625694444444427, 31.625694444444427, 31.625694444444427, 31.625694444444427, 31.625694444444427, 31.625694444444427, 31.625694444444427, 31.625694444444427, 31.625694444444427, 31.625694444444427, 31.625694444444427, 31.625694444444427, 31.625694444444427, 31.625694444444427, 31.625694444444427, 31.625694444444427, 31.625694444444427, 31.625694444444427, 31.625694444444427, 31.625694444444427], "test": [39.0, 39.0, 39.0, 39.0, 39.0, 39.0, 39.0, 39.0, 39.0, 39.0, 39.0, 39.0, 39.0, 39.0, 39.0, 39.0, 39.0, 38.6, 38.0, 38.0, 38.0, 38.0, 38.0, 38.0, 38.0, 38.0, 38.0, 38.0, 38.0, 38.0, 38.0, 38.0, 38.0, 38.0, 38.0, 38.0, 38.0, 38.0, 37.8, 37.0, 37.0, 37.0, 37.0, 36.2, 36.0, 35.8, 34.8, 34.0, 34.0, 32.8, 32.0, 32.0, 32.0, 31.6, 30.6, 28.8, 27.8, 27.0, 26.8, 26.0, 26.0, 26.0, 30.2, 30.0, 30.0, 30.0, 30.0, 30.4, 30.0, 30.0, 30.0, 30.0, 30.0, 30.0, 30.0, 31.2, 33.0, 33.2, 33.8, 33.0, 34.0, 36.2, 37.0, 37.8, 38.6, 40.0, 40.8, 42.0, 42.0, 42.0, 42.0, 42.0, 42.0, 41.6, 39.4, 35.8, 29.2, 27.2, 30.0, 30.4, 32.8, 33.2, 36.2, 38.0, 39.8, 40.0, 41.4, 43.0, 43.0, 43.0, 43.0, 43.0, 43.0, 43.0, 43.0, 43.0, 43.0, 43.0, 43.0, 43.0, 43.0, 43.0, 43.0, 42.8, 42.0, 42.0, 42.0, 42.0, 42.0, 42.0, 43.0, 43.0, 43.0, 43.0, 43.0, 43.0, 43.0, 43.0, 43.0, 43.0, 43.0, 43.0, 43.0, 42.0]}