{"day": 0, "month": 8, "station_id": 272, "predict": [10.198726851851855, 10.198726851851855, 10.198726851851855, 10.198726851851855, 10.198726851851855, 10.198726851851855, 10.198726851851855, 10.198726851851855, 10.198726851851855, 10.198726851851855, 10.198726851851855, 10.198726851851855, 10.198726851851855, 10.198726851851855, 10.198726851851855, 10.198726851851855, 10.198726851851855, 10.198726851851855, 10.198726851851855, 10.198726851851855, 10.198726851851855, 10.198726851851855, 10.198726851851855, 10.198726851851855, 10.262037037037041, 10.262037037037041, 10.262037037037041, 10.262037037037041, 10.262037037037041, 10.262037037037041, 10.262037037037041, 10.262037037037041, 10.262037037037041, 10.262037037037041, 10.262037037037041, 10.262037037037041, 10.262037037037041, 10.262037037037041, 10.262037037037041, 10.262037037037041, 10.262037037037041, 10.262037037037041, 10.262037037037041, 10.262037037037041, 10.262037037037041, 10.262037037037041, 10.262037037037041, 10.262037037037041, 10.330381944444449, 10.330381944444449, 10.330381944444449, 10.330381944444449, 10.330381944444449, 10.330381944444449, 10.330381944444449, 10.330381944444449, 10.330381944444449, 10.330381944444449, 10.330381944444449, 10.330381944444449, 10.330381944444449, 10.330381944444449, 10.330381944444449, 10.330381944444449, 10.330381944444449, 10.330381944444449, 10.330381944444449, 10.330381944444449, 10.330381944444449, 10.330381944444449, 10.330381944444449, 10.330381944444449, 10.37326388888889, 10.37326388888889, 10.37326388888889, 10.37326388888889, 10.37326388888889, 10.37326388888889, 10.37326388888889, 10.37326388888889, 10.37326388888889, 10.37326388888889, 10.37326388888889, 10.37326388888889, 10.37326388888889, 10.37326388888889, 10.37326388888889, 10.37326388888889, 10.37326388888889, 10.37326388888889, 10.37326388888889, 10.37326388888889, 10.37326388888889, 10.37326388888889, 10.37326388888889, 10.37326388888889, 10.353414351851857, 10.353414351851857, 10.353414351851857, 10.353414351851857, 10.353414351851857, 10.353414351851857, 10.353414351851857, 10.353414351851857, 10.353414351851857, 10.353414351851857, 10.353414351851857, 10.353414351851857, 10.353414351851857, 10.353414351851857, 10.353414351851857, 10.353414351851857, 10.353414351851857, 10.353414351851857, 10.353414351851857, 10.353414351851857, 10.353414351851857, 10.353414351851857, 10.353414351851857, 10.353414351851857, 10.421643518518522, 10.421643518518522, 10.421643518518522, 10.421643518518522, 10.421643518518522, 10.421643518518522, 10.421643518518522, 10.421643518518522, 10.421643518518522, 10.421643518518522, 10.421643518518522, 10.421643518518522, 10.421643518518522, 10.421643518518522, 10.421643518518522, 10.421643518518522, 10.421643518518522, 10.421643518518522, 10.421643518518522, 10.421643518518522, 10.421643518518522, 10.421643518518522, 10.421643518518522, 10.421643518518522], "test": [13.6, 12.8, 13.0, 13.6, 14.0, 13.2, 13.0, 13.0, 13.0, 13.0, 13.0, 13.0, 13.0, 13.0, 13.0, 13.8, 14.0, 14.0, 14.0, 14.0, 14.0, 14.0, 14.0, 14.0, 14.0, 14.0, 14.0, 14.0, 14.0, 14.0, 14.0, 14.0, 14.0, 14.0, 14.0, 14.0, 14.0, 14.0, 14.0, 14.0, 13.4, 13.0, 13.0, 13.0, 13.0, 13.0, 13.0, 13.0, 13.0, 13.0, 13.0, 13.0, 13.0, 13.0, 12.2, 12.0, 12.0, 12.0, 12.0, 11.6, 8.4, 8.0, 7.0, 7.0, 6.0, 6.0, 6.0, 6.0, 6.0, 8.2, 9.0, 9.0, 8.4, 9.0, 9.4, 8.2, 5.4, 5.0, 4.0, 4.0, 4.0, 4.2, 3.2, 2.0, 0.4, 0.2, 6.6, 11.0, 11.4, 12.6, 15.8, 16.0, 14.8, 14.2, 16.8, 18.0, 18.0, 18.0, 20.2, 22.0, 22.0, 22.0, 22.0, 22.0, 22.0, 22.0, 22.0, 21.8, 21.0, 21.0, 20.4, 18.8, 18.6, 19.4, 20.0, 20.0, 20.0, 18.4, 18.0, 18.0, 18.0, 18.0, 18.0, 18.0, 19.0, 18.6, 18.6, 19.0, 19.0, 19.0, 19.0, 20.6, 21.0, 21.0, 21.0, 21.0, 21.0, 20.0, 20.0, 20.0, 20.0, 20.4, 21.0, 19.8]}