{"day": 0, "month": 12, "station_id": 340, "predict": [9.867881944444438, 9.867881944444438, 9.867881944444438, 9.867881944444438, 9.867881944444438, 9.867881944444438, 9.867881944444438, 9.867881944444438, 9.867881944444438, 9.867881944444438, 9.867881944444438, 9.867881944444438, 9.867881944444438, 9.867881944444438, 9.867881944444438, 9.867881944444438, 9.867881944444438, 9.867881944444438, 9.867881944444438, 9.867881944444438, 9.867881944444438, 9.867881944444438, 9.867881944444438, 9.867881944444438, 9.867881944444441, 9.867881944444441, 9.867881944444441, 9.867881944444441, 9.867881944444441, 9.867881944444441, 9.867881944444441, 9.867881944444441, 9.867881944444441, 9.867881944444441, 9.867881944444441, 9.867881944444441, 9.867881944444441, 9.867881944444441, 9.867881944444441, 9.867881944444441, 9.867881944444441, 9.867881944444441, 9.867881944444441, 9.867881944444441, 9.867881944444441, 9.867881944444441, 9.867881944444441, 9.867881944444441, 9.874016203703697, 9.874016203703697, 9.874016203703697, 9.874016203703697, 9.874016203703697, 9.874016203703697, 9.874016203703697, 9.874016203703697, 9.874016203703697, 9.874016203703697, 9.874016203703697, 9.874016203703697, 9.874016203703697, 9.874016203703697, 9.874016203703697, 9.874016203703697, 9.874016203703697, 9.874016203703697, 9.874016203703697, 9.874016203703697, 9.874016203703697, 9.874016203703697, 9.874016203703697, 9.874016203703697, 9.901215277777775, 9.901215277777775, 9.901215277777775, 9.901215277777775, 9.901215277777775, 9.901215277777775, 9.901215277777775, 9.901215277777775, 9.901215277777775, 9.901215277777775, 9.901215277777775, 9.901215277777775, 9.901215277777775, 9.901215277777775, 9.901215277777775, 9.901215277777775, 9.901215277777775, 9.901215277777775, 9.901215277777775, 9.901215277777775, 9.901215277777775, 9.901215277777775, 9.901215277777775, 9.901215277777775, 9.893865740740738, 9.893865740740738, 9.893865740740738, 9.893865740740738, 9.893865740740738, 9.893865740740738, 9.893865740740738, 9.893865740740738, 9.893865740740738, 9.893865740740738, 9.893865740740738, 9.893865740740738, 9.893865740740738, 9.893865740740738, 9.893865740740738, 9.893865740740738, 9.893865740740738, 9.893865740740738, 9.893865740740738, 9.893865740740738, 9.893865740740738, 9.893865740740738, 9.893865740740738, 9.893865740740738, 9.895428240740735, 9.895428240740735, 9.895428240740735, 9.895428240740735, 9.895428240740735, 9.895428240740735, 9.895428240740735, 9.895428240740735, 9.895428240740735, 9.895428240740735, 9.895428240740735, 9.895428240740735, 9.895428240740735, 9.895428240740735, 9.895428240740735, 9.895428240740735, 9.895428240740735, 9.895428240740735, 9.895428240740735, 9.895428240740735, 9.895428240740735, 9.895428240740735, 9.895428240740735, 9.895428240740735], "test": [16.0, 16.0, 16.0, 16.0, 16.0, 16.0, 16.0, 16.0, 16.0, 16.0, 16.0, 16.0, 16.0, 16.0, 16.0, 16.0, 16.0, 16.0, 16.0, 16.0, 16.0, 16.0, 16.0, 16.0, 16.0, 16.0, 16.0, 16.0, 16.0, 16.0, 16.0, 16.0, 16.0, 16.0, 16.0, 16.0, 16.0, 16.0, 16.0, 16.0, 16.0, 15.0, 15.0, 15.0, 14.6, 14.0, 14.0, 14.0, 14.0, 14.0, 14.0, 13.4, 12.4, 12.0, 12.0, 12.0, 11.0, 11.0, 11.0, 10.6, 9.6, 9.0, 9.0, 9.0, 9.0, 9.0, 8.8, 8.0, 7.6, 8.0, 6.8, 6.0, 6.0, 6.0, 7.0, 5.4, 5.0, 5.6, 6.2, 7.8, 8.2, 7.0, 9.0, 9.8, 10.0, 9.0, 7.4, 5.4, 6.8, 8.6, 8.0, 8.0, 8.0, 8.4, 9.0, 9.6, 11.0, 12.0, 12.0, 12.0, 12.0, 12.0, 12.2, 13.0, 13.0, 13.0, 13.0, 13.0, 14.0, 14.0, 13.2, 13.0, 13.6, 14.0, 14.0, 14.0, 14.4, 15.0, 15.0, 15.0, 15.0, 15.0, 13.4, 13.0, 13.0, 13.0, 13.0, 13.0, 13.0, 13.0, 13.0, 13.0, 13.4, 14.0, 14.0, 14.0, 14.0, 14.0, 14.0, 15.6, 16.0, 16.0, 16.0, 16.0]}