{"day": 2, "month": 7, "station_id": 732, "predict": [12.435821759259246, 12.435821759259246, 12.435821759259246, 12.435821759259246, 12.435821759259246, 12.435821759259246, 12.435821759259246, 12.435821759259246, 12.435821759259246, 12.435821759259246, 12.435821759259246, 12.435821759259246, 12.435821759259246, 12.435821759259246, 12.435821759259246, 12.435821759259246, 12.435821759259246, 12.435821759259246, 12.435821759259246, 12.435821759259246, 12.435821759259246, 12.435821759259246, 12.435821759259246, 12.435821759259246, 12.443402777777765, 12.443402777777765, 12.443402777777765, 12.443402777777765, 12.443402777777765, 12.443402777777765, 12.443402777777765, 12.443402777777765, 12.443402777777765, 12.443402777777765, 12.443402777777765, 12.443402777777765, 12.443402777777765, 12.443402777777765, 12.443402777777765, 12.443402777777765, 12.443402777777765, 12.443402777777765, 12.443402777777765, 12.443402777777765, 12.443402777777765, 12.443402777777765, 12.443402777777765, 12.443402777777765, 12.452430555555544, 12.452430555555544, 12.452430555555544, 12.452430555555544, 12.452430555555544, 12.452430555555544, 12.452430555555544, 12.452430555555544, 12.452430555555544, 12.452430555555544, 12.452430555555544, 12.452430555555544, 12.452430555555544, 12.452430555555544, 12.452430555555544, 12.452430555555544, 12.452430555555544, 12.452430555555544, 12.452430555555544, 12.452430555555544, 12.452430555555544, 12.452430555555544, 12.452430555555544, 12.452430555555544, 12.400347222222209, 12.400347222222209, 12.400347222222209, 12.400347222222209, 12.400347222222209, 12.400347222222209, 12.400347222222209, 12.400347222222209, 12.400347222222209, 12.400347222222209, 12.400347222222209, 12.400347222222209, 12.400347222222209, 12.400347222222209, 12.400347222222209, 12.400347222222209, 12.400347222222209, 12.400347222222209, 12.400347222222209, 12.400347222222209, 12.400347222222209, 12.400347222222209, 12.400347222222209, 12.400347222222209, 12.420428240740726, 12.420428240740726, 12.420428240740726, 12.420428240740726, 12.420428240740726, 12.420428240740726, 12.420428240740726, 12.420428240740726, 12.420428240740726, 12.420428240740726, 12.420428240740726, 12.420428240740726, 12.420428240740726, 12.420428240740726, 12.420428240740726, 12.420428240740726, 12.420428240740726, 12.420428240740726, 12.420428240740726, 12.420428240740726, 12.420428240740726, 12.420428240740726, 12.420428240740726, 12.420428240740726, 12.398668981481471, 12.398668981481471, 12.398668981481471, 12.398668981481471, 12.398668981481471, 12.398668981481471, 12.398668981481471, 12.398668981481471, 12.398668981481471, 12.398668981481471, 12.398668981481471, 12.398668981481471, 12.398668981481471, 12.398668981481471, 12.398668981481471, 12.398668981481471, 12.398668981481471, 12.398668981481471, 12.398668981481471, 12.398668981481471, 12.398668981481471, 12.398668981481471, 12.398668981481471, 12.398668981481471], "test": [16.0, 16.0, 16.0, 17.0, 17.0, 17.0, 17.0, 17.0, 17.0, 17.0, 17.0, 17.0, 17.0, 17.0, 17.0, 17.0, 17.0, 17.0, 17.0, 17.0, 17.0, 17.8, 18.0, 18.0, 18.0, 18.0, 18.0, 18.0, 18.0, 18.0, 18.0, 18.0, 18.0, 18.0, 18.2, 18.0, 18.0, 18.2, 19.0, 19.0, 20.6, 20.6, 21.0, 19.8, 18.0, 19.4, 20.8, 20.6, 17.0, 16.6, 17.0, 17.2, 17.8, 16.6, 10.8, 5.0, 5.2, 5.2, 1.4, 0.0, 0.0, 4.0, 5.2, 4.0, 0.4, 1.4, 3.0, 4.0, 4.0, 3.0, 4.4, 11.2, 12.4, 11.2, 10.2, 11.6, 12.2, 9.8, 9.0, 8.0, 8.4, 7.6, 6.2, 6.0, 6.6, 6.0, 6.8, 8.8, 2.6, 3.8, 6.0, 7.0, 5.0, 4.8, 3.6, 3.8, 5.2, 7.4, 5.6, 5.4, 3.2, 1.8, 3.4, 7.0, 7.2, 4.6, 7.4, 13.8, 14.2, 18.2, 19.6, 16.8, 14.4, 17.0, 17.4, 20.6, 19.8, 20.0, 20.0, 20.0, 17.6, 16.2, 17.6, 17.2, 17.6, 19.4, 19.0, 18.4, 19.6, 20.2, 21.0, 21.0, 21.0, 20.4, 21.0, 21.0, 21.0, 19.0, 19.6, 21.0, 19.4, 21.0, 20.4, 21.0]}