{"day": 6, "month": 7, "station_id": 154, "predict": [19.369965277777776, 19.369965277777776, 19.369965277777776, 19.369965277777776, 19.369965277777776, 19.369965277777776, 19.369965277777776, 19.369965277777776, 19.369965277777776, 19.369965277777776, 19.369965277777776, 19.369965277777776, 19.369965277777776, 19.369965277777776, 19.369965277777776, 19.369965277777776, 19.369965277777776, 19.369965277777776, 19.369965277777776, 19.369965277777776, 19.369965277777776, 19.369965277777776, 19.369965277777776, 19.369965277777776, 19.5802662037037, 19.5802662037037, 19.5802662037037, 19.5802662037037, 19.5802662037037, 19.5802662037037, 19.5802662037037, 19.5802662037037, 19.5802662037037, 19.5802662037037, 19.5802662037037, 19.5802662037037, 19.5802662037037, 19.5802662037037, 19.5802662037037, 19.5802662037037, 19.5802662037037, 19.5802662037037, 19.5802662037037, 19.5802662037037, 19.5802662037037, 19.5802662037037, 19.5802662037037, 19.5802662037037, 19.7484375, 19.7484375, 19.7484375, 19.7484375, 19.7484375, 19.7484375, 19.7484375, 19.7484375, 19.7484375, 19.7484375, 19.7484375, 19.7484375, 19.7484375, 19.7484375, 19.7484375, 19.7484375, 19.7484375, 19.7484375, 19.7484375, 19.7484375, 19.7484375, 19.7484375, 19.7484375, 19.7484375, 19.72031250000001, 19.72031250000001, 19.72031250000001, 19.72031250000001, 19.72031250000001, 19.72031250000001, 19.72031250000001, 19.72031250000001, 19.72031250000001, 19.72031250000001, 19.72031250000001, 19.72031250000001, 19.72031250000001, 19.72031250000001, 19.72031250000001, 19.72031250000001, 19.72031250000001, 19.72031250000001, 19.72031250000001, 19.72031250000001, 19.72031250000001, 19.72031250000001, 19.72031250000001, 19.72031250000001, 19.745659722222236, 19.745659722222236, 19.745659722222236, 19.745659722222236, 19.745659722222236, 19.745659722222236, 19.745659722222236, 19.745659722222236, 19.745659722222236, 19.745659722222236, 19.745659722222236, 19.745659722222236, 19.745659722222236, 19.745659722222236, 19.745659722222236, 19.745659722222236, 19.745659722222236, 19.745659722222236, 19.745659722222236, 19.745659722222236, 19.745659722222236, 19.745659722222236, 19.745659722222236, 19.745659722222236, 19.91903935185186, 19.91903935185186, 19.91903935185186, 19.91903935185186, 19.91903935185186, 19.91903935185186, 19.91903935185186, 19.91903935185186, 19.91903935185186, 19.91903935185186, 19.91903935185186, 19.91903935185186, 19.91903935185186, 19.91903935185186, 19.91903935185186, 19.91903935185186, 19.91903935185186, 19.91903935185186, 19.91903935185186, 19.91903935185186, 19.91903935185186, 19.91903935185186, 19.91903935185186, 19.91903935185186], "test": [31.0, 31.0, 31.0, 31.0, 31.0, 31.0, 31.0, 31.0, 31.0, 31.0, 31.0, 31.0, 31.0, 31.0, 31.0, 31.0, 31.0, 31.0, 31.0, 31.0, 31.0, 31.0, 31.0, 31.0, 31.0, 31.0, 31.0, 31.0, 31.0, 31.0, 31.0, 31.0, 31.0, 31.0, 31.0, 31.0, 31.8, 32.0, 32.0, 32.0, 32.0, 32.0, 32.0, 32.0, 32.0, 32.0, 32.0, 32.0, 32.0, 32.0, 32.0, 32.0, 32.4, 33.0, 28.6, 27.0, 27.2, 28.6, 29.0, 29.0, 29.0, 29.0, 29.6, 30.0, 30.0, 31.0, 31.0, 31.0, 31.0, 31.0, 32.2, 33.8, 34.0, 34.0, 34.0, 34.0, 34.2, 35.0, 35.0, 35.0, 34.2, 33.6, 32.0, 32.8, 33.0, 34.0, 35.0, 35.0, 35.0, 34.2, 34.0, 34.0, 34.0, 34.0, 34.0, 34.0, 34.0, 34.0, 34.0, 34.0, 34.4, 35.0, 34.6, 34.0, 34.0, 34.0, 33.4, 33.0, 33.0, 33.0, 33.4, 34.0, 34.0, 34.0, 34.0, 34.0, 34.0, 34.0, 23.2, 13.0, 13.0, 13.0, 13.0, 13.0, 13.0, 13.0, 13.0, 11.0, 11.0, 11.0, 12.0, 12.0, 12.0, 12.0, 12.0, 12.0, 12.0, 11.0, 12.0, 12.0, 12.0, 11.2, 8.0, 8.0]}