{"day": 0, "month": 8, "station_id": 64, "predict": [16.091261574074057, 16.091261574074057, 16.091261574074057, 16.091261574074057, 16.091261574074057, 16.091261574074057, 16.091261574074057, 16.091261574074057, 16.091261574074057, 16.091261574074057, 16.091261574074057, 16.091261574074057, 16.091261574074057, 16.091261574074057, 16.091261574074057, 16.091261574074057, 16.091261574074057, 16.091261574074057, 16.091261574074057, 16.091261574074057, 16.091261574074057, 16.091261574074057, 16.091261574074057, 16.091261574074057, 16.047164351851837, 16.047164351851837, 16.047164351851837, 16.047164351851837, 16.047164351851837, 16.047164351851837, 16.047164351851837, 16.047164351851837, 16.047164351851837, 16.047164351851837, 16.047164351851837, 16.047164351851837, 16.047164351851837, 16.047164351851837, 16.047164351851837, 16.047164351851837, 16.047164351851837, 16.047164351851837, 16.047164351851837, 16.047164351851837, 16.047164351851837, 16.047164351851837, 16.047164351851837, 16.047164351851837, 16.02309027777776, 16.02309027777776, 16.02309027777776, 16.02309027777776, 16.02309027777776, 16.02309027777776, 16.02309027777776, 16.02309027777776, 16.02309027777776, 16.02309027777776, 16.02309027777776, 16.02309027777776, 16.02309027777776, 16.02309027777776, 16.02309027777776, 16.02309027777776, 16.02309027777776, 16.02309027777776, 16.02309027777776, 16.02309027777776, 16.02309027777776, 16.02309027777776, 16.02309027777776, 16.02309027777776, 16.08107638888888, 16.08107638888888, 16.08107638888888, 16.08107638888888, 16.08107638888888, 16.08107638888888, 16.08107638888888, 16.08107638888888, 16.08107638888888, 16.08107638888888, 16.08107638888888, 16.08107638888888, 16.08107638888888, 16.08107638888888, 16.08107638888888, 16.08107638888888, 16.08107638888888, 16.08107638888888, 16.08107638888888, 16.08107638888888, 16.08107638888888, 16.08107638888888, 16.08107638888888, 16.08107638888888, 15.989814814814807, 15.989814814814807, 15.989814814814807, 15.989814814814807, 15.989814814814807, 15.989814814814807, 15.989814814814807, 15.989814814814807, 15.989814814814807, 15.989814814814807, 15.989814814814807, 15.989814814814807, 15.989814814814807, 15.989814814814807, 15.989814814814807, 15.989814814814807, 15.989814814814807, 15.989814814814807, 15.989814814814807, 15.989814814814807, 15.989814814814807, 15.989814814814807, 15.989814814814807, 15.989814814814807, 15.952893518518502, 15.952893518518502, 15.952893518518502, 15.952893518518502, 15.952893518518502, 15.952893518518502, 15.952893518518502, 15.952893518518502, 15.952893518518502, 15.952893518518502, 15.952893518518502, 15.952893518518502, 15.952893518518502, 15.952893518518502, 15.952893518518502, 15.952893518518502, 15.952893518518502, 15.952893518518502, 15.952893518518502, 15.952893518518502, 15.952893518518502, 15.952893518518502, 15.952893518518502, 15.952893518518502], "test": [17.8, 17.0, 17.8, 20.0, 20.0, 20.0, 20.0, 20.0, 20.0, 20.0, 20.0, 20.0, 20.0, 20.0, 20.0, 20.0, 20.0, 20.0, 20.0, 20.0, 20.0, 20.0, 20.0, 19.0, 19.0, 19.0, 19.0, 19.0, 21.0, 21.0, 21.0, 21.0, 21.0, 21.0, 21.0, 21.0, 21.0, 21.0, 21.0, 21.0, 21.0, 21.0, 21.0, 21.0, 21.0, 21.0, 21.0, 21.0, 20.4, 20.0, 20.0, 20.0, 19.4, 19.0, 19.0, 19.0, 19.0, 19.0, 19.0, 19.0, 19.0, 20.4, 20.8, 20.0, 20.0, 19.4, 19.0, 19.0, 19.0, 19.0, 17.4, 14.4, 15.0, 15.2, 14.6, 12.6, 12.0, 8.8, 7.0, 6.6, 7.2, 7.4, 7.0, 6.0, 5.6, 6.6, 7.0, 6.0, 5.0, 4.4, 4.0, 4.4, 6.2, 2.2, 1.0, 0.0, 0.0, 0.0, 0.0, 1.2, 2.0, 2.0, 6.2, 6.2, 8.0, 8.2, 7.0, 7.0, 8.2, 9.0, 10.0, 10.2, 12.0, 13.0, 12.2, 13.8, 14.0, 14.0, 15.0, 15.0, 16.0, 15.0, 15.0, 15.0, 15.0, 15.0, 15.0, 15.0, 15.0, 15.0, 15.6, 16.0, 16.0, 15.4, 20.0, 20.0, 20.0, 20.0, 20.0, 20.8, 23.6, 23.2, 23.0, 23.6]}