{"day": 0, "month": 2, "station_id": 71, "predict": [25.13551587301585, 25.13551587301585, 25.13551587301585, 25.13551587301585, 25.13551587301585, 25.13551587301585, 25.13551587301585, 25.13551587301585, 25.13551587301585, 25.13551587301585, 25.13551587301585, 25.13551587301585, 25.13551587301585, 25.13551587301585, 25.13551587301585, 25.13551587301585, 25.13551587301585, 25.13551587301585, 25.13551587301585, 25.13551587301585, 25.13551587301585, 25.13551587301585, 25.13551587301585, 25.13551587301585, 25.20443121693119, 25.20443121693119, 25.20443121693119, 25.20443121693119, 25.20443121693119, 25.20443121693119, 25.20443121693119, 25.20443121693119, 25.20443121693119, 25.20443121693119, 25.20443121693119, 25.20443121693119, 25.20443121693119, 25.20443121693119, 25.20443121693119, 25.20443121693119, 25.20443121693119, 25.20443121693119, 25.20443121693119, 25.20443121693119, 25.20443121693119, 25.20443121693119, 25.20443121693119, 25.20443121693119, 25.23478835978836, 25.23478835978836, 25.23478835978836, 25.23478835978836, 25.23478835978836, 25.23478835978836, 25.23478835978836, 25.23478835978836, 25.23478835978836, 25.23478835978836, 25.23478835978836, 25.23478835978836, 25.23478835978836, 25.23478835978836, 25.23478835978836, 25.23478835978836, 25.23478835978836, 25.23478835978836, 25.23478835978836, 25.23478835978836, 25.23478835978836, 25.23478835978836, 25.23478835978836, 25.23478835978836, 25.21541005291005, 25.21541005291005, 25.21541005291005, 25.21541005291005, 25.21541005291005, 25.21541005291005, 25.21541005291005, 25.21541005291005, 25.21541005291005, 25.21541005291005, 25.21541005291005, 25.21541005291005, 25.21541005291005, 25.21541005291005, 25.21541005291005, 25.21541005291005, 25.21541005291005, 25.21541005291005, 25.21541005291005, 25.21541005291005, 25.21541005291005, 25.21541005291005, 25.21541005291005, 25.21541005291005, 25.276521164021162, 25.276521164021162, 25.276521164021162, 25.276521164021162, 25.276521164021162, 25.276521164021162, 25.276521164021162, 25.276521164021162, 25.276521164021162, 25.276521164021162, 25.276521164021162, 25.276521164021162, 25.276521164021162, 25.276521164021162, 25.276521164021162, 25.276521164021162, 25.276521164021162, 25.276521164021162, 25.276521164021162, 25.276521164021162, 25.276521164021162, 25.276521164021162, 25.276521164021162, 25.276521164021162, 25.34014550264549, 25.34014550264549, 25.34014550264549, 25.34014550264549, 25.34014550264549, 25.34014550264549, 25.34014550264549, 25.34014550264549, 25.34014550264549, 25.34014550264549, 25.34014550264549, 25.34014550264549, 25.34014550264549, 25.34014550264549, 25.34014550264549, 25.34014550264549, 25.34014550264549, 25.34014550264549, 25.34014550264549, 25.34014550264549, 25.34014550264549, 25.34014550264549, 25.34014550264549, 25.34014550264549], "test": [33.0, 33.0, 33.0, 33.0, 33.0, 33.0, 33.0, 33.0, 33.0, 33.0, 33.0, 33.0, 33.0, 33.0, 33.0, 33.0, 33.0, 33.0, 33.0, 33.0, 33.0, 33.0, 33.0, 33.0, 33.0, 33.0, 33.0, 33.0, 33.0, 33.0, 33.0, 33.0, 32.4, 32.0, 32.0, 32.0, 31.6, 31.0, 30.0, 29.4, 28.0, 24.8, 26.6, 29.4, 27.8, 26.0, 29.4, 25.8, 19.8, 13.6, 12.8, 12.6, 7.0, 6.0, 14.2, 13.2, 10.0, 9.6, 17.2, 25.2, 24.2, 23.0, 22.4, 21.0, 20.0, 20.0, 20.4, 20.0, 20.6, 22.0, 22.0, 21.4, 21.0, 21.6, 23.8, 24.0, 24.0, 24.8, 24.4, 17.0, 15.4, 16.0, 16.0, 16.0, 16.0, 16.2, 17.0, 17.0, 17.2, 18.2, 18.4, 19.0, 19.6, 20.6, 21.4, 22.0, 22.4, 23.2, 24.2, 26.4, 26.4, 26.0, 16.0, 20.6, 30.0, 34.0, 34.0, 34.0, 34.0, 34.0, 34.0, 33.6, 30.6, 20.2, 25.2, 30.6, 32.2, 34.0, 34.0, 33.2, 28.6, 31.0, 32.4, 33.4, 34.0, 34.0, 34.0, 34.0, 34.0, 34.0, 34.0, 34.0, 34.0, 34.0, 34.0, 33.2, 32.0, 33.0, 33.0, 33.0, 33.0, 33.0, 33.0, 33.0]}