{"day": 5, "month": 10, "station_id": 17, "predict": [17.858101851851853, 17.858101851851853, 17.858101851851853, 17.858101851851853, 17.858101851851853, 17.858101851851853, 17.858101851851853, 17.858101851851853, 17.858101851851853, 17.858101851851853, 17.858101851851853, 17.858101851851853, 17.858101851851853, 17.858101851851853, 17.858101851851853, 17.858101851851853, 17.858101851851853, 17.858101851851853, 17.858101851851853, 17.858101851851853, 17.858101851851853, 17.858101851851853, 17.858101851851853, 17.858101851851853, 17.79461805555556, 17.79461805555556, 17.79461805555556, 17.79461805555556, 17.79461805555556, 17.79461805555556, 17.79461805555556, 17.79461805555556, 17.79461805555556, 17.79461805555556, 17.79461805555556, 17.79461805555556, 17.79461805555556, 17.79461805555556, 17.79461805555556, 17.79461805555556, 17.79461805555556, 17.79461805555556, 17.79461805555556, 17.79461805555556, 17.79461805555556, 17.79461805555556, 17.79461805555556, 17.79461805555556, 17.716782407407415, 17.716782407407415, 17.716782407407415, 17.716782407407415, 17.716782407407415, 17.716782407407415, 17.716782407407415, 17.716782407407415, 17.716782407407415, 17.716782407407415, 17.716782407407415, 17.716782407407415, 17.716782407407415, 17.716782407407415, 17.716782407407415, 17.716782407407415, 17.716782407407415, 17.716782407407415, 17.716782407407415, 17.716782407407415, 17.716782407407415, 17.716782407407415, 17.716782407407415, 17.716782407407415, 17.767766203703708, 17.767766203703708, 17.767766203703708, 17.767766203703708, 17.767766203703708, 17.767766203703708, 17.767766203703708, 17.767766203703708, 17.767766203703708, 17.767766203703708, 17.767766203703708, 17.767766203703708, 17.767766203703708, 17.767766203703708, 17.767766203703708, 17.767766203703708, 17.767766203703708, 17.767766203703708, 17.767766203703708, 17.767766203703708, 17.767766203703708, 17.767766203703708, 17.767766203703708, 17.767766203703708, 17.841087962962966, 17.841087962962966, 17.841087962962966, 17.841087962962966, 17.841087962962966, 17.841087962962966, 17.841087962962966, 17.841087962962966, 17.841087962962966, 17.841087962962966, 17.841087962962966, 17.841087962962966, 17.841087962962966, 17.841087962962966, 17.841087962962966, 17.841087962962966, 17.841087962962966, 17.841087962962966, 17.841087962962966, 17.841087962962966, 17.841087962962966, 17.841087962962966, 17.841087962962966, 17.841087962962966, 17.873032407407408, 17.873032407407408, 17.873032407407408, 17.873032407407408, 17.873032407407408, 17.873032407407408, 17.873032407407408, 17.873032407407408, 17.873032407407408, 17.873032407407408, 17.873032407407408, 17.873032407407408, 17.873032407407408, 17.873032407407408, 17.873032407407408, 17.873032407407408, 17.873032407407408, 17.873032407407408, 17.873032407407408, 17.873032407407408, 17.873032407407408, 17.873032407407408, 17.873032407407408, 17.873032407407408], "test": [13.8, 12.2, 12.0, 12.0, 12.0, 12.0, 12.0, 12.0, 12.0, 12.0, 12.0, 12.0, 12.0, 12.0, 12.0, 12.0, 12.0, 12.0, 12.0, 12.0, 12.0, 12.0, 12.0, 12.0, 12.0, 12.0, 12.0, 12.0, 12.0, 12.0, 12.0, 12.0, 12.0, 12.0, 12.0, 12.0, 12.0, 12.0, 12.0, 12.0, 12.0, 12.0, 12.0, 12.0, 12.0, 12.0, 12.0, 12.2, 13.0, 13.0, 13.0, 13.0, 13.0, 13.8, 15.2, 17.0, 18.0, 18.2, 19.6, 19.0, 18.6, 18.0, 18.8, 19.4, 20.6, 21.0, 21.0, 21.0, 21.0, 21.0, 21.0, 20.4, 20.0, 19.0, 19.6, 20.0, 20.0, 20.2, 21.0, 21.0, 20.0, 20.0, 20.6, 21.8, 21.8, 21.2, 21.0, 21.2, 20.0, 19.6, 18.0, 17.2, 17.0, 17.0, 17.6, 18.8, 21.6, 22.6, 23.4, 24.0, 24.0, 24.0, 22.8, 22.0, 22.2, 22.6, 22.0, 21.8, 16.8, 15.2, 15.0, 15.0, 15.8, 15.2, 15.0, 15.0, 16.0, 16.0, 16.0, 16.0, 14.8, 14.0, 13.8, 13.0, 13.0, 13.0, 13.0, 13.0, 13.0, 13.0, 13.0, 13.0, 13.0, 13.0, 13.0, 12.8, 12.0, 12.0, 12.0, 12.0, 12.0, 12.0, 12.0, 12.0]}