{"day": 5, "month": 1, "station_id": 278, "predict": [10.513252314814826, 10.513252314814826, 10.513252314814826, 10.513252314814826, 10.513252314814826, 10.513252314814826, 10.513252314814826, 10.513252314814826, 10.513252314814826, 10.513252314814826, 10.513252314814826, 10.513252314814826, 10.513252314814826, 10.513252314814826, 10.513252314814826, 10.513252314814826, 10.513252314814826, 10.513252314814826, 10.513252314814826, 10.513252314814826, 10.513252314814826, 10.513252314814826, 10.513252314814826, 10.513252314814826, 10.497743055555565, 10.497743055555565, 10.497743055555565, 10.497743055555565, 10.497743055555565, 10.497743055555565, 10.497743055555565, 10.497743055555565, 10.497743055555565, 10.497743055555565, 10.497743055555565, 10.497743055555565, 10.497743055555565, 10.497743055555565, 10.497743055555565, 10.497743055555565, 10.497743055555565, 10.497743055555565, 10.497743055555565, 10.497743055555565, 10.497743055555565, 10.497743055555565, 10.497743055555565, 10.497743055555565, 10.494212962962969, 10.494212962962969, 10.494212962962969, 10.494212962962969, 10.494212962962969, 10.494212962962969, 10.494212962962969, 10.494212962962969, 10.494212962962969, 10.494212962962969, 10.494212962962969, 10.494212962962969, 10.494212962962969, 10.494212962962969, 10.494212962962969, 10.494212962962969, 10.494212962962969, 10.494212962962969, 10.494212962962969, 10.494212962962969, 10.494212962962969, 10.494212962962969, 10.494212962962969, 10.494212962962969, 10.491435185185187, 10.491435185185187, 10.491435185185187, 10.491435185185187, 10.491435185185187, 10.491435185185187, 10.491435185185187, 10.491435185185187, 10.491435185185187, 10.491435185185187, 10.491435185185187, 10.491435185185187, 10.491435185185187, 10.491435185185187, 10.491435185185187, 10.491435185185187, 10.491435185185187, 10.491435185185187, 10.491435185185187, 10.491435185185187, 10.491435185185187, 10.491435185185187, 10.491435185185187, 10.491435185185187, 10.442245370370378, 10.442245370370378, 10.442245370370378, 10.442245370370378, 10.442245370370378, 10.442245370370378, 10.442245370370378, 10.442245370370378, 10.442245370370378, 10.442245370370378, 10.442245370370378, 10.442245370370378, 10.442245370370378, 10.442245370370378, 10.442245370370378, 10.442245370370378, 10.442245370370378, 10.442245370370378, 10.442245370370378, 10.442245370370378, 10.442245370370378, 10.442245370370378, 10.442245370370378, 10.442245370370378, 10.377141203703715, 10.377141203703715, 10.377141203703715, 10.377141203703715, 10.377141203703715, 10.377141203703715, 10.377141203703715, 10.377141203703715, 10.377141203703715, 10.377141203703715, 10.377141203703715, 10.377141203703715, 10.377141203703715, 10.377141203703715, 10.377141203703715, 10.377141203703715, 10.377141203703715, 10.377141203703715, 10.377141203703715, 10.377141203703715, 10.377141203703715, 10.377141203703715, 10.377141203703715, 10.377141203703715], "test": [13.0, 13.0, 13.0, 13.0, 13.0, 13.0, 13.6, 14.0, 14.6, 15.8, 16.0, 16.0, 16.0, 16.0, 16.0, 16.0, 16.0, 16.0, 15.4, 15.0, 15.0, 15.0, 15.0, 15.0, 15.0, 15.0, 15.0, 15.0, 15.0, 15.0, 15.0, 15.0, 15.0, 15.0, 14.8, 14.0, 14.0, 14.0, 14.0, 14.0, 14.0, 14.0, 14.0, 14.0, 14.0, 14.0, 14.0, 14.0, 14.0, 14.8, 15.0, 15.0, 15.0, 15.0, 14.2, 14.0, 14.0, 13.0, 12.0, 11.0, 10.4, 9.0, 9.0, 7.2, 7.0, 6.8, 5.8, 5.0, 6.6, 8.0, 8.4, 10.0, 10.0, 10.0, 9.0, 9.4, 10.6, 11.4, 11.0, 11.0, 11.0, 11.0, 11.0, 7.6, 6.8, 6.0, 6.0, 6.0, 6.0, 6.0, 6.0, 6.0, 6.0, 6.0, 6.0, 6.0, 5.8, 6.0, 8.0, 8.0, 8.0, 8.0, 8.0, 8.0, 6.8, 5.0, 5.2, 3.0, 3.2, 2.0, 2.0, 1.8, 1.0, 1.0, 1.0, 0.2, 0.0, 0.0, 0.0, 0.0, 0.0, 0.2, 1.0, 1.0, 1.0, 1.0, 1.0, 1.0, 1.0, 1.0, 1.0, 1.0, 1.0, 1.0, 1.4, 2.0, 2.0, 2.0, 2.8, 3.0, 3.0, 3.0, 0.6, 0.0]}