{"day": 2, "month": 5, "station_id": 341, "predict": [11.348263888888882, 11.348263888888882, 11.348263888888882, 11.348263888888882, 11.348263888888882, 11.348263888888882, 11.348263888888882, 11.348263888888882, 11.348263888888882, 11.348263888888882, 11.348263888888882, 11.348263888888882, 11.348263888888882, 11.348263888888882, 11.348263888888882, 11.348263888888882, 11.348263888888882, 11.348263888888882, 11.348263888888882, 11.348263888888882, 11.348263888888882, 11.348263888888882, 11.348263888888882, 11.348263888888882, 11.368923611111102, 11.368923611111102, 11.368923611111102, 11.368923611111102, 11.368923611111102, 11.368923611111102, 11.368923611111102, 11.368923611111102, 11.368923611111102, 11.368923611111102, 11.368923611111102, 11.368923611111102, 11.368923611111102, 11.368923611111102, 11.368923611111102, 11.368923611111102, 11.368923611111102, 11.368923611111102, 11.368923611111102, 11.368923611111102, 11.368923611111102, 11.368923611111102, 11.368923611111102, 11.368923611111102, 11.334837962962958, 11.334837962962958, 11.334837962962958, 11.334837962962958, 11.334837962962958, 11.334837962962958, 11.334837962962958, 11.334837962962958, 11.334837962962958, 11.334837962962958, 11.334837962962958, 11.334837962962958, 11.334837962962958, 11.334837962962958, 11.334837962962958, 11.334837962962958, 11.334837962962958, 11.334837962962958, 11.334837962962958, 11.334837962962958, 11.334837962962958, 11.334837962962958, 11.334837962962958, 11.334837962962958, 11.292361111111106, 11.292361111111106, 11.292361111111106, 11.292361111111106, 11.292361111111106, 11.292361111111106, 11.292361111111106, 11.292361111111106, 11.292361111111106, 11.292361111111106, 11.292361111111106, 11.292361111111106, 11.292361111111106, 11.292361111111106, 11.292361111111106, 11.292361111111106, 11.292361111111106, 11.292361111111106, 11.292361111111106, 11.292361111111106, 11.292361111111106, 11.292361111111106, 11.292361111111106, 11.292361111111106, 11.271469907407402, 11.271469907407402, 11.271469907407402, 11.271469907407402, 11.271469907407402, 11.271469907407402, 11.271469907407402, 11.271469907407402, 11.271469907407402, 11.271469907407402, 11.271469907407402, 11.271469907407402, 11.271469907407402, 11.271469907407402, 11.271469907407402, 11.271469907407402, 11.271469907407402, 11.271469907407402, 11.271469907407402, 11.271469907407402, 11.271469907407402, 11.271469907407402, 11.271469907407402, 11.271469907407402, 11.242997685185182, 11.242997685185182, 11.242997685185182, 11.242997685185182, 11.242997685185182, 11.242997685185182, 11.242997685185182, 11.242997685185182, 11.242997685185182, 11.242997685185182, 11.242997685185182, 11.242997685185182, 11.242997685185182, 11.242997685185182, 11.242997685185182, 11.242997685185182, 11.242997685185182, 11.242997685185182, 11.242997685185182, 11.242997685185182, 11.242997685185182, 11.242997685185182, 11.242997685185182, 11.242997685185182], "test": [12.6, 13.0, 13.0, 13.0, 13.0, 13.0, 13.0, 13.0, 13.0, 13.0, 13.0, 13.0, 13.0, 13.0, 13.0, 12.4, 12.0, 12.0, 12.0, 12.0, 11.2, 11.0, 11.0, 11.0, 11.0, 11.0, 11.0, 11.0, 11.0, 11.0, 11.0, 11.0, 11.0, 11.0, 12.0, 12.0, 12.0, 12.0, 12.0, 12.0, 12.4, 13.8, 17.2, 18.6, 18.0, 19.2, 19.6, 20.4, 20.8, 20.8, 13.8, 2.0, 2.8, 5.2, 8.2, 8.8, 11.0, 10.8, 11.2, 10.2, 9.6, 9.0, 8.6, 8.0, 8.0, 7.2, 6.0, 6.0, 5.6, 4.0, 5.0, 5.0, 3.0, 2.4, 3.6, 3.2, 1.8, 2.6, 3.0, 3.2, 3.8, 4.8, 5.0, 5.2, 6.0, 5.8, 4.4, 4.4, 3.0, 3.0, 3.0, 2.0, 1.6, 0.0, 0.2, 7.4, 11.8, 13.4, 13.8, 13.8, 13.2, 11.2, 9.6, 9.2, 7.6, 10.8, 12.6, 13.0, 9.6, 7.8, 7.6, 6.6, 4.0, 1.4, 0.8, 0.0, 0.2, 1.2, 1.0, 1.8, 0.8, 1.0, 1.0, 2.0, 2.6, 3.2, 4.8, 4.6, 3.4, 4.6, 3.2, 6.0, 6.6, 6.0, 7.0, 7.4, 8.4, 11.6, 13.2, 13.6, 18.0, 19.0, 19.0, 19.0]}