{"day": 6, "month": 3, "station_id": 130, "predict": [14.594675925925914, 14.594675925925914, 14.594675925925914, 14.594675925925914, 14.594675925925914, 14.594675925925914, 14.594675925925914, 14.594675925925914, 14.594675925925914, 14.594675925925914, 14.594675925925914, 14.594675925925914, 14.594675925925914, 14.594675925925914, 14.594675925925914, 14.594675925925914, 14.594675925925914, 14.594675925925914, 14.594675925925914, 14.594675925925914, 14.594675925925914, 14.594675925925914, 14.594675925925914, 14.594675925925914, 14.584837962962947, 14.584837962962947, 14.584837962962947, 14.584837962962947, 14.584837962962947, 14.584837962962947, 14.584837962962947, 14.584837962962947, 14.584837962962947, 14.584837962962947, 14.584837962962947, 14.584837962962947, 14.584837962962947, 14.584837962962947, 14.584837962962947, 14.584837962962947, 14.584837962962947, 14.584837962962947, 14.584837962962947, 14.584837962962947, 14.584837962962947, 14.584837962962947, 14.584837962962947, 14.584837962962947, 14.580324074074058, 14.580324074074058, 14.580324074074058, 14.580324074074058, 14.580324074074058, 14.580324074074058, 14.580324074074058, 14.580324074074058, 14.580324074074058, 14.580324074074058, 14.580324074074058, 14.580324074074058, 14.580324074074058, 14.580324074074058, 14.580324074074058, 14.580324074074058, 14.580324074074058, 14.580324074074058, 14.580324074074058, 14.580324074074058, 14.580324074074058, 14.580324074074058, 14.580324074074058, 14.580324074074058, 14.573900462962945, 14.573900462962945, 14.573900462962945, 14.573900462962945, 14.573900462962945, 14.573900462962945, 14.573900462962945, 14.573900462962945, 14.573900462962945, 14.573900462962945, 14.573900462962945, 14.573900462962945, 14.573900462962945, 14.573900462962945, 14.573900462962945, 14.573900462962945, 14.573900462962945, 14.573900462962945, 14.573900462962945, 14.573900462962945, 14.573900462962945, 14.573900462962945, 14.573900462962945, 14.573900462962945, 14.558969907407391, 14.558969907407391, 14.558969907407391, 14.558969907407391, 14.558969907407391, 14.558969907407391, 14.558969907407391, 14.558969907407391, 14.558969907407391, 14.558969907407391, 14.558969907407391, 14.558969907407391, 14.558969907407391, 14.558969907407391, 14.558969907407391, 14.558969907407391, 14.558969907407391, 14.558969907407391, 14.558969907407391, 14.558969907407391, 14.558969907407391, 14.558969907407391, 14.558969907407391, 14.558969907407391, 14.548148148148128, 14.548148148148128, 14.548148148148128, 14.548148148148128, 14.548148148148128, 14.548148148148128, 14.548148148148128, 14.548148148148128, 14.548148148148128, 14.548148148148128, 14.548148148148128, 14.548148148148128, 14.548148148148128, 14.548148148148128, 14.548148148148128, 14.548148148148128, 14.548148148148128, 14.548148148148128, 14.548148148148128, 14.548148148148128, 14.548148148148128, 14.548148148148128, 14.548148148148128, 14.548148148148128], "test": [11.2, 13.0, 13.0, 13.2, 14.6, 15.0, 15.0, 15.0, 15.0, 15.0, 15.0, 15.0, 15.0, 15.0, 15.0, 15.0, 15.0, 15.0, 15.0, 15.0, 15.0, 15.0, 15.0, 15.0, 15.0, 15.0, 15.0, 15.0, 15.0, 15.0, 15.0, 15.0, 15.0, 15.0, 15.0, 15.0, 15.0, 15.0, 15.0, 15.0, 15.0, 15.0, 15.0, 15.0, 15.0, 15.0, 15.0, 15.0, 15.0, 15.0, 15.0, 15.0, 14.4, 14.0, 14.0, 14.0, 14.0, 13.0, 12.8, 10.2, 8.6, 9.6, 6.4, 5.2, 5.0, 3.0, 0.6, 0.0, 0.0, 0.0, 0.0, 0.4, 0.0, 0.0, 0.0, 0.8, 1.0, 0.6, 4.4, 4.0, 6.0, 9.2, 8.0, 6.0, 6.0, 6.0, 4.4, 8.6, 10.0, 6.4, 6.4, 3.8, 2.2, 2.6, 7.4, 8.6, 7.0, 6.2, 5.6, 6.6, 6.8, 7.2, 3.0, 4.6, 11.0, 12.4, 9.2, 2.4, 3.2, 3.8, 3.0, 3.0, 3.4, 4.0, 7.0, 9.8, 12.0, 12.0, 12.0, 9.2, 7.0, 7.0, 7.0, 8.4, 10.2, 10.0, 10.0, 11.2, 12.0, 12.0, 12.0, 10.4, 10.0, 8.6, 10.0, 11.8, 12.0, 12.0, 12.0, 12.0, 12.6, 15.0, 15.0, 15.0]}