{"day": 3, "month": 12, "station_id": 177, "predict": [10.463252314814824, 10.463252314814824, 10.463252314814824, 10.463252314814824, 10.463252314814824, 10.463252314814824, 10.463252314814824, 10.463252314814824, 10.463252314814824, 10.463252314814824, 10.463252314814824, 10.463252314814824, 10.463252314814824, 10.463252314814824, 10.463252314814824, 10.463252314814824, 10.463252314814824, 10.463252314814824, 10.463252314814824, 10.463252314814824, 10.463252314814824, 10.463252314814824, 10.463252314814824, 10.463252314814824, 10.525752314814822, 10.525752314814822, 10.525752314814822, 10.525752314814822, 10.525752314814822, 10.525752314814822, 10.525752314814822, 10.525752314814822, 10.525752314814822, 10.525752314814822, 10.525752314814822, 10.525752314814822, 10.525752314814822, 10.525752314814822, 10.525752314814822, 10.525752314814822, 10.525752314814822, 10.525752314814822, 10.525752314814822, 10.525752314814822, 10.525752314814822, 10.525752314814822, 10.525752314814822, 10.525752314814822, 10.603819444444452, 10.603819444444452, 10.603819444444452, 10.603819444444452, 10.603819444444452, 10.603819444444452, 10.603819444444452, 10.603819444444452, 10.603819444444452, 10.603819444444452, 10.603819444444452, 10.603819444444452, 10.603819444444452, 10.603819444444452, 10.603819444444452, 10.603819444444452, 10.603819444444452, 10.603819444444452, 10.603819444444452, 10.603819444444452, 10.603819444444452, 10.603819444444452, 10.603819444444452, 10.603819444444452, 10.706134259259265, 10.706134259259265, 10.706134259259265, 10.706134259259265, 10.706134259259265, 10.706134259259265, 10.706134259259265, 10.706134259259265, 10.706134259259265, 10.706134259259265, 10.706134259259265, 10.706134259259265, 10.706134259259265, 10.706134259259265, 10.706134259259265, 10.706134259259265, 10.706134259259265, 10.706134259259265, 10.706134259259265, 10.706134259259265, 10.706134259259265, 10.706134259259265, 10.706134259259265, 10.706134259259265, 10.789930555555564, 10.789930555555564, 10.789930555555564, 10.789930555555564, 10.789930555555564, 10.789930555555564, 10.789930555555564, 10.789930555555564, 10.789930555555564, 10.789930555555564, 10.789930555555564, 10.789930555555564, 10.789930555555564, 10.789930555555564, 10.789930555555564, 10.789930555555564, 10.789930555555564, 10.789930555555564, 10.789930555555564, 10.789930555555564, 10.789930555555564, 10.789930555555564, 10.789930555555564, 10.789930555555564, 10.838541666666675, 10.838541666666675, 10.838541666666675, 10.838541666666675, 10.838541666666675, 10.838541666666675, 10.838541666666675, 10.838541666666675, 10.838541666666675, 10.838541666666675, 10.838541666666675, 10.838541666666675, 10.838541666666675, 10.838541666666675, 10.838541666666675, 10.838541666666675, 10.838541666666675, 10.838541666666675, 10.838541666666675, 10.838541666666675, 10.838541666666675, 10.838541666666675, 10.838541666666675, 10.838541666666675], "test": [17.0, 17.0, 17.0, 17.0, 17.0, 17.0, 17.0, 17.0, 17.0, 17.0, 17.0, 17.0, 17.0, 17.0, 17.0, 17.0, 17.0, 17.0, 17.0, 17.0, 17.0, 17.0, 17.0, 17.0, 17.0, 17.0, 17.0, 17.0, 17.0, 17.0, 17.0, 17.0, 17.0, 17.0, 17.0, 17.0, 17.0, 17.0, 17.0, 17.0, 17.8, 18.0, 18.0, 18.0, 18.0, 17.4, 17.0, 17.0, 17.0, 17.0, 17.0, 17.0, 17.0, 16.2, 16.0, 16.0, 16.0, 17.4, 16.0, 16.0, 16.0, 16.0, 16.0, 16.0, 16.0, 16.0, 16.0, 16.4, 17.8, 17.0, 17.0, 16.6, 16.6, 17.0, 17.0, 17.0, 17.0, 17.0, 17.0, 13.8, 12.0, 12.8, 13.0, 12.6, 12.8, 13.0, 13.0, 12.4, 12.0, 10.4, 10.8, 11.6, 13.0, 13.0, 13.0, 13.4, 14.0, 14.0, 14.0, 14.0, 14.0, 14.0, 14.0, 14.0, 14.0, 14.0, 12.4, 12.0, 12.0, 12.0, 12.0, 12.0, 12.0, 11.2, 10.0, 9.6, 9.0, 9.0, 9.0, 9.0, 9.8, 10.0, 10.0, 15.6, 22.0, 22.0, 22.0, 22.0, 22.0, 22.0, 22.0, 22.0, 22.0, 22.0, 22.0, 22.0, 22.0, 22.0, 22.0, 22.0, 22.0, 22.0, 22.0, 22.0]}