{"day": 5, "month": 1, "station_id": 732, "predict": [11.47864583333334, 11.47864583333334, 11.47864583333334, 11.47864583333334, 11.47864583333334, 11.47864583333334, 11.47864583333334, 11.47864583333334, 11.47864583333334, 11.47864583333334, 11.47864583333334, 11.47864583333334, 11.47864583333334, 11.47864583333334, 11.47864583333334, 11.47864583333334, 11.47864583333334, 11.47864583333334, 11.47864583333334, 11.47864583333334, 11.47864583333334, 11.47864583333334, 11.47864583333334, 11.47864583333334, 11.473437500000012, 11.473437500000012, 11.473437500000012, 11.473437500000012, 11.473437500000012, 11.473437500000012, 11.473437500000012, 11.473437500000012, 11.473437500000012, 11.473437500000012, 11.473437500000012, 11.473437500000012, 11.473437500000012, 11.473437500000012, 11.473437500000012, 11.473437500000012, 11.473437500000012, 11.473437500000012, 11.473437500000012, 11.473437500000012, 11.473437500000012, 11.473437500000012, 11.473437500000012, 11.473437500000012, 11.463310185185199, 11.463310185185199, 11.463310185185199, 11.463310185185199, 11.463310185185199, 11.463310185185199, 11.463310185185199, 11.463310185185199, 11.463310185185199, 11.463310185185199, 11.463310185185199, 11.463310185185199, 11.463310185185199, 11.463310185185199, 11.463310185185199, 11.463310185185199, 11.463310185185199, 11.463310185185199, 11.463310185185199, 11.463310185185199, 11.463310185185199, 11.463310185185199, 11.463310185185199, 11.463310185185199, 11.42146990740742, 11.42146990740742, 11.42146990740742, 11.42146990740742, 11.42146990740742, 11.42146990740742, 11.42146990740742, 11.42146990740742, 11.42146990740742, 11.42146990740742, 11.42146990740742, 11.42146990740742, 11.42146990740742, 11.42146990740742, 11.42146990740742, 11.42146990740742, 11.42146990740742, 11.42146990740742, 11.42146990740742, 11.42146990740742, 11.42146990740742, 11.42146990740742, 11.42146990740742, 11.42146990740742, 11.432870370370381, 11.432870370370381, 11.432870370370381, 11.432870370370381, 11.432870370370381, 11.432870370370381, 11.432870370370381, 11.432870370370381, 11.432870370370381, 11.432870370370381, 11.432870370370381, 11.432870370370381, 11.432870370370381, 11.432870370370381, 11.432870370370381, 11.432870370370381, 11.432870370370381, 11.432870370370381, 11.432870370370381, 11.432870370370381, 11.432870370370381, 11.432870370370381, 11.432870370370381, 11.432870370370381, 11.407175925925934, 11.407175925925934, 11.407175925925934, 11.407175925925934, 11.407175925925934, 11.407175925925934, 11.407175925925934, 11.407175925925934, 11.407175925925934, 11.407175925925934, 11.407175925925934, 11.407175925925934, 11.407175925925934, 11.407175925925934, 11.407175925925934, 11.407175925925934, 11.407175925925934, 11.407175925925934, 11.407175925925934, 11.407175925925934, 11.407175925925934, 11.407175925925934, 11.407175925925934, 11.407175925925934], "test": [5.0, 5.0, 5.0, 5.0, 5.8, 6.0, 6.0, 6.0, 6.0, 6.8, 6.0, 6.0, 7.4, 8.0, 8.0, 8.0, 8.0, 8.0, 8.0, 8.0, 8.0, 8.0, 8.0, 8.0, 8.0, 8.0, 8.0, 8.0, 8.0, 8.0, 8.0, 8.0, 8.0, 8.0, 8.0, 8.0, 8.0, 8.0, 8.0, 8.0, 8.0, 8.0, 7.8, 7.0, 7.0, 6.8, 6.0, 5.6, 5.0, 4.2, 3.8, 5.0, 5.0, 5.2, 4.6, 5.0, 3.8, 3.0, 3.0, 3.0, 3.0, 3.0, 3.2, 3.2, 1.4, 1.0, 1.0, 1.0, 1.4, 1.4, 1.0, 1.2, 1.0, 1.2, 2.0, 1.2, 1.0, 1.0, 1.0, 2.6, 6.6, 7.0, 6.4, 6.0, 3.0, 2.8, 1.0, 1.2, 6.6, 6.8, 6.0, 6.4, 7.0, 7.0, 7.0, 8.6, 9.8, 9.0, 9.4, 10.0, 8.8, 4.8, 4.2, 4.0, 2.0, 2.0, 2.0, 1.2, 1.0, 1.0, 1.0, 1.0, 1.0, 1.0, 1.0, 1.2, 2.0, 2.0, 3.0, 3.0, 4.4, 7.0, 6.0, 6.0, 6.0, 5.2, 5.0, 5.0, 5.0, 3.4, 3.8, 4.0, 4.0, 3.8, 4.4, 5.0, 5.0, 5.0, 5.0, 4.0, 3.2, 3.0, 3.0, 3.0]}