{"day": 0, "month": 11, "station_id": 32, "predict": [31.356219806763292, 31.356219806763292, 31.356219806763292, 31.356219806763292, 31.356219806763292, 31.356219806763292, 31.356219806763292, 31.356219806763292, 31.356219806763292, 31.356219806763292, 31.356219806763292, 31.356219806763292, 31.356219806763292, 31.356219806763292, 31.356219806763292, 31.356219806763292, 31.356219806763292, 31.356219806763292, 31.356219806763292, 31.356219806763292, 31.356219806763292, 31.356219806763292, 31.356219806763292, 31.356219806763292, 31.345772946859906, 31.345772946859906, 31.345772946859906, 31.345772946859906, 31.345772946859906, 31.345772946859906, 31.345772946859906, 31.345772946859906, 31.345772946859906, 31.345772946859906, 31.345772946859906, 31.345772946859906, 31.345772946859906, 31.345772946859906, 31.345772946859906, 31.345772946859906, 31.345772946859906, 31.345772946859906, 31.345772946859906, 31.345772946859906, 31.345772946859906, 31.345772946859906, 31.345772946859906, 31.345772946859906, 31.352717391304346, 31.352717391304346, 31.352717391304346, 31.352717391304346, 31.352717391304346, 31.352717391304346, 31.352717391304346, 31.352717391304346, 31.352717391304346, 31.352717391304346, 31.352717391304346, 31.352717391304346, 31.352717391304346, 31.352717391304346, 31.352717391304346, 31.352717391304346, 31.352717391304346, 31.352717391304346, 31.352717391304346, 31.352717391304346, 31.352717391304346, 31.352717391304346, 31.352717391304346, 31.352717391304346, 31.16739130434782, 31.16739130434782, 31.16739130434782, 31.16739130434782, 31.16739130434782, 31.16739130434782, 31.16739130434782, 31.16739130434782, 31.16739130434782, 31.16739130434782, 31.16739130434782, 31.16739130434782, 31.16739130434782, 31.16739130434782, 31.16739130434782, 31.16739130434782, 31.16739130434782, 31.16739130434782, 31.16739130434782, 31.16739130434782, 31.16739130434782, 31.16739130434782, 31.16739130434782, 31.16739130434782, 31.045772946859895, 31.045772946859895, 31.045772946859895, 31.045772946859895, 31.045772946859895, 31.045772946859895, 31.045772946859895, 31.045772946859895, 31.045772946859895, 31.045772946859895, 31.045772946859895, 31.045772946859895, 31.045772946859895, 31.045772946859895, 31.045772946859895, 31.045772946859895, 31.045772946859895, 31.045772946859895, 31.045772946859895, 31.045772946859895, 31.045772946859895, 31.045772946859895, 31.045772946859895, 31.045772946859895, 31.02657004830917, 31.02657004830917, 31.02657004830917, 31.02657004830917, 31.02657004830917, 31.02657004830917, 31.02657004830917, 31.02657004830917, 31.02657004830917, 31.02657004830917, 31.02657004830917, 31.02657004830917, 31.02657004830917, 31.02657004830917, 31.02657004830917, 31.02657004830917, 31.02657004830917, 31.02657004830917, 31.02657004830917, 31.02657004830917, 31.02657004830917, 31.02657004830917, 31.02657004830917, 31.02657004830917], "test": [40.0, 40.0, 40.0, 40.0, 40.0, 40.0, 40.0, 40.0, 40.0, 40.0, 40.0, 40.0, 40.0, 40.0, 40.0, 40.0, 40.0, 40.0, 40.0, 40.0, 40.0, 40.0, 40.0, 40.0, 40.0, 40.0, 40.0, 40.0, 40.0, 40.0, 40.0, 40.0, 40.0, 40.0, 40.0, 40.0, 39.4, 39.0, 39.0, 39.0, 39.4, 40.0, 39.6, 38.8, 39.4, 38.2, 38.4, 35.6, 32.6, 31.4, 28.6, 28.4, 24.2, 21.4, 16.6, 11.6, 3.2, 0.2, 0.0, 0.4, 1.0, 0.0, 0.0, 0.4, 6.0, 5.6, 7.0, 7.0, 6.2, 5.8, 4.0, 3.0, 2.2, 2.8, 2.4, 11.0, 19.0, 19.4, 18.2, 18.6, 19.0, 18.4, 18.6, 19.2, 19.0, 19.8, 20.0, 20.0, 20.0, 20.0, 20.0, 20.2, 19.8, 20.8, 22.2, 23.2, 22.8, 22.8, 23.4, 24.2, 25.0, 25.0, 26.8, 28.6, 30.0, 30.4, 32.6, 33.8, 38.2, 40.8, 41.4, 42.6, 42.0, 42.8, 43.0, 41.2, 41.0, 41.0, 41.0, 41.0, 42.0, 43.0, 43.0, 43.0, 42.6, 42.0, 42.0, 41.2, 41.0, 41.0, 41.0, 41.0, 42.0, 43.0, 43.0, 42.2, 42.0, 42.0, 42.0, 42.0, 42.0, 42.0, 43.0, 43.0]}