{"day": 6, "month": 6, "station_id": 73, "predict": [9.145995776581222, 9.81030137424074, 10.346072517790281, 11.008389300069714, 11.528480348704045, 11.039461025452722, 9.941505030757265, 9.568198339307022, 10.386471038790289, 11.063248842537964, 12.7987831625397, 13.526650581517627, 14.247086290941526, 14.693651003954317, 15.266564560313725, 15.6993728625017, 16.325614803370243, 17.212155850793387, 17.559188289349652, 17.43356478600943, 18.168798613524025, 18.165063865214325, 18.289195661511943, 19.27469034859141, 14.298000064589084, 15.926688840519928, 16.565643723568375, 17.60121655559126, 18.432183991128817, 19.25856462269715, 19.480454224366376, 19.69793987691191, 20.244436189735747, 20.786688642466025, 20.9914413140916, 21.19210382174496, 21.388751384489932, 22.04812483741945, 22.63696396810005, 23.155340851072587, 23.46999318247489, 23.914324281904168, 24.155069761597442, 24.32563086292214, 24.492741126816124, 24.65646639814603, 24.616871497285747, 24.374020225551035, 14.402402318109973, 14.736131570249608, 14.990337865613984, 15.230664847234376, 15.524069681424956, 15.937666619429791, 16.338577570856895, 16.46057814374166, 16.770761222003724, 17.136203477395057, 17.557299166837527, 18.167760732384213, 18.434619416554497, 18.624892528402512, 19.338917352872883, 19.110351702367872, 18.67284111108674, 18.693352673080774, 18.97217552502706, 17.442921308036514, 16.83919127610623, 15.427910052117243, 14.54265936557116, 15.183678439552777, 21.91231584392018, 22.315922975280298, 22.113859554969082, 21.57459127746538, 22.033163631356352, 22.956850213885932, 23.412503159183093, 24.06685131766624, 23.586591277690722, 24.638411953235945, 25.75566747790247, 26.07171201903277, 26.053233409494503, 26.1669198273467, 28.01279307743915, 28.124208528406342, 27.767855051045043, 28.61042162752759, 28.651930631870695, 28.025737781524477, 26.931865426493633, 27.837002509053892, 28.341171193802168, 28.11106016779282, 14.685207374789583, 15.177392424652398, 15.98442914154822, 16.63829775911319, 17.142133068626794, 18.230833086118693, 18.371865937524294, 19.299120573657525, 20.013075434966392, 20.114178426524916, 19.469525863945414, 19.346199180445222, 20.81126607294227, 21.198447761085717, 22.37478610323835, 22.140644002603736, 22.296372461143445, 22.975644287335587, 21.912121126088277, 21.639453811392148, 21.35794937537215, 21.33457138066806, 20.96960690972306, 21.330000211219854, 2.9205651223464946, 3.7627667070575965, 5.174304723516492, 4.89906417173982, 5.3399112873286665, 6.2979308889698755, 6.640431241180024, 7.2345984479224885, 6.8809089824224206, 7.179816432593502, 7.5984236226207855, 8.003817753914307, 8.329737954612169, 8.24324258146053, 8.344709776497567, 8.367837987970459, 9.112979800138241, 10.247142408766129, 10.837321410470373, 11.217167906886889, 12.186988924481653, 12.613747817424235, 12.897731320906107, 13.77254992225288], "test": [2.9999999999999982, 4.0, 6.0, 6.0, 7.799999999999998, 7.2, 7.0, 7.0, 7.0, 7.0, 7.2, 9.4, 10.0, 9.4, 11.8, 13.0, 14.0, 14.0, 14.0, 14.0, 14.0, 14.0, 14.0, 13.8, 14.0, 14.0, 14.0, 14.0, 14.0, 14.0, 14.0, 14.0, 15.0, 15.0, 15.0, 15.0, 15.0, 15.0, 15.0, 15.0, 15.0, 15.0, 15.0, 15.0, 14.599999999999998, 14.0, 14.0, 14.0, 14.0, 14.0, 12.2, 12.0, 12.0, 12.0, 10.4, 8.599999999999998, 9.000000000000002, 9.000000000000002, 9.000000000000002, 8.0, 8.0, 9.000000000000002, 10.4, 12.0, 19.6, 20.4, 22.0, 22.0, 22.0, 22.0, 22.0, 22.0, 23.6, 23.4, 21.8, 20.8, 18.0, 18.4, 19.0, 19.0, 21.6, 22.2, 20.8, 21.8, 20.8, 20.0, 22.0, 21.8, 21.200000000000003, 21.200000000000003, 20.8, 20.8, 20.0, 19.6, 15.8, 15.0, 15.0, 14.599999999999998, 14.4, 10.999999999999998, 9.000000000000002, 8.599999999999998, 8.599999999999998, 8.2, 9.399999999999999, 7.000000000000003, 6.999999999999998, 7.799999999999998, 8.0, 7.2, 5.000000000000003, 4.200000000000002, 4.199999999999998, 2.6000000000000023, 1.3999999999999981, 1.6, 1.800000000000002, 1.2000000000000002, 0.999999999999998, 2.199999999999998, 1.0000000000000022, 1.0000000000000022, 0.6000000000000021, 0.0, 0.0, 2.4000000000000004, 3.2, 4.0, 14.4, 18.0, 17.0, 17.0, 17.0, 17.0, 17.0, 17.4, 18.0, 18.0, 17.8, 16.4, 15.8, 14.599999999999998, 13.599999999999998, 13.4]}