{"day": 3, "month": 11, "station_id": 17, "predict": [20.510951457116768, 20.833476005946984, 21.04353463943347, 21.208275709823614, 21.64740938169701, 21.96776735600046, 22.072574584785727, 22.163938944314836, 22.243530370073948, 22.31277670326191, 22.622929506718062, 22.92509385578982, 22.970247228544988, 23.00925431475183, 23.04287968445539, 23.1717989454431, 23.096608657381097, 23.117835163309106, 23.135942461154595, 23.35133921937455, 23.414385028379137, 23.37539596935571, 23.43464957342261, 23.44238923633957, 20.318868816152538, 20.69679858706574, 20.80822511164579, 21.135249484975308, 21.42618581063479, 21.6835416655647, 21.910663264838725, 22.11083717388259, 22.287074114827707, 22.44207770716951, 22.578260876082858, 22.797772595769036, 23.05252507448347, 23.1442189455657, 23.324366027221664, 23.54430973137241, 23.605243320994315, 23.658226229022645, 23.954198639002044, 24.843994509335822, 25.02835320472281, 24.45792988150248, 24.23330475837411, 23.7049913902438, 20.632993767513707, 19.724931055619436, 17.497877247468203, 16.338456579843896, 14.408067383952773, 12.311183879413957, 11.650305818356886, 11.427269832361446, 10.693605073392774, 10.100639759215962, 8.799541999524255, 8.041342298521023, 8.576950059071285, 10.207167389242967, 9.83270118188096, 9.154173826504802, 9.122132743987205, 8.737058880651599, 8.199374275349381, 8.059448798911756, 7.767606154369972, 7.574129216919866, 7.829264784281367, 7.483227800671963, 0.17859790679338, 2.459827087473208, 3.001086274270206, 3.785438875185454, 3.8133988048034455, 4.289249091108927, 4.667795670537805, 5.3036103991203865, 4.600876790098509, 4.013382625216663, 4.494546975483579, 5.047453383280029, 6.324882127264484, 7.329339936738518, 7.263086939988427, 7.3781609920821625, 7.926399606458605, 8.709459718268487, 8.728835492001153, 9.28587436681728, 10.631791514330532, 10.417682866352273, 10.194536854486184, 11.16324498935706, 7.382172742118353, 8.051585865962924, 8.152372435966617, 8.68204489972754, 10.429293128328675, 12.293695567587104, 13.827520229298958, 15.683527420313059, 18.414398433709792, 20.57260207430354, 19.31037744081481, 22.659746244597198, 24.052531433964088, 22.02037601856196, 22.444760593236584, 22.607019288939725, 22.05835419673809, 19.39984838531748, 20.382477641915155, 21.70712105967351, 18.924570583940245, 18.935539619455096, 19.190670790503532, 19.240542937137118, 26.0, 25.48044988462434, 25.305537674177867, 26.0, 26.0, 26.0, 26.0, 26.0, 26.0, 24.122385996785205, 23.92584061244924, 24.247640555765212, 24.43598611778017, 21.78925433068845, 21.255981787342026, 21.134849059310362, 20.824666611494603, 20.774362082848608, 20.78296880474876, 20.449615438042283, 20.423516620503033, 20.403964526676756, 20.44032125152265, 20.182011937816732], "test": [21.0, 21.0, 21.6, 22.0, 22.0, 22.0, 22.0, 22.0, 22.0, 22.0, 22.0, 22.0, 22.0, 22.0, 22.0, 22.0, 20.4, 20.0, 20.0, 20.0, 20.0, 20.0, 20.0, 20.0, 20.0, 20.0, 20.0, 20.0, 20.0, 20.0, 20.0, 20.0, 20.0, 20.0, 20.0, 20.2, 21.0, 21.0, 21.0, 21.0, 21.0, 21.0, 21.4, 22.0, 22.0, 23.6, 21.4, 21.8, 21.4, 20.4, 18.8, 18.8, 19.6, 15.199999999999998, 11.4, 9.4, 6.4, 4.6, 2.6, 1.0000000000000009, 0.5999999999999993, 0.0, 0.0, 0.0, 0.0, 0.0, 0.0, 0.0, 0.0, 0.0, 0.20000000000000073, 0.0, 1.2000000000000002, 2.0, 2.0, 2.0, 3.0, 3.7999999999999994, 3.7999999999999994, 4.0, 3.6, 4.0, 5.0, 4.6, 2.6, 4.0, 4.0, 4.0, 3.6, 4.0, 4.2, 5.0, 5.2, 6.0, 6.4, 6.4, 7.0, 5.6, 5.4, 6.0, 6.800000000000001, 8.2, 8.4, 11.4, 11.8, 14.2, 17.4, 20.0, 22.6, 24.8, 24.4, 25.8, 25.0, 25.8, 26.0, 25.8, 26.0, 25.4, 26.0, 26.0, 25.6, 25.4, 25.0, 24.8, 24.0, 24.0, 24.4, 25.0, 25.0, 26.0, 26.0, 26.0, 26.0, 26.0, 26.0, 26.0, 26.0, 26.0, 25.6, 25.2, 26.0, 26.0, 26.0, 26.0]}