{"day": 0, "month": 10, "station_id": 71, "predict": [28.62316021903095, 28.225340689641854, 27.88252776082713, 27.588244065634083, 27.33677661630182, 27.1230845338974, 26.942718128468055, 26.791747915645374, 26.66670233322221, 26.564513076393485, 26.482467105945947, 26.418164502177717, 26.36948144088941, 26.53453765830433, 26.561667850895613, 26.54939652526283, 26.546415873669112, 26.55156630371896, 26.563819296887512, 26.582262311041372, 26.606085477450687, 26.63456987372217, 26.66707718114019, 26.703040558576824, 25.95310099531065, 25.914269341571938, 25.88315854496709, 25.859396278383425, 25.842593397905247, 25.832351359545537, 25.828268275862992, 25.829943818664056, 27.586983145048197, 28.74899999902413, 28.615619119286762, 27.88647806505036, 27.661228555690503, 27.489537406017785, 26.47108712699304, 24.955576251342155, 23.64271943461466, 21.382247374561345, 18.073906585114873, 17.967459055596372, 23.812681820916634, 23.109366464380397, 21.257318571143543, 17.456357147331964, 20.821163655214775, 15.39854493599802, 21.812221692557955, 20.994784803335392, 12.1810225703578, 10.057644653693911, 5.363040599664299, 6.737068635258602, 10.370870941897618, 14.956712094875353, 13.737837768940782, 12.35835117290056, 11.063104993292097, 13.147606904737726, 13.457936947486637, 12.540675285208001, 12.592839042102206, 12.31182708116172, 12.145371727839441, 11.841496568009173, 10.798479558152922, 10.414820781127181, 10.289214264348292, 9.820523350284963, 12.884313621618208, 13.132880878257318, 13.545091270774792, 13.770320741864154, 13.657940021910912, 13.857321436128453, 12.11784440302536, 11.53889982255795, 11.119893524820114, 11.010248926274373, 11.909409019858526, 12.466837807398782, 9.88202126726193, 9.55446793677194, 9.333709177326801, 9.31929918014039, 9.260814761894395, 9.257854992135325, 9.76004068783444, 9.867013805005959, 8.828436752532868, 8.343991649275328, 8.863379542044195, 9.636319599032937, 9.266316751067937, 11.551523554455207, 13.059788371803245, 14.944739796208005, 14.859535686897065, 16.40692314142894, 18.539290894326037, 25.628715094445408, 29.956999293904413, 27.365709376867652, 27.806204065090157, 28.039661557160212, 31.667102788456337, 33.039411737672, 33.25735315226999, 32.571588018444864, 27.03268706025589, 26.691142516809794, 27.74737841507819, 30.401759528567073, 32.054599188122644, 32.20616609022822, 31.756690229845702, 32.106368068850344, 33.50420540736266, 33.81547990991684, 33.72567747318688, 33.1777470105257, 33.315589559641445, 33.23393378504723, 33.128227477300165, 32.74454301421485, 30.929495006498374, 31.180168575114518, 31.39405690421333, 31.51900688522115, 32.05317181778699, 32.094970264448605, 32.14305027049573, 32.59625826065189, 32.60361201169063, 32.61427717653914, 32.627546902194396, 32.84282414210197, 32.90960631458937, 32.92747200343501, 32.94606943550491, 32.96510650431228], "test": [27.6, 27.0, 27.0, 27.0, 27.0, 27.0, 27.0, 26.4, 26.0, 26.0, 26.0, 26.0, 26.0, 26.0, 26.0, 26.0, 26.0, 26.0, 26.0, 26.0, 26.0, 26.0, 26.0, 26.0, 26.0, 30.4, 31.0, 31.0, 31.0, 31.0, 31.0, 31.0, 30.8, 30.8, 29.6, 28.0, 28.0, 27.2, 26.4, 26.0, 25.0, 21.0, 18.0, 22.0, 30.8, 30.4, 30.8, 28.2, 23.6, 20.0, 23.6, 27.4, 23.2, 12.08, 19.8, 7.4, 0.0, 0.0, 0.40000000000000047, 0.5999999999999998, 0.0, 3.8, 14.8, 12.8, 13.0, 13.8, 13.2, 14.2, 15.8, 14.8, 13.6, 12.600000000000001, 14.0, 14.2, 16.4, 16.0, 13.8, 14.6, 15.0, 13.6, 13.6, 13.0, 13.6, 12.8, 6.200000000000001, 5.6, 5.0, 5.2, 6.0, 6.0, 6.0, 6.0, 7.4, 7.4, 7.2, 8.8, 7.8, 8.8, 10.2, 11.6, 15.0, 17.6, 21.8, 31.2, 32.0, 30.0, 20.0, 25.0, 26.4, 29.4, 31.6, 32.0, 31.2, 32.0, 32.0, 32.0, 32.0, 32.0, 32.0, 33.2, 34.0, 34.0, 34.0, 34.0, 29.2, 25.0, 25.4, 26.199999999999996, 27.2, 29.6, 31.0, 31.6, 32.0, 32.4, 32.0, 33.0, 33.0, 33.0, 33.0, 33.0, 34.0, 34.0, 34.0, 34.0]}