{"day": 5, "month": 11, "station_id": 732, "predict": [5.7759218354210216, 5.789263461932545, 6.321346401380598, 7.107953066406365, 6.283241622602607, 6.047791902460931, 1.4354599464817208, 6.146738620275057, 6.748762412932061, 7.208642363069508, 7.393467213210905, 7.236971168757749, 7.406201625960272, 7.568186860407118, 7.723270336456467, 7.871778302520073, 8.014020672899813, 8.150291864568434, 8.280871590959745, 8.406025614890284, 8.526006462684697, 8.574387434824994, 8.151396581682384, 8.123917312795706, 2.4466841297666595, 2.7420720372533802, 2.982982281041293, 3.1986303135893372, 3.4005955116523205, 3.926174691452289, 4.110130259908632, 4.286444621388209, 4.45552710965637, 4.61770738408231, 4.773282648815758, 4.92253189366914, 5.0657204792083865, 5.203101862996932, 5.334918461080124, 5.461402235405724, 5.582775184083275, 5.365916454930007, 5.277696099163023, 5.451642137615035, 5.221274275120835, 5.120104264333291, 5.214969586548845, 4.572700450326529, 7.782934833890324, 7.53253143784205, 7.13680164600069, 6.742526031549994, 6.751556000220653, 6.497295876118329, 5.846240268892276, 5.3982014333349975, 5.286336255486046, 5.377146568565939, 5.603810856017471, 4.232849839632013, 2.864125792829041, 2.764175360173671, 3.332875784860865, 3.9701111747534874, 3.8091054610493584, 3.116422044914568, 3.6252967966359066, 6.135637739327637, 6.04735808283933, 6.02704260695948, 5.27461405974082, 3.2566662368217196, 3.507415656371526, 3.3155887177964654, 3.6830521399601044, 4.908149065340336, 4.3300346205862015, 6.083284794511165, 5.168240446285696, 4.7183778297506, 3.6004575361982867, 2.9478920179825625, 3.6940872562891127, 3.5057782647162914, 2.7163630819267457, 2.0592363899558594, 2.9344563707742646, 3.1420782020136215, 4.215487541067009, 5.888067334559816, 5.826531287468694, 4.697590658953772, 2.9012877185438146, 3.370995862966721, 3.373419727243683, 2.3752619569889384, 0.1655761652078187, 0.0, 0.07424424666779317, 0.49304803404389563, 1.3177236496886415, 1.2811678479498074, 3.049574236602042, 4.155900521164548, 4.266496870269153, 4.1810790285704575, 3.6993833540031016, 3.5544954849767763, 4.279514967896954, 5.140887484650426, 5.6717374132783, 5.20520051786178, 5.207756699297075, 5.345896117135969, 4.752785340821588, 4.161600193486736, 4.038858619742362, 4.051086909430365, 4.064819276191476, 4.346597456466377, 0.2563978261580496, 0.5057466159653704, 0.75675176807284, 1.000434964819834, 2.4354369896184465, 3.461717829543677, 3.879494293269141, 4.355701585975307, 4.7572812633459085, 4.95117019687701, 5.270964517475802, 5.916919053390853, 6.15594734617715, 2.8549551530270407, 2.1475073198831485, 2.3004946607108625, 2.180800834605113, 2.2553025519291046, 2.390869775656515, 2.521032584514508, 2.6459813646331614, 2.499233663101001, 2.880967703500416, 2.924689230166051], "test": [3.0, 3.0, 2.2, 1.000000000000001, 0.9999999999999988, 0.9999999999999988, 1.0, 1.0, 0.9999999999999988, 0.9999999999999988, 0.9999999999999988, 0.9999999999999988, 0.9999999999999988, 0.9999999999999988, 0.9999999999999988, 0.9999999999999988, 0.9999999999999988, 3.0, 5.0, 5.0, 5.0, 5.0, 5.0, 5.0, 5.0, 5.0, 5.0, 5.0, 5.4, 7.0, 7.0, 7.0, 7.0, 7.0, 7.0, 7.0, 7.0, 7.0, 7.0, 7.0, 7.0, 7.4, 8.0, 8.0, 8.0, 8.0, 8.0, 8.0, 8.0, 8.0, 7.2, 7.0, 7.0, 6.6, 7.0, 7.0, 8.0, 7.0, 7.0, 7.0, 5.0, 4.6, 3.0, 4.0, 4.2, 4.0, 4.0, 3.4000000000000004, 3.0, 3.0, 3.2, 3.0, 1.4, 1.4, 0.5999999999999999, 0.0, 0.0, 0.39999999999999974, 0.0, 0.0, 0.0, 0.0, 0.0, 0.0, 0.0, 0.0, 0.4, 1.0, 1.0, 0.6000000000000002, 0.0, 0.0, 0.0, 0.0, 0.0, 0.0, 0.0, 0.0, 0.0, 0.0, 0.0, 0.0, 0.0, 0.0, 0.0, 0.0, 0.0, 1.0, 0.6000000000000002, 0.0, 0.0, 0.0, 0.0, 1.0, 0.6000000000000002, 0.20000000000000046, 0.8, 0.0, 0.0, 0.0, 0.0, 0.0, 0.0, 0.0, 0.0, 0.0, 0.39999999999999974, 1.0, 1.0, 1.0, 2.0, 2.0, 1.7999999999999994, 1.0, 2.0, 2.0, 2.0, 2.0, 2.0, 2.0, 1.1999999999999997, 1.0, 1.0, 1.0]}