{"day": 2, "month": 5, "station_id": 73, "predict": [35.117521167188166, 35.38033610019125, 35.48290788008242, 35.43563033357186, 35.39073631745783, 35.34858573130148, 35.309123464363886, 35.22221005349575, 35.23769529835588, 35.205434138896244, 35.1752896864972, 35.1471334343196, 35.52084487337901, 35.59631100607508, 35.57342586415969, 35.80209005298633, 35.782210325137726, 35.76369918249113, 35.74647450499684, 35.73045920437743, 35.71558090103889, 35.70177162259518, 35.68896752251829, 35.677108617529406, 32.98424868022267, 32.969652724340655, 32.9584708303963, 32.950795883073084, 32.94641097816393, 32.945065695156394, 32.94651910146493, 32.95054583587565, 32.956936192744166, 32.96549523532994, 32.97604179952498, 32.988407536758935, 32.90243601893434, 32.76798190560899, 32.53491016979557, 31.003095378329434, 31.322421022934673, 31.79277889838157, 32.464068524386306, 32.98619660814424, 31.95907654461068, 30.982627951849928, 31.106776238964542, 30.93145220429497, 30.010299620049704, 29.536223360641692, 28.820334254678613, 26.95064702842497, 24.17678926937785, 19.799209696976177, 17.46828259843804, 13.4842743060493, 10.147396258966166, 10.057831999631276, 8.71574794627874, 8.221297564093959, 8.524623225655393, 8.575857292283313, 8.175122919126462, 6.72253474269296, 5.818199501112837, 5.962216604331629, 6.054678661453862, 5.895671969382787, 4.685276965866278, 4.17356864962236, 4.960616969963454, 5.846487188145481, 13.525967219346024, 13.767924355351095, 13.27511192979227, 13.094957533074906, 15.616649168377807, 18.338064491872046, 20.158904576688435, 20.32924267140904, 19.349218594825622, 19.06897494404875, 18.938644487845394, 18.758348327744475, 17.62819627229275, 17.34828761954736, 17.918711971621043, 17.789550006346076, 17.710874194139777, 18.83274946104128, 18.55523380130354, 18.47837884318269, 18.5022303713998, 17.426828809512863, 17.652209665201024, 18.52840394124125, 14.370039105154486, 14.440610207760319, 15.137773400287863, 15.225447736726931, 15.456746559154826, 15.682691138250625, 15.853885700041815, 15.320824685543808, 15.53395091957563, 16.64366794245607, 18.15034429918642, 19.104316416252537, 20.755891142521097, 23.305348102277993, 26.952941878018937, 29.44890403028611, 30.79344496388328, 30.336755650896396, 31.379009220895554, 31.870362428174623, 32.61095700523425, 33.05092091105688, 32.84036948209664, 32.929406493322304, 36.43836585615903, 36.417988058562045, 36.25062362260506, 36.28790471048126, 36.38009593842655, 36.47705664926327, 36.22856436717465, 36.33438645802399, 36.644298071319426, 36.50808600906802, 35.375549120345966, 35.64649783876354, 36.02075353509816, 36.09814785610256, 36.32852209181675, 36.7617265803339, 36.69762015036337, 36.93606959979944, 36.52694920806787, 36.92014028002632, 36.71553071930904, 36.51301462914065, 36.71249193877768, 37.0], "test": [35.0, 35.0, 35.2, 34.0, 34.0, 34.0, 34.2, 35.0, 35.0, 35.0, 34.0, 33.0, 33.0, 33.0, 33.0, 33.0, 33.0, 33.0, 33.0, 33.0, 33.0, 33.0, 33.0, 33.0, 33.0, 33.0, 33.0, 33.0, 33.0, 33.0, 33.0, 33.0, 33.0, 33.0, 33.0, 32.8, 31.0, 30.4, 30.2, 31.8, 32.6, 33.4, 35.4, 35.8, 36.4, 35.4, 31.4, 30.4, 30.0, 29.6, 27.199999999999996, 24.4, 22.8, 23.0, 18.4, 14.2, 13.2, 12.0, 12.2, 13.8, 13.599999999999998, 13.0, 12.599999999999998, 13.599999999999998, 13.8, 14.0, 14.0, 14.0, 14.0, 15.2, 15.6, 14.4, 13.4, 12.8, 12.0, 11.4, 11.8, 11.8, 11.4, 11.600000000000001, 11.0, 13.0, 14.8, 13.599999999999998, 13.0, 13.599999999999998, 15.4, 15.6, 14.0, 14.0, 15.0, 14.4, 13.8, 13.8, 12.4, 14.0, 14.599999999999998, 14.2, 15.2, 15.4, 16.2, 17.2, 17.6, 20.2, 25.0, 25.4, 24.2, 22.2, 24.2, 25.4, 25.6, 27.8, 30.8, 34.0, 36.0, 35.6, 36.4, 36.6, 36.4, 36.4, 36.8, 37.0, 37.0, 37.0, 36.8, 37.0, 37.0, 37.0, 37.0, 37.0, 37.0, 36.8, 36.6, 37.0, 36.2, 36.8, 37.0, 37.0, 37.0, 37.0, 36.8, 37.0, 37.0, 37.0]}