{"day": 2, "month": 12, "station_id": 154, "predict": [10.444836432697896, 11.732212196363763, 13.009368184705059, 15.087461439876394, 16.699693284999206, 17.434534511898352, 18.96733139704201, 19.712232201883584, 20.083615258774845, 19.427908639450067, 19.290002816545073, 19.346685776053608, 19.140146456871747, 19.144803848808095, 18.9674482718662, 18.2140295607407, 17.08976219349704, 16.532550132129717, 16.213066758439144, 14.534824817506465, 14.500904324502653, 14.114006196376254, 11.24316589004783, 6.090461208243901, 27.186683967014275, 34.29273726214191, 35.0, 35.0, 35.0, 28.442287070712926, 28.19427495914702, 25.405799413221494, 14.261751370090035, 16.482009531074368, 21.721528508801324, 23.903433288650675, 22.55211966363829, 20.793071972887258, 19.286053121470076, 19.024986633957198, 14.804522697644344, 13.019950657982633, 13.067122299956266, 10.74238439134774, 9.642519320962057, 9.431359519493908, 9.173074811202175, 9.732131947154945, 24.48204901631567, 23.01437454292209, 21.647052162112804, 20.003629547911103, 18.157324793783484, 16.962070239458978, 15.603168805735525, 14.40090856648927, 13.144134224739433, 12.089913186309634, 11.896566156094627, 10.956789979528592, 10.33084165253285, 9.879756259274068, 9.198584606717668, 8.282977459549365, 7.06244674883007, 6.800302136514624, 6.6269284840071645, 6.27306998308276, 6.069786827955688, 5.881750399670675, 5.840543014406457, 5.877961692480865, 26.759022122422472, 25.212754558898876, 23.87942693939517, 22.636586651912587, 21.498594762556824, 20.460261574191804, 19.5118998336106, 18.643778036559656, 17.847133781409124, 17.114242056455826, 16.438292412409055, 15.813261400955675, 15.233809311233824, 14.695197047272567, 14.193216568114892, 13.724130780807567, 13.817954024933352, 13.871738590294477, 13.482866468381488, 13.115679058475273, 12.76811097840336, 12.43832752652664, 12.12469872546951, 11.825776255504255, 26.972255650480882, 25.616885878111244, 24.2307172993339, 22.919548803830775, 21.711056563519648, 20.605332431204683, 19.594499508658433, 18.802667461711394, 18.15446913785429, 17.37542335225697, 17.25856952308847, 21.66436730491425, 25.920603535658742, 35.0, 35.0, 35.0, 35.0, 31.868387770851903, 29.472735053427595, 27.901953158033823, 33.02041175195723, 35.0, 35.0, 35.0, 29.93567726685158, 30.91613567146047, 30.635181524108923, 31.463194023566192, 32.27159970160433, 32.48418389226362, 29.906599155753426, 30.605551330127874, 32.64648487977578, 29.56147053835159, 30.082768035593336, 30.942812070963093, 32.2741680989033, 33.67616731736936, 33.4815543968077, 33.356475741859626, 33.70047120336091, 33.71313410977185, 33.727438885203284, 33.476402641905004, 33.49308063301291, 33.64389550362623, 33.79530029370865, 33.48044181843125], "test": [10.0, 10.0, 10.0, 10.0, 10.0, 10.0, 10.0, 10.0, 10.0, 10.0, 10.0, 10.0, 10.0, 10.0, 13.2, 17.0, 17.4, 18.0, 18.0, 18.0, 19.0, 22.0, 22.2, 24.0, 24.0, 24.0, 24.0, 24.0, 24.0, 24.0, 24.0, 24.0, 24.0, 24.0, 24.0, 24.0, 24.0, 24.0, 24.0, 24.0, 24.0, 24.0, 24.0, 24.0, 24.0, 24.0, 24.0, 25.4, 28.0, 28.0, 28.0, 28.0, 28.0, 28.0, 28.0, 28.0, 28.0, 28.0, 28.0, 28.0, 28.0, 28.0, 28.0, 28.0, 28.0, 28.0, 28.0, 28.0, 28.0, 28.0, 28.0, 28.0, 28.0, 28.0, 28.0, 28.0, 28.0, 28.0, 28.0, 28.0, 28.0, 28.0, 28.0, 28.0, 28.0, 28.0, 28.0, 28.0, 28.0, 28.0, 28.0, 28.0, 28.0, 28.0, 28.0, 28.0, 28.0, 28.0, 28.0, 28.0, 28.0, 28.0, 28.0, 28.0, 28.0, 28.0, 28.0, 28.0, 28.0, 28.0, 28.0, 28.0, 28.0, 28.0, 28.0, 28.0, 28.0, 28.0, 28.0, 28.0, 28.0, 28.0, 28.0, 28.0, 28.0, 28.0, 28.0, 28.0, 28.0, 28.0, 28.0, 28.0, 28.0, 28.0, 28.0, 28.0, 28.0, 28.0, 28.0, 28.0, 28.0, 28.0, 30.0, 30.0]}