{"day": 2, "month": 6, "station_id": 579, "predict": [35.130705432489414, 35.18782685375319, 34.57205296358183, 34.61733905389419, 34.65758013891265, 34.69328345086145, 33.324907031460725, 34.28619780961923, 34.777529216549695, 34.799238384298874, 34.81829630233506, 34.968310969308426, 35.182863573342786, 35.19551106418347, 35.139788477507985, 34.14921103566525, 35.090609380014286, 35.230797954520376, 35.23657655831009, 35.24139841646249, 34.712038116735805, 34.5819260918435, 34.58448299228491, 34.58645396025638, 34.995623585718086, 34.99055781268735, 34.9848334026746, 34.978488148395265, 34.971564990485625, 34.63077707644406, 34.889506424849756, 34.94780282363753, 34.93904959601996, 34.929962871879205, 34.9205910061698, 34.51098078913925, 32.7011770960397, 32.091222626518224, 31.614491052743336, 29.871020230588876, 28.060845463218225, 22.4506661412223, 17.64051241808748, 15.29707858089573, 21.687056443806657, 19.94380209272573, 18.134002643639242, 10.924343011074807, 0.0, 0.0, 0.0, 0.0, 0.0, 0.0, 1.8305061828128293, 0.0, 0.0, 0.0, 0.0, 0.0, 0.0, 0.0, 0.0, 0.0, 0.0, 0.0, 0.0, 0.0, 0.0, 0.0, 0.0, 0.0, 14.142133440017203, 18.973589696104835, 18.09434535555375, 20.104302290944325, 22.33662506026353, 21.1244125042873, 20.33403657096405, 18.898481458812658, 17.950682889573997, 16.956867362892194, 17.18322461409408, 16.895913191402247, 16.827732425528048, 16.578127416753695, 16.47986034640132, 16.599014764959055, 16.40166618528418, 16.220552316674542, 15.321742947898839, 14.637976158150902, 14.168660871271788, 13.846545770686923, 10.937721260516705, 9.64162115905772, 14.334603755171178, 14.436617578942814, 14.303775574491254, 14.333978850854386, 14.991947699085378, 16.74254192263471, 19.31741581607138, 22.24834097450536, 23.20053013481738, 24.77262859942827, 26.89670647418265, 28.704918297601058, 30.729496649516854, 35.36941300317221, 36.0, 36.0, 36.0, 36.0, 36.0, 36.0, 36.0, 36.0, 36.0, 36.0, 35.299165470661016, 35.470743145234906, 33.580696443603536, 34.22839435793927, 34.61327174510467, 34.73482340418318, 35.0592652566181, 35.452862610441514, 35.44859215494979, 35.112804331087055, 35.245219388923445, 35.17892377684148, 35.18036684060734, 35.31602447765815, 35.45239639261522, 35.122670267517925, 35.39338616118558, 35.46443445308956, 35.469053981458515, 35.207163693026395, 35.34536112284695, 35.48358769026191, 35.48846079807802, 34.826606056274876], "test": [35.0, 35.0, 35.0, 35.0, 35.0, 35.0, 35.0, 35.0, 35.0, 35.0, 35.0, 35.0, 35.0, 35.0, 35.0, 35.0, 35.0, 35.0, 35.0, 35.0, 35.0, 35.0, 35.0, 35.0, 35.0, 35.0, 35.0, 35.0, 35.0, 35.0, 34.8, 35.0, 35.0, 35.0, 35.0, 34.2, 33.2, 32.2, 31.4, 29.8, 27.2, 22.799999999999997, 16.8, 14.2, 9.8, 8.2, 5.0, 0.0, 0.2000000000000003, 0.0, 0.0, 9.4, 10.2, 3.2, 1.4, 0.0, 0.0, 0.0, 0.0, 0.5999999999999999, 0.0, 0.0, 0.0, 0.0, 0.0, 0.0, 0.0, 2.4, 14.2, 14.4, 15.0, 15.0, 13.8, 13.4, 14.0, 14.6, 15.2, 17.6, 18.2, 19.4, 19.6, 20.2, 20.4, 20.0, 17.8, 16.2, 14.8, 14.0, 13.8, 13.2, 14.0, 14.0, 13.0, 14.6, 15.8, 14.2, 12.8, 14.8, 16.0, 18.4, 20.4, 15.600000000000001, 12.6, 19.2, 21.800000000000004, 20.8, 23.6, 27.2, 25.6, 26.4, 30.0, 34.2, 35.2, 32.8, 35.4, 35.4, 36.0, 36.0, 34.2, 35.6, 36.0, 36.0, 35.2, 36.0, 36.0, 36.0, 35.8, 36.0, 35.6, 35.2, 36.0, 36.0, 36.0, 36.0, 36.0, 36.0, 36.0, 36.0, 36.0, 36.0, 36.0, 36.0, 36.0, 36.0]}