{"day": 5, "month": 11, "station_id": 48, "predict": [20.383313134478993, 20.144989481140417, 19.92377702709421, 19.703758095356683, 19.491572575678287, 19.292556509456094, 19.106093952082183, 18.93049482374083, 18.764854412004123, 18.60871284311519, 18.461633996640046, 18.32313868246208, 18.19275112908698, 18.070022312200557, 17.954529568537268, 17.845872532007043, 17.743671197896848, 17.647565097206577, 17.557212567302102, 17.472289950823644, 17.392490778072613, 17.317524962569188, 17.247118017428857, 17.18101029682951, 20.81610681578914, 20.697150439431514, 20.529955266974188, 20.30633303784594, 20.08472490857293, 19.883971993543163, 19.697718852518, 19.519560912498257, 19.34816717543425, 19.18403639741728, 19.02740531029816, 18.878104306442918, 18.73585603807471, 18.60040142632603, 18.47150038008427, 18.348916129042024, 18.23241092277935, 18.12174737425362, 18.016690290726373, 17.91700797479054, 17.82247313231555, 17.732863529757324, 17.847962489262553, 17.90089261068058, 19.630571187993915, 19.341477353183418, 19.438534798498655, 19.15550461822952, 19.675533686557028, 20.06970134270224, 19.73837135307156, 19.81393578132119, 19.362781756163695, 19.251460296823712, 19.813034026052613, 19.580507068824858, 18.820241379697244, 17.99862452871401, 17.04872403967474, 16.370284404544975, 16.2963942015728, 16.226819410143715, 16.02800307501855, 16.566398362826146, 18.841801620422714, 19.32068538168447, 18.736198019385036, 16.88816340232257, 15.243288371643176, 17.516156071758513, 17.475126334321452, 17.729872120343902, 17.614735101117176, 17.30203564158325, 17.115106049408485, 16.787924526584685, 16.255688044510144, 17.319108423599175, 17.91165533240467, 17.433458323765, 19.2180530462305, 20.332319502174602, 18.8431222828976, 18.88398045877884, 19.121739031538965, 19.42323616940159, 20.121969344798877, 19.551428635722147, 18.778430333068954, 19.936450534572707, 19.758958686755914, 19.51275112203341, 13.334811155811705, 13.229987588493689, 14.523534545066688, 15.222921129226014, 15.40287307524435, 14.966665009178717, 15.243659312839236, 16.303840397565743, 17.283232948424526, 17.583251948332915, 17.671483771059272, 17.748797889498164, 17.882728778503036, 18.007420873198303, 18.123609758475155, 18.16529888346285, 17.666436882824353, 16.89425604166716, 16.849275635922766, 17.198638868105448, 17.67611654420543, 17.74877709003915, 17.816989538487782, 14.814426244300668, 15.939375217903844, 15.877378948136142, 15.766255939502733, 15.729347722607127, 15.736636021017597, 15.746818538543117, 15.749031386322773, 15.745256226102159, 15.737821585504424, 15.727532037419307, 15.714620651259803, 15.699326652153445, 15.681939321313907, 15.662734295034268, 15.508622349447856, 15.286490352479918, 15.26320703602032, 15.238957458353742, 15.213910141271162, 15.188218201541961, 15.16202067824232, 15.135443692952204, 15.10860144934181, 15.081597151211461], "test": [22.0, 22.0, 22.0, 22.0, 22.0, 22.0, 22.0, 22.0, 22.0, 22.0, 22.0, 22.0, 22.0, 22.0, 22.0, 22.0, 22.0, 22.0, 22.0, 22.0, 22.0, 21.0, 21.0, 21.0, 21.0, 21.0, 21.0, 21.0, 21.0, 21.0, 21.0, 21.0, 21.0, 21.0, 21.0, 21.0, 21.0, 21.0, 21.0, 21.0, 21.0, 20.4, 20.0, 20.0, 20.0, 20.0, 20.0, 20.0, 20.0, 20.0, 20.0, 19.8, 19.0, 19.0, 19.0, 19.0, 19.0, 19.0, 19.0, 19.0, 19.0, 19.0, 19.0, 16.6, 15.0, 15.0, 15.0, 15.0, 15.0, 15.0, 15.0, 15.0, 15.0, 14.000000000000002, 11.6, 8.8, 8.4, 9.0, 9.0, 9.4, 9.2, 9.0, 10.6, 12.2, 13.0, 13.0, 13.0, 13.0, 11.4, 11.4, 11.0, 11.0, 11.0, 11.0, 10.8, 13.200000000000001, 9.8, 9.8, 9.4, 10.6, 10.0, 10.0, 10.0, 10.0, 9.0, 9.4, 11.8, 11.2, 11.4, 12.0, 13.200000000000001, 15.0, 15.0, 15.4, 16.0, 16.6, 17.0, 17.0, 17.0, 17.0, 16.4, 16.0, 16.0, 16.0, 16.0, 16.6, 17.0, 17.0, 17.0, 17.0, 17.0, 17.0, 17.0, 16.8, 16.0, 16.0, 16.0, 14.400000000000002, 12.0, 12.0, 12.0, 12.0, 12.0, 12.0]}