{"day": 5, "month": 10, "station_id": 66, "predict": [30.88543818771791, 30.822511795790955, 31.344925513440927, 31.57556257986331, 31.308383967723774, 31.07219083412332, 30.996625355437306, 31.278479221975743, 31.181597138215892, 31.036823839649628, 30.90863073263312, 31.461748066485924, 31.627801174082343, 32.33861689277954, 32.52619977170879, 32.45604438560974, 32.39378344336155, 32.271838078062636, 32.02273673517282, 32.512435768987714, 32.54030821559086, 32.505800565891874, 32.54175738224081, 32.781080286588164, 33.810017807578696, 33.67273793893023, 33.55758372582915, 33.455833669664514, 33.16463714526928, 33.28267978791774, 34.00900704492196, 33.80945678050927, 33.74994794906913, 33.69646994355958, 32.648410226266684, 30.53854921301966, 30.899721971852383, 30.864813447744535, 30.833420605320335, 30.80518152347115, 30.7797714575968, 30.756899206295007, 30.736303777670166, 30.784418011429537, 31.90103247586943, 32.41929295656372, 32.405698185678574, 32.52676446039829, 33.945731009695315, 33.802352937746484, 33.67748275479679, 33.56579206293156, 32.93190610841769, 31.37464723252469, 31.35972400009846, 31.819607956319444, 31.88684465447696, 31.76071444232955, 31.240561789066522, 30.259124525810996, 29.949196272517153, 29.910288845070493, 29.675294745886013, 29.643816475035194, 28.94882937440388, 28.256678032819323, 28.100406266888406, 28.41308734925992, 27.79448781567652, 27.644398177229697, 27.162630527526467, 26.749016365641232, 28.984375134328108, 29.950666923440483, 30.013334668009808, 30.29825137104728, 30.2027978182177, 29.791610618227253, 29.26288083315039, 29.348295333268254, 29.046359691112524, 28.95572242648519, 29.00849823976901, 29.670257605957936, 29.606683187376657, 29.08355995881539, 28.83343250232518, 28.85559620883275, 28.54942242269251, 28.514350874273212, 29.549882728172214, 30.388907562292214, 30.29769758459887, 30.542569055632825, 30.189877548376263, 29.572680342295957, 26.21131905202612, 26.926380611254444, 27.522322536361624, 27.866655021873626, 28.564677805386587, 29.55560534443409, 30.244703453644156, 30.569909728361367, 30.335238179471624, 30.47752073104546, 30.73313961676757, 31.838084547049714, 33.32800256370646, 33.53824157910151, 33.80388841570539, 33.993135377047, 34.50730928948342, 35.14756354357662, 35.114900263576324, 35.276856341835476, 35.50085369074834, 35.58754735370205, 35.40417174440132, 35.21788525004156, 31.37340777229481, 31.454555106653142, 31.073448482367986, 31.440207250377604, 31.761028661927668, 32.17492988551787, 33.35351954165287, 34.23446629178584, 34.68824563538716, 34.518204876108214, 34.72728551224557, 35.11807203472476, 35.226168179702356, 35.78690137356722, 35.73535598974888, 35.87306929167441, 36.06805720427204, 35.254836999423986, 34.90111393066635, 35.00779880835261, 35.042356801044946, 35.07215438143196, 35.09780463836381, 35.453177816819654], "test": [31.200000000000003, 32.0, 32.0, 32.0, 32.0, 32.0, 32.0, 32.0, 33.0, 33.0, 33.0, 33.0, 32.8, 32.0, 31.0, 31.0, 31.0, 32.6, 33.0, 33.0, 33.0, 33.0, 34.0, 34.0, 34.0, 34.0, 34.0, 34.0, 34.0, 34.0, 34.0, 34.0, 34.0, 34.0, 34.0, 33.2, 33.0, 33.0, 33.0, 33.0, 33.0, 33.0, 33.4, 34.0, 34.0, 34.0, 34.0, 34.0, 34.0, 34.0, 34.0, 34.0, 34.0, 34.0, 34.0, 34.0, 33.6, 33.0, 33.0, 33.0, 33.0, 32.4, 31.0, 31.0, 31.0, 31.0, 31.0, 31.0, 30.4, 30.0, 29.8, 29.0, 29.0, 30.0, 31.0, 31.0, 31.4, 32.0, 31.4, 31.0, 31.0, 30.8, 30.0, 27.800000000000004, 25.0, 25.0, 25.0, 25.0, 24.4, 24.0, 23.6, 22.4, 23.0, 25.0, 25.8, 25.8, 25.4, 26.4, 27.0, 27.0, 27.800000000000004, 28.0, 29.0, 30.0, 30.0, 30.0, 30.0, 30.4, 31.0, 31.0, 31.0, 31.0, 31.0, 31.0, 31.0, 31.0, 31.0, 31.0, 31.0, 31.0, 30.6, 30.0, 30.0, 30.0, 30.6, 31.0, 31.0, 31.0, 30.2, 29.0, 29.0, 29.0, 29.0, 29.4, 30.0, 30.0, 28.4, 28.4, 28.0, 25.6, 25.0, 25.0, 25.0, 25.0]}