{"day": 3, "month": 7, "station_id": 564, "predict": [37.64284850744779, 37.69154151781187, 37.73998628940414, 37.78791742630721, 37.83520446530317, 37.881705913580376, 37.927299412307086, 37.238552769497204, 37.21538829712339, 38.05774652210483, 38.098916859410515, 38.13886863704802, 38.17758243165501, 38.21504833943593, 38.2512644801646, 38.28623570375284, 38.3199724729707, 38.35248989934317, 38.383806912213565, 38.41394554354135, 38.309596979914375, 38.20412103521283, 38.49754569906898, 38.523233417754305, 40.929817708910726, 40.84225326959849, 40.75571643926435, 40.67379957487855, 40.59679041716382, 40.524391899438776, 40.456240966241886, 40.391995607484446, 40.33134577004826, 40.00734523908127, 39.88640855619213, 39.83497468268332, 39.78617097332852, 39.739810794339434, 39.562391420277315, 39.65375884355849, 39.280439466834885, 39.24230531875302, 39.00590610347736, 39.03780139719455, 38.07122630729419, 37.372757245425156, 36.74231113419255, 36.11314470225644, 36.558163605363745, 36.39766117105683, 34.32932912373996, 31.263351863262514, 27.541199161035316, 24.496688517896807, 21.99564301773257, 18.503754918707667, 15.686784867322284, 14.743918505875195, 13.274427847486601, 11.877662344841529, 11.819706975189769, 11.366707878588421, 9.851532204384506, 8.073762077324895, 7.166355925962298, 6.195643758182653, 5.627989644836563, 5.729788014418142, 5.367460369363092, 5.140785707915617, 4.916231274746015, 4.293616935352047, 9.496183137257727, 8.707066631617579, 8.905347051157193, 9.027492289608071, 8.142040789713935, 8.850402198555011, 9.153765125160673, 8.786498134658219, 8.482842330645274, 7.843593934190893, 7.069450338009164, 7.494354468642507, 8.38550454197252, 8.476696068562932, 8.301662906918722, 7.594084139982803, 8.154256869371748, 7.6491016772931895, 7.012167496462695, 7.643635953244312, 6.41032524181888, 6.579026913972149, 6.016508963316364, 7.1228519109876185, 5.830707890730041, 6.127518043235713, 7.394629399227553, 8.115233016609103, 7.694170773314996, 7.799919226985614, 8.500250682602667, 9.59605635904664, 9.288111677620108, 8.177101403588546, 8.596964613768437, 10.681569990735477, 10.698056594780565, 10.513507147128614, 10.861620616830871, 10.342717525031624, 9.890411366535515, 9.77161287381773, 8.719867175389435, 11.93535722804758, 14.818240230821239, 16.301983723952944, 16.386701405619306, 17.53915536224144, 6.636519137606783, 6.597456279330064, 7.261290412883561, 8.38254604366782, 9.086899910767382, 9.773947957234405, 13.844527400055425, 15.832950323847376, 17.273484513334566, 18.033662065901865, 19.780948050194088, 20.782746237308825, 21.6397381694978, 22.41922170061551, 23.05511565359794, 24.14796398011589, 26.23160614542599, 26.63984712284113, 27.239793709564402, 27.098523870168, 27.283089142524048, 28.793850136785814, 31.564478487667394, 32.061958617046166], "test": [38.0, 38.0, 38.0, 38.0, 38.0, 38.0, 37.0, 39.8, 41.0, 41.0, 41.0, 41.0, 41.0, 41.0, 41.0, 41.0, 41.0, 41.0, 41.0, 41.0, 41.0, 41.0, 41.0, 41.0, 41.0, 41.0, 41.0, 41.0, 41.0, 41.0, 41.0, 41.0, 41.0, 41.0, 41.0, 41.0, 40.6, 41.0, 40.8, 39.8, 39.4, 39.0, 39.0, 38.8, 39.0, 38.8, 37.4, 36.8, 35.2, 34.0, 31.8, 27.4, 25.8, 25.2, 25.0, 24.2, 21.6, 21.0, 19.2, 18.2, 16.2, 14.6, 13.8, 12.0, 12.0, 11.6, 11.2, 10.8, 10.8, 9.0, 9.6, 9.0, 9.0, 9.0, 7.400000000000001, 7.6, 7.8, 6.800000000000001, 8.0, 7.6, 7.400000000000001, 4.6, 3.4000000000000004, 3.2, 2.4, 3.0, 5.8, 6.6000000000000005, 7.000000000000001, 6.800000000000001, 5.8, 4.6, 3.4000000000000004, 3.0, 4.8, 6.0, 6.0, 6.0, 6.0, 3.0, 1.2, 0.20000000000000018, 0.0, 0.0, 0.9999999999999998, 0.9999999999999998, 0.0, 0.9999999999999998, 0.9999999999999998, 2.6, 1.4000000000000001, 0.0, 1.2, 2.6, 4.6, 4.6, 5.0, 5.0, 5.599999999999998, 5.799999999999998, 3.800000000000001, 2.4, 3.800000000000001, 5.799999999999998, 5.799999999999998, 10.0, 15.6, 16.2, 19.0, 21.6, 35.0, 38.8, 39.0, 38.6, 38.2, 39.0, 39.0, 39.0, 39.0, 39.0, 39.0, 39.0, 39.0, 39.0]}