{"day": 3, "month": 12, "station_id": 272, "predict": [2.815872349215794, 2.8012424953504467, 3.2098087499512142, 3.2798129935761455, 3.869653047750796, 2.5110752883418, 2.604480683251291, 2.6840862218350057, 3.0841509477669593, 3.272200989306273, 3.649015210719706, 3.9486327200027573, 3.9050295710621397, 3.9187939835037517, 4.057133203667395, 3.9205457654291105, 3.7094928454562464, 3.757735607510014, 3.865672008224625, 4.300339822222114, 4.395419286296434, 4.4845687486939925, 4.36809336748951, 4.312946895692583, 3.1934602523647833, 3.39063168723714, 3.5733298728700533, 4.471816566486888, 4.887386556735923, 5.02203794438847, 5.14419959758053, 5.255292711841439, 5.356473845795103, 5.182047227327748, 5.199516717625888, 5.276283382165822, 5.346331033355744, 5.410238915798613, 5.468524539058573, 6.121651383533699, 6.570035436098825, 6.547384181232879, 6.987368205758632, 6.623625521159195, 6.723098683563933, 7.886038111891596, 8.712671662370232, 9.469873843758332, 5.4033831141184505, 6.029200006834866, 7.7743141432030365, 8.987879236797253, 9.52348756574363, 10.178827713957189, 9.954327659729516, 9.917623053579812, 10.869689781794394, 11.744745996229625, 11.943585215972378, 10.866923647100155, 11.715412044718525, 11.956310962597883, 11.790163861211143, 11.884135637797284, 12.30535038729068, 12.12089528783595, 11.3978240565271, 11.669826706676787, 12.470565651781188, 12.533678192507724, 12.326112084627253, 13.04812754876621, 6.465188617046726, 6.455786727225734, 6.523885499365761, 6.7582758372074245, 7.122436870095171, 7.6725790893049926, 8.273360239595256, 7.991894760851416, 8.82920411077048, 9.186352998482416, 10.064327271016905, 9.730687150115699, 9.919576462046253, 10.031733443408783, 9.867832867744806, 9.295159694019272, 9.247614835657751, 9.525720116850056, 9.796622633128933, 9.72743196667826, 9.785223660516891, 9.570375668393112, 8.949904487286108, 8.790801006971082, 20.339986754031607, 20.35087013148237, 19.15965137847153, 18.987295194970987, 18.696413113224228, 18.99447887316164, 18.16142435668012, 19.93500463659027, 18.983374106021117, 17.840344214063308, 16.83936104414635, 16.11372669439786, 16.46334450711346, 16.02141528351518, 15.2544497712406, 14.69560839648041, 14.078038679869977, 12.868211635848262, 11.465924279158587, 10.87096841186544, 10.016465769530068, 9.568869572878958, 9.327965852438902, 8.62687457446525, 18.408438266011384, 17.657893727050734, 17.15332711393303, 16.36960882282195, 15.732063182698528, 15.981347022291507, 16.585397375501763, 19.0769887197811, 20.255108746586345, 19.65202897239059, 19.400071820878132, 18.498293226741907, 16.945812503630638, 13.67513963424907, 13.152169980855167, 12.109513267454297, 11.279823217512465, 10.929127630075216, 10.656825442334327, 10.595684050525024, 10.278503520797331, 9.904780999626945, 8.807375304954281, 8.852505015162553], "test": [3.0, 3.0, 3.0, 3.0, 3.0, 3.0, 3.0, 3.0, 3.0, 3.6, 4.0, 3.8, 3.0, 3.0, 3.0, 3.0, 3.0, 3.0, 3.0, 3.0, 3.0, 3.0, 3.0, 3.0, 3.0, 3.0, 3.0, 3.0, 3.0, 3.0, 3.0, 3.0, 3.0, 3.0, 3.0, 3.0, 3.0, 3.0, 3.0, 3.0, 3.0, 3.0, 4.0, 4.0, 5.0, 5.0, 5.0, 5.0, 5.0, 5.4, 4.0, 3.8, 4.0, 4.0, 1.6000000000000005, 1.0000000000000004, 0.9999999999999991, 1.2000000000000004, 1.7999999999999994, 0.8000000000000003, 0.9999999999999991, 0.19999999999999885, 3.6, 9.8, 7.6, 7.0, 7.0, 7.2, 8.0, 8.0, 8.0, 7.0, 7.8, 8.0, 8.0, 7.8, 7.0, 6.0, 6.6, 5.0, 5.0, 5.0, 5.8, 5.8, 6.199999999999999, 7.0, 7.0, 7.0, 7.0, 7.0, 7.0, 7.0, 6.0, 7.8, 9.0, 17.8, 19.0, 19.0, 19.0, 19.0, 19.0, 19.8, 18.4, 18.2, 18.0, 18.0, 17.4, 17.0, 17.2, 18.8, 19.0, 19.0, 19.0, 19.0, 18.8, 18.0, 18.0, 18.0, 18.8, 19.0, 19.0, 19.0, 19.0, 19.0, 19.0, 19.0, 19.0, 18.999999999999996, 19.0, 19.0, 18.8, 18.0, 18.6, 18.8, 18.0, 18.0, 18.0, 18.0, 17.8, 17.0, 17.0, 17.0, 17.0, 17.0]}