{"day": 4, "month": 8, "station_id": 154, "predict": [0.4499205321998284, 0.5980600973515008, 0.8539152045257217, 1.2724320469320314, 1.508027831015821, 1.6648275197593687, 1.796543390401171, 2.1564666475054732, 2.2474997684916405, 2.322196401535117, 2.382799734230799, 2.4312774074838135, 2.4693528511270135, 2.4985333051685332, 2.5201348422025944, 2.5353046893074986, 2.545041120906954, 2.5502111685147235, 2.551566370186124, 2.5497567615610084, 2.5453432912826943, 2.538808826109432, 2.5305678950583816, 2.520975307324588, 0.540093990728531, 0.7913426880469199, 1.0120382898926312, 1.2048786455799707, 1.3723357223174568, 1.517140490656499, 1.6419640496405752, 1.7492602143961036, 1.8412275413902537, 1.9198171950893093, 2.1367540030405543, 2.1935595445197267, 2.0915740385157116, 2.331976292767042, 6.115801676739282, 13.543958252805753, 17.767241229030784, 22.586345891828373, 22.80187916487396, 22.274369928265962, 25.664278220267477, 17.382003433143606, 12.427891604604667, 18.59224189711994, 9.306599508686539, 9.334540558776489, 8.19032918120868, 16.269713332842063, 22.470331213740423, 20.898486540108067, 20.71268354419223, 17.27123401885534, 17.481631200884173, 20.700463115744235, 21.88347205822608, 22.635645483646783, 23.361306755150114, 24.46419797295037, 23.69755365842815, 23.464165763139903, 24.616440843365012, 25.556450261608692, 25.985974212100363, 26.406540287691787, 26.969457228417454, 27.4758444213509, 27.726657657757578, 27.122711596518435, 28.2526104204826, 27.91247776619779, 27.477713124232846, 27.50010439129804, 27.829411560613195, 27.114749540092543, 25.655117458234702, 25.54958096173209, 25.84732268590714, 26.347645846572227, 26.149963572806637, 27.003785219949155, 26.70870312881983, 26.314380732499806, 25.220542128454223, 24.776963015931678, 24.683462850818547, 24.58989807065901, 24.296156255364203, 23.402151103979264, 21.257818122001602, 18.613110926515464, 15.51799808777689, 12.422460435948913, 7.510940159230084, 3.507152976456048, 0.0, 0.0, 1.6258996482882049, 3.196441656306116, 9.567238739983614, 18.775577106419817, 15.989239728278074, 16.706416692005718, 19.925639277939478, 21.94572567125331, 17.21573490376695, 19.234927546274434, 20.50273216369421, 20.468716733184436, 19.182564341072002, 22.1540525659978, 21.233036033760207, 19.409431697158492, 14.563206453304664, 14.014366762535495, 13.312949978159713, 12.959017135626366, 6.939863056059458, 6.995667511165153, 6.871718597536301, 6.681331795473473, 6.73164260066445, 6.578167213630435, 6.875976548847268, 6.6797648253637725, 6.843846701442359, 6.622169656625381, 6.218334899134653, 6.285620884602166, 5.877007015073829, 5.645196612452224, 5.492638829140318, 5.121549367571266, 5.233929963261728, 5.031586624891436, 4.116146647051543, 3.839074425854116, 3.801686117804734, 3.85516318956226, 4.050564911159312, 4.188839848406359], "test": [0.0, 0.0, 0.0, 0.0, 0.0, 0.0, 0.0, 0.0, 0.0, 0.0, 0.0, 0.0, 0.0, 0.0, 0.0, 0.0, 0.0, 0.0, 0.0, 0.0, 0.0, 0.0, 0.0, 0.0, 0.0, 0.0, 0.0, 0.0, 0.0, 0.0, 0.0, 0.0, 0.0, 0.0, 0.0, 0.0, 0.0, 0.3999999999999999, 3.4, 8.0, 13.0, 22.8, 26.4, 29.4, 29.4, 16.0, 8.4, 10.4, 23.8, 28.6, 20.6, 27.8, 16.4, 16.2, 19.2, 18.8, 33.0, 35.0, 35.0, 35.0, 35.0, 33.2, 32.2, 27.4, 22.6, 23.2, 24.0, 23.8, 26.2, 29.2, 29.4, 28.4, 28.0, 27.6, 28.0, 28.4, 29.000000000000004, 28.6, 27.0, 27.4, 28.6, 27.2, 26.0, 24.4, 24.4, 22.8, 22.0, 22.6, 22.2, 21.2, 19.6, 17.0, 15.2, 12.8, 11.4, 10.2, 7.2, 1.9999999999999998, 1.0, 0.3999999999999999, 0.0, 4.4, 11.200000000000001, 13.2, 8.4, 13.399999999999999, 25.4, 30.0, 32.4, 29.000000000000004, 33.0, 29.4, 32.6, 28.8, 22.2, 20.8, 16.0, 15.0, 10.2, 7.6, 6.8, 6.2, 6.0, 5.8, 5.0, 4.2, 3.9999999999999996, 4.2, 3.9999999999999996, 3.9999999999999996, 4.0, 4.0, 4.0, 3.0, 2.8000000000000003, 1.1999999999999997, 0.3999999999999999, 0.0, 0.0, 0.0, 0.3999999999999999, 0.0, 0.7999999999999998, 0.9999999999999999]}