{"day": 5, "month": 3, "station_id": 213, "predict": [18.001311843725695, 17.97609326262405, 17.746811638220436, 17.667158809976208, 17.637736929202806, 17.608680316359457, 17.580027211690073, 18.101788846821858, 18.323967815092193, 18.49656385393616, 18.469575712933185, 18.443001748831534, 18.416840113496736, 18.391088815013614, 18.365745740065492, 18.3408086646018, 18.316275260913116, 18.292143103520615, 18.26840967458858, 18.245072369069607, 18.222128499646978, 18.199575301496434, 18.177409936877485, 18.15562949956076, 17.9757325882242, 17.948903891224305, 17.922037426712826, 17.895530970431853, 17.86948966177688, 17.843946318907612, 17.818908671762145, 17.794375523250796, 17.77034264905237, 17.74680484162871, 17.723756581859583, 17.701192252328855, 17.679106204569393, 17.557492781230792, 17.386346324589102, 17.315661180923637, 16.945431703597507, 16.825652255677667, 16.806317212340346, 16.73742096313574, 16.76895791413604, 16.75092248997628, 16.73330913579347, 16.41611231906807, 16.811634642309706, 16.688975735878124, 16.512708421001925, 17.036469395455054, 17.21070399907388, 17.48546928240857, 17.560769602618166, 17.63660046996549, 17.61295549329162, 17.18982781339391, 17.067210469611375, 17.04509650465679, 17.0234789962672, 16.30235106738255, 16.231705889931632, 15.711536686686053, 14.841836732499296, 15.672599355318516, 14.653817937083437, 14.535485914547284, 14.367596780031542, 13.8501440821196, 13.98312142629238, 13.066522475508496, 17.34703021518186, 16.07495642423269, 14.886117959047821, 15.395750733002396, 15.456441394954762, 16.068684054622565, 17.782567058500575, 18.34808870569679, 18.215225701531953, 17.833949625228787, 18.35423113740979, 19.626041085187648, 22.449350790992845, 24.67413212211838, 24.00035750077093, 22.627999898005722, 21.507032823421532, 22.337430313883665, 22.8691669221744, 23.052217705816044, 22.486558216129964, 22.472164487544877, 22.35901302715345, 23.34708080451261, 28.456511646281847, 28.664913623736123, 27.911491609975798, 27.110294786232632, 26.86248438604744, 25.868047587504186, 24.176901594733607, 23.638968546087277, 23.60417437170496, 22.272447083363513, 21.893716375818094, 21.917913557243253, 22.094971522782497, 24.174824725487404, 24.007409143370577, 23.192662245113276, 22.580522955786744, 24.32093162309712, 23.91382998431451, 23.459161133925367, 22.756869492009354, 22.656900773330023, 22.659201957125678, 22.96372125758602, 31.37718127062348, 30.55239413067035, 29.84338282654473, 29.23694820078066, 28.832466410074197, 28.68014791808397, 28.630081126180954, 28.432271708738334, 29.086695582254073, 29.34331973712407, 29.70210896683424, 29.56302788566289, 29.076041507833963, 28.591115404784663, 28.408215741383252, 28.277309277949918, 28.14836336280147, 28.02134592229176, 27.99622545030045, 28.52297099771283, 28.401552162039295, 28.431939077213453, 28.414102403577136, 28.298013318052355], "test": [18.0, 18.0, 18.0, 18.0, 18.0, 18.0, 17.6, 18.0, 18.0, 18.0, 18.0, 18.0, 18.0, 18.2, 19.0, 19.0, 19.0, 18.8, 18.0, 18.0, 18.0, 18.0, 18.0, 18.0, 18.0, 18.0, 18.0, 18.0, 18.0, 18.0, 18.0, 18.0, 18.0, 18.0, 18.0, 18.0, 18.0, 18.0, 18.0, 18.0, 17.0, 17.0, 17.0, 17.0, 17.0, 17.0, 17.0, 17.0, 17.0, 17.0, 17.0, 17.0, 17.0, 17.0, 15.400000000000002, 15.0, 15.0, 15.0, 16.6, 17.0, 16.6, 15.0, 10.0, 10.0, 10.0, 13.0, 13.0, 12.2, 11.0, 15.400000000000002, 18.0, 18.0, 18.4, 22.200000000000003, 21.0, 21.0, 18.6, 15.2, 14.0, 14.0, 11.599999999999998, 12.8, 14.0, 15.8, 17.4, 20.6, 21.0, 22.6, 22.4, 20.2, 19.2, 21.800000000000004, 26.6, 26.0, 25.2, 27.6, 28.8, 30.800000000000004, 32.0, 34.2, 35.0, 34.4, 33.8, 31.799999999999997, 33.4, 35.4, 36.0, 34.0, 34.0, 34.0, 34.8, 32.99999999999999, 33.0, 31.799999999999997, 33.0, 33.0, 32.599999999999994, 32.99999999999999, 32.99999999999999, 31.799999999999997, 27.8, 29.6, 30.0, 30.0, 30.0, 30.0, 29.8, 30.0, 30.0, 30.0, 30.0, 30.0, 30.0, 30.0, 30.0, 30.0, 30.0, 30.0, 30.0, 30.0, 30.0, 30.0, 30.0, 30.0]}