{"day": 4, "month": 3, "station_id": 71, "predict": [29.91922714879005, 29.979253437922992, 30.213717076853058, 30.168879466183306, 30.125485187611897, 30.098474322229464, 30.079590832244904, 30.217693931856346, 30.31152055227886, 30.311065101708152, 30.315637272397648, 30.324712566573094, 30.337666799649366, 30.303977102822543, 30.12314938042951, 30.14475245130349, 30.168394976125725, 30.193729628887983, 30.220445438441498, 30.248266338771053, 30.426947062237943, 30.5562705696128, 30.586045082759014, 30.61610166455211, 30.929259437839825, 30.833857626331728, 30.766409630233767, 30.474267174458763, 30.44201565322981, 30.415991972945083, 30.394929898992338, 30.278676123085898, 30.116916896540324, 30.109349795944986, 30.105527901344743, 29.7550396884186, 29.607510956070854, 29.312616667476757, 28.620059378849945, 27.77956737440323, 25.94089072499298, 23.103801054218636, 21.76808975584132, 23.083566747979976, 23.750058957109598, 25.217409051135505, 26.335474203441954, 25.604124977053125, 29.469821505147348, 27.076645123003285, 24.839084267029396, 22.901351512766656, 22.506139504353722, 22.14455298658787, 19.132374411212414, 12.042423308903007, 12.642908310432384, 11.953602980598973, 14.573625669584029, 17.202494764087177, 20.339482741491913, 20.53394143373275, 23.595221699858257, 22.712750907450626, 22.316001918221584, 24.554501858741457, 21.947820789052557, 22.07557070720428, 24.10740017743277, 24.34299137652897, 23.682056365935757, 24.174334174248944, 29.601248579680817, 29.166390025716794, 28.33542489001827, 27.57194397882934, 25.72126313389609, 24.99061106288052, 25.220326059608166, 25.60728433661451, 25.701163602412944, 25.352167929869786, 25.410392729566325, 25.12581782565227, 24.248307670334267, 24.57768367719944, 24.66375128937475, 24.056313012479315, 28.12516742640908, 28.1101102986872, 23.67093560278783, 20.737437428759726, 20.40941134948779, 20.486655551688703, 20.56897162940934, 20.856165227541016, 26.63514621474484, 26.834795988239826, 23.803416205773306, 23.577144439301435, 25.04577042521295, 27.503889011698288, 26.845619967487043, 28.316589686349726, 30.96401907344336, 28.135387838010555, 27.878414224774886, 25.991037502971277, 27.271451189128147, 29.11804904161673, 30.579399353953637, 31.404216614569712, 30.99134541121103, 31.58974481721369, 32.0984761500367, 32.416691597001616, 30.49362449992124, 30.67858065435456, 30.920930696285794, 27.92010332791623, 25.107344348069624, 24.880761071236204, 24.01330041516436, 22.474021143212642, 22.418525475671192, 23.13879392824142, 22.976810371084436, 22.58402968898463, 22.008346850814554, 18.44806737477433, 18.151022125023918, 18.065658814619017, 17.840494486322847, 18.37426856946001, 18.76582636320233, 19.614159670974583, 19.318369511873215, 18.82766454259744, 18.991343496803744, 19.508787524733194, 19.929449600922375, 20.15284693185041, 20.178553324083804, 20.256192854614177], "test": [31.0, 31.0, 31.0, 31.0, 31.0, 31.0, 31.0, 30.2, 31.0, 31.0, 31.0, 31.0, 31.0, 31.0, 31.0, 31.0, 31.0, 31.0, 31.0, 31.0, 31.0, 31.0, 31.0, 31.0, 30.4, 30.0, 30.0, 30.0, 31.0, 31.0, 31.0, 31.0, 31.0, 31.0, 31.0, 30.4, 30.0, 30.0, 30.0, 30.0, 30.0, 30.0, 30.0, 30.0, 30.0, 30.0, 30.0, 30.0, 30.0, 30.0, 30.0, 30.0, 30.0, 30.0, 30.0, 13.84, 14.6, 14.159999999999997, 31.0, 29.4, 29.0, 29.0, 29.0, 29.0, 29.0, 29.2, 30.0, 30.0, 29.2, 29.0, 29.0, 29.0, 28.8, 28.0, 27.4, 27.0, 27.0, 27.0, 27.0, 27.0, 27.0, 27.0, 27.0, 27.0, 27.0, 27.0, 27.0, 27.0, 27.0, 27.0, 27.0, 27.0, 27.0, 27.0, 27.0, 27.0, 27.0, 27.0, 27.0, 27.0, 27.0, 26.8, 26.0, 26.0, 26.0, 26.0, 26.0, 26.0, 26.0, 26.0, 26.0, 26.0, 26.0, 26.0, 26.0, 26.0, 26.0, 26.0, 26.0, 26.0, 26.0, 26.0, 25.799999999999997, 25.6, 25.0, 25.0, 25.0, 25.0, 26.0, 25.6, 25.0, 25.0, 25.0, 25.0, 25.0, 25.0, 25.0, 25.0, 25.0, 25.0, 25.0, 25.0, 25.0, 25.0]}