{"day": 1, "month": 8, "station_id": 73, "predict": [31.974991250611666, 31.56582141947077, 31.62862494119861, 31.627793256366704, 31.62958649716659, 31.633881757639866, 31.640592472407985, 31.649634854020302, 31.660923990329376, 31.674373770347643, 31.88989725714199, 32.04074041462197, 32.06014913590669, 32.08136956842716, 32.10431507067965, 32.128899803133244, 32.15503895584077, 32.18264894851131, 32.21164760531297, 32.24195430651718, 32.27349011894618, 32.30617790704475, 32.33994242626558, 32.374710400334806, 29.993880518968396, 30.001838179396756, 30.01603706456665, 30.03482928379661, 30.05775981567718, 30.084542661225214, 30.048255169620102, 29.81532129603571, 29.852176106108107, 29.62526522203991, 29.46771111171534, 29.312646069946698, 29.359878541961407, 29.20922612033983, 28.927181881881243, 29.11358073123384, 29.5682657515172, 29.891087895481824, 29.28190568404911, 27.940584912370223, 26.933665030173923, 26.327692196473947, 25.789219008676714, 24.584804239437254, 17.193257087655173, 17.33426363723139, 16.191244508995524, 14.368525708080433, 13.200608968056521, 12.554780843666835, 10.498211795326283, 3.8980342987398067, 1.288023646445056, 0.0, 0.0, 0.0, 0.0, 0.0, 0.0, 0.0, 0.7006514576097036, 0.41895817884153963, 0.9975415976541038, 1.3033326142273656, 1.4699168775490876, 1.8975353452227224, 2.519751483142812, 2.9367851063306847, 6.593124358855054, 6.670523496619146, 6.413172252442105, 7.292745043666585, 6.710094643981298, 6.131806448732088, 5.891003319624443, 7.8541342727882935, 8.08765662530335, 8.924704103832461, 9.29841994278131, 10.00862314157788, 10.055141385646973, 9.771143982878394, 9.223141483817662, 7.8776519852038005, 7.401200782889832, 7.860320040151597, 8.254881804069527, 8.1180977026901, 8.383185322364413, 8.250034598018535, 8.385207549133746, 8.455271360903744, 17.539489969075753, 17.4022813297304, 17.06697535159529, 19.53543882115924, 20.874678087201243, 21.818090212137207, 22.29901687747703, 24.98411718538434, 26.606708322697205, 28.833434012453303, 33.46426533224584, 36.83250133401471, 36.20476959518016, 36.047693392086515, 35.694558835518414, 37.0, 37.0, 37.0, 37.0, 37.0, 37.0, 37.0, 37.0, 37.0, 36.488906064205636, 36.98022022913923, 37.0, 36.98270035808645, 37.0, 36.950785539860235, 36.14601947722977, 35.281589919458156, 34.82383997481451, 35.172460479748835, 35.06048936779734, 35.35431108240312, 35.32032267901907, 35.29159994902283, 35.00123023201299, 34.448978582618444, 34.90128729111452, 35.15794209043756, 34.81873838219774, 34.95014748097454, 34.75198287620079, 35.024066510962854, 35.36622841039884, 35.24497299239821], "test": [32.0, 32.0, 32.0, 32.0, 32.0, 32.0, 32.0, 31.0, 31.0, 31.6, 32.0, 32.0, 32.4, 34.0, 33.2, 33.4, 34.0, 31.0, 31.0, 30.4, 30.0, 30.0, 30.0, 30.0, 29.4, 28.0, 28.0, 28.0, 28.0, 28.0, 28.0, 28.0, 28.0, 28.0, 27.8, 27.0, 27.0, 26.2, 25.199999999999996, 24.4, 22.0, 21.4, 21.0, 20.8, 20.6, 19.8, 18.4, 18.2, 14.2, 11.0, 9.4, 4.800000000000001, 0.4, 1.0000000000000022, 0.4, 0.0, 0.4, 1.0, 1.8, 0.2, 0.0, 3.6, 4.0, 4.800000000000001, 3.6, 3.6, 5.800000000000001, 5.4, 5.0, 6.0, 7.8, 6.799999999999999, 6.0, 6.0, 6.0, 6.0, 5.4, 7.4, 8.0, 8.6, 10.8, 11.0, 10.600000000000001, 8.2, 8.0, 7.2, 8.0, 8.6, 11.2, 13.2, 15.4, 16.2, 19.0, 19.0, 18.6, 18.6, 18.0, 18.8, 17.6, 17.8, 18.6, 19.0, 19.8, 22.4, 24.4, 24.4, 25.6, 30.8, 31.6, 33.2, 34.0, 33.8, 36.4, 36.4, 36.0, 36.8, 36.8, 35.2, 36.2, 37.0, 37.0, 35.4, 36.6, 36.4, 37.0, 37.0, 37.0, 37.0, 37.0, 37.0, 37.0, 35.2, 34.0, 35.2, 36.0, 36.0, 36.0, 36.0, 36.0, 36.6, 34.8, 32.0, 32.2, 33.0]}