{"day": 1, "month": 10, "station_id": 213, "predict": [30.19201149224312, 30.247384128581125, 30.30237908285322, 30.355657090558346, 30.55707300411773, 30.95666523988541, 30.804487974754267, 30.80059526622966, 30.84503957782546, 30.887871800148552, 30.92914132666986, 30.968896108110705, 31.007182696770236, 31.044046287188383, 31.07953075506317, 31.11367869493134, 31.146531456755703, 31.178129181474294, 31.208510835546036, 31.237714244522014, 31.26577612566982, 31.292732119677527, 31.31861682146295, 31.3434638101132, 31.99825820524425, 32.00411137692185, 32.010422316301636, 32.01646393725144, 32.02210897807109, 32.02734892535668, 32.03219278798054, 32.03665244998882, 32.040740041295436, 32.04446747181658, 32.04784634824937, 32.000887964110646, 32.30360330414547, 32.556003051525124, 32.55809759547343, 32.55989703883226, 32.21141120546628, 32.062649647488705, 31.963621652308195, 32.064336249499725, 31.064802217503743, 30.965028090157652, 30.815022163063638, 30.014792499796805, 27.282633733516334, 26.615359138914368, 25.682165870202635, 24.196476630770476, 23.010301243958633, 20.424018050270984, 18.037688691404867, 17.851316707750843, 17.41489454272791, 17.12841287544948, 16.591862494708767, 16.85523467000567, 16.268521210282255, 16.531714457312518, 16.394807265822184, 15.607792981449803, 15.970665418919403, 16.233418840914204, 15.196047937734585, 14.908547807735976, 14.770913938524101, 13.633142188881658, 12.3952287714006, 12.857170235794863, 26.527701598874607, 26.099025770632338, 25.470253261255824, 25.54969351245535, 26.33754580411864, 25.983733601676267, 24.488056713440027, 26.300299569745892, 26.470247859395236, 26.247692149924823, 24.53242850928672, 23.72425851937675, 24.072989161536626, 24.27843267763831, 23.84040642892964, 24.95873275738008, 24.63323885048014, 21.813756609625162, 22.40012252203652, 22.99217753613624, 20.5397669402851, 21.39274024479458, 21.550951067125098, 20.414257020185357, 28.415521412339757, 28.105954019454735, 26.55273996852997, 21.658506709601408, 25.773147709729734, 25.846429903414844, 25.878118590779952, 26.01798906908849, 27.515824102180257, 28.171412671623088, 27.834549499933743, 27.50503481834878, 26.682674200859942, 24.81727841710199, 24.108663292492267, 24.80664957285003, 23.96106279279161, 24.82173314767066, 25.48849536894042, 26.061188602840797, 26.48965629232069, 27.023746062109353, 27.21330960685321, 27.658202582236655, 33.84763762858305, 33.654700605621564, 33.37172903842308, 33.096526345751045, 33.22863960504802, 33.367843560317176, 33.4139696270031, 32.966863556409905, 32.926376709856534, 33.3423641224888, 34.01468403699372, 34.143197753451894, 34.27776954834368, 34.56826660941669, 34.564558974889394, 34.316519474482874, 34.22402367172342, 34.03694980738098, 34.105178744000305, 33.97859391150174, 33.90708125383265, 33.69052917665205, 33.47882849603104, 33.37187238815218], "test": [30.0, 30.2, 31.0, 31.0, 31.0, 31.0, 31.0, 31.6, 32.0, 32.0, 32.0, 32.0, 32.0, 32.0, 32.0, 32.0, 32.0, 32.0, 32.0, 32.0, 32.0, 32.0, 32.0, 32.0, 32.0, 32.0, 32.0, 32.0, 32.0, 32.0, 32.0, 32.0, 32.0, 32.0, 32.0, 32.0, 32.0, 32.0, 32.0, 32.0, 32.0, 32.0, 32.0, 31.799999999999997, 31.0, 30.6, 29.2, 28.2, 26.0, 27.0, 25.4, 26.2, 26.8, 25.6, 25.4, 24.2, 23.8, 22.799999999999997, 22.0, 21.4, 21.0, 21.0, 25.0, 25.0, 23.0, 23.0, 23.0, 23.0, 22.4, 22.4, 24.4, 27.0, 27.0, 27.0, 27.6, 28.0, 28.0, 27.0, 27.0, 25.2, 23.0, 23.6, 22.0, 23.199999999999996, 25.0, 24.0, 23.4, 25.4, 30.4, 33.4, 34.0, 34.0, 34.0, 31.6, 30.0, 28.8, 22.0, 20.4, 20.0, 19.2, 18.0, 18.8, 20.4, 21.6, 23.6, 23.199999999999996, 23.0, 25.4, 26.0, 24.8, 26.4, 29.8, 30.6, 31.6, 34.0, 34.0, 34.0, 34.0, 34.0, 34.0, 34.0, 34.0, 34.0, 33.4, 33.0, 33.4, 34.0, 34.0, 34.0, 34.0, 34.0, 33.6, 34.0, 34.0, 34.0, 34.0, 34.0, 34.0, 34.0, 34.0, 34.0, 34.0, 34.0, 34.0]}