{"day": 0, "month": 8, "station_id": 246, "predict": [38.003902126880284, 37.82921746120862, 37.634530435959334, 37.385944903807484, 37.28872083825899, 37.14253037010913, 37.012710865533556, 36.89784527286011, 36.79659714175146, 36.707734160797415, 36.630125157313465, 36.56273290368143, 36.50460673713687, 36.454875641519244, 36.412741856656965, 36.37747498879887, 36.34840658467966, 36.32492513315241, 36.10647146102733, 35.9592011590361, 35.94931400957162, 35.943050390054964, 36.073354627808264, 36.273205284183106, 38.76283294765449, 38.66596375498107, 38.992348565976634, 39.19133099969909, 39.194051963162096, 39.40016072509707, 39.34281318616781, 39.28850826274288, 39.170415927045866, 38.85504666371701, 38.808918888239866, 38.76522547624613, 38.72383341694553, 38.88461677492954, 38.98078966400665, 39.2789059047479, 40.4455253653937, 40.61388031857993, 40.517208479762935, 40.75541939330917, 41.0, 40.702818544522415, 40.54518267811896, 39.7221142184409, 38.96038901949456, 37.098613064424015, 35.59914445029933, 32.34268123627875, 28.400792916243095, 22.375906733791158, 18.403076948808646, 14.817092488674046, 10.819254304307236, 7.877408190998588, 4.659292806730225, 5.632549784031642, 8.998065619079732, 8.489979361771665, 7.109022961944975, 6.522527684975606, 6.397763317655569, 5.935276876953857, 6.668897529739324, 7.399074428006754, 7.459547494352804, 7.517351189597852, 8.30615129183485, 12.292914713783759, 24.539365517956714, 23.98250750302002, 18.90015854764775, 18.734940210469883, 17.95071692786114, 17.34878465891195, 17.264370604553843, 17.165981065975735, 17.788632864248658, 18.333849673021408, 18.46967377560444, 17.930679142225443, 17.451317017386337, 17.29926046516585, 17.475414594536044, 17.780592547374898, 18.14885732757573, 18.04752954288705, 18.21052779155667, 18.838375086902204, 18.931538041148453, 19.42376552519622, 19.382093516707357, 14.740182844973097, 12.140703895620414, 12.246762551898396, 13.29230859940087, 13.578768321082737, 14.728221050439288, 15.669194880708025, 17.13550316808786, 19.32806926976108, 28.63106866653819, 25.028581524716778, 29.337943868137252, 34.50975868707595, 37.01123648421858, 39.84286764723159, 41.0, 41.0, 41.0, 41.0, 41.0, 41.0, 41.0, 41.0, 41.0, 41.0, 36.55858399120267, 35.94364556914295, 35.72826648837036, 35.02450905151197, 34.690193172758825, 34.85411061881341, 34.646336179768255, 34.13075536610201, 34.63820013639024, 34.699726288779395, 34.913255193627585, 34.476889465227984, 34.78889772930129, 34.847700807114705, 34.851859050494134, 34.86672737471419, 34.89111123540693, 34.85725680671402, 34.16417529133385, 34.21096796537939, 34.39681856600563, 34.787652967727915, 34.84946609761631, 34.51498271014921], "test": [38.0, 38.0, 38.0, 38.0, 38.0, 38.0, 38.0, 38.0, 38.0, 38.0, 38.0, 38.0, 38.0, 38.0, 38.0, 38.0, 38.0, 39.6, 40.0, 40.0, 40.0, 40.0, 39.6, 39.0, 39.0, 39.0, 39.0, 39.0, 39.0, 39.0, 39.0, 39.0, 39.0, 39.0, 39.0, 39.0, 39.0, 39.0, 39.0, 39.0, 39.0, 39.0, 39.0, 39.0, 39.0, 39.0, 39.0, 39.0, 39.0, 39.0, 39.0, 38.6, 39.0, 38.8, 37.8, 19.599999999999998, 16.8, 14.649999999999999, 12.2, 12.9, 15.4, 15.0, 13.850000000000001, 13.349999999999998, 13.399999999999999, 13.05, 13.599999999999998, 14.149999999999999, 14.2, 14.3, 15.1, 18.099999999999998, 19.0, 18.599999999999998, 18.7, 18.549999999999997, 18.05, 17.750000000000004, 17.7, 17.65, 18.15, 17.9, 17.25, 16.9, 16.6, 16.55, 16.75, 17.05, 17.400000000000002, 17.4, 34.0, 34.0, 33.4, 32.4, 34.2, 15.0, 14.95, 15.049999999999999, 15.85, 16.700000000000003, 17.549999999999997, 18.4, 19.599999999999998, 37.00000000000001, 37.0, 37.0, 37.0, 37.0, 36.8, 37.0, 37.6, 37.4, 37.0, 37.0, 37.0, 37.0, 37.0, 37.0, 37.0, 37.0, 35.4, 35.0, 35.0, 34.0, 34.0, 34.0, 34.0, 34.0, 34.0, 34.0, 34.0, 33.0, 38.2, 39.0, 38.2, 38.0, 38.0, 38.0, 38.0, 38.0, 38.0, 38.0, 38.0, 38.0]}