{"day": 3, "month": 11, "station_id": 228, "predict": [31.41172158849639, 31.70721614525924, 32.00262539860006, 32.285530700896096, 32.553558920142265, 32.806856407839284, 33.04614381920618, 33.27223490194879, 33.48592371886462, 33.68796109469612, 33.87905182653525, 34.05985644565338, 34.23099382302672, 34.39304380673197, 34.546549727692174, 34.692020749626614, 34.82993406721525, 34.96073696137633, 35.08484872087451, 35.20266243900004, 35.31454669349476, 35.42084711736075, 35.52188786768485, 35.86797299914369, 35.542250156240776, 35.73583763708901, 35.58956350114719, 35.27839549573977, 35.408122180582744, 35.53029620242384, 35.14555823718603, 34.954347578570264, 34.807047346133125, 34.70401296593855, 34.795578024457996, 34.932056121237935, 35.213742095620745, 35.19091314771727, 34.9638299058522, 34.68273743710396, 34.6478661985284, 33.70943293030696, 32.1676414936308, 31.222683656542007, 30.924739830935852, 32.57397976377885, 31.370563185419268, 29.764640417688174, 36.11219218019403, 35.294229387367956, 32.04024029294126, 28.11470703954268, 26.7581332163566, 26.22634762201061, 26.31881511000926, 25.18404215234186, 23.170507523735946, 20.876788576639697, 18.001563718169933, 16.493602757290738, 10.001758888987975, 9.124962384359664, 8.66221520342533, 11.862586138377235, 11.775206332661849, 11.74926511311317, 12.28400610324536, 13.978723595962917, 15.182759167673904, 14.945498517608453, 14.416368517379748, 13.194834456854792, 5.2090276056208, 5.579560696813752, 5.779211664690692, 6.103430799415747, 6.161669136787591, 6.306285916582791, 6.48833481363527, 6.158630598063847, 6.767921231083625, 6.816909473067586, 7.506254902486379, 6.386575278606818, 5.558448632723629, 5.272415645525983, 5.478982023319529, 5.978620767403342, 6.4217743086115275, 6.308856505308795, 5.890254510826259, 6.166330518136705, 6.737423389668125, 6.953850179797323, 7.265907557109274, 7.523873133049493, 6.229413733081078, 5.808421861084513, 5.6787477940740345, 5.990096106726082, 6.504397295163567, 2.4541068393212666, 2.849414755655355, 4.370006333007352, 6.475476970960051, 7.815425826205571, 9.22947513635629, 17.097272911669496, 19.34849209126516, 21.30282904546109, 23.31000203281357, 24.46974973080477, 25.73182985789726, 26.746017885060446, 28.012105831611574, 28.92990114000159, 29.949225624455984, 31.569914488707234, 32.59181540836299, 34.11478767374038, 30.318576426338083, 31.638732155678788, 31.657208750442027, 32.07853383474713, 32.00420903008113, 32.53442225328901, 32.81893929750791, 33.057420828310484, 33.499517521812514, 33.944895280484864, 34.19324069956535, 34.24426136726626, 34.29768492316129, 34.353257875338194, 34.560744419434464, 34.469925314288716, 34.530596823616854, 34.59256972262321, 34.65566836622058, 34.719729815211686, 34.78460301689043, 34.85014803671327, 34.91623533789166, 35.18274510594935], "test": [33.0, 33.4, 34.0, 34.0, 34.0, 34.0, 34.0, 34.0, 34.0, 34.0, 34.0, 34.0, 34.0, 34.0, 34.0, 34.0, 34.0, 34.0, 34.0, 34.0, 34.0, 34.0, 34.0, 35.2, 35.6, 35.0, 35.0, 35.0, 35.0, 35.0, 35.0, 34.0, 33.2, 33.0, 33.0, 33.0, 33.0, 34.0, 34.0, 34.0, 34.0, 34.0, 33.0, 32.0, 31.4, 31.0, 32.6, 38.2, 36.0, 32.0, 28.4, 28.4, 26.4, 25.4, 22.800000000000004, 20.2, 16.8, 14.6, 12.8, 11.2, 9.800000000000002, 8.8, 8.8, 7.800000000000001, 6.4, 6.2, 8.0, 7.4, 6.0, 5.0, 5.2, 6.0, 4.2, 4.0, 3.2, 0.9999999999999998, 1.4000000000000001, 1.6000000000000003, 1.9999999999999996, 3.0, 2.6, 3.3999999999999995, 4.4, 3.2, 3.0, 2.8, 3.5999999999999996, 5.0, 4.6, 4.4, 4.4, 4.0, 4.4, 3.3999999999999995, 4.2, 5.6, 5.8, 4.2, 3.0, 3.5999999999999996, 4.2, 4.0, 4.8, 7.6, 10.4, 4.6, 1.2, 2.8000000000000003, 5.2, 4.3999999999999995, 3.799999999999999, 1.200000000000001, 21.999999999999996, 22.800000000000004, 23.799999999999997, 24.56, 25.359999999999996, 26.68, 28.32, 29.840000000000003, 30.4, 31.599999999999998, 31.639999999999997, 32.120000000000005, 32.04, 32.44, 32.64, 32.8, 33.120000000000005, 33.44, 33.6, 33.68, 33.800000000000004, 33.800000000000004, 33.92, 33.800000000000004, 33.800000000000004, 33.800000000000004, 33.800000000000004, 33.800000000000004, 33.800000000000004, 33.800000000000004, 33.800000000000004, 33.96]}