{"day": 3, "month": 2, "station_id": 130, "predict": [22.350325328020485, 21.824471683831682, 21.108547598470363, 20.94571933308084, 20.603023914572063, 20.213014262367604, 19.841470541172967, 19.48753079032145, 19.150372283351565, 18.82921156320894, 18.523302723037126, 18.231935561831026, 17.954433811184586, 17.690153451212, 17.43848111301292, 17.19883256318807, 16.970651266037525, 16.7534070193299, 16.54659465976342, 16.349732834452055, 16.162362834967766, 15.984047490656891, 15.814370118124526, 15.65293352394755, 22.575424220074567, 22.12187318930842, 21.68381746550088, 21.26553433235933, 20.866673049495056, 20.486381059245698, 20.123786877619207, 19.778055095603918, 21.981724163014228, 22.467371663453612, 22.16761236115967, 21.88176295454508, 21.6091735943222, 21.349226165569497, 20.901332661649064, 20.531600311437664, 19.906163455072537, 19.757848830391005, 19.352840932504883, 18.824014109189026, 18.370931388318745, 17.326510033800318, 16.757020493302605, 16.462085401284273, 18.64249994851513, 18.417334359485572, 17.073940579633845, 17.07532147795449, 14.754227996086989, 12.776890776449386, 15.809559563406427, 14.985169437036117, 12.770005985750597, 10.630370482236824, 10.032578919299354, 11.442961308167986, 10.061194411956345, 8.95363452441407, 8.786650277059, 8.559955469574566, 8.806608588185426, 8.99301234420835, 8.318913231867038, 8.050734437872945, 8.05490876865288, 8.131211594473182, 8.079427143076465, 7.899348142144355, 0.0, 0.0, 0.7568333818131703, 1.0852725988244951, 1.143037407659476, 1.6636766338138427, 2.180708438263556, 6.360968508760392, 6.671280954584402, 5.845126576082298, 5.482643740357235, 5.650629037083383, 5.682537850101899, 6.711818214639161, 7.4719113042958725, 7.49625188540664, 7.518268741327486, 7.604718402032486, 7.622352180854914, 7.637916520072137, 7.384819980254312, 7.063133541528381, 8.47292421814729, 10.347588654332572, 6.233793131586838, 6.47778803064655, 7.263228371874846, 7.774727473829433, 8.94414418772352, 9.638264765970723, 10.257383768396545, 9.068473365579479, 8.33849747392698, 8.801076309712176, 9.856486399399046, 11.371660873268405, 11.0135231285207, 11.71565382445679, 12.611624536750002, 12.701664736369164, 13.85266209301339, 14.39816276978258, 15.805038375855876, 16.273486243968552, 16.070363032822403, 16.99585165457355, 16.916794860882582, 17.23336215435132, 11.871952593431235, 12.68212364649366, 13.066204635417995, 13.363234534030072, 13.974906710496187, 14.302327171286041, 14.613140434710571, 14.4415934301723, 14.255213190621983, 14.654810823667747, 14.70781780100506, 14.948288660704508, 15.17690354641826, 15.260970598084391, 15.267761535598924, 15.464513776717615, 15.518432430259132, 15.163358838645967, 15.333105676736926, 15.494791946829167, 15.58217787598542, 15.995666388141835, 16.26897115644049, 16.40245124090611], "test": [23.0, 23.0, 23.0, 23.0, 23.0, 23.0, 23.0, 23.0, 23.0, 23.0, 23.0, 23.0, 23.0, 23.0, 23.0, 23.0, 23.0, 23.0, 23.0, 23.0, 23.0, 23.0, 23.0, 23.0, 23.0, 23.0, 23.0, 23.0, 23.0, 23.0, 23.0, 23.0, 23.0, 23.0, 23.0, 23.0, 23.0, 23.0, 23.0, 22.0, 22.4, 22.4, 22.0, 22.0, 22.6, 22.0, 21.6, 20.4, 17.8, 17.6, 16.2, 13.2, 10.4, 8.0, 6.200000000000001, 4.6, 0.3999999999999999, 0.0, 0.0, 0.0, 0.0, 0.9999999999999998, 0.19999999999999996, 0.5999999999999999, 0.9999999999999998, 0.9999999999999998, 0.9999999999999998, 0.9999999999999998, 0.9999999999999998, 0.0, 0.0, 0.19999999999999996, 8.4, 9.0, 8.4, 8.0, 8.0, 8.2, 7.0, 7.0, 7.0, 7.0, 7.800000000000001, 9.0, 9.0, 7.4, 6.8, 6.0, 6.0, 6.0, 5.8, 5.0, 5.0, 5.0, 5.4, 6.0, 3.6000000000000005, 3.0, 3.0, 3.0, 3.0, 3.0, 2.2, 5.000000000000001, 6.4, 7.4, 9.2, 7.6, 1.5999999999999996, 1.5999999999999996, 3.8, 7.199999999999999, 8.0, 7.199999999999999, 7.199999999999998, 7.199999999999998, 8.2, 9.2, 10.0, 11.0, 11.4, 10.8, 10.6, 11.6, 12.0, 12.0, 12.0, 12.0, 12.0, 12.2, 13.8, 14.2, 15.8, 16.0, 16.0, 16.4, 17.4, 18.0, 18.0, 18.6, 18.0, 18.0, 18.0, 18.4]}