{"day": 0, "month": 7, "station_id": 71, "predict": [26.767725105801517, 24.895416089929245, 28.093165049439904, 29.21991450164625, 29.683597138951814, 30.091256884567855, 30.449154008646293, 30.762856624578582, 31.03732051907905, 31.476958964505233, 31.98570390719862, 32.16705971281587, 32.32415047152632, 31.85976171668182, 32.07637728524727, 32.676211942885296, 32.761240307784, 33.08322253234294, 33.24372713840293, 33.444151347927225, 33.48573920534034, 33.51959774880406, 33.39671145447067, 33.16795514930076, 28.066496380642683, 28.662781221999634, 29.19640604622886, 29.674030022307143, 30.10154039948832, 30.48415460007637, 30.826506996187852, 31.1327228749725, 31.406481667754257, 31.301071164631736, 31.019434143977723, 30.11420860509196, 29.937762593013794, 29.742224439803316, 28.9795091103734, 28.201341228195975, 25.559275262797073, 22.354713283505042, 17.288920619635007, 14.463039713881152, 20.828102411254033, 24.745040888884148, 21.604697401130153, 16.94783298862278, 16.54213597025819, 12.850454792984573, 12.483591828118891, 7.335314601219791, 5.56366499371376, 4.0402469952109, 1.7496350803797993, 1.3788825694080062, 5.767112884934209, 8.205179558135919, 8.785383268708856, 9.601236215669513, 8.647265780906626, 7.318850825266353, 5.712085097338791, 4.723663179076826, 10.75078517386815, 9.641076989765692, 7.942523606469621, 14.49341315853759, 12.372290035050522, 12.297915500704935, 11.729234595895658, 12.115348282775091, 27.12414216399718, 25.116351136568795, 27.651135338237786, 25.876178262323347, 24.821910486510234, 20.951143912618683, 23.108758630944298, 23.321434349335735, 22.777419616407887, 21.866333145567033, 21.078992447272807, 20.607265730623357, 20.29394366640748, 19.332628132580385, 24.03763550662808, 24.463912441582572, 23.416962375270575, 22.802781285490344, 23.007801425354128, 22.938841959788075, 14.90306558180141, 13.947940320337613, 18.58120586423659, 14.59084382235459, 15.22471726436784, 13.271570269191574, 13.266137373394894, 12.304230974034914, 12.281914981523272, 12.595513120645654, 15.691610286874228, 21.017048735549437, 24.41892051446912, 28.944557252927122, 30.141518179665674, 26.357577048159307, 29.890708491593394, 32.83907420482169, 31.90100925072476, 26.07500870901989, 28.9597148228216, 30.20390474894958, 32.10647897953603, 32.41645047277955, 32.43293450800049, 32.805139263066714, 30.782357099636222, 30.263956532573992, 24.495899625462908, 24.412688341130618, 26.360983274106513, 27.499936404662225, 28.737444416732522, 29.730327273756565, 29.034480356415628, 27.555004227185144, 26.396315441132604, 27.162241282054538, 27.956100850396396, 28.380774549920805, 28.938763701701117, 29.432241746664246, 29.613098273215968, 29.282976917478365, 29.64330802453754, 29.94533682499251, 30.290147767966566, 30.328685556212914, 30.36177334819531, 30.540128523692715, 30.664376351592082, 32.63506184944313], "test": [26.0, 27.0, 27.0, 27.0, 27.0, 27.0, 27.0, 27.0, 27.0, 27.0, 27.0, 27.0, 27.0, 27.0, 27.0, 27.0, 27.0, 27.0, 27.0, 27.0, 27.0, 27.0, 27.0, 27.0, 27.0, 27.0, 27.0, 27.0, 27.0, 27.0, 27.0, 27.0, 27.0, 26.6, 25.200000000000003, 24.0, 24.0, 23.6, 23.0, 22.6, 20.4, 16.4, 10.0, 11.6, 30.4, 30.4, 28.6, 24.4, 17.2, 13.0, 13.0, 11.2, 13.600000000000001, 4.8, 0.2, 0.6, 2.8, 5.2, 15.4, 19.0, 18.0, 17.2, 17.6, 16.4, 15.6, 22.2, 12.199999999999998, 28.0, 28.0, 28.0, 28.6, 29.2, 15.959999999999999, 15.56, 29.0, 28.8, 28.8, 27.0, 27.4, 27.6, 27.6, 28.2, 28.4, 26.199999999999996, 25.0, 23.0, 24.800000000000004, 26.199999999999996, 25.200000000000003, 25.0, 21.8, 21.2, 24.6, 28.6, 17.68, 17.88, 15.840000000000002, 20.2, 16.6, 20.6, 22.0, 20.0, 20.8, 26.8, 32.2, 33.0, 31.2, 31.6, 32.8, 32.6, 32.4, 33.0, 33.0, 33.0, 32.8, 33.0, 33.0, 33.0, 30.6, 26.0, 30.0, 33.8, 34.0, 34.0, 34.0, 33.6, 33.2, 34.0, 34.0, 34.0, 34.0, 34.0, 34.0, 34.0, 34.0, 34.0, 34.0, 34.0, 34.0, 34.0, 34.0, 34.0, 34.0, 34.0]}