{"day": 3, "month": 9, "station_id": 116, "predict": [21.0, 21.0, 20.979963391591955, 20.882558004221714, 20.7966807646526, 20.72093067584152, 20.654015738034193, 20.594815076316195, 20.542358572474242, 20.49580459658407, 20.454421834248972, 20.41757420611567, 20.38470804903211, 20.35534110016702, 20.32905299247001, 20.305477042168487, 20.284293148194322, 20.265221650623687, 20.24801801687822, 20.23246824264796, 20.218384870076836, 20.205603539151703, 20.193979999779724, 20.183387521988656, 20.92045159489514, 20.834840100409597, 20.756422862877248, 20.686535236366304, 20.624565026888902, 19.70294609041665, 19.18748777410158, 19.144095199201182, 19.105435939439946, 19.070930049183335, 18.973405902574758, 19.145756997994102, 18.520933316853306, 18.2986004931521, 18.545133325171943, 18.460276829664778, 17.910474719959208, 17.628865204785683, 16.815277351927996, 15.802894606359095, 15.458252063091424, 15.181234104095283, 15.105072349838597, 14.563010549449727, 17.16834540667723, 16.378115633194792, 14.45954122357328, 14.49098201245911, 11.739689209064728, 10.804063446967277, 7.548955711804921, 5.972695612806262, 4.807145122051936, 4.051021385664612, 3.1698750032436873, 2.3627350336145634, 1.0287562818475318, 1.700535741991788, 2.6440979771827564, 2.858882487853765, 3.1443994684285284, 5.100220384124625, 7.259303163930105, 9.287985166963072, 9.985977103641208, 10.086357780684823, 9.85556955702876, 8.493414413278838, 0.0, 0.0, 0.0, 0.5786502488525901, 1.0906590638080231, 1.2620004732970556, 1.436459692862027, 1.2896421603351935, 1.9625706860440244, 1.9951994032739706, 2.126562483292388, 2.628234698659602, 1.4377743277086008, 1.225484273846304, 2.3278268248902148, 2.81416051342336, 2.5534672921810704, 2.3477380257913514, 2.732017449834912, 3.374442923004045, 2.3429444947455194, 2.3052736928674356, 2.3290283339235427, 2.348340571526685, 1.7649839499491136, 2.7752146161094746, 4.737557141325352, 5.729060343710876, 7.689589384345061, 8.890415617526694, 9.201928161067107, 10.827280364297447, 12.169186099407058, 12.629992121332375, 14.278397123139982, 15.449494481265898, 15.74480862798501, 15.898993073380616, 17.77985754151876, 17.18839148346329, 17.65878445929487, 18.19177714267199, 18.38800997700342, 17.84803646338529, 17.505668018387933, 18.027983970092286, 17.88200689598603, 18.534710145763896, 20.11368575191809, 20.64756753405212, 20.959537676634266, 20.568586441802953, 19.33452980893474, 18.98688736259871, 19.12302934522542, 19.407526835701006, 19.57193407754677, 20.214706359958843, 19.334492220173193, 20.196772514352173, 20.53383857354049, 20.478107103604486, 20.42877096814065, 20.38511874467743, 20.346522748031703, 20.312428608732567, 20.082346198951484, 20.255841727425217, 20.165864182391175, 19.945405988927124, 20.194164431613405, 20.17853707554471], "test": [20.6, 20.0, 20.0, 20.0, 20.0, 20.0, 20.0, 20.0, 20.0, 20.0, 20.0, 20.0, 20.0, 20.0, 20.0, 20.0, 20.0, 20.0, 20.0, 20.0, 20.4, 21.0, 21.0, 21.0, 21.0, 21.0, 21.0, 21.0, 21.0, 20.6, 20.0, 20.0, 20.8, 21.0, 21.0, 21.0, 21.0, 21.0, 21.0, 21.0, 21.0, 20.8, 19.8, 19.0, 18.0, 16.0, 16.8, 17.0, 15.8, 13.8, 11.8, 8.6, 4.599999999999999, 1.6, 0.20000000000000046, 0.0, 0.39999999999999974, 0.0, 0.20000000000000018, 0.20000000000000018, 0.6, 0.6, 1.6, 1.0, 1.0, 1.0, 0.6000000000000002, 1.0, 0.39999999999999974, 0.0, 0.0, 1.2000000000000004, 0.0, 0.0, 0.0, 0.0, 0.6000000000000002, 0.0, 0.0, 0.19999999999999987, 0.19999999999999987, 0.0, 0.19999999999999987, 0.8, 0.4, 0.0, 0.0, 0.8, 0.39999999999999974, 0.5999999999999999, 1.0, 1.8, 0.5999999999999999, 1.0, 1.0, 1.4, 1.1999999999999997, 1.6, 2.3999999999999995, 2.0, 4.2, 4.8, 5.2, 6.800000000000001, 12.0, 13.8, 16.6, 20.4, 21.0, 20.8, 20.8, 19.2, 18.8, 18.4, 18.6, 20.0, 20.2, 20.6, 20.2, 20.0, 20.4, 21.0, 21.0, 21.0, 21.0, 21.0, 21.0, 20.6, 21.0, 21.0, 21.0, 21.0, 21.0, 21.0, 21.0, 21.0, 21.0, 21.0, 21.0, 21.0, 21.0, 21.0, 21.0, 20.4]}