{"day": 1, "month": 6, "station_id": 246, "predict": [38.914281158537335, 38.777076132326584, 38.83879795466488, 38.89510406448377, 38.94549482582268, 39.323722907824646, 39.36368766963696, 39.33259767788752, 39.097607590887286, 39.12581793374628, 39.350946834985685, 39.3066688437619, 38.52661994983774, 38.544402040626025, 38.560253502158034, 39.30771935575059, 39.58698765237289, 39.59822550725928, 39.608248151371946, 39.75052103768645, 39.95849503562214, 39.96560807619911, 39.97195327360334, 39.97761354571823, 39.10189110379253, 39.21637314283991, 39.32277443377304, 39.41783704496275, 39.23533829581427, 39.243021375471315, 39.30863942155187, 39.36651280516282, 39.55085361005762, 39.79577451931635, 39.83529970828868, 39.87004165295402, 39.90054349570566, 40.26062035882588, 40.28403305335549, 40.037827627765445, 40.25567418890272, 40.67120508243739, 40.48468584271997, 39.829685645936614, 39.43974732558856, 38.848390335478875, 38.38911337243609, 37.595396698828395, 34.73600212493868, 32.80709733219931, 30.83396044328272, 29.317637715975224, 26.06431487626115, 18.77478019912496, 13.948928648696663, 13.61991099078573, 12.554262834215635, 7.751913990042713, 4.812846215584315, 4.470416381980207, 3.8580142404904327, 2.5090549497651864, 2.0903061968259773, 2.068549725509393, 2.510577107864946, 2.3498529507819392, 5.919845417365813, 5.82069062692279, 4.985857512569857, 5.482146395158058, 7.4430212100170525, 7.601941999256063, 1.7754509125626459, 2.1114263305307053, 2.576510531261339, 3.6530060085321736, 4.017245924570126, 3.6087731372378578, 3.1657483101147705, 3.1589292169017353, 4.058538317680397, 4.601019590727437, 5.4557661861402575, 5.825170159038883, 6.577998475750513, 6.44943004446054, 6.574421262128253, 6.087734057015002, 5.990626975928786, 7.284209790910257, 7.502795370436078, 7.51391583915706, 7.918336669717008, 8.050068975986193, 8.243046908254035, 7.297803686835608, 14.706086534010385, 14.416981678147147, 14.718029914297603, 14.961130396663597, 14.539780078380794, 15.512888637575186, 15.80687906990506, 18.21566785618847, 20.800543543879527, 19.290075041284236, 24.64670490444948, 31.20001989424726, 36.26336265731362, 38.10044992170539, 38.441996362485014, 40.95234345140646, 39.41275936511258, 36.68807609944605, 37.976663333420156, 39.27707197442969, 40.788013697626106, 40.30834283456693, 40.437040336664744, 40.57319957156523, 39.05729262844233, 39.22582418591833, 39.07962229309587, 39.394019768657145, 39.36468740520982, 38.59161360498432, 39.00886022950707, 39.083893796027276, 39.017476603878954, 38.61031950574968, 38.72974896467213, 38.576375975826586, 38.41743187977772, 38.72010422145752, 38.55153928899428, 38.91217797117794, 39.069091573280126, 39.28931756866292, 39.5065286021264, 39.85436806567332, 40.26645223801258, 40.34303898236789, 40.35102966643185, 40.35730430370976], "test": [39.0, 39.0, 38.8, 37.8, 37.0, 37.0, 37.0, 37.8, 38.0, 38.0, 38.0, 38.0, 38.0, 38.0, 38.0, 38.0, 38.0, 38.0, 38.0, 38.0, 38.0, 38.0, 39.0, 39.0, 39.0, 39.0, 39.0, 39.0, 39.0, 39.0, 39.0, 39.0, 39.0, 39.0, 39.0, 39.0, 39.0, 39.0, 39.0, 38.8, 39.0, 39.0, 39.0, 39.0, 39.0, 36.8, 35.8, 35.6, 32.8, 30.0, 28.6, 23.4, 20.0, 13.600000000000001, 7.6, 11.049999999999999, 1.0000000000000009, 6.800000000000001, 8.6, 4.6, 4.2, 5.2, 5.0, 3.0, 2.2, 1.2, 0.5999999999999994, 0.5999999999999994, 0.0, 0.8000000000000002, 2.0000000000000004, 2.0000000000000004, 3.2, 13.200000000000001, 10.15, 20.8, 18.6, 18.6, 17.0, 15.4, 14.000000000000002, 14.6, 16.0, 17.999999999999996, 17.6, 18.0, 19.0, 17.8, 16.4, 15.0, 15.0, 14.6, 15.2, 15.4, 15.2, 16.0, 16.4, 11.4, 8.0, 10.0, 12.0, 12.0, 12.0, 12.4, 13.200000000000001, 15.8, 22.6, 29.0, 35.2, 39.0, 38.8, 37.2, 37.2, 38.4, 38.4, 39.0, 38.6, 38.2, 39.0, 39.0, 39.0, 39.0, 39.0, 38.4, 38.4, 37.8, 39.0, 39.0, 39.0, 39.0, 39.0, 39.0, 38.2, 34.0, 34.0, 34.0, 34.0, 33.2, 33.0, 33.8, 34.0, 33.4, 33.0, 33.0]}