{"day": 2, "month": 12, "station_id": 427, "predict": [35.99205673390488, 36.019235654949554, 36.063451390981015, 36.116599848628375, 36.175906932954184, 36.239931018585715, 36.30763707989184, 36.378177157212605, 36.51749404392901, 36.85829624238182, 36.93337694041195, 37.00893674080778, 37.084574845149305, 38.15994805407751, 38.234763995296134, 38.30877511034258, 38.38177330691124, 38.520251868664566, 38.857401225024994, 38.92643852436139, 38.99393762685691, 39.05982613872174, 39.12404944750381, 39.18656838916079, 36.00342706672428, 36.181874193812696, 36.303234718158585, 36.42543650054805, 36.54649549457922, 36.2657973308929, 35.78303125720861, 35.897982550084, 36.010487443307234, 36.120419872728945, 36.02768510438121, 35.99888190206343, 36.100632138727384, 36.199577568681086, 35.962376992848895, 35.78903709541133, 35.012910244813966, 33.03402589210938, 32.18575553717874, 34.46814457004772, 34.014577630692436, 32.82511079990669, 31.499803936034557, 29.772053141033293, 37.63824530859008, 40.35806988238844, 41.01081469672309, 36.860643466042625, 34.039361747687714, 31.90344123966627, 27.729581403385165, 21.990169713618315, 18.28932103896888, 20.630402737255313, 19.54965883205168, 18.516323637783014, 18.399344907582485, 18.534087090015174, 22.322359763645913, 25.76577508643336, 26.132435634056105, 25.223619886672807, 23.84046569776822, 22.85065198292303, 22.721745489385594, 22.92121281463532, 23.116431156183953, 21.708031258834353, 27.984319501599956, 28.67146561426328, 28.023625056080096, 27.558531146282572, 28.075002685554605, 27.065024868945986, 24.540349733548524, 26.107986437621463, 25.90642499079204, 25.006593956707476, 24.87886233473533, 25.12650736736508, 25.685782723893592, 24.825963160667097, 24.149379385353846, 23.658114348945457, 22.55402928513484, 22.572120216891598, 22.58053867031428, 22.580610219018393, 22.573517762172774, 22.62698307404901, 22.475280139358794, 22.585913769085, 28.152851945530262, 28.3815897206225, 28.170027899665367, 29.121414562644432, 29.964741457874265, 30.62996151013468, 31.381373105360453, 31.017151117351567, 30.869100450337807, 33.202551261085404, 34.349646389487845, 33.30931748747076, 36.34726947387074, 37.72930186256405, 40.32129863374804, 43.0, 43.0, 43.0, 43.0, 43.0, 43.0, 43.0, 43.0, 43.0, 30.167953435353063, 31.022841076392783, 31.04446689069122, 30.736130839874008, 30.573200095241326, 30.4237212519972, 30.553748948378317, 30.62884316719844, 30.58117028488146, 30.676293180739215, 31.113201313959923, 31.157646110699798, 31.475468342304293, 31.799256990183412, 31.995008130835217, 32.4621177013352, 32.46670825621782, 32.474956367518594, 32.819753951740985, 33.30070346784894, 33.317446932560564, 33.2029953703232, 33.22372532011376, 33.246042359059054], "test": [36.0, 35.6, 34.0, 36.0, 36.0, 36.0, 36.0, 36.0, 36.0, 36.0, 36.0, 36.0, 36.0, 36.0, 35.6, 36.0, 36.0, 36.0, 36.0, 36.0, 36.0, 36.0, 36.0, 36.0, 36.0, 36.0, 36.0, 36.0, 36.0, 36.0, 36.0, 36.0, 36.0, 36.0, 36.0, 36.0, 36.0, 36.0, 36.0, 36.0, 36.0, 36.0, 36.0, 36.0, 36.0, 36.6, 37.0, 37.0, 37.0, 37.0, 37.0, 36.2, 36.0, 36.0, 36.0, 36.0, 36.0, 32.4, 30.999999999999996, 30.600000000000005, 31.199999999999996, 32.0, 32.0, 30.0, 30.0, 29.6, 28.000000000000004, 27.0, 27.0, 27.0, 27.0, 27.0, 27.800000000000004, 26.0, 26.0, 26.0, 26.2, 27.0, 27.2, 28.000000000000004, 28.000000000000004, 28.000000000000004, 28.000000000000004, 28.000000000000004, 27.2, 26.0, 26.0, 26.0, 26.0, 26.0, 26.0, 25.4, 25.2, 27.4, 28.000000000000004, 28.000000000000004, 28.400000000000002, 32.0, 32.0, 33.6, 34.0, 34.0, 34.4, 35.0, 35.00000000000001, 35.0, 35.0, 35.0, 35.0, 35.4, 36.0, 36.0, 35.6, 36.0, 36.0, 36.0, 36.0, 36.0, 36.0, 37.0, 37.0, 37.0, 37.0, 37.0, 37.2, 38.8, 39.0, 39.0, 39.0, 39.0, 39.0, 39.0, 39.0, 39.0, 39.0, 39.0, 39.0, 39.0, 39.0, 39.0, 39.0, 39.0, 39.0, 39.0]}