{"day": 1, "month": 9, "station_id": 154, "predict": [1.2721059338424865, 1.5819628045557674, 1.806831724789318, 2.005276738072213, 2.1857883496142945, 2.3415282905813295, 2.4759421442161447, 2.5926581333356897, 2.6931990012601714, 2.7789148874190004, 2.851297572090238, 3.178389577181028, 3.628077803937353, 3.668134814679523, 3.699570591185139, 3.7233049802078195, 3.7401739318738003, 3.7509367538016045, 3.7562829683501455, 3.756838411918865, 3.753170721462385, 3.7457943569975582, 3.7351752160831047, 3.721734860623139, 1.364830252131092, 1.7590783420693887, 2.9835408772252023, 3.3026419826792695, 3.527830164340669, 3.721392688601037, 3.887265820085183, 4.029637482488091, 4.151083757867919, 4.253843944657638, 4.340057585963862, 4.411646182623266, 4.4703077144429635, 5.050887481656068, 9.35473667797188, 18.38306163357867, 29.203604785102968, 33.01732529349661, 32.825078390052674, 33.36095982068458, 32.75898233196085, 28.08641778732535, 27.210471695866566, 30.931623566334274, 18.203619392155304, 18.470738368499646, 19.436641611756514, 20.844227973380534, 22.84458831358591, 22.610695184031847, 24.10236953304412, 24.850400803991075, 26.326679345715828, 27.272906042894334, 28.096222344902483, 28.53586347438028, 29.063663100769475, 29.284263140772694, 27.268507066953248, 26.686799480203597, 28.675811009987342, 28.171858182540408, 25.177611459257143, 25.828795865297494, 27.127553939198172, 28.142472527531563, 28.275273465741588, 28.794168201570862, 35.0, 35.0, 35.0, 35.0, 34.62604210539274, 34.119966661443584, 33.831040747309544, 33.027875348277576, 32.57434623013295, 33.60148575704982, 33.907864581374035, 33.75900459752468, 32.75382792806919, 32.22467639748844, 31.50400932804564, 31.3243935494554, 31.151816004494613, 30.25233742220522, 29.69208439212552, 28.33724201970851, 26.854046742260905, 25.908780000110095, 23.167762845866463, 18.030684595043983, 13.509369909364588, 8.566053121691986, 4.1397965650674164, 12.086377872093868, 22.673879633609197, 25.60641040079875, 28.351109644875443, 24.964337283499553, 16.778394680702096, 10.194307839690495, 10.011495768724483, 6.629054420103572, 1.3798343893869658, 0.0, 0.0, 0.0, 0.0, 0.0, 0.0, 0.0, 0.0, 0.0, 0.0, 0.7856594947567556, 0.8031076516455883, 0.17504423104029737, 0.0, 0.0, 0.03304975582075337, 0.8775007635247272, 0.6469189119406605, 0.8798631472257092, 1.239295527996132, 1.2585124564938939, 1.2725875744579305, 0.6825974137560133, 1.0224233827268139, 1.6259013698373566, 2.3602021901077217, 2.092428298789256, 2.422940290399637, 2.9520445455819484, 2.8133383341212777, 3.0070475932189717, 3.000031224959727, 2.7257859306838927, 1.8511171049151454, 1.3094756096285163], "test": [1.0, 1.0, 1.0, 1.0, 1.0, 1.0, 1.0, 1.0, 1.0, 1.0, 1.0, 0.9999999999999999, 0.9999999999999999, 0.9999999999999999, 0.9999999999999999, 0.9999999999999999, 0.9999999999999999, 0.9999999999999999, 0.9999999999999999, 0.9999999999999999, 0.9999999999999999, 0.9999999999999999, 0.9999999999999999, 0.9999999999999999, 0.9999999999999999, 0.9999999999999999, 0.9999999999999999, 0.9999999999999999, 0.9999999999999999, 0.9999999999999999, 0.9999999999999999, 0.9999999999999999, 0.9999999999999999, 0.9999999999999999, 0.9999999999999999, 0.9999999999999999, 0.9999999999999999, 0.9999999999999999, 4.8, 13.6, 26.0, 31.200000000000003, 29.000000000000004, 27.55, 26.400000000000002, 9.8, 8.4, 16.8, 30.2, 29.2, 30.0, 31.0, 32.0, 32.0, 32.0, 32.0, 32.0, 32.0, 32.0, 32.0, 32.2, 33.2, 33.2, 33.2, 33.8, 34.0, 34.0, 34.0, 34.8, 35.0, 35.0, 35.0, 35.0, 35.0, 34.0, 34.8, 34.2, 34.6, 34.6, 33.6, 33.8, 34.4, 35.0, 33.0, 30.8, 29.4, 28.6, 26.799999999999997, 25.2, 25.0, 24.2, 24.0, 23.0, 20.6, 19.0, 16.4, 11.6, 7.4, 0.5999999999999999, 1.8000000000000003, 17.499999999999996, 19.750000000000004, 22.450000000000003, 19.900000000000002, 0.5999999999999994, 0.7999999999999998, 1.0000000000000004, 1.0000000000000004, 0.3999999999999999, 2.2, 2.0, 0.2, 2.2, 3.2, 2.0, 2.6, 1.8, 1.0, 1.6000000000000003, 0.19999999999999996, 0.0, 0.0, 0.0, 0.0, 0.0, 0.0, 0.0, 0.0, 0.0, 0.0, 0.0, 0.0, 0.0, 0.0, 0.0, 0.0, 0.0, 0.0, 0.0, 0.0, 6.0, 9.0, 9.0, 9.0]}