{"day": 5, "month": 1, "station_id": 564, "predict": [26.57136824779236, 27.299122171850783, 27.47612738397713, 27.916432584955484, 27.958749264871003, 28.004828395471183, 28.921793120057174, 29.04300634251072, 28.968365207259055, 28.297729609116498, 27.830951985177045, 27.7678863639754, 27.70839097598546, 27.65232889886986, 27.599568113664198, 27.54998138996073, 27.503446125641048, 27.45984417834526, 27.419061699432913, 27.380988973365145, 27.412186929817757, 27.645886995180806, 27.61532428325572, 27.58707079158595, 29.847537820536743, 29.811582142639715, 29.841775243073368, 29.94206468530152, 29.846698440485007, 29.7558061020251, 29.669304414165627, 29.587052266779892, 29.508895155045536, 29.43467844187617, 29.364251335744257, 29.297468003871575, 29.234187786337003, 29.174275129230345, 29.11759943357688, 29.0640348826548, 29.013460267420285, 28.965758816062024, 28.920818029372512, 28.878529522270377, 28.838788871395813, 28.801495468582324, 28.766552379979824, 28.600532877269462, 30.08310002553071, 29.931631624144277, 29.909756729738294, 29.823773283068885, 29.74156450880905, 29.6632834086883, 29.588854656173783, 29.518153173857343, 29.317711331822913, 28.920728986418617, 31.060409502779343, 33.803293796958435, 34.61592712119911, 34.23152566305438, 34.11664308646168, 34.00450372394569, 34.761669100847236, 34.52137112955832, 33.95017864182204, 33.581330592731526, 33.548069269706, 33.11697350627926, 32.15462523384079, 30.327609371134507, 21.21068244296416, 21.293315143922605, 21.883770995279036, 22.41593415446545, 22.483386478270305, 22.55154695734515, 21.48682427563846, 22.222479924882784, 21.825144230611237, 21.561455094881534, 21.031385970976633, 20.301578021946263, 19.172006460941834, 19.042647104357346, 19.113476326980535, 18.384471042868437, 19.588942029500572, 19.660200588955806, 17.93155854363976, 17.802994898947766, 17.207822505849865, 16.81268805661413, 16.284238746969887, 17.955788938043362, 19.667417045044974, 20.119078201472526, 19.7189247392248, 19.602282604999647, 19.68864909661004, 18.775055922411887, 19.46086744477846, 19.545952807697198, 19.630291513915065, 19.780553749992702, 19.796747733004754, 20.478881956963615, 20.693630864136992, 21.37433467113031, 21.120999399000755, 20.933630285913242, 20.41223187458185, 20.956808096548297, 20.700695683670027, 21.11056423962945, 21.31974963833605, 21.061587416296913, 21.202746159405937, 22.209894217924344, 17.71226500640416, 17.12934629062696, 17.433890208344675, 17.008725840490246, 17.11704275968252, 17.29147366295295, 17.59854133019773, 17.704879122215058, 18.010475722926937, 18.64865774748051, 18.61941968235534, 18.856089883080937, 18.958663767601564, 19.327137114016423, 19.428172713252287, 19.26176702657829, 19.427916844281864, 19.793285944599788, 19.891205085996543, 19.78833866606546, 20.418018047050648, 21.38024154800469, 22.141674436934835, 22.702315589623723], "test": [27.4, 29.0, 29.0, 30.0, 30.0, 30.0, 30.0, 30.0, 30.0, 30.0, 30.0, 30.0, 30.0, 30.0, 30.0, 30.0, 30.0, 30.0, 30.0, 30.0, 30.0, 30.0, 30.0, 30.0, 30.0, 30.0, 30.0, 30.0, 30.0, 30.0, 30.0, 30.0, 30.0, 30.0, 30.0, 30.0, 30.0, 30.0, 30.0, 30.0, 30.0, 30.0, 30.0, 30.0, 30.0, 30.0, 30.0, 30.0, 30.0, 30.0, 30.0, 30.0, 30.0, 30.0, 30.0, 30.0, 30.0, 30.0, 29.4, 29.0, 27.4, 29.0, 28.4, 26.400000000000002, 26.0, 26.400000000000002, 27.0, 25.8, 26.0, 26.2, 25.0, 22.0, 20.0, 20.0, 20.0, 19.2, 18.0, 16.4, 18.0, 19.2, 18.4, 19.8, 19.0, 17.8, 16.6, 16.8, 17.4, 18.0, 18.0, 19.2, 20.0, 20.0, 20.0, 20.0, 19.6, 19.0, 19.0, 20.0, 20.0, 20.0, 20.0, 19.4, 19.8, 18.2, 18.0, 18.0, 18.0, 18.0, 18.0, 17.2, 17.0, 16.2, 15.8, 15.8, 17.6, 17.8, 17.0, 17.0, 17.0, 17.4, 17.6, 18.0, 18.0, 20.0, 20.0, 20.0, 20.0, 20.0, 20.0, 20.0, 20.0, 21.400000000000002, 23.000000000000004, 23.000000000000004, 23.000000000000004, 23.000000000000004, 23.000000000000004, 23.000000000000004, 23.000000000000004, 23.000000000000004, 23.000000000000004, 23.000000000000004, 24.600000000000005, 24.8]}