{"day": 1, "month": 6, "station_id": 228, "predict": [39.750535919104045, 40.0, 40.0, 40.0, 40.0, 40.0, 40.0, 40.0, 40.0, 40.0, 40.0, 40.0, 40.0, 40.0, 40.0, 40.0, 40.0, 40.0, 40.0, 39.988879429848964, 39.97816538121968, 39.96816399532602, 39.958814779168456, 39.9500632542727, 40.0, 40.0, 40.0, 40.0, 39.79632364834252, 39.72403801583481, 39.716071364556385, 39.63965914022656, 39.22860845086769, 38.68331145126916, 38.67075719129721, 38.39120862525974, 38.24487826172721, 37.76526927619145, 36.88584889760372, 36.60672086540718, 36.39463040635253, 35.58296850082346, 34.83844219668059, 32.49441105138309, 28.750889773627158, 27.0078837938711, 26.665391152153465, 30.790070751474538, 19.764669466163674, 14.273793052956933, 9.39461154371708, 3.516223528533986, 0.0, 0.0, 0.0, 2.5190095578019758, 2.190165957267687, 0.0, 0.0, 0.0, 0.0, 0.0, 0.0, 0.0, 0.9596959145583256, 4.468802134673096, 4.163039931701648, 3.443818058578686, 3.179072820233093, 3.236614899649766, 4.084141631672834, 4.255914818904905, 4.592272070399041, 3.2840991923186644, 3.1731875064062782, 3.711899013463147, 3.892625616951477, 3.3757497267697154, 2.4225018693165543, 3.5614926240675904, 6.72195680339084, 7.5670121010216, 8.226926476643131, 7.299059370363926, 5.914475974584786, 5.271233960567171, 4.434342113212624, 4.602390365554399, 5.307517427029569, 5.4820489020335454, 6.1251388305626575, 6.769414283713503, 6.2142893463319195, 6.459281516893306, 7.5039969172330085, 7.281450731935085, 3.598518090894818, 1.4913209264811167, 2.294813211177086, 3.4087454893288043, 8.845334830889488, 11.482924118931134, 13.198246263776314, 15.799881404315633, 18.228459390237884, 20.823509821122265, 30.573620981120328, 33.716576819809, 30.72280816384459, 32.16216071617761, 34.587315409198496, 35.73386305443086, 36.737034976954725, 37.59842443389816, 38.2527000891392, 38.30097931396116, 38.010862269389655, 37.983127597601694, 37.75175710475978, 38.183956720466654, 26.42166902956469, 28.300051330071987, 29.611103230554722, 30.939977314068635, 31.768205233499515, 32.44909899110122, 33.60167830875251, 34.57619935866796, 35.18746848990115, 35.71504757799721, 36.170150823208125, 36.562523970184806, 36.90063250601182, 37.19182651914648, 37.44248470422475, 37.65814005002256, 37.84358950902496, 38.00298967320719, 38.13994022708319, 38.257556724924456, 38.358534043107696, 38.44520168767846, 38.5195719882274, 38.583382079204036], "test": [40.0, 40.0, 40.0, 40.0, 40.0, 40.0, 40.0, 40.0, 40.0, 40.0, 40.0, 40.0, 40.0, 40.0, 40.0, 40.0, 40.0, 40.0, 40.0, 40.0, 40.0, 40.0, 40.0, 40.0, 40.0, 40.0, 40.0, 40.0, 40.0, 40.0, 40.0, 39.6, 39.0, 39.0, 39.0, 39.6, 39.2, 39.0, 39.0, 38.2, 38.0, 37.2, 35.2, 32.2, 29.4, 29.2, 26.6, 20.8, 20.6, 27.4, 25.2, 20.6, 11.0, 1.0, 0.0, 8.2, 12.4, 7.199999999999999, 1.4, 0.0, 0.0, 0.0, 0.0, 0.0, 0.0, 0.0, 0.20000000000000018, 0.0, 0.3999999999999998, 8.4, 6.6, 6.0, 7.6, 6.4, 4.4, 4.2, 2.0, 3.2, 4.0, 4.0, 4.0, 4.0, 3.1999999999999993, 2.8000000000000003, 3.8, 5.4, 5.6, 5.4, 6.4, 4.2, 4.0, 2.799999999999999, 1.6000000000000003, 2.8, 3.5999999999999996, 2.200000000000001, 0.9999999999999998, 1.7999999999999998, 1.7999999999999998, 3.3999999999999995, 4.0, 4.8, 8.2, 10.4, 14.0, 17.2, 21.4, 24.0, 29.6, 37.2, 38.6, 38.4, 36.2, 37.6, 35.4, 36.8, 39.0, 27.6, 22.0, 24.6, 28.0, 32.8, 34.8, 34.0, 35.6, 38.2, 38.0, 38.0, 38.4, 39.0, 39.0, 39.0, 39.0, 39.0, 39.0, 39.0, 39.0, 39.0, 39.0, 39.0, 39.0, 39.0, 39.0, 39.0]}