{"day": 3, "month": 4, "station_id": 48, "predict": [25.0, 25.0, 25.0, 25.0, 25.0, 25.0, 25.0, 25.0, 25.0, 25.0, 25.0, 25.0, 25.0, 25.0, 25.0, 25.0, 25.0, 25.0, 25.0, 25.0, 25.0, 25.0, 25.0, 25.0, 25.0, 25.0, 25.0, 25.0, 24.93251696919023, 24.812024359825003, 24.822165319794692, 24.82982460664313, 24.83522404343428, 24.83858291818518, 24.84011372382659, 24.840019418679315, 24.83849163613246, 24.70237624391947, 24.49850609521757, 23.360367517354018, 22.021433772782327, 21.6151654122464, 20.60834412260428, 20.134406685024558, 20.19344567014115, 20.65221017228455, 18.5774398921049, 16.569199216053804, 12.141307131857298, 11.568753293248829, 10.604906122615539, 8.840955254683355, 6.897367724464814, 3.3769908705907326, 3.544711016902513, 3.9314450253260276, 3.601597738831158, 2.3531346881657504, 2.3175583173493437, 2.0265531235036502, 2.4786368179081046, 2.4058137867103744, 2.206896021877368, 1.9474912361364844, 1.4933248586460253, 1.8435626440550172, 4.6641339409032385, 4.821055642014485, 4.780423487674295, 8.475070711838917, 9.571227344799293, 9.601846811843691, 1.5300723336380981, 1.484153821595545, 1.9761847564050403, 2.0435605322134203, 1.732726038895431, 1.7675379809793765, 1.3435984180434513, 1.9916227050811572, 2.3762786615796934, 0.0, 0.0, 0.0, 0.0, 0.0, 0.0, 0.0, 0.0, 0.03778888674128983, 0.259138776113798, 0.6743007636872529, 1.4830805025275118, 2.81867889530395, 3.947684085771012, 4.203397564695208, 2.1637402087387922, 1.993486875982791, 2.7852866441442865, 1.5809498940073587, 1.6988661986277533, 2.603777117010717, 4.0959726677148085, 5.976079202187125, 6.511416864897478, 8.835955368958842, 11.216974604347854, 14.788395810671041, 15.750779882748517, 14.7713262368511, 14.450538971213827, 15.922226903803264, 16.786837368454375, 17.978123660978927, 18.829812712582612, 21.008939585597933, 21.44918206798844, 21.084195321903202, 20.847613218194432, 21.13971633029236, 25.0, 25.0, 25.0, 24.420525095365274, 24.653872715926433, 24.550628547043168, 24.378406409521126, 24.33776935200625, 24.095821082394053, 24.052936756141825, 24.20944539190984, 24.365635454951402, 24.92175852799148, 24.878032575484994, 24.36797836378534, 24.32508905862642, 24.549499658404624, 24.574656253328868, 24.533985103854008, 23.96089486939216, 23.78877865550259, 24.08434921752775, 24.047640660941774, 24.345343313610172], "test": [25.0, 25.0, 25.0, 25.0, 25.0, 25.0, 25.0, 25.0, 25.0, 25.0, 25.0, 25.0, 25.0, 25.0, 25.0, 25.0, 25.0, 25.0, 25.0, 25.0, 25.0, 25.0, 25.0, 25.0, 25.0, 25.0, 25.0, 25.0, 25.0, 25.0, 25.0, 25.0, 25.0, 25.0, 25.0, 25.0, 25.0, 25.0, 24.8, 24.0, 23.4, 23.0, 21.4, 21.0, 21.6, 19.6, 17.6, 16.0, 10.8, 10.4, 9.0, 1.1999999999999997, 0.0, 0.20000000000000018, 0.0, 0.0, 0.0, 0.0, 0.0, 0.0, 0.0, 0.0, 0.0, 0.0, 0.0, 0.5999999999999999, 0.0, 0.0, 0.0, 0.0, 1.6, 1.1999999999999997, 0.7999999999999994, 0.9999999999999996, 3.4000000000000004, 5.0, 5.2, 4.8, 4.0, 4.000000000000001, 4.8, 1.6, 1.4, 0.3999999999999997, 0.0, 0.0, 1.6, 4.4, 8.0, 7.000000000000001, 8.0, 9.4, 8.4, 8.0, 8.2, 3.2, 3.8, 6.2, 7.6, 10.0, 10.0, 11.8, 12.2, 13.8, 12.0, 13.600000000000001, 16.8, 17.0, 19.0, 22.4, 23.8, 21.4, 11.0, 14.000000000000002, 16.0, 17.6, 21.2, 24.6, 25.0, 25.0, 25.0, 25.0, 25.0, 25.0, 24.6, 23.8, 24.0, 22.8, 15.8, 16.0, 16.0, 16.0, 16.8, 17.2, 18.6, 19.0, 19.0, 19.0, 19.0, 19.0, 19.0, 19.0, 19.0, 19.0]}