{"day": 2, "month": 2, "station_id": 64, "predict": [18.751958043248315, 18.93224413421979, 19.07042820335961, 19.140331941422822, 19.20384923266207, 19.261320964082486, 19.313659437302405, 19.361565356679794, 19.40553626855776, 19.445952743369364, 19.48313176677523, 19.51735221951359, 19.548866261115766, 19.57790462718216, 19.60467945443326, 19.629386106677398, 19.652204573895318, 19.673300662754272, 19.692827062718102, 19.710924321925866, 19.727721748433414, 19.743338245411334, 19.7578830861391, 19.771456633443872, 19.005279809375256, 19.021954693093505, 19.04466013748817, 19.069599471624432, 19.095045023446694, 19.120326222414654, 19.145199299659467, 19.169575694781727, 19.19342135888825, 18.95005562696105, 18.906139847388683, 18.86167355362714, 18.416659670984394, 18.37110379508372, 18.325013714910398, 18.278399034362632, 18.031270848623464, 17.183641460893586, 16.93552413321122, 17.353599534102408, 18.03788221325918, 17.588387100488784, 16.87179602644534, 19.221457596219203, 16.131635158457634, 15.10566310180455, 16.05119566880633, 15.956450294575063, 15.732305915128752, 14.305902374701008, 11.809005168431842, 14.307988256459353, 12.936229014343233, 12.627187883039625, 12.114342731723712, 10.931172784586153, 10.477821588785735, 11.021096174152675, 11.094466799687968, 10.764733471179092, 9.365359150583972, 8.629802986640202, 8.824853570330971, 8.083962216183236, 8.14057626809174, 7.9281390939980865, 7.0467567668026785, 6.6298647622739875, 0.44878911747664174, 0.9670278582809222, 0.7897109416704531, 0.6633894925074962, 0.19196401675912328, 1.5765605570764298, 1.217626535567959, 0.8488110785266914, 0.003749808412597394, 0.14941561004941373, 0.2861172624437275, 0.08082977037321068, 0.06719223838225485, 0.0, 0.21606952112880815, 0.0, 0.0, 0.0, 0.0, 0.0, 0.0, 0.0, 0.0, 0.0, 5.151536097020337, 4.787767697933738, 4.635779633693988, 4.159602333311298, 3.9731144532230527, 3.5446103472511608, 7.9396087393093575, 13.42312307012386, 11.260171387307686, 8.649209062712698, 7.788805776368646, 7.010972449140975, 8.514486286188147, 8.031549743141541, 7.627783579321425, 7.235553863542031, 5.720632822618097, 4.082193464254534, 4.4528045962755805, 4.5650928755469655, 6.951738525568018, 6.945471364891819, 6.145733790700363, 5.68534403025248, 1.048208066372508, 1.462196217948912, 1.731154587387243, 2.7911442626626997, 3.975270635034387, 6.950046430717949, 8.915635396356086, 9.339045845803987, 9.887354821200441, 10.56098774686746, 10.693696080928264, 11.019215697463379, 11.271264305010437, 11.983541043363864, 12.223060206745226, 12.590151904255679, 12.951796132424388, 13.10829019073871, 13.1932494157207, 13.540274558517776, 13.416285803391876, 13.75485675988824, 13.689548428884562, 13.820576476340596], "test": [19.0, 19.0, 19.0, 19.0, 19.0, 19.0, 19.0, 19.0, 19.0, 19.0, 19.0, 19.0, 19.0, 19.0, 19.0, 19.0, 19.0, 19.0, 19.0, 19.0, 19.0, 19.0, 19.0, 19.0, 19.0, 19.0, 19.0, 19.0, 19.0, 19.0, 19.0, 19.0, 19.0, 19.0, 19.0, 19.0, 19.0, 19.0, 19.0, 19.0, 19.0, 18.4, 18.0, 18.0, 18.0, 17.6, 16.8, 17.4, 11.6, 10.0, 9.6, 9.0, 8.8, 7.200000000000001, 5.8, 5.6, 2.1999999999999993, 1.9999999999999991, 1.200000000000001, 1.0000000000000009, 1.0000000000000009, 1.6, 2.0000000000000004, 2.3999999999999995, 2.600000000000001, 1.1999999999999997, 1.1999999999999997, 0.9999999999999996, 0.9999999999999996, 0.9999999999999996, 0.9999999999999996, 0.9999999999999996, 0.9999999999999996, 0.9999999999999996, 0.9999999999999996, 0.9999999999999996, 1.0000000000000002, 0.9999999999999996, 1.0000000000000002, 1.0000000000000002, 1.9999999999999998, 1.8000000000000003, 1.9999999999999998, 2.0, 2.8, 3.0, 3.0, 3.2, 3.0, 3.2, 4.0, 4.0, 4.0, 4.4, 5.0, 5.4, 6.0, 6.0, 6.0, 6.0, 6.0, 5.2, 3.8, 4.199999999999999, 2.8, 2.4, 1.4, 0.0, 0.0, 0.9999999999999996, 0.9999999999999996, 1.4, 1.0000000000000002, 1.4, 2.0, 1.9999999999999998, 1.6, 0.9999999999999996, 1.0000000000000002, 1.0000000000000002, 1.0000000000000002, 1.0000000000000002, 1.0000000000000002, 1.8000000000000003, 2.0000000000000004, 2.0000000000000004, 2.0000000000000004, 2.0000000000000004, 2.0000000000000004, 2.0000000000000004, 2.0000000000000004, 1.9999999999999991, 1.9999999999999991, 1.9999999999999991, 1.9999999999999991, 1.9999999999999991, 1.9999999999999991, 1.9999999999999991, 1.9999999999999991, 1.0000000000000009, 1.0000000000000009, 1.0000000000000009, 1.0000000000000009, 1.0000000000000009]}