{"day": 5, "month": 10, "station_id": 214, "predict": [8.489130454671137, 8.783889993707758, 9.038103769939346, 9.251694703470127, 9.444984880305169, 9.622899846188492, 10.585580913069974, 10.933743246075842, 11.068521405787688, 11.191011128769981, 11.168879525674807, 11.069710621618475, 11.161012096960405, 11.443557948887737, 11.651396229415061, 11.718520244768555, 11.778872153618176, 11.833013358865262, 11.881461501337956, 11.924693836491073, 11.963150321166344, 11.997236457448643, 12.02732592233967, 12.05376299932858, 8.35749405544353, 8.74237056583995, 9.057864280976762, 9.33332081980029, 9.58759871826835, 9.82258910633481, 9.50494448706903, 9.569168391857819, 9.750025375212042, 9.915497324919109, 10.066789159807161, 10.20501016369251, 10.331180738716597, 10.446242975120862, 10.551068656973898, 10.64646421287457, 10.866508409959689, 11.411890148654285, 11.549912740529523, 11.614497842840247, 11.672855739488346, 11.725488681208379, 11.706193978348972, 11.815400197412673, 11.247410070902204, 11.470216604041266, 11.620048274719528, 11.736163356771653, 11.509595075226741, 11.609385325721824, 11.899647643380053, 12.179899867345698, 12.517695641134353, 13.780653061103965, 15.102839777286423, 15.351537774780706, 15.393980105122846, 16.09736407197431, 16.128849606205264, 16.88889250551852, 17.177913252863494, 16.59629977000279, 16.211076644678055, 16.089240716255766, 15.897763109685686, 15.97025778702622, 16.24031663771702, 16.30817777847406, 7.848556017238868, 9.407260381284104, 10.187518558042324, 11.206790213360685, 11.738263995777682, 12.232162102105553, 12.68793303251653, 12.708509588675895, 13.163055801562168, 13.72071040089059, 14.18381177146715, 14.821091120056723, 15.301085912596859, 16.158877519752743, 16.92943357520344, 17.680938793157466, 18.348133983420688, 18.732324908205317, 18.701390149750242, 15.856454520581053, 15.598561898830186, 15.795347658523193, 16.24771070522806, 16.08981846298821, 3.7137205259090074, 4.290736624452029, 6.065688690708944, 6.678791344080649, 7.126447453448961, 7.738766136553581, 8.311076326356554, 8.645733280694383, 9.01231500033926, 9.213061534758337, 9.383420029025988, 9.592092167609554, 9.707621251795658, 10.065074455483835, 9.532739624327021, 9.512134671913849, 9.13801099500633, 9.611692422781438, 9.867748436478117, 10.107333530139691, 9.931525979265912, 10.474666216221252, 10.737694882060005, 10.92149056958877, 18.737598501521244, 18.287288870670718, 18.14889356886513, 17.91449226520216, 17.627270693820115, 17.2151130427197, 17.08012326943081, 17.089802346079313, 16.910155009911577, 16.940374547478406, 16.913189617176972, 16.494760023383574, 15.751272772286308, 15.415601728679238, 14.487311939611512, 14.232660325453871, 14.251261042709457, 14.542750563811541, 14.773452888672884, 14.476378260442583, 14.584555336793732, 14.364363436496983, 14.215531512546686, 14.137803852130824], "test": [8.0, 8.0, 8.0, 8.0, 8.0, 8.0, 8.0, 8.0, 8.0, 8.0, 8.0, 8.0, 8.0, 8.0, 8.0, 8.0, 8.0, 8.0, 8.0, 8.0, 8.0, 8.0, 8.0, 8.0, 8.6, 9.2, 10.0, 10.0, 9.8, 9.0, 9.0, 9.0, 9.0, 9.4, 10.0, 10.0, 10.0, 10.0, 10.4, 12.0, 12.0, 12.0, 12.0, 12.0, 12.0, 12.0, 11.0, 11.0, 11.6, 12.0, 12.0, 11.8, 11.0, 11.0, 10.0, 10.0, 10.0, 10.6, 10.4, 10.0, 10.0, 9.6, 8.0, 7.800000000000001, 7.4, 17.8, 20.0, 20.0, 20.0, 11.8, 6.0, 6.0, 6.0, 6.0, 6.800000000000001, 6.0, 6.0, 6.0, 6.0, 6.0, 5.199999999999999, 4.199999999999999, 4.0, 4.0, 4.0, 4.0, 4.0, 4.0, 4.0, 3.6000000000000014, 3.3999999999999986, 4.0, 4.0, 4.0, 4.0, 3.0, 2.0, 2.0, 1.8000000000000007, 1.0, 1.0, 0.1999999999999993, 0.0, 0.6000000000000014, 11.2, 16.0, 16.0, 17.0, 17.0, 17.0, 17.0, 18.0, 18.0, 18.0, 18.0, 18.0, 18.0, 19.0, 19.0, 19.0, 19.0, 19.0, 19.0, 19.0, 19.0, 19.0, 19.0, 19.0, 19.0, 19.0, 19.0, 19.0, 19.0, 18.2, 17.4, 17.0, 17.0, 17.0, 17.0, 17.0, 17.0, 17.0, 17.0, 17.0]}