{"day": 4, "month": 8, "station_id": 195, "predict": [27.002366792068223, 26.85368786012025, 26.90474348625082, 26.954983250045245, 27.003967560326675, 27.051545849231893, 27.09769862318979, 27.192450693394893, 27.435839683982476, 27.477906077712245, 27.51869027044276, 27.408231743867784, 27.34656885600243, 27.38373880812467, 27.419777661098284, 27.454720364895444, 27.48860079109124, 27.521451765463844, 27.553305099913967, 27.584191623503127, 27.614141212575163, 27.69318281997079, 27.921344503357606, 27.948653452700654, 28.01990649501805, 28.038148418129904, 28.055401109858774, 28.072089188274358, 28.088326424169548, 28.104148507577843, 28.11957317673367, 28.134613663041137, 28.149281791518256, 28.16358874772625, 28.177545284572357, 28.19116178633489, 28.404448294515007, 28.31741452301023, 28.580069870067803, 28.19242342908395, 28.20448399883333, 28.46626009330036, 27.977759951168476, 28.138991544990574, 26.999962590054405, 26.71068055295385, 25.021152659875916, 24.08138590461274, 20.957900437470563, 19.11000582102236, 17.4747386322933, 15.288034765958594, 10.799213970353156, 8.058544049614925, 4.916181856970549, 2.8222079324865743, 1.5766769088433445, 1.279635445464042, 0.9311272714500827, 0.43119448236086144, 0.5298778735654207, 0.5272170419856211, 0.6232504343866561, 0.36801538333766437, 0.4615481399092641, 0.6538839050186953, 0.8450568598124025, 1.23510019517261, 1.8240461403796937, 2.16192599095385, 1.8987701356985975, 1.7846080829683584, 1.0360256464444224, 1.0910488391619373, 1.4457101902712226, 1.9985764776243227, 3.4495693821086615, 3.148729026457461, 3.046112416831159, 3.2417802681156043, 3.885793316869903, 4.128210961898447, 4.269090800703514, 4.608488511208496, 4.596457856483791, 4.583050729781526, 4.168317211255369, 3.25230562698037, 3.835062607334544, 2.6166331438750206, 1.947060644486695, 1.8763869867770042, 2.154652569748024, 2.0318963637929706, 1.9081559590677157, 2.433467612287798, 7.496659487973658, 7.9029295085593345, 8.761558561492564, 9.672830716736087, 9.986373208916245, 10.551951675695692, 10.269458984067214, 11.688838162484544, 13.110048437580781, 12.983054039470804, 14.5078208840116, 15.784315636451115, 16.812505455315122, 17.792357925480545, 18.62384104299659, 18.806923213710775, 19.591573255290882, 21.027760399803984, 22.26545429609101, 24.454625011745296, 26.695243034660102, 26.787279274152112, 26.4807050616793, 26.42549215117364, 21.845569844308635, 22.305890541867612, 22.55643214325898, 22.693174759754708, 21.873406569580396, 21.44837982248718, 20.96842997411707, 20.13375161196845, 20.44451406397834, 20.350878438960734, 20.35300018694113, 20.65102958270051, 20.64511192335835, 21.685387687735293, 23.921992688523392, 24.355058220177973, 24.584711202534024, 24.661074320099804, 24.98426615708511, 25.054401328268234, 25.27159060581958, 25.63594104220175, 25.947556089264012, 26.056535713646035], "test": [27.0, 27.0, 27.0, 27.4, 28.0, 28.0, 28.0, 28.0, 27.4, 27.0, 27.0, 27.0, 27.0, 27.0, 27.0, 27.0, 27.0, 27.0, 27.0, 27.2, 28.0, 28.0, 28.0, 28.0, 28.0, 28.0, 28.0, 28.0, 28.0, 28.0, 28.0, 28.0, 28.0, 28.0, 28.0, 28.0, 28.0, 28.0, 28.0, 28.0, 28.0, 27.8, 27.0, 27.0, 26.2, 25.0, 24.4, 22.2, 21.2, 21.8, 21.6, 20.8, 16.8, 13.8, 9.0, 6.0, 4.2, 3.7999999999999994, 4.6, 3.0, 3.7999999999999994, 3.7999999999999994, 3.0, 3.0, 1.8, 1.2, 1.0, 2.0, 2.0, 1.2, 1.8, 1.4, 1.4, 0.20000000000000004, 1.4, 0.20000000000000004, 0.0, 0.0, 3.0, 5.4, 5.8, 5.0, 5.4, 4.4, 4.0, 4.0, 4.2, 4.2, 3.0, 4.8, 6.0, 6.0, 6.0, 6.8, 7.0, 7.0, 6.6000000000000005, 6.4, 6.0, 6.2, 7.2, 6.2, 6.0, 5.8, 5.6, 5.0, 4.8, 7.4, 8.2, 9.6, 11.8, 13.6, 15.600000000000001, 16.0, 17.6, 18.0, 17.2, 18.6, 18.6, 20.8, 22.6, 24.4, 24.0, 24.2, 25.0, 24.2, 24.0, 23.8, 23.6, 25.0, 26.8, 27.0, 27.0, 27.0, 26.2, 26.0, 26.4, 25.8, 27.0, 27.0, 27.0, 27.0, 27.4, 28.0]}