{"day": 4, "month": 1, "station_id": 130, "predict": [22.371892741883006, 22.45715415187476, 22.738780669687177, 22.841365713408535, 22.817729016826842, 23.66348912703738, 23.777269163371102, 23.75861897573509, 23.740704214809, 23.723444089825602, 23.70678601340704, 23.690688015857823, 23.67511337983392, 23.660028891734598, 23.645404167698793, 23.63121130681383, 23.617424652019096, 23.604020593746718, 23.590977396486473, 23.57827504166454, 23.565895084126772, 23.55382052071174, 23.54203566980435, 23.530526060932658, 22.08971307263664, 22.201100391046925, 22.312788367946816, 22.418938761487667, 22.78494887927752, 23.010804461314493, 22.69681200053461, 22.776678319448923, 22.850776943607215, 22.786131334193954, 22.649744780544633, 22.70860044791996, 22.762995631228257, 22.813209519868856, 22.79283762397461, 22.568792815924354, 22.607972977755555, 22.643928588243334, 22.67686358590653, 22.506969511372663, 22.334426265834214, 22.82606948882464, 22.582057891677547, 22.26920721616981, 20.78027702839219, 21.18764293442322, 20.736019983481373, 20.281910674758375, 19.489486719287363, 18.95853024766582, 16.88929319881554, 15.815410759392467, 14.470498786677792, 13.52148437626671, 12.435276907351394, 11.212104351003076, 10.118848249291808, 9.955711396843604, 9.52288526306148, 9.220550637255963, 7.982211550240661, 6.674695824437514, 5.764822259434694, 5.586067789455964, 5.6052346146355845, 5.622450640907204, 6.837836563146222, 8.38483959277996, 4.069479420604532, 3.540080407874731, 3.820184014260664, 4.045147717386373, 4.13137202713352, 4.541335636793153, 4.807737095813687, 5.530929982593039, 4.244852006521144, 3.816811598826015, 4.0474276484075284, 4.070614200590697, 4.286911593331037, 4.963487960206301, 7.434141665670498, 7.7659705334268265, 7.559374307873034, 7.748056958751136, 4.215695488568228, 5.212608582877285, 6.189091780255794, 6.228752505874548, 6.181844978757983, 6.731938335507149, 1.711117065824944, 2.258742903421093, 2.464618410446693, 2.6759493875530675, 3.0981198642544245, 4.950294647923044, 11.00065881801632, 11.400380554721567, 10.850480982647511, 11.618566176135067, 13.705515764246229, 16.912158108062954, 18.77260799445537, 21.15426966454611, 20.924506023346343, 20.950640951892517, 21.299961467695333, 21.50638642758877, 21.43713511844138, 22.026062409881984, 22.673660474984583, 22.780393750891463, 23.213367144324664, 23.306327486660486, 11.0862747567644, 11.625537897085664, 12.37814687612858, 12.845319644164732, 13.751366748901635, 14.42791951253064, 14.54220819751406, 14.628781315617953, 15.155667563026565, 15.790889490063227, 16.402419632926062, 16.924836427505063, 17.49265659803894, 17.640337009118937, 17.835610573239197, 18.012822276748615, 18.4395984858353, 17.916849486396867, 17.645438581113496, 17.42618441065666, 17.926529835494293, 18.013877382160242, 18.22225792465637, 18.418999271615824], "test": [23.0, 23.0, 23.0, 23.0, 23.0, 23.0, 23.0, 23.0, 23.0, 23.0, 23.0, 23.0, 23.0, 23.0, 22.2, 22.0, 22.0, 22.0, 22.0, 22.0, 22.0, 22.0, 22.0, 22.0, 22.0, 22.0, 22.0, 22.0, 22.0, 22.0, 22.0, 22.0, 22.0, 22.0, 22.0, 22.0, 22.0, 22.0, 22.0, 21.6, 22.0, 22.0, 22.0, 22.0, 21.2, 21.4, 21.6, 21.4, 20.2, 19.2, 18.2, 17.0, 17.0, 14.8, 14.0, 14.0, 13.8, 11.2, 9.6, 9.0, 7.4, 7.0, 6.0, 5.0, 5.0, 6.6, 7.0, 6.6, 6.0, 6.0, 6.0, 5.8, 5.8, 7.0, 6.6, 6.0, 6.0, 6.8, 8.0, 7.0, 6.4, 6.0, 6.0, 7.0, 7.0, 6.200000000000001, 3.2, 1.0000000000000004, 1.4000000000000004, 1.1999999999999997, 0.0, 0.0, 0.0, 0.0, 0.0, 1.1999999999999997, 0.6000000000000005, 1.0000000000000004, 0.9999999999999998, 0.20000000000000062, 1.5999999999999996, 3.2, 3.999999999999999, 5.000000000000001, 6.200000000000001, 8.4, 10.6, 11.6, 10.2, 8.2, 9.8, 7.4, 8.0, 9.0, 9.8, 10.4, 10.999999999999998, 10.999999999999998, 10.999999999999998, 10.999999999999998, 10.999999999999998, 11.199999999999998, 12.0, 12.0, 12.0, 12.0, 12.400000000000002, 13.8, 14.0, 14.399999999999999, 15.0, 15.0, 15.0, 15.0, 15.0, 15.8, 16.4, 17.0, 17.2, 18.0, 18.4, 19.8, 20.2, 20.2]}