{"day": 6, "month": 9, "station_id": 195, "predict": [10.252407258997739, 10.741608955009145, 11.05412715792545, 11.310691950124482, 11.654325824030831, 11.833723050806322, 11.89897027474993, 12.05047822283557, 12.388721415326811, 12.71417619651483, 12.577306522427987, 12.828561070523198, 12.968372991622788, 13.047160262054414, 13.415326160652787, 13.173259761202686, 13.421336415631533, 13.409918222730186, 14.18935448161876, 14.75998213017083, 15.072126168822722, 15.276100070230518, 15.472206175233893, 15.66073607557359, 10.329634285314203, 10.726498061340946, 10.981517906788005, 11.329071829633639, 11.665436367377776, 11.989999371663632, 12.452925001570884, 12.954557812590377, 13.24527556995709, 13.675453995532187, 13.995458720922178, 14.555643716132634, 15.206351228300734, 15.447912060960448, 15.580645922215044, 15.654861779625765, 15.670858207915092, 16.02892372660627, 16.27933712721122, 16.472367790131855, 16.858275991555903, 17.087313200647092, 17.509722367326358, 17.675738200933406, 9.328188485524267, 9.783298137654786, 8.347357491701548, 8.802980448300117, 9.196132005305376, 9.126162242281021, 9.24324651023614, 9.547748956138662, 9.84006836651906, 10.120601771547445, 10.689736207955733, 10.897847100453957, 11.795298172228042, 12.932441698692179, 13.75961883146864, 14.377159930488864, 14.885384890366304, 14.534603458136257, 14.92511554191882, 15.007211510606412, 15.031172484793625, 15.147270619187603, 15.3057693767367, 15.556923794709954, 7.698660159834961, 7.51650169328318, 7.140804478209623, 8.019095536151033, 8.038990021895938, 8.097846052711947, 8.245332121994224, 9.081648731047679, 9.557110786123335, 9.022051153489803, 8.77679883513814, 9.371674257946436, 9.806988441155651, 9.83304302999009, 10.200130516447107, 10.708534495570749, 10.9085299236868, 9.40038337135984, 8.58435326963853, 8.61069014942709, 9.829636874095133, 10.341428865493844, 9.446294323554799, 9.194454439645899, 5.655579790854569, 5.899381202198794, 6.390211356181473, 6.602044387896204, 6.302493323684455, 7.3958037266741625, 7.2830887381519425, 6.664733232883473, 5.990951635822817, 6.361916026896684, 7.927785365691881, 8.538712182387782, 9.094844174288143, 9.046324656875788, 8.943292756920604, 8.585883545868006, 10.374228157579552, 10.508453900224604, 10.788684364540957, 11.015039529011917, 10.93763586213954, 11.306586421912217, 12.022000952545083, 12.683985978566502, 14.021190957999236, 14.096409420247536, 13.945931444078493, 13.200383851405919, 13.15495381258931, 13.658475767660969, 13.460693789639796, 12.961574932526258, 12.46113951539832, 12.309419850283152, 12.406450355252684, 11.452265225567917, 11.196897903614285, 10.440380972781128, 10.382746150241832, 11.074024302362918, 11.164245464954277, 11.453438864237452, 11.54163293758632, 11.778855353830624, 11.815133033082448, 11.750492166084964, 11.83495823309132, 11.918556022283617], "test": [10.0, 10.0, 10.0, 8.2, 8.0, 8.8, 9.0, 9.0, 9.0, 9.0, 9.0, 9.4, 10.0, 10.0, 10.0, 10.0, 10.0, 10.0, 10.0, 10.0, 10.0, 10.0, 10.0, 10.0, 10.0, 10.0, 10.2, 11.0, 11.0, 11.0, 11.0, 11.0, 11.0, 11.0, 11.0, 11.0, 11.0, 11.0, 11.0, 11.0, 10.2, 9.0, 9.0, 9.0, 9.0, 9.0, 9.0, 9.0, 9.0, 9.0, 9.0, 9.0, 9.0, 9.0, 8.4, 8.0, 8.0, 8.0, 8.0, 8.0, 8.0, 8.0, 7.599999999999999, 8.2, 10.2, 11.6, 10.8, 9.2, 10.0, 10.0, 9.0, 8.0, 7.400000000000001, 7.0, 5.800000000000001, 7.0, 7.0, 6.6, 6.6, 7.599999999999999, 8.6, 8.4, 7.400000000000001, 3.999999999999999, 3.5999999999999996, 3.999999999999999, 3.999999999999999, 2.999999999999999, 2.6, 2.8, 2.8, 2.999999999999999, 4.2, 4.999999999999999, 4.4, 6.400000000000001, 7.800000000000001, 8.0, 9.2, 11.4, 12.0, 13.2, 16.0, 16.0, 17.0, 14.8, 14.0, 14.0, 13.8, 12.2, 13.0, 13.0, 13.0, 13.0, 13.0, 13.8, 14.0, 14.0, 14.0, 14.0, 14.0, 15.199999999999998, 14.6, 13.6, 13.0, 13.0, 13.0, 12.2, 12.0, 12.0, 12.0, 12.0, 12.0, 12.0, 11.6, 11.0, 11.0, 11.0, 11.0, 11.4, 12.0, 12.0, 12.0, 12.0]}