{"day": 1, "month": 3, "station_id": 703, "predict": [18.11823777366986, 18.256162557211074, 18.38600469744329, 18.502214908616807, 18.604848924268634, 18.69523228998301, 18.774855593212152, 18.845102901302322, 18.90719769332482, 18.96220527042524, 19.01104861391112, 19.05452606989305, 19.093327816545443, 19.12805045688044, 19.159209742240584, 19.053918269006175, 19.21256168652527, 19.2354736098639, 19.256276076840006, 19.27521903389815, 19.29251898221892, 19.30836356457917, 19.322915524834922, 19.33631612527284, 23.835564500152014, 23.64585242672168, 23.456302398505755, 23.272049880216777, 23.094130948409735, 22.92275529845963, 22.757952739031754, 22.466358631846287, 21.78123554281397, 21.635813483636053, 21.429962080816374, 20.363529242671984, 19.90301273048778, 18.314897788336488, 15.465660805988165, 11.021772395079497, 9.716366614388175, 8.41590974800271, 4.786868700910249, 6.562379068830457, 15.008912931578559, 15.459613079086672, 13.114293706557714, 12.972774276694427, 24.82097917637365, 21.260651055986518, 16.597518122679805, 12.90494715019054, 12.113883324577598, 9.888266377562251, 8.159161163580766, 6.857959427962215, 8.316262031693194, 10.332489499729139, 11.438521904451251, 9.76634980668222, 8.78139606879399, 7.815839631218094, 7.001940526367373, 8.205365854229338, 7.425183239974707, 7.793855001703273, 8.577232941228965, 8.441220349371386, 7.8517678268804225, 6.408202863782645, 5.976559793859091, 5.289576747281329, 2.7182212104523975, 4.052543877286022, 4.113831720633021, 3.953551646191538, 4.433275056248924, 4.819526012559039, 5.514115124281423, 5.58610429899547, 5.77125543859709, 5.271834876563524, 4.756559667678874, 4.8272628569956355, 4.685576011458226, 4.332949363104167, 4.370671713982406, 3.9998887022294123, 3.8882857957209387, 2.9701027458906855, 2.7128130075466856, 2.3171349817909603, 2.4503752620197923, 2.5797707115219697, 2.905829515635461, 2.7623380005677034, 4.769218049671407, 5.131229193363708, 6.373519061988183, 8.3591344995197, 8.421762901785195, 8.027815938238616, 8.909831950465188, 10.933510343866592, 12.431237208395814, 12.868822513413447, 14.512182732598603, 13.494003077240931, 15.88039346914015, 18.40421016107979, 21.131711423178672, 22.929214437848906, 23.329753441490723, 23.933072347897756, 24.40561838931023, 24.413869979477543, 24.090998681514446, 24.236865177027227, 22.98468247939652, 22.534346312536023, 16.900083057683652, 17.55563168751922, 17.728618849599542, 18.38232095609342, 18.728913808498206, 18.97509841041835, 19.525524438186995, 19.717186455181267, 20.153135526232525, 20.369308524925746, 20.567949595973083, 20.75100224991937, 20.920154137993947, 21.076873561620406, 21.22244015967995, 21.35797103763887, 21.484443137347117, 21.602712433435084, 21.71353042415686, 21.817558305851872, 21.915379160687472, 22.00750843911801, 22.09440297811559, 22.1764687619277], "test": [18.0, 18.0, 18.0, 19.2, 20.0, 20.0, 20.0, 20.0, 20.0, 20.0, 21.6, 24.0, 24.0, 24.0, 24.0, 24.0, 24.0, 24.0, 24.0, 24.0, 24.0, 24.0, 24.0, 24.0, 24.0, 24.0, 24.0, 24.0, 24.0, 24.0, 24.0, 24.0, 23.0, 23.0, 23.0, 23.0, 23.0, 22.0, 21.0, 18.8, 18.0, 17.2, 15.8, 22.6, 24.0, 24.0, 24.0, 24.0, 22.4, 20.0, 20.0, 20.0, 20.8, 6.550000000000001, 14.6, 11.0, 10.2, 10.0, 6.800000000000001, 5.0, 3.4000000000000004, 2.2, 0.4, 0.0, 2.0, 1.0000000000000002, 0.3999999999999997, 0.0, 0.0, 0.0, 1.0000000000000002, 1.0000000000000002, 1.1999999999999997, 3.8, 3.6000000000000005, 2.4, 1.2000000000000004, 1.1999999999999997, 2.8, 2.8, 2.6, 2.6, 3.4000000000000004, 5.0, 2.8, 3.4000000000000004, 5.0, 5.0, 8.0, 6.800000000000001, 4.2, 4.2, 5.2, 6.0, 6.0, 5.2, 4.4, 6.0, 7.8, 8.0, 8.0, 8.6, 11.4, 14.000000000000002, 14.400000000000002, 17.0, 18.6, 21.6, 22.0, 22.0, 22.0, 22.0, 22.0, 21.8, 22.0, 22.0, 22.0, 22.0, 14.2, 15.0, 18.8, 20.8, 22.0, 22.6, 23.0, 23.0, 23.0, 23.0, 20.2, 16.8, 17.0, 17.0, 18.6, 19.0, 19.8, 20.0, 20.0, 20.8, 21.0, 21.0, 21.0, 21.0, 22.0, 22.0]}