{"day": 0, "month": 2, "station_id": 229, "predict": [22.860153600374296, 22.71406586238697, 22.584083041621675, 22.465674722982257, 22.35369470758745, 22.24545049730102, 22.13980169780271, 22.0363223132739, 21.934875866548758, 21.835433382172475, 21.738001196876255, 21.642593687484208, 21.549223487274304, 21.45789831742366, 21.368620262051515, 21.28138591596237, 21.19618682094489, 21.113009976215007, 21.03183834606991, 20.952651338633082, 20.87542524820863, 21.200133660494746, 23.593414488912217, 23.655236977696518, 23.007201880537746, 23.037139751489587, 23.0690229078936, 23.09671229148967, 23.11811603554607, 23.132785923718885, 23.14095682877024, 23.1431163697344, 23.139821636081916, 23.131626476383513, 23.119055069101734, 22.835927212532816, 22.41602394096953, 22.39308899706304, 22.36749778775023, 22.33959318788014, 21.64302129521578, 20.944733725899138, 20.578323095679533, 20.210691685927486, 19.77538663388258, 18.739268322110473, 17.969178642551892, 19.398609143653665, 17.62718758494673, 17.40996739576247, 18.051100644186363, 16.370408436932866, 15.287569269978857, 13.998778509506781, 13.30325946634974, 11.734514097557664, 10.959661439747569, 9.779220877329163, 9.26037364651516, 8.470273100193618, 7.276038405425991, 6.944754037441511, 6.676804562398414, 6.47254334757749, 6.265628049340733, 5.989689377252819, 5.844999746198717, 5.831808469179164, 6.350343491321235, 6.400813003924215, 6.783406945501239, 6.4982983969992105, 11.093071693501319, 11.179562705356973, 11.52752442533557, 11.548492791156502, 11.242772150293462, 11.0760809126565, 11.247801047476074, 11.090968887747762, 10.605448800058848, 12.19116873889695, 13.314741993974051, 13.109449192601023, 14.575231994393326, 13.712024802591754, 12.853088236087206, 12.131676538615055, 12.347705149611047, 10.767751607062225, 10.858389726012334, 11.486190369743936, 11.584388812015074, 11.952885360548656, 11.924912580241088, 11.567035788187269, 9.407209327650062, 9.5314454717165, 8.783041876332694, 8.69708545423554, 8.539716786547613, 8.377280909476077, 9.476528085876861, 12.237756471622578, 13.994672676264877, 15.414326215869501, 14.030417295544595, 12.309955133096185, 12.519922931523654, 14.193945234640474, 15.732289389128049, 17.335200529650017, 19.1362365497815, 18.935602991663796, 19.46682116917277, 18.79672952297598, 18.725484878200106, 19.05323027713696, 19.446762726396344, 19.57286753108441, 20.408709768290798, 20.64339279728443, 20.764852155635896, 20.63451193341873, 20.516787108773904, 20.677154122008176, 20.648052543452042, 20.56201578938624, 20.484963557401628, 20.616196448151936, 20.621728709398777, 20.300953603044583, 20.25330787686262, 20.211602484807997, 19.64201988521312, 19.47744474348638, 19.450794770427233, 20.09501838276499, 21.34309252039881, 21.39468728084406, 21.64949736223706, 21.707240305696594, 21.700988194696517, 21.697166136223537], "test": [23.0, 23.0, 23.0, 23.0, 23.0, 23.0, 23.0, 23.0, 23.0, 23.0, 23.0, 23.0, 23.0, 23.0, 23.0, 23.0, 23.0, 23.0, 23.0, 23.0, 23.0, 23.0, 23.0, 23.0, 23.0, 23.0, 23.0, 23.0, 23.0, 23.0, 23.0, 23.0, 23.0, 23.0, 23.0, 23.0, 23.0, 23.0, 23.0, 22.8, 21.8, 21.0, 21.0, 21.0, 21.0, 19.6, 18.2, 18.6, 18.0, 15.8, 18.0, 18.8, 18.8, 18.6, 18.6, 16.8, 15.0, 13.4, 12.400000000000002, 11.8, 10.4, 10.0, 11.0, 10.4, 10.0, 10.0, 10.0, 10.0, 11.0, 11.0, 11.0, 11.0, 11.0, 11.0, 11.0, 11.0, 11.0, 11.0, 10.4, 10.0, 9.8, 10.0, 9.0, 9.0, 8.2, 8.0, 8.0, 8.6, 9.0, 9.0, 9.0, 9.0, 9.0, 9.0, 9.0, 8.8, 8.4, 8.4, 8.8, 9.0, 8.0, 8.0, 8.6, 10.2, 12.400000000000002, 14.599999999999998, 15.0, 15.2, 15.600000000000001, 15.400000000000002, 17.6, 18.0, 18.6, 19.0, 18.0, 18.0, 18.4, 20.0, 20.0, 20.0, 20.0, 20.0, 20.0, 20.0, 20.0, 20.0, 20.0, 20.0, 20.0, 20.0, 20.2, 21.0, 21.0, 21.0, 21.0, 21.0, 21.0, 21.0, 21.0, 21.0, 21.0, 21.0, 21.0, 21.0]}