{"day": 1, "month": 2, "station_id": 18, "predict": [23.96499051059499, 23.94117197589777, 23.924189146513882, 23.909742845310106, 24.029387467882604, 26.015865350874343, 26.20234663995597, 26.188804983548565, 26.175253746550286, 26.16171595573446, 26.14821553103849, 26.134774915661215, 26.121414551711215, 26.108152865986458, 26.095006386450024, 26.081989884562834, 26.069116515545172, 26.056397949757113, 26.04384449407295, 26.031465203601428, 26.019267984444184, 26.007259688223428, 25.99544619907107, 25.983832513716138, 26.025928054991674, 26.05447873038761, 26.081271041160452, 26.105165514033587, 26.125908037096355, 26.143578967903704, 26.158383633402547, 26.170562116873143, 26.18035300116351, 26.187980647966363, 26.1936518277821, 26.19755572073658, 26.199864991786864, 26.200737124502414, 26.200315744985275, 26.198731857149966, 26.196104972711417, 26.192544138316382, 25.654815534115507, 25.316343318974663, 25.243877063842465, 25.104159114128834, 23.96392522124968, 23.35657178283257, 22.61459177099288, 20.908446758578272, 19.897184681051243, 19.82821079507412, 19.025053288173922, 20.351225779410257, 17.672860047880434, 15.990246574601668, 15.170545343345454, 14.214263337926358, 12.721870927257461, 12.360458847843518, 11.330406072176892, 10.698716856203607, 10.33235808436945, 10.231596375923058, 10.330001517359385, 10.361116225039963, 9.458458931439104, 8.622192957867973, 10.652462101465645, 11.282725995063371, 11.646428596049352, 11.610333158084062, 10.871145589939568, 11.664040486078134, 11.633439268476614, 11.293699481692686, 11.462568908420973, 11.280257985558471, 11.416655813037083, 11.47376029657272, 11.453106370116302, 11.755998748451642, 11.78358712221075, 11.670229239039799, 11.683507346217857, 11.357573578074478, 11.159826748797334, 11.290921270599247, 11.084775120793424, 11.00857698843381, 10.129459359125441, 10.71450428081196, 11.630748543960925, 11.278521669025531, 12.591450087902299, 13.036460900655456, 8.584514546641818, 6.56924261865994, 5.77700915977182, 4.897819281996209, 6.271571156262371, 7.766728519985879, 9.65085626847537, 11.52474196268284, 12.389150558877654, 12.244808911268048, 14.359059590123783, 15.532524565027044, 16.03244054237583, 13.725996021422878, 14.547002012641208, 14.695895933739747, 15.506411878467718, 16.578917237362866, 16.780415685337505, 16.24454989335988, 15.971603989011316, 15.361839122594718, 16.348828826848784, 16.999460856364536, 6.007926249605173, 7.883397394416541, 9.081530574383285, 9.866264482019801, 10.908219115575001, 11.742646474027751, 12.236680159859398, 12.123565811030291, 12.336403926924763, 12.674958963657765, 13.005700188198452, 13.32847612956965, 13.643179411024894, 14.016409212464495, 14.448133444267791, 14.87168451427147, 15.153755471689836, 15.761063196454788, 16.02701194092774, 15.95169052599198, 16.468536494532774, 16.777667194331414, 17.012544431580984, 17.306639338611358], "test": [24.0, 24.0, 24.0, 24.0, 24.0, 24.0, 24.0, 24.0, 24.6, 25.0, 26.0, 26.0, 26.0, 26.0, 26.0, 26.0, 26.0, 26.0, 26.0, 26.0, 26.0, 26.0, 26.0, 26.0, 26.0, 26.0, 26.0, 26.0, 26.0, 26.0, 26.0, 26.0, 26.0, 26.0, 26.0, 26.0, 27.0, 26.2, 26.0, 26.0, 26.0, 26.0, 26.0, 26.2, 27.0, 26.8, 25.0, 24.8, 23.0, 22.0, 21.0, 20.6, 21.0, 20.0, 20.4, 20.6, 19.4, 18.2, 16.4, 16.4, 16.0, 14.0, 13.0, 13.0, 12.6, 11.6, 10.0, 9.4, 8.0, 9.0, 9.0, 10.0, 10.8, 11.4, 11.0, 9.2, 9.2, 9.4, 8.6, 10.0, 10.8, 10.0, 10.0, 9.4, 9.0, 9.0, 9.8, 9.2, 8.8, 8.2, 8.0, 8.0, 8.0, 8.0, 8.0, 8.0, 8.0, 8.8, 9.0, 9.6, 9.4, 10.0, 12.4, 14.6, 13.599999999999998, 5.599999999999999, 5.0, 4.0, 3.399999999999999, 3.0, 3.599999999999999, 4.0, 4.800000000000001, 4.0, 4.0, 4.0, 4.0, 4.0, 4.0, 4.4, 5.000000000000001, 5.000000000000001, 5.799999999999999, 6.999999999999998, 6.999999999999998, 7.599999999999999, 9.000000000000002, 9.000000000000002, 9.000000000000002, 9.000000000000002, 9.199999999999998, 10.8, 12.0, 12.0, 12.0, 12.0, 13.599999999999998, 16.0, 16.0, 16.0, 16.0, 16.0, 16.0, 16.0]}