{"day": 6, "month": 3, "station_id": 192, "predict": [5.151590337577181, 5.751403339716268, 6.0729614923063595, 6.930911799532871, 7.994361841207625, 8.730043885176316, 8.470954760555617, 7.950054921818919, 7.966992419900245, 7.654774149780735, 9.413096972914415, 9.841678854158731, 9.540257164489496, 10.308587284633001, 10.746441373872031, 10.720273911392633, 10.829887319368572, 11.341764323481103, 11.922400377841994, 13.23830281626881, 13.28932339254509, 13.275324206005578, 13.196177009056484, 13.11842922680297, 4.36356770042493, 4.443948082205756, 4.874632715605971, 5.288472077253207, 5.679772160690238, 6.048591911360545, 6.396066816458476, 6.723465567181763, 7.032012380934724, 7.322859671970948, 7.597088055409389, 7.855710486773174, 8.099676610487268, 8.26321014375638, 8.213812630262208, 8.418933604641868, 8.612640529547509, 8.795621857768374, 8.968523234185074, 9.131950183603118, 9.286470629344404, 9.432617253300538, 9.570889707443527, 9.701756686149983, 13.027263239747782, 13.058362273924715, 13.08762363754084, 13.113858530896259, 13.1369776886768, 13.157146498998657, 13.041245246065943, 12.856153467386402, 12.868739121767037, 12.879190148366312, 12.621014772650472, 12.361042246848186, 12.232756978497347, 12.236299296476307, 12.238466171735208, 12.106045225067824, 11.77248202410121, 11.571214005537923, 11.16900435864727, 10.765942539189219, 10.295444749462886, 10.757587720019243, 10.085775795101434, 9.213407990409143, 9.711536117512773, 9.711338933591632, 9.701843107035485, 8.89004123325786, 8.010591701240934, 7.397095472889718, 6.849639076983664, 7.1016148553620155, 7.286410512242454, 7.270744560925617, 8.854666090149777, 10.638221290100946, 11.221453494182484, 11.204403299781875, 10.987108711774729, 11.036271954183318, 10.618592943181394, 10.467436086308243, 11.249497074338805, 11.431469666054763, 11.146712466280505, 11.128582364231448, 10.977101299210167, 10.158956353999962, 0.18838523871865753, 0.4931724352476845, 0.9634038499723312, 0.8102516025628912, 1.2365209480319468, 1.643478719555592, 1.6321735540883573, 1.5369515763878931, 1.8921227745554168, 2.031949272518357, 1.7573077092463283, 2.335689652471042, 3.5678705251407967, 3.7879123960999443, 4.196500149081886, 3.7942775399143667, 2.515183099887466, 3.1597858801251943, 3.5286210427901112, 3.155525307784961, 3.040972263994942, 3.5187408871280583, 4.255917272382405, 4.652896256317149, 3.4681635089417426, 7.136109792475932, 7.813625296405002, 8.555549387399099, 8.75957422387162, 8.89204737943131, 9.019722512834829, 9.142763497316263, 9.261343620728137, 9.37563217567592, 9.485792057474498, 9.59197955613825, 9.69434456574569, 9.993030860579541, 10.221509704563886, 10.51324678229396, 10.73503578360423, 10.820331975424823, 10.902585761601184, 11.248576231350476, 11.391744696990575, 11.465528221538552, 11.53669313673916, 11.605335218716725], "test": [6.0, 6.0, 6.0, 5.0, 5.0, 5.0, 5.0, 5.0, 5.0, 5.0, 5.0, 5.0, 5.0, 5.0, 5.0, 5.0, 5.0, 5.0, 5.0, 5.0, 5.0, 5.0, 4.800000000000001, 4.0, 4.0, 4.0, 7.2, 9.0, 9.4, 10.0, 10.4, 13.0, 13.0, 13.0, 13.0, 13.0, 13.0, 13.0, 13.0, 13.0, 13.0, 13.0, 13.0, 13.0, 13.0, 13.0, 13.0, 13.0, 13.0, 13.0, 13.0, 13.0, 13.0, 12.4, 12.0, 12.0, 12.0, 12.0, 12.0, 12.0, 12.0, 12.0, 11.8, 11.0, 11.0, 11.0, 11.0, 11.0, 11.0, 11.0, 10.6, 10.0, 10.0, 10.8, 11.6, 10.0, 10.0, 10.0, 9.4, 10.0, 10.0, 11.0, 9.8, 6.6, 3.5999999999999996, 1.0, 0.40000000000000036, 1.0, 1.0, 1.0, 0.0, 0.0, 0.0, 0.0, 0.0, 0.0, 1.0, 2.5999999999999996, 2.2, 7.0, 6.8, 6.0, 6.0, 6.0, 5.4, 2.6000000000000005, 1.0, 1.0, 1.5999999999999996, 3.0, 1.4000000000000004, 2.0, 3.8, 2.5999999999999996, 2.0, 1.3999999999999995, 3.4, 3.0, 3.0, 3.0, 3.0, 2.5999999999999996, 4.4, 4.0, 2.4000000000000004, 2.0, 1.8000000000000007, 1.0, 1.0, 1.0, 1.5999999999999996, 2.0, 2.0, 3.4000000000000004, 3.0, 3.0, 3.0, 4.6, 6.0, 6.0, 6.0, 6.0, 6.0, 6.0]}