{"day": 3, "month": 4, "station_id": 55, "predict": [28.77226546043243, 28.547524245524464, 28.340761472137686, 27.884756596974, 27.644777964587213, 27.61951022654078, 27.67441398488471, 27.541714842461, 27.420394891294258, 27.309518767807763, 27.074893664530943, 26.849063197224837, 27.36463509387092, 27.28760933855681, 27.217373402022343, 27.153364525302617, 27.095065691868655, 27.042001926101392, 26.99373689159093, 26.94986976490744, 26.91003236247402, 26.873886499993993, 26.84112156555921, 26.8114522891026, 29.79648929361617, 29.58444315618926, 29.3844773847618, 29.19860157709572, 29.026291190234573, 28.866623484717405, 28.71865230992141, 28.581484005575874, 28.254290501941533, 28.202974821588707, 28.560166848871493, 28.45855202271085, 28.09753356401619, 26.743228358847826, 26.2617965031408, 25.98610448935081, 26.84905534447807, 27.783585696219887, 28.189329745637274, 27.332616793130608, 28.013135632839056, 30.6972657987705, 32.11807564736738, 30.541987262494636, 23.194241838064503, 23.755945472737583, 25.201240005893535, 21.009618435389342, 22.85254193232199, 18.732951789385183, 18.18658453512179, 11.282253619818974, 8.155251914643511, 7.40737701044004, 6.640280006319319, 5.455478067502266, 4.98769892056543, 4.504891003079346, 4.074899411400754, 5.165474400138972, 6.110945836150932, 6.912230335019149, 7.570171135486308, 7.7522107624037595, 8.259063191023271, 7.891385554807526, 7.716449435302858, 7.468145102638887, 8.08596908499114, 7.963569712857449, 8.680496961212317, 8.50400985864199, 7.630102688858517, 7.588778971902116, 7.577122460842467, 6.325815349612486, 5.565760657094637, 5.961394585082494, 6.977336957232615, 6.41170996268987, 6.262791390485723, 5.262335569485105, 5.275561936545671, 5.234477828352847, 5.004535429956153, 4.8512894841967995, 4.907055703999028, 5.437569833721772, 5.441980643056268, 7.052843473977585, 8.669447631358576, 10.02447757771547, 2.035426231241106, 2.8105715693216666, 2.8547173593782453, 2.3882230505271265, 1.5999968768828623, 0.486694870868699, 2.1800830746746733, 6.412395443146803, 7.9827049845084375, 7.956851945141348, 9.467422476741731, 10.980405807143894, 10.228521154872839, 8.811212360390318, 9.194643074503205, 8.845025698019395, 7.428617350169062, 8.478382831168675, 9.527324551000623, 9.041812733015473, 9.688249203219453, 13.266398078019172, 14.44271666490898, 13.817019892147416, 10.33731485509556, 11.051342486507414, 11.93725586635594, 12.809594201279854, 13.937759976370156, 14.122584613227808, 14.564458888257015, 15.196992086196575, 15.687095290522628, 15.968335874796878, 16.37427600563913, 16.83847384497766, 17.894483800194216, 18.342523217832774, 18.582805693159358, 19.14887436963853, 19.374268571786736, 19.592523774358487, 19.803838242364446, 20.008406342541214, 20.60641852664946, 20.998061320155436, 20.91685064973311, 21.09629850959635], "test": [29.0, 29.0, 29.0, 29.0, 29.0, 29.0, 29.0, 29.8, 30.0, 30.0, 30.0, 30.0, 30.0, 30.0, 30.0, 30.0, 30.0, 30.0, 30.0, 30.0, 30.0, 30.0, 30.0, 30.0, 30.0, 30.0, 30.0, 30.0, 30.0, 30.0, 30.0, 30.0, 30.0, 30.0, 30.0, 29.0, 29.0, 27.0, 26.6, 25.6, 25.4, 26.0, 26.0, 25.0, 26.0, 25.0, 23.4, 22.8, 24.2, 23.0, 20.2, 23.4, 20.6, 10.4, 4.800000000000002, 0.0, 0.19999999999999946, 0.6000000000000002, 0.0, 0.20000000000000037, 0.3999999999999998, 0.20000000000000037, 0.0, 0.0, 0.0, 0.0, 0.19999999999999946, 0.19999999999999946, 1.0000000000000009, 1.6000000000000003, 7.6, 8.8, 5.2, 4.0, 3.8, 2.1999999999999993, 2.0, 1.0000000000000009, 0.6000000000000002, 0.0, 0.0, 0.0, 0.0, 0.6000000000000002, 1.8000000000000007, 2.0, 1.6000000000000003, 2.0, 1.4, 2.6, 2.6, 1.0, 0.0, 0.7999999999999996, 2.1999999999999993, 2.1999999999999993, 2.6, 2.0, 3.799999999999999, 5.0, 5.6, 2.1999999999999993, 0.0, 0.0, 0.3999999999999989, 0.6000000000000002, 3.2000000000000006, 2.0000000000000018, 0.8000000000000015, 2.400000000000001, 2.400000000000001, 0.6000000000000002, 0.40000000000000074, 3.799999999999999, 4.8, 4.8, 3.2000000000000006, 6.599999999999999, 7.799999999999999, 9.2, 10.4, 11.8, 13.8, 14.0, 14.0, 13.4, 13.0, 13.6, 14.2, 14.0, 14.0, 14.0, 15.0, 15.0, 15.0, 15.0, 15.0, 16.0, 16.8, 18.0, 18.0, 18.0, 18.0, 18.0]}