{"day": 1, "month": 5, "station_id": 251, "predict": [32.882883013150604, 32.66657505163165, 32.8091046987403, 33.40616821766456, 33.457151735184304, 33.51199769361773, 33.620694465033765, 33.5832116441295, 33.49949838101494, 33.419487457296995, 33.043098751491, 33.02024198716871, 32.550819006890165, 32.3847256980144, 32.321853634089, 32.26209147293954, 32.20532614366129, 32.151443849865316, 32.1003309130002, 32.0518744766333, 32.005963090022995, 31.21248718707192, 31.521339474776756, 31.882415243550017, 32.642635259410866, 32.472638407226725, 32.11226507201931, 32.007821804373094, 31.90878493693707, 31.6149827574616, 31.47625689577494, 31.292436946679643, 30.963344720347592, 30.988798058808914, 30.918613189976835, 30.85260636589826, 30.890595132035386, 30.58239935262017, 29.57784204458246, 28.176750050820896, 25.82895457604399, 22.184291604651428, 19.6426022174942, 16.353732822188608, 17.067535309789427, 19.683867148989503, 23.652591427574524, 20.97357684959793, 21.23690304022766, 16.794152965292685, 16.64119026572695, 22.226756232395495, 17.683895599225966, 13.507023000900926, 12.994025909906384, 10.6437751021902, 7.905426895545082, 6.7782421766635315, 8.261540386839291, 6.754686565264228, 4.907086249602004, 4.468182307044975, 6.087452341555566, 6.164406366213125, 5.498584661764398, 7.189555793890928, 8.33691477366123, 7.840281349047569, 6.8992984169059834, 5.763630545860871, 5.882962601407417, 6.456998465316955, 8.8424712498645, 9.25473850162951, 9.176749484564658, 9.149459909577065, 8.771649470056188, 10.293396126237534, 9.564978886090264, 9.38667871619605, 8.058743828155045, 8.281386753358134, 9.004787383866073, 8.729096798803951, 7.904440864972998, 7.530923450597972, 7.758629260083725, 7.887626327208168, 7.91796820588067, 7.899695894184359, 7.58283952343477, 7.6174198402793065, 7.6034495065538845, 6.440934238688353, 6.429873805871104, 7.120262903906611, 7.21266059257555, 6.6382481417486225, 7.45406017229288, 8.889615253286307, 8.73993149102282, 10.102767746477753, 12.72654243335833, 12.40993874487271, 13.301810417568063, 14.15114845738276, 15.157062289678153, 19.01876540162957, 22.335563153889947, 25.70684211201376, 27.73206063421607, 30.960740551266408, 31.892459808349887, 32.22684595701325, 32.71357039892122, 32.35234329463478, 32.49290906066722, 32.18504238693482, 31.17854471455171, 31.423241120847333, 34.0, 34.0, 34.0, 34.0, 33.990060303652186, 33.97462616614095, 33.61187100677452, 33.95163400416575, 34.0, 34.0, 34.0, 34.0, 34.0, 34.0, 34.0, 33.89547585914202, 33.80268003606484, 33.71138713077992, 33.6215311125251, 33.533050140876036, 33.345886195243395, 33.50998474340347, 33.37529444465068, 33.24176688367317], "test": [32.0, 32.0, 32.2, 33.0, 33.0, 33.0, 33.0, 33.0, 33.0, 33.0, 33.0, 33.0, 33.0, 33.0, 33.0, 33.0, 33.0, 33.0, 33.0, 33.0, 33.0, 33.0, 33.0, 33.0, 33.0, 33.0, 33.0, 33.0, 33.0, 32.6, 32.0, 32.0, 32.0, 32.0, 32.0, 32.6, 33.0, 32.6, 31.8, 31.0, 28.2, 25.6, 23.8, 20.8, 20.4, 21.2, 31.6, 26.8, 24.0, 24.0, 20.4, 17.6, 12.400000000000002, 10.4, 8.4, 7.8, 18.2, 22.0, 21.2, 17.6, 14.0, 10.6, 8.4, 7.8, 7.6, 8.6, 9.0, 9.0, 9.2, 10.0, 9.2, 9.2, 10.0, 9.0, 8.6, 9.0, 9.0, 8.2, 7.2, 8.0, 8.0, 9.0, 9.0, 9.0, 9.0, 8.8, 8.0, 8.0, 8.0, 8.0, 8.0, 7.4, 7.0, 7.0, 7.0, 6.4, 7.4, 10.0, 11.6, 15.2, 17.0, 20.6, 25.799999999999997, 30.0, 31.8, 34.0, 33.79999999999999, 32.4, 33.0, 32.2, 33.4, 33.0, 33.8, 33.6, 34.0, 34.0, 34.0, 33.6, 33.6, 33.8, 33.0, 31.6, 28.0, 28.0, 29.4, 31.4, 33.0, 33.8, 33.4, 33.0, 33.0, 33.8, 33.0, 33.2, 34.0, 34.0, 34.0, 34.0, 33.8, 34.0, 33.8, 31.8, 32.0, 32.0]}