{"day": 4, "month": 6, "station_id": 278, "predict": [14.81160015972759, 14.871431663819079, 14.498233311269738, 14.097840925840025, 13.905730800999029, 14.168438977735793, 14.086264076267314, 14.009323774363082, 14.437381314336088, 14.370141358745782, 14.30733951161568, 14.248738366969002, 14.094114696032474, 13.893254948144683, 13.845955424585327, 13.80202269071253, 13.761273199530239, 13.723532669338855, 13.688635572254501, 13.656424717153975, 13.626750853262996, 13.599472280154682, 13.57445447415133, 13.551569734948808, 16.812268713447196, 16.590344136669028, 16.38867287633126, 16.20381705693824, 16.029463035491315, 15.864143384938663, 15.707691274908893, 15.559810400553335, 14.92008565711775, 14.53810426754851, 14.413480126394784, 13.795848791350853, 13.434863467874079, 13.080193632357549, 12.78152440640947, 12.388555945650666, 12.251002752269333, 11.518592982145082, 11.091067791662773, 10.668180724659024, 10.699697129443312, 10.635393601906394, 11.275057454428508, 11.36848621005066, 15.053088176227622, 14.533730516533286, 13.692705409533609, 12.16639197834274, 9.353178685563774, 7.403542918965297, 6.417017867178092, 4.642818619418638, 3.830283322023175, 3.5788478738916174, 3.1379730623655395, 2.857134687338256, 2.8858326443357103, 3.223593019075349, 3.469965689332668, 4.174522366447067, 4.186855573753087, 3.8065777765784232, 4.133320422468455, 4.216732985630586, 3.8564820750497373, 4.452250597992491, 6.853736964143939, 7.1606543269754575, 3.4450046593031174, 3.3462491751824266, 3.388715328552363, 3.6010589572067517, 2.521888912772043, 2.497107411646242, 1.7225839792695763, 1.2478777632581204, 1.2732462162666311, 1.3487606429950731, 2.1743923057145205, 3.0501084029829824, 4.32588583521528, 3.001705244357122, 3.2275478668832327, 4.153395313324208, 4.379229926237294, 3.1550349069039845, 2.880794275951672, 2.7564928242313034, 2.782116089855031, 2.3576503430384665, 2.3830825677122935, 2.7584004407895475, 13.92715105271894, 14.382985280639414, 13.400328900000874, 13.546033031701537, 13.65046068089931, 14.071551459893907, 14.507859220396904, 14.90795406813371, 14.221145958015097, 13.446897706469382, 14.734669053878122, 13.933931104036866, 13.694177882146848, 14.714926274900721, 15.64571460515681, 15.586101607430933, 14.085665484935872, 14.244003017620749, 14.610728738545351, 15.185474151944574, 14.817886979862253, 14.45763044026525, 14.50438255865033, 14.407835511411578, 2.512160086379297, 2.71463889457056, 2.219377850354508, 2.0376119916539444, 2.4447210322818584, 3.286246695623406, 4.314711941424991, 5.081499734877664, 5.386943482925536, 5.181369595054215, 7.315246347166418, 7.989045716383474, 6.80319700981622, 7.458103888165887, 7.504156364715441, 8.641730503024304, 7.771186767619425, 6.9428703745973115, 7.407112246104308, 7.564229685641113, 7.714526867802754, 8.108295325641922, 8.145814453594141, 8.377351995667674], "test": [16.2, 16.0, 15.0, 15.8, 16.0, 16.0, 16.0, 16.0, 16.0, 16.0, 16.0, 16.4, 17.0, 17.0, 17.0, 17.0, 17.0, 17.0, 17.0, 17.0, 17.0, 17.0, 17.0, 17.0, 17.0, 17.0, 17.0, 17.0, 17.0, 17.0, 17.0, 17.0, 17.0, 16.0, 16.0, 15.6, 15.0, 15.0, 15.0, 14.8, 14.0, 13.6, 15.4, 15.8, 16.0, 16.0, 17.0, 17.0, 16.2, 17.0, 17.0, 16.8, 12.8, 11.2, 8.6, 8.2, 3.4, 0.6, 2.0, 4.0, 4.8, 7.0, 8.0, 8.4, 8.8, 8.8, 8.8, 9.0, 9.0, 7.8, 4.6, 3.4, 2.0, 2.6, 9.0, 12.600000000000001, 13.2, 14.399999999999999, 13.8, 14.6, 12.400000000000002, 13.0, 12.2, 13.0, 12.0, 11.8, 12.0, 11.8, 15.600000000000001, 16.0, 16.0, 16.4, 17.0, 17.0, 16.8, 15.0, 15.8, 12.8, 12.0, 11.0, 12.2, 13.0, 13.0, 13.8, 13.2, 14.0, 14.6, 12.2, 10.2, 6.0, 6.6, 4.8, 1.8000000000000003, 0.1999999999999993, 0.0, 0.1999999999999993, 0.0, 0.0, 0.40000000000000047, 2.0000000000000004, 1.4000000000000008, 1.0000000000000002, 1.6, 2.6, 5.2, 6.4, 5.0, 6.0, 9.0, 8.2, 8.8, 10.0, 10.0, 10.8, 13.4, 14.8, 15.2, 14.8, 14.2, 15.0, 16.4, 17.0, 17.0, 17.0]}