{"day": 6, "month": 10, "station_id": 374, "predict": [12.624445832318312, 12.12604831039285, 11.885332541805518, 11.70481602227538, 12.312803282647039, 12.368367800601499, 12.131337258778013, 11.92915616816694, 11.756796134209951, 10.809962268838195, 10.151650972830685, 10.045392181772458, 9.955172348975461, 9.878702042113268, 9.814026266373723, 10.226142774047112, 10.11362722305134, 9.008597559319078, 8.976683469067513, 8.950333527745038, 8.928792769721532, 8.911416819847776, 8.897655466951642, 8.887038621776771, 15.007314131953994, 14.24515761356892, 15.10031345851705, 15.371939830357475, 14.997200588000645, 14.643813603528438, 14.311714852446011, 14.000353382244406, 13.708987274097947, 13.436794655106972, 13.182918166028575, 12.946486079869466, 12.459958300234835, 11.855801994916233, 11.666498430534666, 11.49121494520011, 11.329142371293834, 11.179498121065238, 11.041528436395755, 10.91450994292202, 10.597750627427713, 10.357257006409354, 10.259067571996226, 10.169252588479367, 15.585509091792765, 15.139919482708631, 14.574242845575283, 13.961145527400145, 13.437159210749856, 12.869373045895802, 12.457333844444811, 11.933615993377114, 10.964021635273342, 10.614312955601292, 10.616904504269314, 10.770876471148625, 10.541983535410067, 10.595994860443808, 10.465365949231535, 10.882576007186795, 15.846797678768473, 15.690565980802964, 15.479779896902562, 15.147036744766742, 14.35829941197535, 14.179563208654816, 13.876855740080734, 13.316236525276269, 14.500136669177651, 14.235531034513844, 14.392541205714386, 14.156996393878396, 13.05994459932792, 10.96728266943456, 10.078905935424089, 9.661498333828135, 8.581740610194938, 8.306281819281189, 8.501738356680054, 8.368032145517244, 8.705062763255231, 9.17937901726534, 9.190849810873088, 9.072667685923417, 9.42468512677111, 7.513417039444702, 6.872042809737914, 6.700408001073589, 6.065025744631642, 5.565744533692377, 5.535749127921252, 5.308227934602189, 10.854506978531049, 10.55758858048673, 9.687071291312925, 8.903678694396037, 8.67413657384601, 8.264303711728417, 7.739853353088973, 7.3663832216375535, 5.409496921408847, 4.534832647400726, 3.941406564592619, 3.9616158456372284, 4.5279058562233185, 5.639436321758946, 5.095413659039318, 5.56175633974536, 5.037760050924001, 5.122762714770665, 4.74947608052875, 4.783983925012545, 4.759073557879011, 4.54090065544976, 4.528987442190289, 4.589554235021371, 7.687949125805238, 7.404246065127774, 7.4375751100550485, 7.272278980621841, 7.111795798778865, 6.9564879661101156, 7.672894933105523, 8.660855093524109, 8.253568812163184, 8.517595859749381, 8.586180472855201, 8.19257830985413, 8.336718577135064, 7.951867390326439, 7.904625335422084, 8.261592351975082, 8.222699799527849, 8.12120960313879, 7.623713727685205, 7.9301339120521614, 7.8403882728122145, 7.754391396856994, 8.072054550745852, 8.2599526415451], "test": [13.0, 13.0, 13.0, 13.0, 13.0, 14.0, 13.8, 13.0, 13.0, 13.4, 15.0, 15.0, 15.0, 15.400000000000002, 16.0, 16.0, 16.0, 16.0, 16.0, 16.0, 16.0, 16.0, 16.0, 16.0, 16.0, 16.0, 16.0, 16.0, 16.0, 16.0, 16.0, 16.0, 16.0, 16.0, 16.0, 16.0, 16.0, 16.0, 16.0, 16.0, 16.0, 16.0, 16.0, 16.0, 16.4, 17.0, 16.2, 16.0, 16.0, 16.0, 16.0, 17.0, 17.0, 17.0, 16.0, 16.0, 15.8, 15.0, 15.0, 15.0, 15.0, 15.0, 14.6, 13.0, 13.0, 14.2, 15.0, 15.0, 15.0, 15.0, 15.0, 15.0, 15.0, 16.0, 15.8, 15.8, 16.0, 16.0, 16.0, 16.0, 15.2, 14.0, 15.0, 17.0, 13.2, 13.0, 12.4, 11.399999999999999, 10.4, 10.0, 10.0, 10.0, 11.0, 11.2, 11.599999999999998, 11.0, 11.0, 9.8, 9.0, 9.0, 10.0, 10.0, 7.2, 7.0, 7.0, 6.999999999999999, 6.4, 6.0, 6.2, 7.0, 7.0, 8.0, 7.800000000000001, 9.0, 9.0, 8.4, 8.0, 8.0, 8.0, 8.0, 8.0, 8.0, 8.6, 8.4, 7.800000000000001, 7.800000000000001, 8.0, 8.0, 8.0, 8.8, 9.0, 8.8, 5.6, 6.4, 6.0, 6.8, 7.0, 7.0, 7.0, 7.6, 8.0, 8.0, 8.0, 8.0]}