{"day": 4, "month": 11, "station_id": 338, "predict": [23.0, 22.9854424441063, 22.963071876082047, 22.93915233178222, 22.915024212442482, 23.0, 22.868111274607987, 22.845659352882343, 22.823950737933657, 22.803005363401688, 22.782833843401367, 23.0, 22.994832148204544, 22.977004589958867, 22.95995721237319, 22.94368613591012, 22.928185843821023, 22.91344936341027, 22.899468429509678, 22.88623363357209, 22.87373456012294, 22.861959911730903, 22.85089762343183, 22.840534967427175, 23.0, 23.0, 23.0, 23.0, 23.0, 23.0, 23.0, 23.0, 23.0, 23.0, 23.0, 23.0, 23.0, 23.0, 23.0, 22.540582785852866, 22.262661811278065, 21.585908665534152, 21.310299473492044, 21.185809886763426, 20.062415189956187, 19.09009039692234, 18.71881033779493, 18.54854973755294, 21.31284204408498, 20.03667813709939, 21.16668014634413, 20.947662340514466, 20.578696705143376, 19.009893193646917, 16.391472454507728, 15.623614560051612, 15.756459186609028, 13.390119475106236, 12.174690522785985, 11.260253623795716, 9.096878493545649, 8.73462465601821, 8.023542482891042, 6.863674068428628, 4.90505400736994, 5.147710101468252, 4.441664006060484, 3.386931823145856, 2.783524645674472, 2.9314490569875673, 2.5307075889292716, 2.4812991418466384, 3.968612651475933, 4.229060274185996, 3.6270251707106853, 3.3893489667371006, 3.2124243100269148, 3.5952076375811144, 2.637097243209614, 1.8875999590416574, 2.1962660926257462, 2.512674089710683, 2.5364258971285873, 2.567144877875785, 2.204474410005807, 1.5980767128753737, 1.9476317817110993, 1.7528363960091051, 0.5634031895176975, 0.7290597757786283, 0.49954792512827606, 1.1246227897754804, 0.7540521739274736, 0.7876158461730299, 1.0251048915252112, 1.3163211006975601, 3.940125558281074, 4.615343685111848, 4.441121587969969, 4.275121429837375, 3.966888366358774, 3.365446795166206, 3.4701193221528874, 4.380438431963871, 5.44603907776857, 5.6166061163376435, 6.29185298304846, 7.071513385411743, 7.55533782622281, 8.793091833784704, 8.784554798376519, 9.229519042849388, 8.627789003620297, 8.47918048018806, 9.0835199377494, 8.99064385600378, 8.300398120035839, 8.212637450165547, 8.277224868089323, 8.744031196885413, 11.531791089225976, 11.642453469894141, 11.260595750649182, 11.485888398485567, 11.218484219356553, 11.05816803394296, 11.304589029521516, 11.30737123987414, 11.466147932968056, 11.980570545029416, 12.450310191104396, 12.475057163745655, 12.95451994469586, 14.338424142376304, 14.876511461532399, 15.568538729304608, 16.164276980694318, 16.663510601163445, 17.166036523010852, 17.171663472097336, 17.1302112616549, 17.091510130122074, 17.655400120149945, 17.871730496115042], "test": [23.0, 23.6, 24.0, 24.0, 24.0, 24.0, 24.0, 24.0, 24.0, 24.0, 24.0, 24.0, 24.0, 24.0, 24.0, 24.0, 24.0, 24.0, 24.0, 24.0, 24.0, 24.0, 24.0, 24.0, 24.0, 24.0, 24.0, 24.0, 24.0, 24.0, 24.0, 24.0, 24.0, 24.0, 24.0, 24.0, 24.0, 24.0, 24.0, 23.2, 22.4, 23.0, 23.0, 23.0, 22.6, 22.0, 22.0, 22.0, 22.0, 21.4, 20.4, 20.0, 19.6, 19.4, 17.0, 15.0, 12.599999999999998, 10.6, 10.0, 10.2, 13.200000000000001, 13.200000000000001, 13.399999999999999, 13.399999999999999, 10.8, 10.000000000000002, 9.999999999999998, 8.6, 9.0, 8.4, 7.0, 4.2, 3.0, 2.6, 0.3999999999999999, 0.0, 0.0, 1.2, 1.0, 0.8, 1.0, 0.6000000000000001, 0.0, 2.0, 2.6, 3.2, 3.8, 4.0, 5.8, 4.599999999999999, 6.4, 3.2, 1.0, 1.4, 2.5999999999999996, 3.4000000000000004, 1.6, 1.0, 1.0, 0.6000000000000001, 0.0, 0.8, 2.4, 3.6, 5.8, 4.4, 2.0, 3.4000000000000004, 4.8, 4.4, 5.8, 5.2, 5.0, 5.2, 4.6, 7.0, 8.0, 8.8, 11.0, 11.0, 11.2, 11.4, 9.0, 8.6, 8.0, 9.6, 9.4, 10.6, 12.4, 12.999999999999998, 13.600000000000001, 12.999999999999998, 13.399999999999999, 15.0, 17.8, 21.8, 23.0, 23.0, 22.0, 23.0, 23.0, 21.6, 21.0, 21.0]}