{"day": 6, "month": 7, "station_id": 579, "predict": [34.25200182397576, 34.35462276496207, 34.00797657725111, 33.06218624248823, 33.317373340268816, 33.52365111503062, 33.63112024170282, 34.08986653399567, 34.04996002555445, 34.51145499756931, 34.02439063634699, 34.18879208827537, 34.60467174339918, 33.772030627046895, 33.79085981517827, 33.86114181613985, 34.282851881486934, 34.255959223132166, 34.23042812461238, 34.20621894172796, 34.3332889929738, 34.41159334363848, 34.391085489649505, 34.37171794852982, 31.40998214430611, 31.763853930883467, 32.06969828040458, 32.334360009461186, 32.56364616257018, 32.762492619190766, 32.93510278871164, 33.085063193725546, 31.665439905901533, 31.328859108745267, 31.427574492122016, 31.51352371359179, 31.588375773989586, 31.65357083490363, 32.01035374188474, 32.259802299551524, 32.30285116514103, 32.34031207881071, 32.372891026612734, 32.401202830990506, 32.425783580143566, 32.64710123858256, 32.71556472410702, 32.73153168919026, 32.805898113948665, 32.856044345383495, 33.012514874913485, 33.13499149631882, 32.78121633366239, 32.357362250292475, 32.41833434150469, 32.718015125652, 32.709463767211645, 32.395077792213804, 31.976724219251313, 31.655845768411318, 31.333546776744903, 30.910662601815506, 30.337815601080706, 30.065460206905904, 29.693919152290576, 29.873412522332373, 29.604080995793748, 29.58600438733009, 30.269216393689675, 29.453716278055637, 27.88947808873632, 26.92645789594171, 33.22217693335075, 32.46669505571763, 31.895927427800356, 31.369292115835087, 30.343859243054105, 30.724840579886358, 30.06598374311584, 29.3198889985955, 28.33826332979766, 27.172123711355727, 26.321959302648427, 27.78786046094495, 27.719620992441964, 27.96681885180191, 27.078879516638597, 26.30512546189835, 25.694814506762896, 25.94716927614062, 25.26139958758741, 25.486719224266125, 25.172358270323922, 25.467571954592206, 24.771646761794855, 24.03390441932518, 33.30230527665004, 31.2589552260717, 30.45876512975495, 29.091893471002415, 28.049660277396907, 26.874392153863333, 26.95928995932666, 26.29831568440156, 25.23609560694396, 23.51783724716912, 21.639258023983928, 22.74652383783331, 23.53619608042561, 26.97518580499128, 27.000713988225716, 26.970276981990484, 26.151616393728656, 25.182692753306732, 25.681662423996357, 26.106857299444027, 25.75676689921492, 25.790022534942622, 27.485383269056797, 27.89172343001279, 33.907960552812156, 33.00814318118427, 31.991736821454612, 31.301101557279242, 31.299612064487818, 30.881520040366812, 31.011833952478284, 30.666214401704178, 30.54088342595215, 26.652546149797818, 26.018323292908274, 26.455693173143512, 31.50244196938441, 31.35662113791215, 31.99651100025092, 31.75058963706381, 31.26750633039733, 30.646058894568746, 30.41517432412373, 29.63389226579433, 28.971350890747534, 29.726774804272225, 29.709464683130307, 29.738788376844067], "test": [33.0, 33.0, 33.2, 34.0, 34.0, 34.0, 34.0, 34.0, 31.799999999999997, 31.0, 31.0, 30.4, 31.0, 31.0, 31.0, 31.0, 30.4, 30.2, 31.0, 31.0, 31.0, 31.0, 31.0, 31.0, 31.0, 31.0, 31.0, 31.0, 31.4, 32.0, 32.0, 32.0, 32.0, 32.0, 32.0, 32.0, 32.0, 32.0, 32.0, 32.0, 32.0, 32.0, 32.0, 32.0, 33.0, 33.0, 33.0, 32.6, 32.0, 32.0, 32.0, 32.0, 32.0, 32.0, 32.0, 32.0, 32.0, 32.0, 32.0, 32.0, 32.0, 32.0, 32.0, 32.0, 32.0, 32.0, 32.0, 32.0, 33.0, 33.8, 33.0, 33.0, 34.0, 34.0, 34.0, 34.0, 34.0, 33.4, 32.4, 32.0, 33.2, 33.0, 33.0, 33.0, 33.0, 33.0, 33.0, 33.0, 33.0, 33.0, 33.0, 33.0, 33.0, 33.0, 33.0, 34.0, 34.0, 34.0, 33.2, 33.0, 33.2, 34.0, 34.0, 34.0, 34.0, 34.0, 21.160000000000004, 34.0, 34.0, 34.0, 34.0, 34.0, 34.0, 33.4, 33.4, 34.0, 34.0, 34.0, 34.0, 34.0, 34.0, 34.0, 34.0, 31.0, 30.0, 30.0, 29.2, 27.0, 27.0, 27.0, 27.0, 27.0, 23.0, 23.0, 23.0, 23.0, 23.0, 23.0, 23.0, 23.0, 23.0, 23.0, 23.0, 23.0]}