{"day": 4, "month": 8, "station_id": 17, "predict": [25.91806187595275, 25.86724296016193, 25.824359589688697, 25.78645185138555, 25.75254722898643, 25.522051235563694, 25.444488816714646, 25.41945795196839, 25.146614785229907, 25.22566485257654, 25.106356126927402, 25.088473093583648, 25.071831635317952, 25.05627460786648, 25.041668013524763, 25.02789769418582, 25.01486647552977, 25.002491702892158, 24.99070311700268, 24.979441024473292, 24.968654723752266, 24.558301152356194, 24.69834372563829, 24.888751341230435, 25.934769976398155, 25.84357674237567, 25.763065117403933, 25.690891615845565, 25.62587223552508, 25.56710239662144, 25.56381250633838, 25.465336103904622, 25.42109419686619, 25.380583494078948, 25.343366443942564, 25.309062603012265, 25.27734112698876, 25.2479142351323, 25.32053152306189, 25.44497501545956, 25.421054864003278, 24.848605607823412, 24.27748292423553, 24.10756080664912, 24.288729114552652, 24.120891447472587, 23.70396330092292, 23.387870467711597, 22.65426145053084, 19.6640152405842, 17.184752609702986, 16.704629461617607, 19.971788040383057, 17.936387167889073, 16.2488682595649, 14.959667315159095, 13.46917416137317, 11.227731080422519, 9.835637070149012, 8.343152503492458, 8.700503420292664, 5.7078853775178775, 5.375466887511311, 4.873392485651402, 5.091785466715962, 5.170750325378531, 5.210374932510519, 5.010732475565988, 4.681883188289653, 5.063875892279832, 9.94674937052211, 9.11053359085444, 6.55274931494073, 5.723545030707161, 6.149937842627234, 5.533425733351843, 4.773958924113693, 4.721710748083609, 3.9768049347889627, 4.939254870134673, 6.508972774491303, 6.6857896381791635, 6.869474012939624, 7.459747991256414, 7.406300481692826, 6.8587981348177705, 6.166894268074275, 5.880236096121212, 5.598470530974635, 5.771248778775357, 3.8682299274270324, 7.229083691175318, 5.913492453876228, 4.751152731725938, 4.84177615815225, 4.835090078013811, 4.49170959902183, 5.608629192922337, 7.112852614512759, 8.934221264050711, 10.772847035201742, 11.881923602185665, 13.46477861861548, 15.074438016470586, 16.563593208562843, 18.534628847845365, 21.1896564723402, 22.03054570615106, 23.358952073449533, 25.126341623041913, 25.684012703784237, 25.733115217996982, 25.724667646055092, 25.409572101724805, 22.63862764757053, 22.112542072956792, 21.531942313497023, 21.407383669898376, 22.36935796569747, 23.658300767089262, 25.69566544245678, 25.864067405904066, 25.87619598093492, 25.065278076461606, 25.561983074528897, 26.0, 23.254747861462967, 21.743813411306032, 22.126378245570468, 21.853522843218933, 21.226187968908746, 19.845191541321675, 20.6612435657626, 20.924959300366268, 20.986870855318838, 20.447437408843047, 19.957054203274527, 19.916060465502337, 20.174746379071777, 19.983359220244175, 20.042108757066487, 20.051171998819566, 20.010697372905152, 20.070808397136673], "test": [26.0, 26.0, 26.0, 25.8, 25.0, 25.0, 25.0, 26.0, 26.0, 26.0, 26.0, 26.0, 26.0, 26.0, 26.0, 26.0, 26.0, 26.0, 26.0, 26.0, 26.0, 26.0, 26.0, 26.0, 26.0, 26.0, 26.0, 26.0, 26.0, 26.0, 26.0, 26.0, 26.0, 26.0, 26.0, 26.0, 26.0, 26.0, 26.0, 26.0, 26.0, 25.8, 24.4, 23.6, 24.2, 25.0, 25.2, 25.0, 24.2, 23.4, 18.4, 15.8, 13.600000000000001, 13.600000000000001, 12.0, 10.6, 6.800000000000001, 5.8, 3.7999999999999994, 2.8000000000000003, 1.8, 1.0, 1.0, 1.0, 2.0, 3.6, 6.4, 8.8, 9.0, 9.0, 9.2, 9.0, 7.8, 7.8, 9.4, 8.0, 8.0, 5.4, 4.4, 4.0, 4.4, 4.0, 5.0, 5.0, 4.0, 5.0, 6.2, 7.3999999999999995, 8.2, 6.4, 6.0, 6.0, 6.4, 5.0, 3.0, 3.0, 3.0, 4.2, 5.0, 3.3999999999999995, 4.0, 5.2, 6.4, 8.6, 9.2, 10.0, 12.8, 13.0, 14.2, 14.4, 17.4, 19.8, 22.0, 20.6, 21.2, 22.0, 22.8, 22.6, 24.0, 24.8, 25.4, 25.0, 25.6, 26.0, 26.0, 26.0, 25.0, 25.0, 25.0, 25.2, 26.0, 26.0, 26.0, 26.0, 26.0, 26.0, 26.0, 26.0, 24.4, 20.0, 20.0, 20.0, 20.0, 22.0]}