{"day": 0, "month": 5, "station_id": 192, "predict": [11.175164809361426, 11.301090408111218, 10.590306966711164, 10.935552439171131, 11.065191745124686, 15.079838907460145, 12.280821239976703, 12.369445562325879, 12.446907754627953, 11.980959602551916, 11.905918721121196, 10.9560114771855, 10.465381525512804, 9.834764129149413, 9.73149307340022, 9.756173597444823, 10.042688077215782, 10.458201182270587, 10.469831222865299, 10.477987731787826, 11.349708654568825, 11.485330517878962, 11.285158275820448, 11.149468197382173, 14.863775262299928, 14.687603847903613, 15.24675339768713, 15.681543972334193, 15.525876130109259, 15.379197289599553, 15.240810896638237, 15.110050631956115, 14.98630691178142, 14.869026690326443, 14.757708853852483, 14.651899261043779, 14.551186129008205, 14.45519585212896, 14.36358923291564, 14.276058087919528, 13.858988858803313, 13.378793195014167, 13.50190547772481, 13.361447257693776, 13.823891915736777, 13.422396190277638, 13.090131885316097, 12.893617740801458, 14.317358351238646, 13.991123239421242, 13.265769690223198, 12.538865232794677, 11.943843063418932, 9.947691922576606, 8.084036828478487, 7.886463637041265, 7.821860547843325, 7.157089992303124, 6.692325192325894, 6.6943858992869885, 7.363407091682494, 7.49950744128442, 7.302790931578132, 7.173348319469609, 6.9779251235485855, 6.849922819302036, 6.5227332533870035, 6.396406287844611, 5.937650684082456, 5.213168235511759, 5.822987823544456, 5.167132737556157, 15.13370996200809, 15.099576659991941, 13.99272241032428, 12.462200544121924, 11.179299067908122, 9.874364856498694, 9.610095444430556, 9.11602190341076, 8.855345141801656, 8.824934877610813, 10.155301772846563, 10.043901042729663, 9.488438250034623, 9.220177719541294, 8.50392008520761, 7.937982074406612, 8.254178308717494, 7.9844715872563246, 7.927624804898899, 8.682521009072417, 8.648151448354302, 7.823604814064471, 7.541390889197766, 7.000765164227488, 0.6177778958490584, 0.7018621232805444, 1.902365102493525, 3.948130300523096, 4.306171434880902, 4.978171140002247, 5.232688495275965, 5.93819047131313, 7.096320740777593, 6.775230125156266, 8.44292129973174, 9.233929125270482, 11.082667111220653, 11.323439437482158, 10.490451829689974, 11.651154700207574, 12.006251985810849, 10.423042442887526, 11.435426819752452, 12.51058098413932, 13.715628409616267, 13.250978751058188, 12.116999233034731, 12.580685569315975, 9.459307799749428, 9.007793294501006, 9.936117155573154, 11.604509041359147, 13.339613782290494, 12.34020565196369, 12.53932016530955, 13.070168740666022, 12.732677637109475, 12.393464034577654, 12.852496369588362, 13.309757890710031, 12.498577671239119, 13.085628643943004, 14.204259226127666, 13.721158495935569, 13.56968822656757, 13.616548422749936, 13.595109673113276, 14.172078967680765, 14.747498964926681, 14.788080694585584, 14.827203017260965, 14.86491216325336], "test": [9.4, 9.0, 12.2, 14.0, 14.0, 14.8, 15.0, 15.0, 15.0, 15.0, 15.0, 15.0, 12.0, 12.0, 12.0, 12.2, 15.0, 15.0, 15.0, 15.0, 15.0, 15.0, 15.0, 15.0, 15.0, 15.0, 15.0, 15.0, 15.0, 15.0, 15.0, 15.0, 15.0, 15.0, 15.0, 15.0, 15.0, 15.0, 15.0, 15.0, 15.0, 15.0, 15.0, 15.0, 15.0, 15.0, 15.0, 14.6, 14.0, 15.0, 15.0, 15.0, 15.0, 15.0, 15.0, 14.399999999999999, 13.0, 12.8, 12.0, 12.0, 10.8, 11.4, 12.0, 12.0, 12.2, 13.0, 13.2, 15.0, 14.8, 14.0, 14.0, 15.0, 15.0, 13.8, 12.0, 12.0, 10.8, 6.8, 5.4, 5.200000000000001, 6.0, 6.0, 4.8, 2.8, 0.6000000000000001, 0.20000000000000018, 0.0, 2.6, 0.8, 0.8, 0.8, 1.6, 1.6, 2.0, 2.2, 2.0, 2.4, 3.8, 2.8, 6.2, 11.4, 10.0, 11.0, 10.8, 11.6, 14.0, 15.0, 15.0, 14.8, 13.8, 15.8, 13.6, 13.4, 16.0, 13.8, 10.8, 11.2, 8.6, 11.2, 9.6, 9.4, 9.0, 11.6, 11.6, 11.0, 11.0, 12.8, 14.0, 13.2, 14.4, 16.0, 16.0, 16.0, 16.0, 16.0, 15.8, 16.0, 16.0, 16.0, 16.0, 16.0, 16.0, 16.0, 16.0]}