{"day": 6, "month": 10, "station_id": 95, "predict": [12.878259243431897, 12.72445430524696, 11.999836988523331, 11.401535021183516, 11.394987615402469, 11.307601812668581, 11.000089358101622, 10.867086206747798, 10.23715285892123, 9.972709599018291, 9.136643495564988, 8.658923897086831, 8.536557641680854, 8.43354929842391, 8.414199021098966, 8.609737502840037, 8.218297620561817, 8.171555746427797, 8.134709077089848, 8.106455365151172, 8.085641466986354, 8.204580480853414, 8.39570393957827, 8.058215543292306, 11.925406021937595, 11.580014463620394, 11.198565711236832, 10.859503591294581, 10.3602079810646, 9.963212979970034, 9.731340148704021, 9.861160483734942, 9.682943435164953, 9.527276281427252, 9.125028417350014, 8.940655401311101, 8.838840110743673, 8.751136649003522, 8.675949887452317, 8.611850371888504, 8.557557716814596, 8.511925639847579, 8.47392847485054, 8.442649018571531, 8.417267579870797, 8.397052113445135, 8.381349331518237, 8.369576697393436, 11.598013648327786, 11.176497978834657, 10.526049038670099, 10.117823686927384, 9.615141329861393, 9.680724579567881, 9.444298091567664, 9.102625604365983, 9.119463900229748, 9.158857633534378, 9.285109287555278, 9.76275381261387, 10.056536207389208, 9.964724697308053, 9.48575918827929, 9.151568119203558, 9.760886877128039, 9.379244293128604, 8.538950418759516, 8.639085462365193, 8.812156442604769, 9.057421460152364, 9.707548164508625, 9.161939667957615, 8.090050690306402, 7.9839364930979775, 7.277745210844426, 7.311924542266899, 7.48657672966268, 6.734280626135957, 6.32093786760587, 6.979195606391647, 7.575108496210627, 8.374795376775527, 8.57776509341996, 7.916910606195499, 7.591837304697659, 7.868858555567959, 7.214325028934759, 6.49462107712886, 7.509494791453585, 7.258721703398645, 8.208768767350609, 8.359458598172845, 8.110633939584032, 7.66215567487928, 7.413901026929903, 8.099095262927253, 14.454737106820273, 13.69956160566994, 15.0, 15.0, 15.0, 15.0, 15.0, 15.0, 15.0, 13.351950104495028, 12.928731555247168, 12.720320456118095, 11.858676807313474, 11.275886487948627, 10.504149723190434, 10.342437280962919, 12.47314763048915, 11.078764973669372, 7.841851402253243, 7.578373107889503, 8.321027245522433, 10.469236056699554, 10.422474864889303, 11.713600559932813, 15.0, 15.0, 15.0, 15.0, 15.0, 14.955259133868411, 14.217606696469165, 14.225290066957987, 14.043993154050675, 13.539481230772546, 13.377591938752406, 13.224229097345471, 13.078690689177403, 12.873663998072422, 12.808554481025311, 12.482815001554437, 12.429275393991322, 12.514138998149567, 12.470312806133375, 14.097404531780885, 14.061719915135274, 13.829593576077754, 13.734053399519182, 13.441485102675124], "test": [13.0, 13.0, 13.0, 13.0, 13.0, 13.0, 13.0, 13.0, 13.0, 13.0, 13.0, 13.0, 13.0, 13.0, 13.0, 13.0, 13.0, 13.0, 13.0, 13.0, 13.0, 12.6, 12.0, 12.0, 12.0, 12.6, 12.8, 12.0, 12.0, 12.0, 12.0, 12.0, 12.0, 12.0, 12.0, 12.0, 12.0, 12.0, 12.0, 12.0, 12.0, 12.0, 12.0, 12.0, 12.0, 12.0, 12.0, 12.0, 12.0, 11.4, 11.0, 11.0, 11.0, 11.0, 11.0, 11.0, 11.0, 11.0, 11.0, 11.0, 11.0, 11.0, 10.4, 11.0, 11.0, 10.6, 11.2, 10.4, 9.0, 9.0, 9.0, 9.0, 8.8, 9.0, 9.0, 9.0, 9.0, 9.8, 10.0, 9.4, 9.0, 10.0, 12.0, 12.0, 12.0, 10.4, 10.0, 11.2, 10.4, 11.0, 11.2, 12.0, 12.6, 13.8, 14.0, 13.4, 13.4, 15.0, 15.0, 15.0, 14.6, 13.8, 13.8, 14.2, 12.8, 12.8, 12.2, 12.0, 13.0, 13.8, 13.2, 13.4, 13.4, 13.6, 12.4, 13.0, 14.0, 14.0, 14.0, 14.0, 14.8, 15.0, 15.0, 15.0, 15.0, 15.0, 14.0, 14.0, 14.0, 14.0, 14.0, 13.2, 13.0, 12.0, 12.0, 12.0, 12.0, 12.0, 12.0, 12.0, 11.6, 11.0, 11.0, 11.0]}