{"day": 2, "month": 2, "station_id": 14, "predict": [0.0, 0.0, 0.0, 0.0, 0.0, 0.0, 0.0, 0.0, 0.0, 0.0, 0.0, 0.0, 0.0, 0.0, 0.0, 0.0, 0.0, 0.0, 0.0, 0.0, 0.0, 0.0, 0.0, 0.0, 0.0, 0.0, 0.0, 0.0, 0.0, 0.0, 0.0, 0.0, 0.0, 0.0, 0.0, 0.0, 0.0, 0.0, 0.0, 0.0, 3.5794806321063133, 7.248464274749215, 11.650781251745476, 13.653098229096955, 14.855415206457035, 5.191065517110385, 3.5933824944142256, 3.7290328050500134, 5.355992121432813, 9.36401920424932, 11.51585591583128, 12.535529654674828, 8.131021018152795, 8.407487857549178, 0.41859856760439307, 10.494674580556804, 11.43641672904647, 11.177986170056169, 13.386295011656486, 14.861322168122516, 13.069692774139789, 10.678060704298911, 9.419759749840983, 10.62812495180033, 9.836490219240186, 11.978188903915498, 15.11988761386825, 16.32825299080357, 16.469951698183756, 15.944983737654598, 15.886682443630797, 15.895047816364123, 15.36874074545616, 15.625626521617447, 15.224762031698098, 15.543729807797206, 15.678150348777361, 15.752817174021253, 17.361155424036326, 20.23553433140372, 20.30968306620644, 20.317146636953787, 20.391290803490726, 20.532108718272543, 19.87292827721727, 20.613747776018165, 20.087900364269, 20.29538618238715, 19.769538655503172, 18.37702447072578, 17.517843624184636, 19.658662778450374, 19.866148599113036, 19.74030108625002, 18.681120240011538, 17.82193939377828, 17.457051779631236, 26.287155459739292, 31.061203295253215, 28.12942326092789, 29.732869447178913, 30.001856738425122, 27.53713938074692, 20.805684098103967, 27.34088887882232, 26.209432178510433, 23.944646800955354, 23.21319637979814, 23.748412600876286, 19.08362857129557, 21.418844450841323, 23.620726995634918, 26.8226095505498, 23.29115877582172, 19.559708001310536, 16.22825722649254, 16.563473118205096, 16.765355676564013, 15.700571568262834, 14.635787459966659, 14.455150561832912, 14.217694436939379, 14.149446278182653, 14.132338584154414, 14.187051172553637, 13.713678882909088, 12.641442993848784, 11.902248179300098, 11.429481978154625, 10.890000631426611, 9.883861742207118, 4.27773119600357, 3.538269396209425, 3.26547417067485, 3.2593453518283955, 2.5198831046854395, 2.3804208483987863, 2.7076252663348446, 2.7681630218550355, 2.895367444855097, 3.222571867662251, 3.4164429569604216, 3.5436473795460293, 3.737518468801289], "test": [-2.133333333333333, -16.133333333333333, -20.13333333333334, -20.13333333333334, -20.13333333333334, -20.13333333333334, -20.133333333333336, -20.133333333333336, -20.133333333333336, -20.133333333333336, -20.133333333333336, -20.133333333333336, -20.133333333333336, -20.133333333333336, -20.133333333333336, -20.133333333333336, -20.133333333333336, -20.133333333333336, -20.133333333333336, -20.133333333333336, -20.133333333333336, -20.133333333333336, -20.133333333333336, -20.133333333333336, -1.7999999999999996, -1.7999999999999996, -1.7999999999999996, -1.7999999999999996, -1.7999999999999996, -1.7999999999999994, -1.7999999999999998, -1.7999999999999994, -1.799999999999999, -1.7999999999999996, -1.7999999999999996, -1.7999999999999996, -1.7999999999999996, -1.7999999999999996, -1.3999999999999997, -0.9999999999999991, -0.3999999999999999, -0.7999999999999998, 2.2, 2.200000000000003, 3.0000000000000027, 5.6, 8.800000000000002, 19.799999999999997, -8.833333333333334, -4.933333333333337, 16.066666666666663, 16.066666666666666, -5.533333333333335, -5.383333333333338, -11.383333333333336, 16.066666666666666, 15.066666666666663, 15.666666666666664, 15.866666666666664, 16.066666666666663, 14.866666666666662, 16.066666666666666, 15.066666666666663, 15.066666666666666, -4.333333333333334, 16.066666666666663, 16.066666666666663, 16.066666666666663, 16.066666666666663, 16.066666666666663, 16.066666666666663, 16.066666666666663, 15.333333333333336, 15.333333333333336, 15.333333333333336, 14.933333333333337, 14.33333333333334, 14.533333333333339, 14.933333333333337, 14.33333333333334, 13.733333333333334, 12.933333333333337, 12.133333333333336, 11.33333333333334, 11.933333333333337, 12.333333333333336, 12.333333333333336, 12.333333333333336, 12.333333333333336, 12.333333333333336, 11.533333333333339, 11.533333333333339, 11.133333333333333, 9.533333333333339, 7.133333333333332, 5.533333333333338, 13.066666666666668, 12.066666666666666, 7.666666666666671, 5.066666666666665, 2.866666666666667, 1.0666666666666682, -1.5333333333333279, -5.533333333333324, -11.333333333333325, -15.733333333333325, -16.33333333333333, -16.933333333333326, -16.533333333333328, -16.933333333333326, -16.933333333333326, -16.933333333333326, -16.933333333333326, -16.733333333333327, -15.933333333333325, -16.133333333333326, -16.933333333333326, -16.933333333333326, -16.933333333333323, -16.933333333333323, 14.399999999999999, 14.399999999999999, 14.399999999999999, 14.399999999999999, 15.2, 15.399999999999999, 15.399999999999999, 15.399999999999999, 15.399999999999999, 15.399999999999999, 15.399999999999999, 14.399999999999999, 14.399999999999999, 14.399999999999999, 14.399999999999999, 15.2, 15.399999999999999, 15.399999999999999, 15.399999999999999, 15.399999999999999, 15.399999999999999, 15.399999999999999, 15.399999999999999, 15.399999999999999]}