{"day": 6, "month": 1, "station_id": 246, "predict": [23.929161671740754, 24.117601134312803, 24.209288074935262, 24.37080290544401, 24.528389295735828, 24.6806326781149, 24.827326363872977, 24.968514577499988, 25.1042934163896, 25.234771405724, 25.36006200522541, 25.480281979413373, 24.995550698294974, 24.772656231015628, 25.145054809336568, 25.24620366451949, 25.3428939091968, 25.43525013078509, 25.523396693958226, 25.607457415676606, 25.6875552762342, 25.76381216328555, 25.836348646029943, 25.905283776945907, 26.098615436261746, 26.144355842974438, 26.17861206626893, 26.20928526030224, 26.104723079741966, 25.931986652569673, 25.957855588482722, 25.982380460726635, 26.00559835126294, 26.027543643234985, 26.04825029235532, 26.067752228965904, 26.086083366874064, 26.103277538104273, 26.119368419859658, 26.134389466447196, 26.148373848063127, 26.161354396279968, 26.173363555747567, 26.184433341604255, 26.527928635459517, 26.537213819511717, 26.87898608173117, 26.88660872506919, 26.052337656760166, 26.118322422665784, 26.183053433127032, 26.243268960728557, 26.49860148170443, 26.6825925152207, 26.7955372380639, 27.30439437526202, 27.342772303991694, 27.177594868095095, 27.54243573207331, 27.570852863847918, 27.59638960264228, 27.619242308825505, 27.706261274428556, 27.65761823593584, 27.473473828332992, 27.020644984900827, 27.232605620024643, 27.97615393193979, 28.318079662058388, 28.65849798061167, 28.730850001453167, 28.735236595328814, 24.07669243657802, 24.611491188773638, 24.83303890905536, 24.65035183844597, 24.85865358099693, 25.057368039957822, 25.71340626261295, 26.227147522585142, 26.53231119436898, 27.362602544767213, 28.25171061882669, 27.199975525219898, 27.274389255912, 26.275263090488387, 26.536228263468395, 26.52423658404718, 26.306227686126796, 26.01579624700896, 26.319859177485327, 28.55198945192972, 30.9790832466917, 31.268027054935185, 31.41903144595604, 31.63229813692009, 28.349834730373903, 28.156791897447746, 27.877646506467475, 27.68517825610921, 27.758915526061887, 27.494721011581717, 27.691930324664778, 27.817239501778097, 27.670801920739695, 27.38612031715042, 27.630028956978247, 27.869358169084446, 27.70426767454877, 28.001580001888758, 27.96144715835983, 27.98401726944894, 29.269434551015745, 31.484505958693642, 31.562701183779296, 31.637485995235313, 31.908988926621067, 31.977334639965047, 32.642643965313745, 32.57170061479326, 33.10708146574328, 33.27498635568706, 33.403615464967835, 33.51580777402515, 33.61745162294999, 33.710423459266316, 33.79559783567834, 33.87357753892692, 33.94487376471498, 34.00995143703758, 34.40257492353822, 34.456479118468025, 34.77203857518683, 34.81626943547614, 34.92283114781138, 34.95869471783837, 34.39081084625043, 34.3527779642788, 34.57817684106532, 34.73390510301287, 34.553511671359225, 34.43719779043786, 34.45181798533919, 34.464214287296336], "test": [24.0, 24.0, 24.0, 24.0, 24.0, 24.0, 24.0, 24.0, 24.0, 24.2, 25.0, 25.0, 25.0, 25.0, 25.0, 25.0, 25.0, 25.0, 23.000000000000004, 23.000000000000004, 24.0, 24.0, 25.6, 26.0, 26.0, 26.0, 26.0, 26.0, 26.0, 26.0, 26.0, 26.0, 26.0, 26.0, 26.0, 26.0, 26.0, 26.0, 26.0, 26.0, 26.0, 26.0, 26.0, 26.0, 26.0, 26.0, 26.0, 26.0, 26.400000000000002, 27.0, 27.0, 27.0, 27.0, 27.0, 27.0, 27.4, 28.000000000000004, 28.000000000000004, 28.000000000000004, 28.000000000000004, 28.000000000000004, 28.000000000000004, 27.6, 27.0, 27.0, 27.0, 26.6, 25.0, 25.0, 25.0, 24.4, 24.0, 23.4, 23.000000000000004, 23.000000000000004, 19.4, 19.0, 19.0, 19.0, 20.6, 20.8, 20.8, 21.0, 21.0, 21.0, 21.400000000000002, 29.600000000000005, 31.0, 33.0, 32.0, 32.0, 32.0, 32.0, 32.0, 32.0, 29.4, 27.6, 28.2, 29.0, 29.0, 30.0, 30.0, 31.6, 32.2, 33.8, 33.0, 33.0, 32.0, 32.0, 32.2, 33.0, 33.0, 33.0, 32.2, 32.0, 32.0, 32.0, 32.0, 32.0, 32.8, 33.0, 33.0, 33.0, 33.0, 33.0, 33.0, 33.0, 33.0, 33.0, 33.0, 33.0, 33.0, 33.0, 33.0, 32.0, 31.0, 31.0, 31.0, 31.0, 31.0, 32.0, 32.0, 32.0, 32.8]}