{"day": 3, "month": 4, "station_id": 192, "predict": [14.916417627635736, 14.699458217811754, 14.29230222510144, 14.294740500534107, 14.105709159357112, 14.257676677836283, 14.216622858489462, 14.181959828054028, 14.153158052608815, 14.396396119284937, 14.444553730997166, 14.43054163000801, 14.220632761556345, 14.0811272029219, 14.27835059583887, 14.411986001296071, 14.415072486620334, 14.4206704388452, 14.161860269884198, 13.771741180056491, 13.783429979780994, 13.796726635592274, 13.81144653961469, 13.827419501325037, 14.913739744911672, 14.827543404712001, 14.751567836469313, 14.685254758059742, 14.62726613157313, 14.576582919599435, 14.532434584858029, 14.494187229646794, 14.461287346670122, 14.433237665339199, 14.409586280284225, 14.38992075885685, 14.707197457853184, 14.694404967602065, 14.68456131215407, 14.67737810505855, 14.672591604538846, 14.66996063761497, 14.869264705266183, 15.003635584683272, 14.406222413560988, 14.01019024298871, 14.015385380156514, 13.755000843251034, 13.691959326125753, 13.95126240558988, 13.575003217576848, 12.929572024415833, 11.489723091524562, 9.656933233031223, 7.297614512232562, 5.011104853784895, 3.0633604998965733, 1.9203827433125864, 2.314904500940229, 1.9130568728919006, 1.6476973213648964, 2.0517369760120716, 1.4581348600884263, 3.533225971167037, 4.8100499100107905, 3.888346687659885, 2.767886327424155, 1.981798879015132, 1.8632381327980216, 1.8120456601396804, 1.8280818102692795, 2.9778902980969004, 6.206984989382123, 6.020488366884285, 5.154501068349246, 3.9198783731759006, 2.677871842790717, 1.9025481732920895, 2.0628042945216527, 3.8928307607732835, 6.326399147719756, 5.963778419412389, 5.071807806575262, 4.983923981736437, 5.7668421577285285, 7.3538995718745355, 7.8117303069246065, 7.673605482882302, 7.206105767516394, 7.47579303259995, 7.282547940744753, 7.026240227280717, 6.640065094716617, 6.590545793194629, 7.744202451161157, 8.567553879134879, 3.482364112862016, 5.473002659643194, 4.92288392132503, 4.850091939862109, 5.2500222315169065, 5.86056551403381, 8.021020627258746, 9.203762494286243, 10.547271304861026, 10.522790667243761, 9.734377180085353, 9.385623200737582, 8.61304239627868, 10.486116513078768, 9.40733692452306, 7.645574813155818, 7.269447176423586, 8.68067912822101, 9.280796248996143, 9.271147356165878, 11.486258024414454, 9.827181814815372, 11.328182805348055, 11.556749652759228, 9.192244381601098, 10.240635804305118, 10.348477307243055, 9.504089173394975, 10.173886987899458, 10.29309895098648, 9.66380208973729, 9.75455890457634, 10.567044553089655, 11.169397788699001, 11.0962446091261, 11.615386457615925, 11.99448571007004, 12.501082165937797, 13.602607572499256, 14.099731785423698, 14.52637410883519, 14.749713322699929, 15.636863214907798, 15.654880417141246, 15.470771328349961, 15.218164896387632, 14.563984683343383, 14.441786963072166], "test": [15.0, 15.0, 15.0, 15.0, 15.0, 15.0, 15.0, 15.0, 15.0, 15.0, 15.0, 15.0, 15.0, 15.0, 15.0, 15.0, 15.0, 15.0, 15.0, 15.0, 15.0, 15.0, 15.0, 15.0, 15.0, 15.0, 15.0, 15.0, 15.0, 15.0, 15.0, 15.0, 15.0, 15.0, 15.0, 15.0, 15.0, 15.0, 15.0, 15.0, 15.0, 14.6, 14.2, 13.0, 13.0, 13.0, 13.0, 13.6, 14.0, 13.6, 13.0, 13.0, 13.0, 11.4, 9.2, 8.8, 5.2, 0.3999999999999999, 0.0, 0.0, 0.8, 1.0, 0.20000000000000018, 0.0, 0.20000000000000018, 0.0, 0.0, 0.0, 0.0, 0.8, 1.0, 5.2, 6.0, 3.2, 2.6, 3.4, 4.2, 4.4, 1.8, 0.3999999999999999, 0.0, 2.2, 3.6, 2.6, 4.0, 3.6, 6.4, 6.0, 6.0, 7.6, 5.2, 3.6, 3.8, 4.0, 3.0, 2.8, 1.2000000000000002, 2.0, 1.5999999999999996, 0.0, 0.0, 0.0, 0.40000000000000036, 1.0, 1.1999999999999993, 2.0, 1.5999999999999996, 3.2, 2.5999999999999996, 2.4000000000000004, 7.2, 12.4, 14.0, 12.4, 13.2, 13.4, 11.4, 9.4, 9.4, 9.4, 10.0, 8.4, 9.0, 9.0, 9.2, 10.6, 11.0, 13.4, 14.6, 14.8, 15.4, 16.0, 16.0, 15.0, 15.0, 15.0, 15.0, 15.0, 15.8, 16.0, 16.0, 16.0, 16.0, 16.0]}