{"day": 1, "month": 7, "station_id": 214, "predict": [12.770177344924516, 12.819175331004189, 12.58057113003186, 12.51070881793522, 12.244673982978538, 12.037410709754635, 11.741433543197353, 11.505794854287505, 11.279504977765134, 11.062188069052677, 10.853599870077396, 10.803425234554094, 10.711322682122875, 10.526969064216686, 10.350061215556156, 10.0803081464875, 9.517428565245874, 9.361151299798504, 9.21121550419703, 9.06737031972634, 8.929374443760103, 8.796995775725529, 8.670011106103377, 8.548205811062896, 14.461441721930711, 13.763093889839274, 13.396745475353224, 13.055159968533673, 12.729153699207508, 12.366896952441202, 12.117725115959878, 11.830983460090025, 11.556227400968893, 11.293058526470272, 11.641014460172467, 11.8496135693205, 11.568401428221543, 11.446953243243927, 12.434863394729385, 13.18174114423569, 13.18721087286403, 14.400912427403949, 15.922500641094162, 18.45164461292007, 21.988027086408717, 28.781343917826987, 32.0, 32.0, 29.708533494912082, 26.946359795943955, 29.020945925826496, 28.15224959219185, 30.200666404634468, 30.885312650657763, 24.887620800811508, 23.492934322023572, 20.956286904832577, 21.3727734797361, 22.589903482464777, 22.95767126555101, 23.326429449548172, 23.946232702885695, 24.166991393209173, 24.388624047865683, 24.46107824266471, 22.53431260800891, 22.50828794116326, 22.582967014783026, 22.608315576675132, 22.48430241993563, 22.160899030341874, 22.738079267259295, 21.876384095412686, 21.539887656869023, 22.092558055231525, 22.377443911509033, 22.61509651117447, 22.410952935654613, 22.21185598933423, 22.315778754158398, 22.572679527870072, 22.88283262479636, 23.596229392274253, 23.36271959623988, 23.882159288812698, 23.804430041470354, 23.67942004449904, 23.657015620033086, 23.387102098061348, 23.869565805257686, 23.604294858360333, 22.841179364282716, 22.480111578233426, 23.220986105840495, 25.21370009657544, 27.4581534010955, 21.780631694239265, 22.100961862089406, 20.463455422257326, 19.437772546492084, 17.445954958075426, 15.447541820317308, 13.346266186805256, 10.48563534171624, 9.313084580223496, 9.478929683174515, 6.13409705777492, 4.929326141869253, 2.765146856135435, 0.9420039683609054, 0.7603249198290398, 4.2205294101705455, 9.873020954056903, 11.31818201042028, 11.206374417566689, 9.9379413132406, 9.463208567001425, 9.58248569426802, 9.346066625133371, 9.654230477661029, 14.400260247401093, 14.051504389198449, 14.254689401545317, 14.984584293716493, 15.172488544414648, 15.680378318305543, 15.504039024350766, 15.339211260054878, 14.634820007246976, 13.890741428415838, 13.906589949258906, 13.831765251456456, 12.16567378354835, 11.80778589765543, 11.657615426290713, 11.814702774661464, 12.028611602565407, 11.948929263437424, 11.875266374461726, 11.757255579882916, 12.044550236799429, 12.186823250305654, 11.933766019393836, 11.835087443134656], "test": [13.0, 13.0, 13.0, 13.0, 13.0, 13.6, 14.0, 14.4, 15.4, 16.0, 15.2, 15.0, 15.0, 15.0, 15.0, 15.0, 15.0, 15.0, 15.0, 15.0, 15.0, 15.0, 15.0, 15.0, 15.0, 15.0, 15.0, 15.0, 15.0, 15.0, 15.0, 15.0, 15.0, 15.0, 15.0, 15.0, 15.0, 15.0, 15.0, 15.0, 15.0, 16.8, 20.4, 23.0, 26.8, 29.8, 30.6, 31.0, 31.0, 31.0, 31.0, 29.4, 21.0, 21.4, 28.2, 29.8, 30.4, 25.4, 14.0, 14.8, 15.2, 16.2, 16.4, 18.4, 20.2, 21.0, 20.2, 20.0, 20.8, 21.0, 21.0, 21.4, 22.0, 22.0, 22.2, 23.0, 23.0, 23.0, 23.6, 24.0, 24.0, 24.0, 24.0, 24.0, 24.0, 24.0, 23.4, 22.8, 23.4, 23.0, 22.4, 21.0, 21.0, 21.2, 22.4, 21.8, 20.0, 20.0, 18.0, 15.4, 11.8, 9.4, 11.2, 10.4, 7.4, 6.2, 13.8, 7.2, 5.2, 1.0, 0.0, 0.0, 0.0, 0.0, 8.2, 16.2, 15.4, 15.0, 15.0, 14.8, 14.0, 14.4, 13.2, 12.2, 11.6, 10.0, 10.0, 8.2, 7.8, 7.6, 8.0, 8.0, 8.0, 8.2, 8.0, 8.0, 8.0, 8.0, 8.0, 8.0, 7.2, 7.0, 7.0, 7.0]}