{"day": 3, "month": 6, "station_id": 228, "predict": [38.70089008575426, 38.6231252046499, 38.61229346296852, 38.60263753111816, 38.59482254599956, 38.5888889443579, 38.58469212420463, 38.71538311358259, 38.9141123907638, 38.91403926478467, 38.915001372984015, 38.91684904343152, 38.919445601335816, 38.922667261471055, 38.92640274436571, 38.93055270430469, 38.93502903395529, 38.939754094892756, 38.94465991143923, 38.949687355871355, 38.95478534564046, 38.95991006740062, 38.965024238053665, 38.97009640945293, 39.021300474484626, 39.04039966671557, 39.058095542325304, 39.07427740322395, 39.088874151746964, 39.10188340395909, 39.11334533812398, 39.05666016307426, 38.398578669578136, 38.072529056672344, 37.945278757348355, 38.283597435271034, 38.48758755469624, 38.490682338116954, 38.2263109658049, 38.161230898816555, 38.42886056202599, 37.76261230819052, 36.6292255987647, 35.62876701602386, 33.894630397794955, 30.426870394401696, 29.158869420937993, 30.95733798359999, 32.42671127797921, 29.397370983732923, 25.34866593524314, 19.07010549292786, 11.42472180478613, 7.009219858444373, 9.287101592720898, 9.72209127666457, 7.378164322928821, 8.919545902943876, 9.210699781177555, 6.5829804121802535, 5.767950362539226, 5.830697292506831, 5.703151027107741, 4.65073440445276, 4.072348142201738, 2.017023213174886, 2.117240824803188, 2.1555867162401072, 2.5314064515314443, 2.4607950280131337, 4.626587434019743, 14.561683444053688, 1.4115456218512312, 2.076132734778189, 2.9463887040274805, 4.147544714336046, 5.088213690706712, 5.449461728254037, 6.511154207920232, 8.218291410484643, 10.781171945258908, 9.942220129176283, 10.50945800016188, 9.223294107809714, 8.623298746696683, 8.848300649092218, 9.503139734851295, 10.458743677674217, 11.118862602360819, 11.953462801392757, 12.298780275334831, 12.157368158036281, 12.531472017072414, 14.356400288547464, 15.033890379583767, 16.365470917864485, 11.464090918024441, 13.025355622929947, 15.319504231427084, 17.022000116455573, 17.615855154785727, 14.849993787329986, 16.404745430979666, 15.291907460696784, 16.254964151640245, 18.702633939669578, 20.775726212205154, 24.213974652964385, 30.42284959536708, 32.6736851552078, 34.303790010882544, 32.849877129739056, 32.44814752290026, 32.634362915291106, 32.81057537456252, 34.111848450704684, 34.40630423595227, 35.495163960727176, 35.77944962785205, 35.926680752845655, 39.56019239923291, 39.50118014883135, 38.97146423330189, 39.11193824596621, 39.85758904172806, 40.0, 40.0, 40.0, 40.0, 40.0, 40.0, 40.0, 40.0, 40.0, 40.0, 40.0, 40.0, 40.0, 40.0, 40.0, 40.0, 39.996506490992815, 39.74450814038888, 39.89506656056501], "test": [39.0, 39.0, 39.0, 39.0, 39.0, 39.0, 39.0, 39.0, 39.0, 39.0, 39.0, 39.0, 39.0, 39.0, 39.0, 39.0, 39.0, 39.0, 39.0, 39.0, 39.0, 39.0, 39.0, 39.0, 39.0, 39.0, 39.0, 39.0, 39.0, 39.0, 39.0, 38.8, 38.0, 38.0, 38.0, 38.0, 38.0, 38.0, 38.0, 37.2, 35.4, 35.0, 34.4, 34.0, 33.0, 30.2, 35.2, 34.2, 24.8, 23.4, 20.0, 16.2, 5.6, 6.6, 6.2, 0.40000000000000036, 0.0, 0.0, 0.0, 0.0, 0.0, 0.0, 0.0, 0.0, 0.0, 0.1999999999999999, 0.4000000000000001, 0.0, 0.0, 0.1999999999999999, 0.3999999999999998, 0.0, 0.20000000000000018, 0.20000000000000018, 0.6000000000000005, 3.400000000000001, 14.6, 15.0, 13.0, 13.0, 12.0, 11.8, 11.400000000000002, 10.0, 7.800000000000001, 7.4, 8.8, 9.4, 13.0, 13.0, 12.8, 11.400000000000002, 12.4, 12.8, 10.2, 11.0, 9.6, 7.800000000000001, 7.6, 7.6, 7.0, 7.4, 8.0, 12.4, 15.4, 20.0, 30.0, 36.2, 39.8, 38.2, 39.0, 38.8, 39.0, 37.8, 38.0, 37.8, 39.0, 39.0, 39.0, 39.0, 39.0, 37.6, 38.8, 39.0, 39.0, 38.6, 38.0, 38.2, 38.8, 39.0, 38.8, 38.0, 39.0, 39.0, 39.0, 39.0, 39.0, 39.0, 39.0, 39.0, 39.0, 39.0, 39.0, 38.2]}