{"day": 5, "month": 11, "station_id": 579, "predict": [30.061167569536604, 30.258615892207402, 30.466729249134705, 30.9298563953411, 31.17725880383154, 30.808907813498557, 30.82567689423204, 30.961947252589823, 31.085432535848152, 31.19713504211058, 31.49800136642026, 31.722253500771586, 31.804055958256146, 31.877517249933085, 31.94335852112901, 32.002249137861774, 32.054809113142944, 32.10161163406056, 32.14318563612754, 32.18001838348236, 32.212558022530004, 32.241216083789105, 32.26636991259379, 32.2883650141577, 32.598891741477985, 32.4916943934526, 32.379942318051164, 32.28131708523998, 32.19730126187965, 32.126523859980246, 32.06728623338683, 31.818015421314833, 31.643993554788313, 31.877348926822922, 31.917035897815783, 31.89548163265061, 31.878568234138314, 31.865617045544074, 31.856041583739742, 31.849335535757586, 31.845062271880785, 31.842845687214265, 31.8423622069177, 31.843333810609693, 31.845521949198506, 31.848722242931814, 31.852759863088536, 31.59081884503857, 32.60394364682245, 31.95144483760645, 31.636823577785137, 31.536339161879386, 31.1831160629299, 31.3754302877496, 31.444868857697966, 30.45655715860744, 30.20916763137189, 30.301562517378333, 30.46610174889324, 30.301953718720117, 30.408409068442484, 30.118197104583743, 29.697471136806488, 29.41246243049425, 28.262802516759425, 27.581513640501477, 26.368333823376894, 25.75637637641804, 26.012123718030317, 25.068755371309145, 23.726143363848646, 21.25084826712279, 31.453250483204133, 29.476982077784506, 27.39404603019671, 26.08428468135833, 25.6891053326884, 25.00538145183137, 24.028633539012397, 21.621278224863474, 22.112843616191054, 20.899958805170904, 19.11297645208453, 19.41592776919028, 19.873148423306002, 18.88257575508062, 18.509050253477852, 16.550954139971328, 14.473519952495531, 13.542142068948964, 11.222357489772545, 11.713162240141251, 11.6803297883702, 10.523064575557962, 9.907323779491495, 9.965807127214699, 33.04416860528398, 32.26379349081092, 30.09496682008624, 28.981414921181756, 27.879640014004053, 26.990385709145016, 25.776082428584445, 24.965011594411518, 24.285572737703276, 23.7331401065529, 22.970085352847168, 22.192430217307297, 21.52982540754324, 21.64552906031264, 20.86971963332805, 20.199476850504453, 19.765430697226694, 18.63174505844968, 17.929435911675608, 17.389690654189096, 17.010521815142525, 16.590088408488956, 16.19335152148931, 15.818730738657862, 32.13607045508083, 30.56896877952127, 30.5774874594139, 29.755655732985808, 28.910645528546006, 28.10802344980236, 27.345464441799777, 26.620570260557848, 25.86439601476324, 24.941477459900376, 24.31649438805265, 23.720928413585487, 23.15305346645969, 22.544593368724804, 21.760713362151684, 21.266678930143016, 20.79451521285778, 20.343000305920867, 19.910992400174592, 19.364090722565074, 19.101296907975183, 18.72167676812611, 18.357689093111354, 17.60851479034513], "test": [30.0, 30.0, 30.0, 30.0, 30.0, 30.0, 30.0, 30.0, 30.2, 31.0, 31.0, 31.0, 31.0, 31.0, 31.0, 31.6, 32.0, 32.0, 32.0, 32.0, 32.0, 32.0, 32.0, 32.6, 33.0, 33.0, 33.0, 33.0, 33.0, 32.4, 32.0, 32.0, 32.0, 32.0, 32.0, 32.0, 32.0, 32.0, 32.0, 32.0, 32.0, 32.0, 32.0, 32.0, 32.0, 32.2, 33.0, 33.0, 32.2, 32.0, 32.0, 32.0, 32.0, 32.0, 32.0, 32.0, 32.0, 32.0, 32.8, 33.0, 32.2, 32.0, 32.0, 31.6, 30.2, 29.0, 29.0, 29.0, 29.0, 29.0, 30.6, 32.0, 33.2, 33.0, 33.4, 32.4, 32.0, 32.0, 32.0, 34.0, 34.0, 34.0, 34.0, 34.4, 34.2, 33.0, 33.0, 33.0, 32.2, 32.0, 32.0, 32.8, 34.0, 34.0, 34.0, 34.0, 34.0, 34.0, 33.6, 33.0, 33.0, 33.0, 33.0, 33.0, 34.0, 34.0, 34.0, 34.0, 34.0, 34.0, 33.8, 33.0, 33.0, 33.0, 32.6, 31.6, 31.0, 31.4, 29.8, 32.6, 33.0, 33.4, 34.2, 35.0, 35.6, 36.0, 36.0, 36.0, 36.0, 36.0, 36.0, 36.0, 36.0, 36.0, 36.0, 36.0, 36.0, 36.0, 36.0, 36.0, 36.0, 36.0, 36.0, 36.0]}