{"day": 5, "month": 12, "station_id": 73, "predict": [14.441125342224048, 14.615395852955434, 13.878965311048294, 14.238072546148985, 14.494897768337847, 14.500243296154931, 14.80441848437211, 15.40755063523652, 15.859698901160831, 15.960896722442058, 16.111167712113346, 16.3605315991886, 16.20900644894649, 16.25660949267981, 16.803357439766405, 17.249266597568703, 17.74435292012775, 17.83863203046988, 17.88211923309145, 17.974829522733724, 17.61677759170122, 17.807977836554365, 18.548444364484002, 18.738190999482654, 15.990856574570696, 16.01958544412646, 16.29424715772841, 16.417167860112833, 16.488857898360312, 16.559417694797354, 16.6288683822158, 16.597221863900643, 15.264492014260236, 15.330694754016479, 15.395846969127684, 15.45996581373998, 15.523068375476045, 15.585171533929605, 15.646291906334655, 15.706445829566897, 15.765649356594844, 15.67391825848245, 15.431268028445858, 15.43771388661968, 15.493270785024029, 15.547953412542704, 15.401776199842883, 15.404753324211967, 15.26157830234467, 15.309199463147582, 15.35393243067239, 15.347303042153706, 15.039848405278146, 14.931761554522417, 14.373116704077137, 13.813945149740226, 13.354262346334684, 12.444077827364165, 11.883398881685896, 11.722231921687284, 12.010582992762018, 11.848457963033184, 11.635862594128614, 11.172802567781622, 10.60928349605403, 10.49531092549568, 10.230890339060933, 10.466027157195203, 10.500726738613473, 9.984994380963398, 9.418835321444007, 9.052254737406042, 12.006478107611331, 11.739473359227103, 12.147029880918653, 12.044712255056906, 12.038612581693155, 11.831111953252204, 11.523133409379406, 11.015030617431066, 11.706937449965519, 14.498903900615423, 16.140948265280997, 15.833076954217324, 15.375291946474128, 14.567593574868887, 14.509981560871369, 14.102455397691692, 13.995014491784662, 13.887658215138242, 13.080385924702586, 13.32319696973748, 13.866090694720095, 13.859066440618705, 13.752123545560986, 13.445261345273865, 12.17682019008057, 11.746999858350831, 11.67474813889766, 11.116583707082361, 10.561769831121158, 10.107835832609844, 9.80427690896491, 9.101014119801212, 9.498043293002642, 9.145365380916362, 8.14297721233928, 7.690872573963374, 7.089043828446354, 6.937482837969061, 6.536181389780263, 5.385131373051745, 4.434324846756492, 4.533754062883318, 5.233411472088835, 6.033289722660236, 5.633381657020632, 5.283680307390279, 4.684178891209287, 4.134870806545829, 5.7657472856411776, 5.554072702082826, 5.663976504261947, 5.7824357327385485, 5.854552331863732, 6.228462701096802, 6.503448744772087, 6.379229345377184, 6.05568978662938, 6.132778436986533, 6.210467535968907, 6.43873841796523, 6.367575980180173, 6.446966620976858, 6.226897472581403, 6.307356114023691, 5.288330461558077, 4.619808724515477, 4.551779385272989, 4.534231188151196, 4.667153131665465, 5.3505344620883655, 5.434364667574132, 4.768633472569626], "test": [14.0, 14.0, 14.0, 14.0, 14.0, 14.0, 13.0, 13.0, 13.0, 13.2, 14.0, 14.599999999999998, 15.0, 15.0, 15.0, 15.0, 15.0, 15.0, 15.0, 15.0, 15.0, 15.0, 15.6, 16.0, 16.0, 16.0, 16.0, 16.0, 16.0, 16.0, 16.0, 16.0, 16.0, 16.0, 15.2, 15.0, 15.0, 15.0, 15.0, 15.0, 15.0, 15.0, 15.0, 15.0, 15.0, 15.0, 15.6, 15.2, 15.0, 15.0, 15.0, 15.0, 15.0, 15.0, 15.0, 15.4, 14.0, 14.0, 13.8, 14.0, 12.599999999999998, 12.0, 11.600000000000001, 11.600000000000001, 12.0, 10.4, 10.4, 12.8, 14.0, 14.0, 12.8, 12.2, 12.0, 11.600000000000001, 10.0, 10.0, 9.2, 11.600000000000001, 12.0, 10.600000000000001, 10.4, 11.0, 11.600000000000001, 12.0, 11.2, 11.600000000000001, 11.4, 10.4, 11.4, 11.600000000000001, 11.4, 12.0, 12.0, 12.0, 12.8, 12.4, 12.0, 12.0, 13.0, 13.0, 13.0, 12.599999999999998, 13.0, 12.4, 11.4, 11.0, 9.2, 9.4, 10.0, 9.8, 9.0, 9.0, 8.2, 7.8, 7.0, 7.0, 6.6, 6.0, 6.0, 6.0, 6.0, 6.0, 6.0, 6.2, 7.0, 6.799999999999999, 6.0, 6.0, 6.0, 6.0, 6.0, 6.0, 6.0, 6.6, 7.0, 7.0, 7.0, 7.0, 7.0, 7.0, 7.2, 9.0, 9.0, 9.0]}