{"day": 6, "month": 12, "station_id": 246, "predict": [22.004272966055936, 22.2858550212621, 22.588752790591414, 23.04183811558008, 23.987160865108052, 24.671984308743617, 24.99557498119913, 25.407937236923548, 25.75933364884755, 26.150109251975657, 26.480628848757245, 26.701255226126253, 26.912341889658972, 26.91423087560179, 27.05725231569526, 27.241724595167756, 27.417954702319058, 27.736238631527947, 27.99686179262721, 28.15009941100306, 28.296216913572998, 28.435470299487974, 28.568106495648752, 28.5943636975305, 22.070386752979335, 22.346638750955737, 22.638698727102927, 23.129765885335658, 23.463632937954824, 23.73824743898807, 24.003092202183307, 24.25819695433214, 24.50377855573372, 24.740112793896046, 24.967489425497394, 25.18619669051698, 25.396516151593115, 25.598721121209802, 25.79307632474539, 25.979837982877225, 26.15925403109527, 26.4315643791911, 26.74700117754348, 26.905789079069088, 27.058145493290173, 27.20428083156869, 27.34439874343779, 27.478696344252835, 22.24756410226662, 22.90550796337501, 22.979914276433565, 23.154567480958256, 23.473507587964548, 23.78469212841705, 24.28753967686704, 24.531997050505204, 26.618195909367177, 26.99632944571576, 27.26660888255373, 27.479248326329216, 27.734459559831155, 27.83245029148449, 27.973423601220357, 27.957577800098225, 28.135106433384877, 28.756198333845198, 29.071037693011533, 29.57980413920202, 30.0326728182916, 29.67981447573642, 29.821395539220845, 30.907578201604196, 26.24021141970029, 26.448328595217728, 26.773308950085827, 26.785907054382328, 27.9565641562921, 28.87460668079104, 30.086331900661197, 30.190559901572467, 30.38700839069023, 30.925708910004577, 30.906800032234337, 30.230454909466857, 30.296856110340343, 30.8561869440954, 31.258628493685297, 31.00435861738809, 30.993551628220352, 31.226378207474554, 30.853005400154785, 30.07359664005354, 29.9883117864363, 30.047307166009837, 30.40073561786057, 30.548746540428965, 30.175332268179755, 30.41053400143523, 30.591282832892478, 30.766476598869534, 30.786082080447528, 30.600187231178733, 30.75890286134134, 30.912340778214677, 31.060609625126062, 31.20381553160774, 31.342063198168027, 33.67545651275689, 35.25409877826119, 37.47809273786571, 38.79754051586457, 38.76254353008181, 38.82320239929836, 38.92961685451208, 39.23188565697334, 39.8801065237085, 41.0, 41.0, 41.0, 41.0, 28.129637412294027, 28.31589686318365, 28.322260523288854, 28.484178800864104, 28.69598247048888, 29.055590408315982, 29.3122627472361, 29.315733746552784, 29.265901654037325, 29.26272287656008, 29.406176701719957, 29.596253529058124, 29.68295078818449, 29.71627135550039, 29.89622279068277, 30.072816852396606, 30.24606911885734, 30.265998656344276, 30.3326277165095, 30.49598145551289, 30.80608767199007, 31.06297656218955, 31.21668049108664, 31.367233778472595], "test": [22.200000000000003, 22.0, 23.000000000000004, 23.000000000000004, 23.000000000000004, 23.000000000000004, 23.000000000000004, 23.000000000000004, 23.000000000000004, 23.000000000000004, 23.000000000000004, 22.8, 22.0, 22.0, 22.0, 22.0, 22.0, 22.0, 22.0, 22.0, 22.0, 22.0, 22.0, 22.0, 22.0, 22.0, 22.0, 22.0, 22.0, 22.0, 22.0, 22.0, 22.0, 22.0, 22.0, 22.0, 22.0, 22.0, 22.0, 22.0, 22.0, 22.0, 22.0, 22.0, 22.0, 22.0, 22.0, 22.0, 22.0, 22.0, 22.0, 22.0, 22.0, 22.0, 22.0, 22.0, 22.0, 22.0, 22.0, 22.0, 22.0, 22.0, 22.0, 22.0, 22.0, 22.0, 22.0, 22.0, 22.0, 22.8, 26.0, 26.0, 26.0, 26.0, 27.0, 27.0, 27.0, 27.0, 27.0, 27.4, 29.0, 29.0, 29.0, 29.8, 30.0, 30.0, 30.0, 30.0, 30.0, 30.8, 32.0, 32.0, 31.8, 30.2, 30.0, 30.0, 30.0, 30.0, 30.0, 30.0, 30.0, 30.0, 30.0, 30.0, 30.0, 30.0, 30.0, 30.0, 30.0, 29.4, 28.800000000000004, 28.000000000000004, 28.000000000000004, 28.000000000000004, 28.000000000000004, 28.000000000000004, 28.000000000000004, 28.000000000000004, 28.000000000000004, 28.000000000000004, 28.000000000000004, 28.000000000000004, 27.4, 25.0, 25.0, 25.0, 25.0, 25.0, 25.0, 25.0, 25.0, 25.0, 25.0, 25.0, 25.0, 25.0, 25.0, 24.600000000000005, 23.800000000000004, 23.6, 24.0, 24.0, 24.0, 24.0]}