{"day": 5, "month": 12, "station_id": 228, "predict": [37.59986428614263, 37.44259606193665, 37.47897522463825, 37.29965884594332, 37.095679012939826, 36.91204522486088, 36.746023384902536, 36.69588694708646, 36.710343525226875, 36.5883033237882, 36.47878920504208, 36.3809012537276, 36.2938016956853, 36.466707373915675, 36.39888508272212, 36.33964804866673, 36.138352934729, 36.19439713714708, 36.10721628604652, 36.576281912056324, 36.90109925972927, 36.88120523557028, 36.86616648129202, 36.855577564229456, 36.0022023049021, 36.020705256515654, 36.04985184196198, 36.08502791442784, 36.123907812584974, 36.16536388057009, 36.20878087939602, 36.353755524293646, 36.54997756725226, 36.597184106389115, 36.64514183071977, 36.69363969149536, 36.74248544744577, 36.791503669253636, 36.84053432004113, 36.88943158904835, 36.93806285929134, 36.98630776366019, 37.034057310564954, 37.081213069944084, 37.127686414071455, 36.973397809034054, 38.51827615340037, 39.26225816095786, 33.80166658286356, 32.15619707038987, 31.986332311179886, 31.743326609416258, 32.109289041738464, 32.227728276562026, 32.34626050947214, 32.21397121728649, 32.33047399107253, 31.595576226202226, 31.209160237463003, 31.32114069483886, 31.181449110327492, 31.190027934468098, 31.24682808534014, 30.051807720011794, 29.35493147060909, 28.606169867667685, 28.655498850939978, 28.4528993308656, 28.29835678635797, 27.69186089260455, 27.633405175510255, 27.472986690527776, 29.933386049288124, 30.419903215754015, 29.258381526178265, 29.091042684933733, 28.35175819297417, 27.702944338297367, 27.49918134286726, 27.39220639685186, 27.182728811363187, 26.071085167123186, 25.707474720161414, 24.942043862485342, 23.524916496982677, 23.65620506410447, 23.736014647095203, 22.96444459630738, 22.891589259020737, 22.767538381808347, 22.442377388439763, 22.316187606267324, 21.539046467564273, 20.811027695653973, 21.482201479704273, 21.752634639907768, 28.697093612951832, 27.458786362894053, 27.081721207538713, 26.32756842882682, 25.401752176564216, 24.105252852991708, 23.93712673751832, 23.59575466137293, 23.87934908153418, 24.086142602201726, 23.61445256932349, 23.312699571380517, 23.17940932230046, 23.61320880737809, 24.312820647365765, 24.377057096779666, 24.204814170138583, 23.89506605724977, 23.746859869796918, 24.109310719737213, 23.981597115965076, 23.262956661540294, 22.65268203310956, 22.850117224679146, 29.363893997638915, 28.736390329128852, 28.24022901815958, 27.698946880737985, 26.900041208311492, 26.237638189976103, 25.80834421307457, 25.409676469327188, 25.039531445849327, 24.746008760900313, 24.777350146798437, 24.581915262080237, 24.308169455762826, 23.904675614245235, 23.07008758029976, 23.55314432594955, 23.402664600065783, 23.317541945497137, 23.296740037861863, 23.189288317744005, 23.24427789529689, 23.26085770940113, 23.238230925254083, 23.125651555480037], "test": [36.0, 36.0, 36.0, 36.0, 36.0, 36.0, 36.0, 36.0, 36.0, 36.0, 36.0, 36.0, 36.0, 36.0, 36.0, 36.0, 36.0, 36.0, 36.0, 36.0, 36.0, 36.0, 36.0, 36.0, 36.0, 36.0, 36.0, 36.0, 36.0, 36.0, 36.0, 36.0, 36.0, 36.0, 36.0, 36.0, 36.0, 35.8, 35.0, 35.0, 35.0, 35.0, 35.0, 35.0, 34.6, 34.0, 34.0, 34.0, 34.0, 34.0, 34.0, 34.0, 34.0, 34.0, 34.0, 34.0, 34.0, 34.0, 34.0, 34.0, 33.6, 33.0, 32.2, 31.8, 31.0, 31.0, 31.0, 31.0, 30.0, 28.0, 28.0, 29.4, 29.0, 31.0, 30.8, 26.4, 25.0, 25.0, 25.0, 25.6, 33.6, 34.0, 33.2, 32.8, 33.0, 33.0, 33.0, 33.0, 29.6, 29.0, 29.0, 29.0, 29.0, 29.0, 29.6, 29.2, 27.800000000000004, 27.0, 25.8, 25.0, 25.0, 25.0, 27.0, 28.0, 27.4, 27.800000000000004, 29.4, 30.0, 30.0, 30.6, 32.0, 32.0, 32.0, 32.0, 32.0, 32.0, 31.8, 31.0, 30.4, 30.0, 30.0, 30.0, 30.0, 28.799999999999997, 30.0, 30.0, 30.0, 30.4, 32.0, 32.0, 32.0, 32.0, 32.0, 32.0, 32.0, 32.0, 32.0, 32.0, 32.0, 32.0, 32.0, 32.0, 32.0, 32.0]}