{"day": 3, "month": 8, "station_id": 55, "predict": [31.978289015490752, 31.612165513640278, 31.44278442067011, 31.42034227581138, 31.397395165478517, 31.574736702998056, 31.80223621370355, 31.829811739336137, 31.80752613650521, 31.73545328178454, 31.51363937557688, 31.492118385013665, 31.470921087138276, 31.45007451375388, 31.429601041284894, 31.409518884641713, 31.389842755998124, 31.37058427591692, 31.351752292735508, 31.33335319412217, 31.31539119750058, 31.297868608326482, 31.280786050498076, 31.2641426737484, 31.977838139994706, 31.954366012085966, 31.930141295499723, 31.904655455292364, 31.87860721847275, 31.852282372908572, 31.82569443880385, 31.79892954840378, 31.772114874335557, 31.645350472931355, 31.21871324962406, 31.24227136779785, 31.01608583517368, 31.19020915142897, 30.714685908460105, 30.339553964260773, 30.81484523700834, 30.290586292227744, 29.966798907805796, 30.943500608423147, 31.17070514339835, 30.94842291285118, 30.12666135192221, 28.65542527747116, 29.977457240670436, 29.805020683715025, 29.53480995296075, 28.328020055321, 24.270765461009045, 18.462543580802393, 13.607842306948124, 10.30742181848593, 10.810261255940228, 10.565859923505728, 9.524136238707467, 9.034977401003102, 8.648206426245407, 8.313657208975828, 8.431186987507976, 8.400664064231815, 9.771963839972006, 10.244969782658634, 10.119573501031365, 12.345673983249485, 12.62317695871339, 12.651994445734376, 13.032044331126906, 12.613249957486962, 15.501150792727827, 15.13844098022603, 14.568324815643336, 15.101148431465356, 15.16684680923603, 16.052289805804186, 17.002533123140335, 16.06770992397091, 16.097268844161555, 15.839931698447371, 15.644525731821345, 15.410098196134037, 15.13579528444069, 14.470818628881316, 14.164431456771405, 13.915960206617761, 14.474788211957069, 14.690349562109182, 14.662124669997498, 14.239636433391743, 14.572446591501675, 14.660152365732397, 14.002383419197178, 12.948799095551797, 14.339556217805315, 14.621420998775598, 13.89700271728737, 13.15899103782893, 11.059949384862671, 9.957859913545327, 10.1536622505536, 10.597268202195243, 11.039149285722315, 10.5798279201193, 10.769724088497139, 10.459197404141184, 11.498561173183395, 12.738085307243363, 14.428002305240634, 17.26851175225405, 20.709783461041088, 25.001960677802302, 26.89516320025304, 28.189490100665513, 28.4850221133138, 29.231823785071477, 30.529945412891557, 30.179424777252226, 32.10164406083585, 30.675269854626794, 29.927464197003623, 31.055427368356348, 31.13179124926367, 30.913431923362907, 31.653891606602127, 32.50216447311749, 32.50705975743403, 32.46799170108021, 32.384531193001784, 32.606239655828105, 32.63270067333615, 32.41354067999713, 32.3484233821109, 32.53704298944748, 32.479121012774016, 32.42440391508949, 32.37266070353634, 32.323680676654256, 32.27727143125793, 32.2332570875267, 32.19147669382791, 32.151782792760095], "test": [32.0, 32.0, 32.0, 32.0, 32.0, 32.0, 32.0, 32.0, 32.0, 32.0, 32.0, 32.0, 32.0, 32.0, 32.0, 32.0, 32.0, 32.0, 32.0, 32.0, 32.0, 32.0, 32.0, 32.0, 32.0, 32.0, 32.0, 32.0, 32.0, 32.0, 32.0, 32.0, 32.0, 31.2, 31.0, 30.8, 28.8, 25.4, 24.4, 23.0, 22.2, 25.4, 27.2, 28.4, 29.8, 29.6, 29.8, 29.199999999999996, 28.6, 29.8, 25.0, 24.6, 27.6, 24.6, 19.6, 19.6, 20.6, 21.0, 20.4, 18.6, 16.2, 16.0, 15.6, 15.0, 15.8, 15.4, 14.8, 15.0, 15.4, 16.0, 16.0, 16.0, 16.6, 16.6, 17.4, 17.4, 18.4, 16.8, 15.6, 14.4, 14.4, 13.8, 14.0, 14.4, 13.0, 13.4, 13.6, 13.0, 12.4, 12.0, 13.6, 15.4, 15.8, 15.4, 15.0, 15.0, 14.599999999999998, 12.8, 11.0, 10.2, 7.6, 8.0, 6.8, 7.4, 3.2000000000000006, 1.0, 1.8000000000000007, 6.2, 4.2, 0.6000000000000002, 1.2000000000000004, 5.2, 8.6, 11.0, 16.6, 21.4, 24.0, 27.0, 31.4, 32.0, 32.0, 32.0, 31.4, 32.0, 32.0, 32.0, 32.0, 32.0, 32.0, 32.0, 31.2, 31.0, 31.0, 31.0, 31.0, 31.0, 31.0, 31.0, 31.6, 32.0, 32.0, 32.0, 32.0, 32.0]}