{"day": 3, "month": 12, "station_id": 199, "predict": [5.669864314145125, 6.216681092952027, 6.741594052472376, 7.241427446257326, 7.718749413070376, 8.175369676293194, 8.612537745082328, 9.031259910238738, 9.432432496654943, 9.81688959056597, 10.185419930261384, 10.538773469152865, 10.610997891890552, 10.869440676546247, 11.181417424205543, 11.480880018326987, 11.768418020792955, 12.044593329507942, 12.30994144046519, 12.564972652375332, 12.810173217038745, 13.046006438076828, 13.272913720388281, 13.491315572549151, 6.416982623497409, 6.835242138559829, 7.232176086023834, 7.611548619663101, 7.976037096649758, 8.32699993257201, 8.66525728592542, 8.991431435018924, 9.306065577868177, 9.60966304823819, 9.702700320831129, 9.852298328802927, 10.125557814979192, 10.256227178903982, 9.31137004372229, 9.224699381922862, 9.52991158694638, 8.894020507912636, 8.11735812022467, 8.400241834703134, 8.942975113489995, 10.54584806060005, 13.009137988191934, 12.066443292891973, 16.478518627217774, 14.314854770468319, 13.5372701492383, 11.772578502875355, 10.519664275101693, 10.256087381554886, 9.985616573157392, 9.042965952782705, 8.495373864005332, 7.87646781973108, 7.386444885642874, 6.892133127992931, 6.727012578575052, 6.491222404613985, 6.651563384698067, 7.074832125717496, 7.02782140850068, 6.910653685952339, 7.790114520805666, 8.066319336716235, 8.13938016279216, 8.209405709276737, 8.276501442415318, 8.140769658873094, 16.725012815605517, 17.31093974060243, 15.972052780905472, 15.09104850948096, 15.47837014020564, 15.803627430713151, 15.200946268559626, 15.337054143369906, 16.278427837037853, 15.291466683845979, 15.375887831202078, 16.064747651227044, 16.224448634361785, 16.321407846016967, 16.688723631629607, 17.85950841309339, 17.900221317415443, 17.67733411001833, 17.923997145561387, 17.773372017271093, 17.158630908257663, 17.34628931133341, 17.269538782683988, 17.928246394415964, 20.17649035915231, 20.658901745418326, 20.119036401652547, 20.279156519736713, 21.363395458203314, 22.91303168453326, 22.530492977500472, 22.883157154440326, 22.771214536603924, 23.061364866916332, 24.0, 24.0, 24.0, 24.0, 24.0, 24.0, 24.0, 24.0, 23.095633372426946, 23.271724108203387, 23.649551913085855, 23.829083002836924, 23.74361730858659, 23.793121835981722, 23.448341538225087, 23.181641750972275, 23.96337655631967, 23.985260754677718, 23.86922843311983, 24.0, 24.0, 24.0, 24.0, 24.0, 23.468873691492142, 21.65302804976267, 22.308137716354146, 22.10059012629676, 22.563456481173173, 23.163157884709214, 24.0, 24.0, 24.0, 24.0, 24.0, 24.0, 24.0, 24.0], "test": [3.999999999999999, 4.799999999999999, 6.0, 6.0, 6.0, 6.0, 6.0, 6.0, 6.0, 6.0, 6.0, 6.0, 6.0, 6.0, 6.0, 6.0, 6.0, 6.0, 6.0, 6.0, 6.0, 6.0, 6.0, 6.0, 6.0, 6.0, 6.0, 6.0, 6.0, 6.0, 6.0, 6.0, 11.600000000000001, 20.0, 20.0, 20.0, 20.0, 20.0, 19.0, 19.0, 19.0, 19.0, 19.0, 18.6, 18.0, 18.0, 18.0, 18.0, 18.0, 18.0, 18.2, 19.8, 21.2, 21.4, 21.2, 21.0, 17.8, 15.0, 15.0, 14.399999999999999, 14.0, 14.0, 14.0, 13.2, 13.0, 13.0, 15.0, 15.0, 15.0, 14.599999999999998, 13.0, 16.6, 18.0, 18.0, 18.0, 19.0, 19.8, 20.0, 19.2, 19.0, 19.0, 19.0, 19.0, 19.0, 19.0, 19.0, 18.6, 17.8, 18.0, 19.2, 22.2, 21.0, 21.0, 21.0, 21.0, 19.2, 18.0, 20.4, 21.6, 22.0, 21.0, 19.4, 8.8, 10.6, 12.600000000000001, 11.2, 12.600000000000001, 13.4, 13.0, 16.0, 16.0, 16.6, 17.0, 17.8, 19.4, 20.8, 21.2, 22.6, 23.0, 23.0, 23.0, 23.0, 23.0, 23.0, 22.6, 20.0, 20.4, 21.0, 21.0, 20.6, 20.0, 20.0, 14.599999999999998, 14.0, 14.0, 14.0, 14.0, 19.8, 22.0, 22.0, 22.0, 21.6, 22.0, 22.0]}