{"day": 0, "month": 2, "station_id": 14, "predict": [18.459261798865874, 19.12790008239231, 15.509925967193137, 13.989820011670082, 13.996211357877476, 13.997675091137983, 13.864950333615106, 13.199026553342783, 7.999885486527184, 7.334113830871628, 7.335015467293386, 7.069249600809613, 3.6034822328676395, 1.004380876017822, 1.005279416935072, 1.0061779944788145, 1.0070766001162017, 1.0079752143561116, 1.0088738294616078, 1.0097724439289903, 1.0106710579421363, 1.011569671809359, 1.0124682856679832, 1.1467002328760314, 1.525418544247568, 1.526191778562397, 0.7309109668784188, 0.0, 0.0, 0.0, 0.0, 0.0, 0.0, 0.0, 0.0, 0.0, 0.0, 0.0, 0.0, 0.0, 1.4762651403578264, 3.4103241503263355, 6.277716492870887, 8.478442168490147, 8.879167844076242, 4.613226853014445, 2.080619195299851, 8.481344870922756, 8.460890320005541, 8.22242516000933, 9.122360437523119, 15.254561526605876, 10.37282552961128, 9.499845233065408, 15.630198205148172, 13.094279175038782, 12.82494834947772, 14.488827323244555, 15.952645279635323, 15.4831219342683, 13.346937887962774, 12.744090574897687, 4.407910498500185, 13.605063610193342, 13.202216613100026, 9.666036251468299, 10.929855885705722, 15.860342188032266, 16.657495158459724, 17.587981462806756, 18.185134433908175, 19.18228740496903, 18.215888881806244, 20.50888651585953, 21.57736943896294, 22.29926606492401, 22.62990769349335, 22.63167907041234, 30.984000516026494, 31.802694411612837, 31.604572983572346, 31.80641930238166, 31.491597446772992, 32.060111612381505, 31.69529416750072, 31.41381053626055, 30.782326885190496, 31.1675098380914, 31.269359438835426, 32.25454237249528, 32.60639197391386, 31.774908242246898, 23.79342451060834, 22.46194077899222, 20.5971237140524, 20.46563998244492, 24.20680380655481, 29.71286084793097, 34.7949703524762, 33.80481867169889, 33.27634062595613, 32.94199037598169, 32.272026558182716, 28.735210294662078, 28.19871186752212, 29.929073390960134, 28.926142403947427, 24.9232017963389, 28.05358571733541, 23.983967574563405, 24.981016291387483, 16.91139857869471, 12.841780916638982, 10.172163252774038, 5.435878920100087, 1.766261254136944, 0.0, 0.0, 0.0, 0.8211239232526237, 1.4828291483474203, 1.6970810626680457, 1.761426338065276, 2.2956080018478087, 5.564606247847547, 8.233746545045902, 7.102129313338752, 6.570029712946803, 6.037849589206266, 5.839045539347158, 4.9069349442596, 4.574829050309541, 4.109388557698219, 4.243947105529022, 4.24517209454331, 3.3797304301994298, 3.247622127404319, 3.8488471672055318, 3.91673887419091, 3.9179639137553863, 3.9191889530104635, 3.9204139922369037, 3.92163903148322, 3.9228640707379534], "test": [19.200000000000003, 20.2, 20.2, 20.2, 20.2, 20.2, 20.2, 20.2, 20.2, 20.2, 20.2, 20.2, 20.199999999999996, 20.199999999999996, 20.199999999999996, 20.199999999999996, 20.199999999999996, 20.199999999999996, 20.199999999999996, 20.199999999999996, 20.199999999999996, 20.199999999999996, 20.199999999999996, 20.199999999999996, 1.333333333333334, 1.333333333333334, 1.333333333333334, 1.333333333333334, 1.3333333333333333, 1.3333333333333333, 1.3333333333333333, 1.3333333333333333, 1.3333333333333333, 1.3333333333333333, 1.3333333333333333, 1.3333333333333333, 0.9333333333333353, 0.3333333333333348, 0.13333333333333552, 1.5333333333333332, 4.133333333333335, 4.133333333333335, 8.933333333333337, 11.733333333333334, 14.933333333333337, -0.466666666666665, 9.533333333333335, -5.466666666666661, 17.666666666666668, 11.066666666666666, 23.066666666666666, 9.266666666666666, 12.066666666666666, 11.066666666666666, 12.466666666666665, 8.266666666666666, 9.266666666666667, 14.466666666666665, 19.866666666666667, 23.866666666666667, 29.666666666666668, 32.66666666666667, 33.26666666666667, 34.266666666666666, 34.46666666666667, 35.66666666666667, 36.26666666666668, 37.666666666666664, 38.266666666666666, 38.66666666666667, 40.866666666666674, 41.266666666666666, 17.8, 19.0, 19.4, 19.799999999999997, 18.800000000000004, 18.400000000000006, 18.200000000000003, 18.000000000000007, 18.000000000000007, 18.000000000000007, 17.000000000000004, 17.000000000000004, 17.000000000000004, 15.600000000000003, 13.799999999999999, 12.000000000000005, 12.000000000000005, 12.200000000000005, 12.200000000000005, 11.8, 10.000000000000002, 8.400000000000002, 5.800000000000006, 4.600000000000005, 19.733333333333334, 32.53333333333333, 34.733333333333334, 34.733333333333334, 34.733333333333334, 32.93333333333334, 29.733333333333334, 32.13333333333333, 34.13333333333333, 30.333333333333336, 31.933333333333337, 29.933333333333337, 30.933333333333337, 29.333333333333336, 31.133333333333333, 28.53333333333333, 27.133333333333333, 20.933333333333334, 16.133333333333333, 13.33333333333334, 11.533333333333335, 11.733333333333334, 11.733333333333334, 13.333333333333336, -0.4000000000000039, 0.7999999999999972, 0.3999999999999986, 0.9999999999999991, 1.3999999999999977, 1.3999999999999977, 1.3999999999999977, 1.3999999999999977, 1.3999999999999977, 1.3999999999999977, 1.3999999999999977, -0.20000000000000462, -15.800000000000002, -16.800000000000004, -19.200000000000003, -19.6, -19.6, -18.6, -18.6, -18.6, -18.6, -18.400000000000006, -17.60000000000001, -16.800000000000004]}