{"day": 3, "month": 12, "station_id": 732, "predict": [19.11001809724169, 16.87768584592876, 16.74611342242757, 16.748570783297268, 16.559756377040046, 15.981095441071364, 15.745843577224786, 15.520294889141457, 15.304037898414274, 15.096670273824609, 15.031139411243046, 14.773742674393237, 14.524126709295313, 14.481953402930023, 15.046899230866439, 15.018654645964865, 14.863590163226762, 14.714755802382486, 14.771880552697533, 14.768038525484044, 14.636315126796173, 14.509806582897816, 14.388286151136999, 14.271537015554761, 19.764542828351928, 19.48160942311815, 19.19746397609292, 18.92199502731361, 18.656808835330853, 18.401823337915523, 18.156663191899064, 17.920923648190207, 17.69421265550511, 17.476155037644478, 17.533058353306608, 17.397911930051766, 17.203719452141414, 16.81683167331431, 17.370279187844556, 18.197105233514847, 17.697031850773943, 17.4697927282501, 18.781799399954807, 19.166140793389797, 19.155916127934415, 18.684234496279135, 19.35088112836234, 19.82231700395012, 19.483980043113327, 20.19122323111105, 19.13125346329685, 17.819880111952997, 16.31830696701256, 15.558060286538865, 14.53841602635237, 14.258966126682438, 13.386064032599823, 13.986096189884131, 14.125465090537965, 14.070584574841089, 13.087878394696425, 13.24377962851413, 12.53806365074692, 12.370514494531752, 12.140924566757468, 10.849094372184599, 11.494832244230526, 12.41128741524672, 11.79828309289334, 11.255649542642168, 10.916557176445538, 11.11418298092942, 12.218685707748646, 11.726654473302574, 11.233018265457535, 11.030272414043367, 10.70835352827639, 10.264582155742499, 10.497955298056299, 10.741181756858557, 10.393734748494012, 10.188459718451401, 9.924895095822881, 9.069269016283231, 9.821164540195204, 10.046851911736631, 10.145954253139895, 10.51811331097003, 11.629655244810522, 12.41358978885004, 11.602942784596245, 11.99742208311644, 12.130083481932688, 12.333996695086483, 13.808911354944575, 13.154589711040446, 3.950200931132012, 4.2456237944196715, 4.106808436884326, 4.102412186752753, 4.088149913617562, 3.261124740022545, 3.6209582238613605, 2.5679752961373152, 1.0360084371363965, 1.0255856389212965, 0.8038921159375576, 0.0, 0.0, 0.0, 0.0, 0.0, 0.0, 0.0, 0.013657467652921113, 0.3106347971938327, 0.6004742714079749, 0.08349635149989185, 0.0, 0.23029990791614616, 14.870290763632461, 14.04817360744052, 13.660522581941475, 13.032943154908747, 12.360530348190647, 12.240702697419922, 14.338672295043608, 13.920103777314074, 13.784170964059424, 14.06345897717064, 12.623932034061594, 10.864922824153131, 10.385795174863848, 10.98594200904, 9.998117220106039, 8.888434409505132, 9.189699045595951, 8.83474068071624, 7.423078550610734, 7.420920552583583, 7.427828933522586, 7.776719352684525, 8.467193317606284, 8.83220399158105], "test": [20.0, 19.400000000000002, 19.4, 20.0, 20.0, 20.0, 20.0, 20.0, 20.0, 20.0, 20.0, 20.0, 20.0, 20.0, 20.0, 20.0, 20.0, 20.0, 20.0, 20.0, 20.0, 20.0, 20.0, 20.0, 20.0, 20.0, 20.0, 20.0, 20.0, 20.0, 20.0, 20.0, 20.0, 20.0, 20.0, 20.0, 20.0, 20.0, 20.0, 20.0, 20.6, 20.8, 21.0, 21.0, 21.0, 20.4, 20.0, 20.0, 20.0, 20.2, 21.0, 21.0, 19.6, 20.0, 20.0, 19.8, 19.0, 19.0, 17.8, 17.0, 16.8, 16.2, 17.0, 17.0, 17.0, 16.2, 14.0, 13.600000000000001, 10.6, 15.0, 14.0, 13.0, 12.6, 13.0, 12.2, 13.400000000000002, 16.0, 17.6, 19.0, 18.6, 18.0, 17.2, 17.0, 15.600000000000001, 14.6, 12.8, 12.0, 11.8, 10.6, 10.0, 10.0, 10.2, 7.2, 5.800000000000001, 4.6, 4.4, 5.6, 7.0, 4.2, 4.799999999999999, 6.800000000000001, 8.0, 8.0, 8.0, 6.800000000000001, 6.0, 5.800000000000001, 8.2, 11.0, 12.4, 14.4, 15.0, 13.400000000000002, 14.6, 13.8, 12.0, 13.400000000000002, 15.0, 15.400000000000002, 15.0, 13.2, 13.0, 13.8, 13.400000000000002, 13.0, 13.8, 17.0, 17.0, 17.0, 17.0, 17.6, 17.8, 17.0, 16.8, 16.0, 16.0, 16.0, 16.0, 12.8, 12.0, 12.4, 13.400000000000002, 14.0, 14.0]}