{"day": 0, "month": 1, "station_id": 361, "predict": [0.0, 0.0, 0.0, 0.0, 0.0, 0.0, 0.0, 0.0, 0.0, 0.10792744272310939, 0.9603077827863475, 1.8006461375654337, 2.6247786158051505, 3.4295860103840474, 4.212739098929844, 4.972532092274203, 5.707763765981625, 6.417646521748809, 7.101733425661311, 7.759857941490801, 8.392083337117578, 8.998659865607737, 9.579988407000615, 10.13658958266742, 1.076826850457954, 1.3946627848053983, 1.82665136563535, 2.3252668813029906, 2.864863896816528, 3.4298429621660063, 2.276448069355278, 2.263854275304462, 2.653061313372001, 2.7729826239558477, 3.353453313651695, 3.9250290315828518, 4.485515759447356, 5.033201911080319, 5.566778733726469, 6.085275187589105, 7.6546700753656, 9.941179114698501, 14.211215447467124, 19.598022506772345, 29.56831174173397, 32.85557118932155, 29.32671099113629, 27.18204536875109, 15.172081706091083, 14.42823622633257, 17.647389344717404, 13.68399927285669, 24.241205320397093, 38.88059571372845, 46.32553749941788, 46.329316889344454, 39.50924341384818, 39.98045080878074, 40.45622063800843, 39.24822957738708, 37.86675083538937, 32.920824510727606, 31.46840474322222, 31.86648827802849, 31.17122747079621, 32.88802992495651, 33.82164647539715, 34.62624893280043, 34.955498794170204, 34.31260796659158, 33.00039242302616, 32.52131960082845, 30.50022494182439, 31.518894717899354, 32.08244498410698, 32.94947621984776, 33.69828636305288, 34.270153993887405, 34.61245413509057, 34.575316439309105, 35.01007286738926, 35.81852718112724, 35.80261245574759, 36.864234843310165, 37.30520647916203, 37.777220468211624, 37.931845298530334, 38.12052790191743, 38.64460029680335, 39.155287470793795, 39.15371544333409, 39.1909190480768, 38.96784925131752, 38.58537994895198, 38.444314240535896, 38.49539020291342, 34.61827411134495, 36.649047696463704, 37.07338820695497, 35.36610061973157, 33.58572529388249, 30.233014354831877, 29.005205796667994, 33.99826658822035, 36.30797439263007, 33.83039008737774, 32.262032477037785, 29.499915094582974, 29.191523172919727, 28.584767694769585, 31.227933410790786, 30.519628189347586, 22.758736613314085, 16.64437871144032, 13.275873822229357, 12.75270922654055, 12.07451306355428, 11.541031029070785, 11.352106383437723, 11.257662840574755, 0.0, 0.0, 0.0, 0.17670256584152877, 0.49018719593807525, 0.9938243396122639, 1.1722434952782521, 0.4700082303593386, 0.0, 0.0, 0.0, 0.0, 0.0, 0.0, 0.0, 0.0, 0.0, 0.0, 0.07230121834776645, 0.550421222804341, 0.7655612681712654, 0.9686983738712296, 1.1607254390146842, 1.3424585030059843], "test": [1.1999999999999988, 0.9999999999999984, 0.9999999999999984, 0.9999999999999984, 0.9999999999999984, 0.9999999999999984, 1.0000000000000013, 1.0000000000000013, 0.9999999999999984, 0.9999999999999984, 0.9999999999999984, 0.9999999999999984, 0.9999999999999984, 0.9999999999999984, 0.9999999999999984, 0.9999999999999984, 0.9999999999999984, 0.9999999999999984, 0.9999999999999984, 0.9999999999999984, 0.9999999999999984, 0.9999999999999984, 0.9999999999999984, 0.9999999999999984, 0.9999999999999984, 0.9999999999999984, 0.9999999999999984, 0.9999999999999984, 0.9999999999999984, 0.9999999999999984, 1.0000000000000013, 0.9999999999999984, 1.0000000000000013, 1.0000000000000013, 1.0000000000000013, 1.0000000000000013, 1.0000000000000013, 1.0000000000000013, 1.0000000000000013, 1.1999999999999988, 4.800000000000001, 8.6, 17.4, 18.2, 20.0, 20.6, 17.6, 15.199999999999998, 31.4, 37.0, 41.6, 47.2, 54.0, 52.8, 54.0, 54.2, 54.800000000000004, 55.00000000000001, 55.00000000000001, 50.6, 46.4, 51.0, 54.0, 54.599999999999994, 43.0, 42.8, 31.4, 28.6, 29.000000000000004, 29.000000000000004, 29.799999999999997, 30.0, 31.0, 34.8, 34.8, 31.600000000000005, 32.0, 32.0, 32.8, 33.0, 33.0, 33.0, 33.0, 33.0, 33.0, 33.0, 33.0, 33.0, 33.0, 32.0, 30.599999999999998, 29.6, 29.000000000000004, 29.799999999999997, 35.0, 34.2, 34.0, 34.0, 32.4, 28.200000000000003, 26.8, 22.6, 6.799999999999998, 1.2000000000000017, 4.800000000000001, 3.599999999999999, 7.199999999999998, 6.2, 14.2, 14.8, 14.4, 19.8, 18.4, 14.8, 8.6, 2.4000000000000004, 0.0, 0.0, 0.0, 0.0, 0.0, 0.0, 0.0, 0.0, 0.0, 0.0, 0.0, 0.0, 0.0, 0.0, 0.0, 0.0, 0.0, 0.0, 0.0, 0.0, 0.0, 0.0, 0.0, 0.0, 0.0, 0.0, 0.0, 0.0]}