{"day": 4, "month": 6, "station_id": 331, "predict": [29.80981485684898, 29.788996551113694, 29.770566734612906, 29.754249850025975, 29.739802262107187, 29.72700854617393, 29.715678209698353, 29.70564279626719, 29.69675332714264, 29.688878040919892, 29.681900396418555, 29.675717308038838, 29.670237586424406, 29.665380560459003, 29.661074859434283, 29.657257336705452, 29.65387211833912, 29.65086976218806, 29.648206514531307, 29.645843652921503, 29.643746905208353, 29.641885935878726, 29.49023389188759, 29.388767001067414, 29.92798585516836, 29.864165044161155, 29.80761538759943, 29.757517788349702, 29.713144761306072, 29.673850235462574, 29.639060487477554, 29.608266081485148, 29.58101470374713, 29.606904793049527, 29.53557987870154, 29.166723547738307, 28.600054971597974, 28.035324930254962, 27.1223122786519, 26.46082080637497, 26.35067644694631, 25.44172479793583, 26.283828917390203, 26.426867365897415, 25.020732467003644, 25.915328761721838, 24.61057163555988, 21.756386098887173, 20.80563701699598, 19.494728280256716, 23.96340696140499, 21.80825895563897, 20.476269330158736, 16.31477516207034, 12.371423997616759, 6.024137257564351, 5.731077995227408, 4.280622485330708, 3.841335184905756, 8.411946662758115, 9.291334142666155, 8.328504348196113, 8.472578374564755, 7.472778345980066, 7.428415645896915, 6.688880533124138, 5.503632979139107, 5.172194581679362, 5.094141427017718, 5.119097788575128, 5.496730562938321, 5.326744356148878, 14.306694745686801, 13.333035092609077, 12.6657269813748, 13.492971122651326, 12.554293253025369, 12.040393836655724, 12.143014966902745, 11.454822483484353, 14.119301551433255, 15.680664151831605, 15.833767114164868, 15.024039478975036, 14.847418119780386, 14.95029067714688, 16.479444967268677, 15.352024124138358, 14.59548681985703, 15.287571983168954, 15.616267503068691, 14.849782463346347, 11.566522506114188, 11.015067968493822, 10.874154477442502, 11.642655723781477, 22.576591057957195, 23.541902007068874, 23.08706070843053, 22.854102846174662, 22.385878032692446, 21.77596564950045, 23.418599417603392, 25.508599794370546, 29.41131338666098, 29.702558653242118, 29.788577244384953, 28.955990393735703, 24.221759837921883, 26.963152793539933, 28.927710569814167, 30.0, 30.0, 29.239326707408026, 30.0, 30.0, 30.0, 30.0, 30.0, 29.349462080873376, 28.909297226532125, 28.818260384355398, 28.476938053686453, 28.285366564853675, 27.693572495139048, 27.501574733336803, 27.759386179895067, 28.56701514047659, 28.674466462170546, 28.53174245421073, 28.68884362873761, 28.84576929173311, 28.852518009632277, 29.109087973164453, 29.115477276603315, 29.121684127729424, 29.127707001358917, 29.13354474720847, 29.13919666109585, 29.4446625269736, 29.649942636020885, 29.655037787942508, 29.659949278715743, 29.664678878260375], "test": [30.0, 30.0, 30.0, 30.0, 30.0, 30.0, 30.0, 30.0, 30.0, 30.0, 30.0, 30.0, 30.0, 30.0, 30.0, 30.0, 30.0, 30.0, 30.0, 30.0, 30.0, 30.0, 30.0, 30.0, 30.0, 30.0, 30.0, 30.0, 30.0, 30.0, 30.0, 30.0, 30.0, 30.0, 30.0, 30.0, 30.0, 30.0, 30.0, 30.0, 30.0, 29.6, 26.8, 27.2, 29.2, 27.2, 25.4, 24.4, 24.8, 23.6, 22.6, 18.4, 16.0, 14.6, 9.8, 6.0, 5.6, 4.6, 7.2, 13.6, 11.2, 11.2, 11.0, 11.0, 11.0, 12.0, 12.0, 12.8, 12.8, 14.6, 15.600000000000001, 15.399999999999999, 16.2, 15.399999999999999, 14.8, 16.6, 17.0, 17.0, 16.8, 17.0, 17.0, 16.6, 16.8, 17.0, 16.4, 17.8, 19.6, 20.6, 21.8, 22.0, 21.8, 20.0, 19.2, 19.0, 19.6, 21.2, 21.0, 22.2, 22.0, 21.0, 22.6, 23.8, 24.2, 26.2, 24.8, 24.0, 27.4, 28.0, 29.2, 29.2, 29.0, 29.6, 29.6, 29.0, 30.0, 30.0, 30.0, 29.8, 28.0, 27.8, 30.0, 30.0, 30.0, 30.0, 29.2, 29.0, 29.0, 29.2, 30.0, 30.0, 30.0, 30.0, 30.0, 30.0, 30.0, 30.0, 30.0, 30.0, 30.0, 30.0, 29.8, 29.0, 29.0, 28.4]}