{"day": 1, "month": 3, "station_id": 246, "predict": [39.64903744523325, 39.620303230062945, 39.59374663723047, 39.56900314639864, 40.21232855293148, 39.85685601140461, 39.835801889248586, 39.8157470744324, 39.796619862525304, 39.77835698006698, 40.16090149325961, 40.41086848565183, 40.39487776435288, 40.37955337105146, 40.364856495338465, 40.350751767350474, 40.33720692067097, 40.324192487412944, 40.31168152219531, 40.299649352316074, 40.2880733517469, 40.27693273680292, 40.26620838153258, 40.255882651042526, 39.97235366686635, 39.95333065972459, 39.93839708049499, 40.19261300244584, 40.248768593487, 40.23991672307292, 40.232520784707226, 40.22641049045396, 40.22143623794892, 40.2174647006212, 40.34770993428052, 40.54539851458501, 40.677101621284955, 40.54273394272269, 40.542219357412776, 40.542156707703825, 40.809152321667995, 40.87648594210965, 40.87744338945498, 40.87864928599556, 40.68006650282875, 40.148328991294726, 39.61674132778683, 39.81861163451838, 38.058077546142876, 35.305197803434446, 33.61737487586379, 30.989018050891517, 28.619238462633447, 25.508145216421564, 18.85615408938395, 13.463764359128547, 9.398146543441518, 6.059782605302682, 5.915791725016095, 8.966595936396821, 8.412587888176349, 7.787465882722332, 7.0915690223485885, 6.525212303577327, 8.35535494677555, 9.8489352853393, 10.13953888339823, 9.56073322097888, 9.579402286273636, 9.99574774790552, 10.143290046425662, 10.355536077241695, 16.32210637768236, 15.670570752230056, 15.325348995568111, 16.149285240344593, 16.07283403071473, 15.560183302254817, 15.142410518949015, 14.484104054815084, 14.05000908437137, 12.705013351459817, 12.114135692011915, 11.409182723710535, 9.122073182375416, 8.518163005805894, 7.9962377169746945, 7.888505372395819, 7.993923360634807, 7.5781923444245445, 7.440417311086345, 6.513102365722753, 5.328812570810664, 5.686836138015135, 5.9865136133725665, 6.360567365498175, 21.649587588403552, 21.98624259401886, 21.629565717751905, 21.12345605393618, 21.733591322468612, 22.457410297323683, 23.09223989205141, 24.968845836918103, 26.884796683989983, 27.77113051052145, 31.359015923085, 34.17974532555164, 35.16472816105299, 37.31215106641876, 38.15363834221771, 39.887579415021314, 40.91245661676513, 41.0, 41.0, 41.0, 41.0, 41.0, 41.0, 41.0, 40.76805911305564, 40.70393344454106, 40.58987174023711, 40.56014371752887, 40.480285256835586, 40.2825784790181, 40.0327464077273, 40.59658077240628, 40.03992555831651, 37.22867063723808, 36.762081847698916, 36.039465308890165, 36.19349869268432, 36.15689596289691, 35.52907220814032, 35.509475223653176, 35.56425050439281, 34.89290631323551, 34.89497882177855, 34.7033639879567, 34.6509828346909, 34.60411346046088, 34.56238977937625, 34.52546698834603], "test": [40.0, 40.0, 40.0, 40.0, 40.0, 40.0, 40.0, 40.0, 40.0, 40.0, 40.0, 40.0, 40.0, 40.0, 40.0, 40.0, 40.0, 40.0, 40.0, 40.0, 40.0, 40.0, 40.0, 40.0, 40.0, 40.0, 40.0, 40.0, 40.0, 40.0, 40.0, 40.0, 40.0, 40.0, 40.0, 40.0, 40.0, 40.0, 40.0, 40.0, 40.0, 40.0, 40.0, 40.0, 40.0, 40.0, 40.0, 39.2, 38.0, 38.4, 39.6, 38.8, 37.8, 35.8, 34.4, 18.25, 14.799999999999999, 10.950000000000001, 23.2, 20.6, 19.4, 18.2, 17.999999999999996, 18.0, 18.0, 18.0, 18.0, 18.0, 17.2, 16.6, 16.4, 17.0, 17.0, 15.6, 15.6, 17.8, 19.0, 18.6, 17.0, 16.0, 16.0, 16.0, 16.6, 18.0, 17.0, 17.2, 17.0, 17.0, 17.4, 17.6, 18.6, 19.6, 21.0, 21.8, 22.0, 22.0, 21.400000000000002, 21.6, 21.0, 21.0, 20.2, 19.8, 19.8, 19.0, 20.4, 23.000000000000004, 29.0, 33.0, 35.0, 36.8, 38.2, 37.8, 39.0, 39.0, 39.0, 39.0, 39.0, 39.0, 40.2, 41.0, 40.6, 39.0, 39.4, 41.0, 41.0, 41.0, 41.0, 41.0, 41.0, 41.0, 41.0, 41.0, 41.0, 41.0, 41.0, 41.0, 41.0, 41.0, 41.0, 41.0, 41.0, 41.0, 41.0, 41.0]}