{"day": 3, "month": 2, "station_id": 14, "predict": [12.132919937795611, 12.133179504909718, 12.134839463521676, 12.135198536805287, 12.201308340192949, 12.533960473111792, 12.933297162506705, 13.132663263352587, 13.132046219506226, 13.131432804380086, 13.130818284012786, 13.130202726775945, 13.129586874447117, 13.128971024995309, 13.128355210325733, 11.927739410575512, 10.12712361394748, 10.126507817161329, 10.125892019907948, 10.258609555756898, 10.791327091544252, 10.790711293996575, 10.790095496456347, 10.722813032253736, 3.1935433252519347, 3.1740907231629096, 3.1689983833200914, 2.899282176783076, 0.0, 0.0, 0.0, 0.0, 0.0, 0.0, 0.0, 0.0, 0.0, 0.0, 0.0, 0.0, 0.6638545487766412, 3.594459483231696, 7.391731084668372, 10.18900268651506, 6.252940955192864, 0.0, 6.514150825933446, 2.3114224279591724, 7.182452119897326, 7.135665254514324, 10.259114986018984, 10.464499389985956, 9.861618188092688, 7.12742217704411, 11.328142807021445, 2.195887701524293, 11.863512497638135, 11.864341485445971, 15.398464836482203, 16.799255959927983, 16.933386034439472, 18.4675186349033, 20.00165172813475, 20.869118050043053, 17.13658424980395, 16.60405040397606, 18.071516552703034, 18.47231603816651, 19.27311552594221, 16.140581681063672, 8.541381169560927, 9.14218065799417, 9.074042792582583, 9.883918007860483, 10.259413598566109, 8.64471924097629, 8.105839851789073, 8.838232604549148, 9.638080784804346, 13.50480627617635, 13.971536944349458, 15.238206616147837, 14.704839476104658, 14.63813271082239, 15.104762542812221, 15.771394481831978, 14.638026792462519, 14.8379923530182, 14.904624517599661, 16.437923331515364, 19.571222142998035, 18.504520955058748, 20.037819767801732, 22.77111858083689, 22.371084060591457, 20.504382873668042, 18.92123573931602, 25.0764562833434, 27.28770797643545, 24.58674552314801, 31.230987398974968, 27.492474851397034, 23.489785344883295, 23.61991986287851, 26.482975866520153, 27.479180632182906, 18.67534271534994, 25.47151265015687, 22.80102666010017, 22.863877914751868, 23.126729405460672, 22.456247159881105, 20.58576472268207, 20.115282251327827, 19.711466452021597, 17.774317325256558, 17.10383486737644, 16.900019076589473, 15.496203285740776, 14.092387494804697, 12.639233891838812, 11.542208209114735, 12.084669213361538, 15.695485112557002, 17.964719708234732, 15.96137221115155, 13.15470070873383, 12.347620049083973, 11.740888453094545, 11.001013551930878, 10.327842617917504, 10.121332674763352, 9.648149385570452, 8.841630450855188, 5.701777850542637, 2.161925336959891, 0.0, 0.0, 0.0, 0.0, 0.0, 0.0, 0.0, 0.0], "test": [11.0, 11.0, 11.0, 11.0, 11.0, 11.0, 11.0, 11.0, 10.4, 10.0, 10.0, 10.0, 10.0, 10.0, 10.0, 10.0, 10.0, 10.0, 10.0, 8.8, 8.4, 10.0, 10.0, 10.0, 3.4666666666666663, 3.4666666666666663, 3.4666666666666663, 3.4666666666666663, 3.4666666666666663, 3.066666666666665, 2.466666666666666, 2.466666666666666, 2.466666666666666, 2.466666666666666, 2.4666666666666655, 2.466666666666666, 1.466666666666666, 1.466666666666666, 1.4666666666666655, 3.266666666666667, 6.866666666666666, 11.866666666666664, 16.46666666666667, 18.666666666666668, 29.06666666666667, 16.06666666666667, 6.266666666666666, 5.666666666666665, 3.599999999999999, 3.199999999999998, 3.0, 1.9999999999999982, 10.2, -4.600000000000002, 7.599999999999998, 15.799999999999997, -7.800000000000002, -5.2, -0.8000000000000025, 3.1999999999999966, 5.599999999999999, 7.799999999999999, 9.599999999999994, 11.399999999999997, 14.199999999999998, 14.199999999999998, 14.199999999999998, 14.199999999999998, 14.8, 15.0, 15.2, 14.399999999999997, 9.666666666666668, 8.666666666666664, 6.466666666666665, 3.8666666666666636, 3.6666666666666643, 2.8666666666666645, 2.8666666666666645, 2.0666666666666647, 2.466666666666666, 1.8666666666666654, 1.666666666666666, 2.8666666666666645, 2.8666666666666645, -0.3333333333333348, -0.3333333333333348, -0.3333333333333348, 1.4666666666666668, 1.0666666666666629, -1.9333333333333371, -3.333333333333332, -3.93333333333333, -2.9333333333333336, -3.5333333333333314, -1.7333333333333325, 29.733333333333334, 47.733333333333334, 44.93333333333334, 37.93333333333334, 37.93333333333334, 48.33333333333334, 38.733333333333334, 40.733333333333334, 44.93333333333334, 30.933333333333337, 29.333333333333336, 44.333333333333336, 43.33333333333334, 47.333333333333336, 47.733333333333334, 42.93333333333333, 35.53333333333333, 28.53333333333333, 24.333333333333332, 20.533333333333335, 17.933333333333334, 15.333333333333332, 13.533333333333333, 13.933333333333334, 14.400000000000002, 13.800000000000004, 13.600000000000005, 13.000000000000004, 13.800000000000004, 13.000000000000004, 12.200000000000005, 12.400000000000004, 11.800000000000004, 10.200000000000003, 9.400000000000004, 9.600000000000003, 8.800000000000004, 8.400000000000006, 8.800000000000004, 8.200000000000005, 7.800000000000004, 7.800000000000004, 7.800000000000004, 7.800000000000004, 15.200000000000003, 17.600000000000005, 17.800000000000004, 17.800000000000004]}