{"day": 0, "month": 6, "station_id": 71, "predict": [33.63201947055227, 33.59804791925033, 33.288908570363404, 33.09661593008578, 33.147557630425716, 32.969028703946854, 32.82244922231632, 32.369929866641044, 32.274183594624375, 32.198448466773655, 32.13975356208913, 32.09552675652009, 32.06354329151448, 32.041880861335216, 31.828880398909337, 31.023111842944413, 31.023344259084705, 30.895186433281165, 30.704397457734974, 30.716866889987035, 30.73193078505058, 30.74902327987019, 30.767663449667427, 30.787443857625924, 33.51763050890868, 33.103220929775446, 32.747911132637235, 32.4439642864441, 32.184625906357695, 31.830667200585342, 31.443610510468638, 31.085634914084682, 30.68616030540968, 30.37510847251672, 29.949506549824306, 29.673431714420555, 28.87796280454752, 27.961137995324552, 26.52125110828286, 25.023485892556298, 22.066554364995987, 19.649338702203583, 14.704202907476617, 11.430307197734189, 17.760258103968727, 22.693427321185638, 20.095939047573864, 15.833992251793651, 11.915278608425378, 13.314540549154026, 7.92711026667763, 2.616373196903416, 0.04632378061403972, 2.1481316749402732, 0.6533901475340813, 3.2940443558072627, 5.802330877328616, 3.8440601413706705, 1.285240322102186, 4.925374796591726, 7.697432117083758, 5.334487601070662, 4.569702441415345, 4.269639685258906, 5.434249860663989, 3.8635257795181146, 3.9574927827908075, 3.449534088167984, 7.406384285172258, 8.894790733710488, 8.848175992985661, 8.866634439800718, 12.602859413475683, 11.162588451420929, 9.989985556311671, 8.932260740019673, 8.50596170536647, 8.829952648404337, 8.691772371224113, 8.480699177170736, 11.054184091090157, 12.804314592863214, 12.990971617655807, 12.341676404297123, 11.584790872706563, 11.182735589973928, 11.33188971593302, 10.829170942075667, 11.138627024259165, 11.591370731059104, 12.718856889779426, 12.919500381198525, 13.591967415152817, 12.668472548043553, 10.081414015972875, 10.296680055522533, 0.0, 0.0, 0.6345193697078064, 3.809184844207149, 6.932308749651152, 10.942838016116628, 14.912400784669785, 15.512053023201057, 20.212348271170125, 24.683398517661587, 28.994927372369915, 30.682983201577052, 31.016646434311934, 25.464731794906914, 26.629152784685914, 28.64494898211418, 30.980309988941848, 31.36992978478701, 27.01502519621295, 29.38335213748792, 29.87588657119792, 31.426837100169415, 31.43698940366066, 30.17371603650777, 33.65186058310911, 34.0, 31.881236524817478, 29.58893465551608, 31.44557469107042, 32.18313823837864, 33.40036461081821, 34.0, 34.0, 33.98540669789983, 32.44375779785248, 30.510082532884898, 30.316939955625074, 30.396955781040877, 30.416151249003875, 30.373938727875906, 30.869784110093732, 31.569869370205648, 32.207088644621884, 32.18104451669485, 32.15804451693522, 32.27109784254283, 32.31991229605409, 32.43755810622254], "test": [33.0, 33.0, 33.0, 33.2, 34.0, 34.0, 34.0, 34.0, 34.0, 34.0, 34.0, 34.0, 34.0, 34.0, 34.0, 34.0, 34.0, 34.0, 34.0, 34.0, 34.0, 34.0, 34.0, 34.0, 34.0, 34.0, 34.0, 34.0, 34.0, 34.0, 34.0, 34.0, 34.0, 34.0, 33.0, 33.0, 32.8, 31.2, 30.2, 28.8, 26.4, 22.4, 17.6, 20.6, 30.4, 26.0, 21.0, 15.4, 12.2, 22.8, 14.4, 5.0, 1.0, 0.0, 0.8, 5.6, 0.20000000000000023, 0.0, 0.0, 0.0, 0.0, 5.0, 17.4, 17.4, 17.0, 16.6, 15.4, 15.0, 15.0, 12.2, 12.0, 14.2, 14.2, 14.4, 15.0, 13.0, 11.0, 11.4, 12.400000000000002, 14.4, 14.2, 12.2, 11.8, 11.2, 12.2, 12.0, 12.8, 14.6, 15.4, 16.8, 17.0, 17.0, 17.0, 18.2, 7.6, 3.3999999999999995, 3.4, 3.0, 7.0, 8.2, 8.4, 8.8, 11.2, 17.0, 25.200000000000003, 31.8, 19.6, 24.4, 31.6, 32.8, 31.6, 23.8, 29.6, 32.8, 33.0, 32.8, 33.0, 33.0, 33.0, 33.0, 33.0, 33.0, 33.0, 33.0, 33.0, 33.0, 29.2, 28.8, 33.0, 33.0, 33.0, 33.0, 33.0, 31.4, 30.0, 31.0, 31.0, 32.2, 33.0, 33.0, 33.0, 33.0, 33.0, 33.0]}