{"day": 2, "month": 9, "station_id": 154, "predict": [8.25367452535918, 7.69842574391551, 7.312551376265784, 6.94824381167288, 6.600752612494036, 6.282648254714496, 5.991892963989137, 5.723698862446637, 5.475376047634743, 5.2451393485448, 5.031253971141851, 4.8320889356842684, 4.64622272156051, 4.472420124378974, 4.309589622811343, 4.156762015663905, 4.0130775503196565, 3.8777728601012194, 3.75016840422297, 3.629657743839062, 3.515698482198147, 3.4078044010809734, 3.305538584467267, 3.2751741017481164, 8.533414144442066, 7.788990853430352, 7.261572661614181, 6.798208377751136, 6.35066765724568, 5.942599839917895, 5.57881689135962, 5.2509395715732765, 4.953281537020455, 4.683009339143088, 4.437572614810253, 4.214367160158128, 4.011057512047969, 4.425626258650455, 8.789624913811492, 15.034793100774387, 23.559708556175437, 30.296437938187093, 34.71051820017063, 35.0, 33.96679967382848, 32.607288835425805, 31.255015419454907, 30.842661709956378, 31.45328182858421, 32.03903425157947, 31.110118485217786, 31.90502496091932, 30.80140293565831, 28.380294329754957, 30.967638249859945, 31.62994621053339, 31.833631449961533, 31.777119898613723, 31.92546961358596, 31.944213350686162, 32.8324858387007, 33.32286449095798, 33.214705750683976, 33.37415717132219, 32.934136629095235, 32.89430863419601, 33.32107026991625, 33.480874803637796, 33.37355592163651, 33.19898616604383, 32.957070082528354, 32.18107188999262, 33.65620652635173, 33.88155767554449, 33.56548910844454, 33.42733128460275, 33.10556834398287, 33.001420647019366, 33.24183582034009, 31.491950078956677, 30.95143661306342, 30.752884702859173, 30.89545942390356, 30.911752889016576, 29.934427960131295, 29.162865378816143, 28.463162083954867, 27.368129207257542, 27.410622065043256, 26.52353705671216, 25.83980877503775, 23.8257405463717, 22.08100177877443, 20.138625461050985, 18.798339133869774, 15.593229332381577, 8.977841567058645, 4.3442369641756535, 0.0, 1.9404434207141508, 0.9935143604974673, 9.220249940790218, 19.46501058611507, 19.505497729677195, 8.245790797786317, 9.75516873971719, 8.903350886647129, 9.410008910062157, 10.244426979374325, 9.325561650173443, 14.972138357692195, 9.119348778849139, 6.0855288408850345, 3.0388428266240117, 2.5139694169744886, 0.9787848386373285, 0.36771009783749065, 0.6817234077250162, 0.18837141820406905, 0.2884459210705004, 1.321695792346736, 0.5248610662842682, 1.007775405566867, 1.1056479617497519, 0.9267888062586662, 0.8448684620848596, 0.6478800778215057, 0.5322945708408682, 0.22242956721760293, 0.4502345558933241, 0.2826634680931342, 0.2526008558393657, 0.7593631316125588, 0.9357621405919327, 0.9814111646294121, 0.8959813926997057, 1.4125175949637143, 1.4641062090133916, 1.3838714229906985, 1.104968392115605, 1.2939111910554364, 2.2839022307984966, 2.408162310781768, 2.3332610832917355], "test": [9.0, 9.0, 9.0, 9.0, 9.0, 9.0, 9.0, 9.0, 9.0, 9.0, 9.0, 9.0, 9.0, 9.0, 9.0, 9.0, 9.0, 9.0, 9.0, 9.0, 9.0, 9.0, 9.0, 9.0, 9.0, 9.0, 9.0, 9.0, 9.0, 9.0, 9.0, 9.0, 9.0, 3.6, 0.0, 0.0, 0.0, 0.19999999999999996, 3.6, 10.8, 24.8, 31.8, 33.0, 33.0, 33.0, 30.4, 29.2, 29.4, 30.6, 31.4, 28.4, 30.4, 29.6, 31.0, 31.0, 31.0, 31.0, 31.6, 33.8, 34.0, 34.0, 34.0, 34.0, 34.0, 34.0, 34.0, 34.0, 34.0, 34.0, 33.4, 34.0, 34.0, 33.6, 33.6, 33.4, 33.2, 31.6, 31.200000000000003, 32.0, 30.8, 31.0, 33.6, 33.8, 33.8, 33.0, 31.4, 28.8, 27.2, 26.4, 22.400000000000002, 19.8, 18.0, 15.4, 14.2, 13.8, 10.4, 6.8, 2.6, 0.9999999999999999, 1.8000000000000003, 9.2, 19.2, 26.4, 28.2, 5.6000000000000005, 3.8, 6.8, 0.5999999999999994, 0.0, 0.0, 5.2, 11.8, 9.0, 6.0, 3.8, 2.0, 1.2, 0.6, 1.0, 1.0, 0.2, 0.0, 0.19999999999999996, 0.0, 0.0, 0.19999999999999996, 0.0, 0.0, 0.0, 0.0, 0.0, 0.0, 0.0, 0.0, 0.0, 0.8, 0.19999999999999996, 0.0, 0.0, 0.0, 0.0, 0.0, 0.0, 0.0]}