{"day": 3, "month": 1, "station_id": 579, "predict": [34.07168025256804, 33.9210893391822, 33.77992388813797, 33.653917742206346, 33.542837799041585, 33.445362048436486, 33.36008553890032, 33.28570338224643, 33.22103375608451, 33.16501205953817, 33.11668078252999, 33.075179457411586, 33.039735384563485, 33.00965518188275, 32.98431710538494, 32.96316407689917, 32.94569735778991, 32.93147081226345, 32.920085708314595, 32.91118600856229, 32.904454107124295, 32.89960697231131, 32.89639265829446, 32.894587152027704, 34.84184010402748, 34.65395839880582, 34.476060012229794, 34.31512147504644, 34.17092975845823, 34.042065716850864, 33.82703947267997, 33.824471830796305, 33.566444304196395, 33.651824350283995, 33.5795881081487, 33.48214372162963, 33.37532220001559, 33.32503576406994, 32.980603604385564, 31.70807832009807, 22.69023964596309, 21.993255414215334, 20.300009701992924, 18.210098119092272, 16.923156861175435, 19.905525490310897, 20.423576741237927, 17.877046654683895, 17.04635395553287, 15.126969497930617, 12.248417145077171, 13.479427325220598, 12.261500691670115, 8.45280148357273, 7.317105570338031, 8.9865475358342, 9.26043372409538, 8.138245669068416, 8.3528837970779, 8.637307304634902, 9.657856618480906, 9.614246742203699, 9.906228687122253, 9.800251645186142, 9.562792380466835, 9.460351757143247, 9.226118347727557, 9.193299074231941, 9.361783507161947, 9.33147511849106, 9.10228945553929, 9.407485873019018, 11.869849145107855, 11.608878388207218, 11.235138313671133, 11.027601512498553, 10.85231547195087, 10.3732099621899, 10.054145227524248, 10.22592053792029, 7.95295737338175, 4.566597707157749, 4.4650675583951385, 4.380112788421416, 4.376973538025021, 4.7876962935995735, 5.011116078579859, 5.712841465072902, 6.358575239220442, 6.747436985032469, 6.411953925379565, 6.5513864174497325, 6.831721214220308, 7.585665642492, 7.345975880107874, 7.645452541390932, 18.548709933939655, 17.91437078950337, 17.281960032147538, 18.312824759158122, 20.06504748503805, 22.198737417518444, 23.90881872308364, 26.9910954053731, 29.241955207365297, 28.124894547219466, 25.10377166142562, 26.176084880401845, 28.20626322107537, 28.7922979646143, 31.06571320157045, 34.02487421231989, 35.26829956146312, 36.0, 36.0, 36.0, 36.0, 36.0, 36.0, 36.0, 30.625177837760745, 30.873795046651995, 31.19016381323779, 31.55421414401704, 31.766728657309738, 32.03052890506154, 31.214654595484287, 29.720947854576313, 30.217525481383042, 30.37221452991752, 30.71928560288493, 31.326166514555982, 31.460144696213753, 31.855062121204945, 31.844671320878618, 32.49598699864356, 32.609300756898506, 32.71819293449519, 32.822875425277246, 32.92353258342407, 33.02032724213359, 33.113405473973906, 33.20290033452444, 33.55560145363325], "test": [35.0, 35.0, 35.0, 35.0, 35.0, 35.0, 35.0, 35.0, 35.0, 35.0, 35.0, 35.0, 35.0, 35.0, 35.0, 35.0, 35.0, 35.0, 35.0, 35.0, 35.0, 35.0, 35.0, 35.0, 35.0, 35.0, 35.0, 35.0, 35.0, 35.0, 34.8, 35.0, 35.0, 35.0, 35.0, 34.6, 34.0, 34.0, 32.4, 31.6, 27.6, 23.6, 18.6, 16.2, 26.0, 27.8, 24.2, 20.6, 17.6, 13.8, 19.8, 17.2, 11.0, 5.4, 1.1999999999999997, 0.0, 0.0, 0.0, 0.0, 0.0, 0.3999999999999996, 1.4, 1.1999999999999997, 0.9999999999999994, 0.3999999999999996, 0.0, 0.9999999999999994, 1.4, 10.4, 14.0, 11.2, 11.8, 11.8, 11.399999999999999, 11.399999999999999, 18.6, 18.8, 19.0, 17.8, 17.0, 17.0, 16.6, 18.0, 16.4, 16.0, 16.0, 16.4, 16.2, 17.8, 18.8, 19.2, 19.4, 19.8, 19.0, 19.0, 19.0, 19.0, 19.0, 19.0, 20.4, 20.6, 14.8, 17.8, 20.8, 21.4, 23.0, 25.6, 28.8, 30.0, 32.6, 35.0, 35.0, 34.6, 34.8, 28.2, 28.0, 29.0, 29.8, 31.6, 30.800000000000004, 33.2, 35.0, 34.8, 35.0, 35.0, 35.0, 35.0, 35.0, 35.0, 35.0, 35.0, 35.0, 35.0, 35.0, 34.4, 34.0, 34.0, 34.4, 35.0, 35.0, 35.0, 35.0, 35.0, 35.0]}