{"day": 0, "month": 3, "station_id": 109, "predict": [25.459582728829933, 26.25016032526788, 27.00375643198432, 27.621898630945825, 28.227981643647407, 28.819085105652427, 29.39456747684351, 30.287861237698543, 30.83263480142472, 31.362625799329194, 31.878252601790955, 32.37992954142751, 32.868061138397096, 33.34304043855145, 33.805248719236715, 34.255055644674215, 34.692819563707026, 35.118887847211006, 35.53359723099738, 35.93727415300363, 36.330235081266444, 36.71278683174407, 37.08522687591111, 37.447843638327974, 26.371294039437846, 26.853440187260517, 27.363417165650667, 27.874500460991914, 28.378133289533938, 28.871688117985908, 29.354484505616984, 29.826481362022655, 30.28784489986116, 30.738805407710867, 31.179609738339188, 31.61050561475867, 32.03173653206285, 32.44354018964465, 32.84614809790579, 33.23978557319484, 33.62467185848001, 34.001020282172775, 34.3690384259547, 34.72892829198734, 35.0142197997417, 35.8251042781944, 37.695101286528136, 36.75772543004608, 50.922879062733884, 49.08194094486052, 47.18091402303353, 43.72560523436702, 41.330009061279696, 36.99897383618578, 31.934140416548654, 25.33604872339157, 19.07153268349464, 18.54063482374144, 19.21002319284157, 16.81301935878127, 14.416274401872121, 14.153105332365293, 14.423496094500456, 14.494097879154442, 18.9648958741722, 19.569209272769097, 18.9736912577067, 19.57832897815663, 19.583110191504574, 22.9213565719212, 25.593057019613244, 25.931534304256186, 6.285158867683455, 5.949342926772029, 6.406810425073384, 6.978724161968759, 7.325206731611517, 7.472016763553067, 6.940711064692946, 7.5281340666366585, 7.700352352259183, 8.390851874246453, 9.53333364851339, 9.661553191526869, 9.375939356142712, 9.876913606354286, 9.898219419552063, 9.573588056298576, 9.970071900350264, 10.221378061879374, 11.127868718146312, 11.089894800629555, 10.974463011508297, 10.781902831263421, 10.445866849497282, 11.099997752169797, 4.57536962771449, 5.300194478310434, 5.368681104134418, 5.185806847701569, 2.533078015839501, 1.8050665454790518, 3.2669859876570886, 5.118594389189531, 7.093349482439648, 8.724816206838174, 12.41325377074127, 17.092257924735424, 20.495420248303105, 22.822992684339948, 24.141887024529776, 25.85234155743088, 28.354587865941212, 29.78218433366732, 31.335349660484056, 32.080963043834, 33.552564356078854, 35.01702098374195, 35.87452799515772, 36.3919416365833, 41.26994095612524, 41.06882075389073, 42.784409861833765, 43.69466183274465, 43.535226806668945, 43.77326461724135, 43.875576872263736, 44.44223162717265, 45.673285017131654, 45.70212398601697, 45.79546756448584, 46.35336693226114, 47.24253871731676, 48.0630316583802, 48.01489328906905, 47.898169964215704, 48.17957355559144, 48.39248148135543, 48.53693673508994, 48.879647914167975, 49.22065591405368, 49.42666728852831, 49.76438760918793, 49.83385482423077], "test": [25.0, 25.0, 25.0, 26.0, 26.0, 26.0, 26.0, 26.0, 26.0, 26.0, 26.0, 26.0, 26.0, 26.0, 26.0, 26.0, 26.0, 26.0, 26.0, 26.0, 26.0, 26.0, 26.0, 26.0, 26.0, 26.0, 26.0, 26.0, 26.0, 26.0, 25.6, 25.0, 36.6, 43.0, 43.0, 43.0, 43.0, 43.0, 43.0, 43.0, 43.0, 43.0, 43.0, 43.0, 43.0, 51.8, 52.4, 51.8, 50.6, 49.6, 48.8, 45.6, 39.6, 35.0, 26.8, 21.4, 17.0, 13.2, 20.6, 19.8, 15.600000000000001, 14.0, 12.8, 10.6, 8.4, 7.2, 7.0, 7.0, 4.2, 20.4, 19.0, 8.599999999999998, 1.0, 1.0, 1.0, 1.0, 1.0, 1.0, 1.0, 1.7999999999999994, 1.2000000000000006, 1.0, 1.4000000000000012, 1.4000000000000012, 1.0, 1.0, 1.0, 1.0, 1.5999999999999988, 1.7999999999999994, 1.0, 3.0, 4.799999999999999, 5.0, 5.0, 4.400000000000001, 4.2, 4.0, 6.400000000000001, 7.0, 6.799999999999999, 5.799999999999999, 7.2, 5.799999999999999, 7.0, 9.8, 11.0, 15.800000000000002, 21.0, 28.2, 29.0, 30.6, 36.8, 38.0, 37.8, 38.4, 40.6, 40.8, 40.0, 40.8, 42.0, 45.2, 46.0, 47.6, 49.0, 50.0, 51.0, 54.0, 53.8, 53.2, 53.0, 53.8, 54.8, 55.0, 55.0, 54.0, 54.8, 55.0, 55.0, 55.0, 55.0, 55.0, 55.0, 55.0]}