{"day": 3, "month": 10, "station_id": 338, "predict": [22.07733765407235, 22.145109545483823, 22.07836012283369, 22.01553999300595, 21.957481380138947, 21.904137551625674, 21.855293305533408, 21.81070801963199, 21.770143712297596, 21.733370506512195, 21.70016771922144, 21.670324069930732, 21.643637670276284, 21.619915925679006, 21.598975381792734, 21.58064152941447, 21.564748576966522, 21.551139197865258, 21.539664258932362, 21.5301825350744, 21.522560414662895, 21.516671599359896, 21.51239680153681, 21.509623441915792, 19.06999777641998, 19.165980858923582, 19.263910809705152, 19.356327724186922, 19.441693730635226, 19.52017496040359, 19.592347602838554, 19.658842450557255, 19.72025584118679, 19.777131445259336, 19.82995990494737, 19.879182567680648, 19.925195871075502, 19.96835556124322, 19.675647243335558, 18.647356585182138, 18.28373919591656, 18.51835687381685, 18.818080250101694, 18.78309118667243, 16.94688495027555, 15.042938850188527, 14.73804735800385, 14.632323726394178, 9.48479330152652, 10.34603513737505, 12.066915945618634, 11.11337045767801, 9.606700898498916, 6.746219489141881, 2.33334039652439, 0.0, 0.0, 0.0, 0.0, 0.0, 0.0, 0.0, 0.0, 0.0, 0.0, 0.0, 0.0, 0.0, 0.0, 0.0, 0.0, 0.0, 0.0, 0.0, 0.7136842068537957, 1.0525336938826793, 1.2495466807623952, 0.3024404170893185, 0.4782390594866437, 0.7110099024058191, 1.1348150599107354, 2.6836628609002724, 2.891509143588566, 2.3589294638394542, 1.9531235446688928, 2.074585454983971, 2.190439933458805, 1.967778398106446, 1.6736613943945127, 2.3084541865159167, 2.8058288458868033, 4.032766184795628, 3.7895575472956198, 3.0098064681120644, 3.7604302094116377, 2.3083278511798913, 1.7044087017159961, 2.7623630009327726, 3.103639338612102, 2.4216059381554476, 2.4674547415152954, 2.9777998739720264, 2.753316092876033, 4.79426394635889, 6.700845170205014, 8.206579497414612, 8.311638864139768, 10.082846104880078, 9.453675091332174, 11.157584984301483, 12.06135472079501, 12.831750845115069, 13.26886194378028, 14.039432999105983, 15.343532994020784, 15.714555772508463, 16.0192208279227, 16.590907358106843, 16.162988259280713, 15.468830730282322, 4.47664297456769, 5.855521607098655, 6.523857246881739, 7.082713075272522, 7.668544842742291, 8.2842924767871, 8.932581561710169, 9.882474853533957, 11.269523644790974, 12.495791846571597, 13.163202829749402, 13.606882704169095, 15.16183559868334, 16.096284914239686, 16.345014066532606, 16.776040113492158, 17.590620298341666, 17.78992486417927, 17.975042827022605, 17.546987393303777, 17.973367707159912, 19.25506027893299, 19.45954677901079, 19.254251547167215], "test": [22.0, 22.0, 22.0, 20.2, 20.0, 20.0, 18.2, 18.0, 18.0, 18.0, 18.0, 18.0, 18.0, 18.0, 18.0, 18.0, 18.2, 19.0, 19.0, 19.0, 19.0, 19.0, 19.0, 19.0, 19.0, 19.0, 19.0, 19.0, 19.0, 19.0, 19.0, 19.0, 19.0, 19.0, 19.0, 19.0, 19.0, 19.0, 19.0, 19.0, 19.0, 19.0, 17.2, 16.8, 15.8, 14.4, 13.399999999999999, 11.4, 11.0, 10.2, 10.2, 10.0, 7.4, 2.4000000000000004, 1.0000000000000007, 1.4000000000000001, 0.0, 0.0, 0.0, 0.0, 0.0, 0.0, 0.0, 0.0, 0.0, 0.6, 0.8, 3.2, 3.2, 3.0, 3.8, 0.6, 0.0, 1.0, 1.2, 1.0, 0.3999999999999999, 7.8, 10.0, 10.6, 10.2, 9.2, 8.2, 7.0, 3.6, 1.6, 3.0, 2.8, 1.4, 0.8, 0.20000000000000012, 0.0, 0.0, 0.0, 0.0, 2.0, 2.6, 2.8, 3.2, 3.8, 4.0, 4.0, 2.8, 0.6000000000000001, 0.40000000000000024, 0.0, 1.2000000000000002, 2.6000000000000005, 3.0, 4.2, 4.799999999999999, 2.6000000000000005, 3.400000000000001, 3.0000000000000004, 1.7999999999999998, 0.40000000000000024, 2.6000000000000005, 3.0000000000000004, 4.0, 4.0, 4.0, 4.800000000000001, 5.6, 4.999999999999999, 5.200000000000001, 6.4, 7.8, 8.4, 10.6, 10.6, 12.999999999999998, 12.999999999999998, 12.999999999999998, 12.999999999999998, 13.799999999999999, 13.399999999999999, 15.8, 16.0, 16.8, 17.0, 17.0, 17.0, 17.0, 18.2]}