{"day": 6, "month": 11, "station_id": 703, "predict": [20.758391989371308, 20.491002184447133, 20.250760695619054, 20.042326449111417, 19.862807542311533, 19.70861941357533, 19.576477141808056, 19.463481279419945, 19.367085856359836, 19.28505802711188, 19.215441442494182, 19.489857136935854, 19.44014145172047, 19.3983205606304, 19.363254563266125, 19.333950822976973, 19.30954626243065, 19.289291694659138, 19.272537962079323, 19.258723680949743, 19.24736441098488, 19.238043089693445, 19.23040158869624, 19.224133265044365, 19.879053205188445, 19.76058082462749, 19.659939987286496, 19.575513319655077, 19.504911434923326, 19.44612453231322, 19.397442173989326, 19.35738285870526, 19.324658007262215, 19.29814734244073, 19.276878432315513, 19.260008763212667, 19.246809891455623, 19.236653426816147, 19.228998643395887, 19.223381535973743, 19.219405159285397, 19.55006443874589, 19.548405323726513, 19.547518168734516, 19.547198573872688, 19.54727559393567, 19.547607235579218, 19.548076504309986, 19.565638188035674, 19.467870220492774, 19.252297544651533, 18.51729960437517, 18.26081200569706, 17.947790617638525, 17.64344571396731, 17.14651258766333, 17.122554853275542, 16.43727753632527, 16.423176893079447, 16.3461922716928, 16.072359656774022, 16.06780003531011, 15.932042421153369, 15.131348059165708, 14.332035678699127, 13.733807680061366, 13.669743816876858, 13.406295615193475, 13.009948113589894, 12.547215517529276, 12.017970702563854, 11.822108508157214, 17.28885032625777, 15.965742009677802, 15.277247518845998, 15.969792368476782, 17.17385493212239, 21.484905255132666, 21.632040155585205, 21.54480466710179, 21.41981550614478, 20.9873806659796, 19.97812693757003, 19.45629942868133, 19.75306492307931, 19.199818431154362, 18.861492548446535, 18.869869321090928, 18.89022768943945, 19.25465960944518, 19.562054642433445, 19.744752825605104, 19.735198988416528, 19.865931697433343, 19.602906694570034, 19.87882137432276, 16.10147173517475, 16.438166229027406, 16.569330920794904, 16.744273587080865, 16.96237165022788, 18.025553193983498, 18.202570450064226, 18.22867276675277, 18.17225450523804, 18.3015384157683, 18.417926522865415, 18.522682381304474, 18.61694495572575, 18.701741061457554, 18.77799654210169, 18.84654631881892, 19.041476760611108, 19.030133812058416, 18.879796970923906, 19.39101919855769, 20.49763283754569, 21.133421603435583, 21.232125377209556, 21.527444519046345, 21.013053600470837, 21.096524859836684, 21.18371425079993, 21.26273832203681, 21.332509125610084, 21.327083072454844, 21.447369624845326, 21.49421576601904, 21.735047982635283, 22.237211469241743, 22.267978514837456, 22.427889532013516, 23.450759921779373, 23.67035287821588, 23.420384886390266, 23.367863982590215, 23.379760836264087, 23.523012706411407, 23.73119365300253, 23.737851045823117, 23.74317507546494, 23.747334633954612, 23.75047959567955, 23.752742859461772], "test": [21.0, 21.0, 21.0, 21.0, 21.0, 21.0, 21.0, 21.0, 21.0, 21.0, 21.0, 20.0, 20.0, 20.0, 20.0, 20.0, 20.0, 20.0, 20.0, 20.0, 20.0, 20.0, 20.0, 20.0, 20.0, 20.0, 20.0, 20.0, 20.0, 20.0, 20.0, 20.0, 20.0, 20.0, 20.0, 20.0, 20.0, 20.0, 20.0, 20.0, 20.0, 20.0, 20.0, 20.0, 20.0, 20.0, 20.0, 20.0, 20.0, 20.0, 20.0, 20.0, 20.0, 20.0, 20.0, 20.0, 20.0, 20.0, 20.0, 19.6, 19.0, 19.0, 19.0, 19.0, 19.0, 19.0, 19.0, 19.0, 18.8, 18.0, 18.0, 18.0, 17.2, 17.0, 17.4, 18.0, 18.0, 17.2, 15.6, 15.0, 15.0, 15.0, 15.0, 15.0, 15.0, 15.0, 15.2, 16.0, 16.0, 16.0, 16.0, 16.0, 16.0, 16.0, 16.0, 16.0, 16.8, 17.0, 17.0, 16.2, 16.4, 17.0, 17.0, 17.0, 17.0, 17.2, 18.4, 19.0, 19.0, 19.0, 19.0, 18.2, 18.0, 18.0, 18.0, 19.2, 20.4, 21.0, 21.0, 21.0, 21.0, 21.0, 21.0, 21.0, 21.0, 21.0, 21.0, 21.0, 21.0, 21.0, 21.0, 21.0, 21.0, 21.6, 22.0, 22.0, 22.0, 22.0, 22.0, 22.0, 22.0, 22.0, 22.0, 22.0]}