{"day": 4, "month": 9, "station_id": 17, "predict": [25.50071024371493, 25.768743444202407, 25.824314461454517, 25.861140414273535, 25.880713243270378, 25.752864983383763, 25.547235405365097, 25.866332351089227, 25.845556877577806, 25.819935249455856, 25.79084712869643, 25.759411381627704, 25.72653015146555, 25.692925780036354, 25.659171714797058, 25.625718364653185, 25.59291471509369, 25.56102638394247, 25.530250690358184, 25.500729218343288, 25.472558279193713, 25.44579761271937, 25.420477612747607, 25.396605316751877, 24.99613767316083, 24.975617872918303, 24.954942038435174, 24.7361154664112, 24.58589983828392, 24.570923180738955, 24.557787003217058, 24.746413105599643, 24.87004863080741, 24.861935703601198, 24.85531350730351, 24.85008656166187, 24.84615935386599, 24.843437387623222, 24.841828024027073, 24.841241146013637, 25.108256339975448, 24.776123284316625, 24.24476203152678, 23.514096534252303, 23.31738809678426, 23.187902097976956, 22.7255746631506, 23.197012627644114, 25.169319731978288, 23.293872419789093, 21.351900071772565, 20.37454583956893, 19.625571732515276, 16.83372586468139, 13.46177518478668, 10.039809013940955, 5.5651143521186786, 2.435418398482084, 2.5154837801813112, 2.137049331364687, 2.298780390287911, 1.332893677816196, 1.1051221637509276, 0.9480188671347668, 4.194265369694805, 6.443317628359389, 6.628055124283231, 5.814766152022029, 5.403135469644443, 4.859567267800345, 5.250509808506644, 5.509114801095894, 0.07290497244529875, 1.2880088018546412, 1.5084060129318446, 1.8403969141994323, 2.881557168026187, 3.099795225250552, 2.9634160455087573, 3.4739926225477347, 3.1663166668533758, 3.5750688659352865, 2.9014943718746067, 3.546744632800312, 3.4452184235033942, 1.9312354589048362, 2.5390426775276986, 2.4694866069286885, 2.6566852122868125, 3.434699286556934, 3.337536765880201, 3.432490013792179, 3.3868061119956536, 3.9343568572358425, 4.075641826323591, 2.9444578678118294, 6.28810741496816, 6.473013682995206, 6.582499612739993, 6.496092036823524, 5.947082462896949, 7.268586448103952, 8.393802470459509, 12.455935204826787, 15.85484832271841, 17.19039970985873, 19.86244472100341, 23.070838809430946, 24.68210614847223, 25.69610771123834, 24.712708925843653, 24.865113666360568, 25.353197987728286, 21.110176997996522, 23.30260491592515, 23.463708352168528, 23.16005284430599, 16.95820933617966, 16.85808728676809, 16.82626775627053, 19.421295128701583, 19.284853329296038, 19.26268934859321, 19.779413594423342, 19.828582102917412, 19.143495028777068, 18.85815262180318, 20.30649703943663, 20.289028667241674, 19.872822379658977, 19.79154251079201, 20.245454406004928, 20.501433960343803, 20.42630910236089, 20.353533494262177, 20.616525949085133, 20.882009029266133, 21.016680270430054, 21.087216125183197, 21.360275375198775, 21.302502081996305, 21.247194803876624, 21.06097546490478, 20.8104579214299], "test": [25.0, 25.0, 25.0, 25.0, 25.0, 25.0, 25.0, 25.0, 25.0, 25.0, 25.0, 25.0, 25.0, 25.0, 25.0, 25.0, 25.0, 25.0, 25.0, 25.0, 25.0, 25.0, 25.0, 25.0, 25.0, 25.0, 25.0, 25.0, 25.0, 25.0, 25.0, 25.0, 25.0, 25.0, 25.0, 25.0, 25.0, 25.0, 25.0, 25.0, 25.0, 24.6, 23.2, 23.0, 25.0, 25.0, 25.0, 25.0, 24.0, 22.0, 18.8, 17.0, 16.6, 12.8, 10.2, 10.6, 7.2, 1.8, 0.0, 0.0, 0.0, 0.0, 0.0, 0.0, 0.0, 0.0, 0.6000000000000001, 0.8, 0.0, 0.0, 0.8, 0.2, 0.0, 0.2, 0.2, 2.6, 9.8, 8.8, 9.6, 9.4, 7.599999999999999, 8.2, 7.599999999999999, 6.2, 6.0, 6.6, 7.3999999999999995, 7.8, 5.6, 5.4, 6.2, 5.0, 4.8, 2.8, 5.0, 5.6, 9.0, 10.0, 10.2, 9.4, 12.399999999999999, 15.6, 17.8, 14.0, 12.6, 16.4, 19.0, 19.2, 19.0, 21.8, 21.0, 21.6, 20.4, 20.0, 20.4, 21.0, 21.2, 22.0, 20.4, 19.2, 20.0, 20.0, 20.0, 19.0, 19.8, 20.4, 22.0, 22.0, 21.8, 21.0, 21.0, 21.2, 22.0, 22.0, 21.0, 21.0, 21.0, 21.0, 21.0, 21.0, 20.2, 21.0, 20.2, 20.0]}