{"day": 1, "month": 4, "station_id": 213, "predict": [33.1401357966982, 33.120202042617755, 33.441062428297975, 33.42787759932721, 33.41452684410321, 33.401535118196335, 33.38921799454083, 33.37749717052545, 33.366402485563974, 33.42258509496309, 33.679385624879046, 33.670127263241724, 33.66147196010017, 33.65341100880725, 33.64593685869404, 33.63904052224623, 33.63271296315185, 33.626944501192334, 33.62172519128656, 33.617044695749726, 33.61289240745841, 33.60925744367961, 33.606128701684, 33.53682821323271, 33.04580032389978, 33.01262921982439, 32.98817646705471, 32.96282152789712, 32.93788247697123, 32.91396415799634, 32.89132359007265, 32.86981076398114, 32.84947887363931, 32.8303062442396, 32.61229654902905, 32.795427727275765, 32.779686258842325, 32.76505309117235, 32.75151087190018, 32.739040254708144, 32.727621929572365, 32.65056909758406, 32.307861346765606, 32.36614446811151, 32.15873063328881, 32.352265052271264, 32.14672605297619, 31.80875844461757, 26.30450053564676, 27.368052570520295, 26.905648788260294, 25.02505738247134, 23.873127836135755, 21.651044048190844, 20.826332655314527, 20.265168668272864, 19.96778703254283, 20.00091444561729, 20.098055850665506, 19.992637434721555, 20.08477786165305, 20.041241015809838, 20.52879359288074, 20.214193146131223, 20.097527980629533, 20.37888095178789, 20.39166457597697, 19.469287115094062, 18.87848651061153, 19.552663708078246, 19.958549606135044, 21.096205178350026, 12.718965013595579, 13.624143969158757, 13.938887574989277, 13.944330527109047, 14.407539205983516, 15.99191753983312, 16.499199677001954, 16.530309758581517, 16.619144325431527, 17.699327449566418, 18.504518599549506, 18.501674795404735, 19.557750001199498, 21.20634603308029, 21.981057252747085, 22.348799306293596, 23.576478513357323, 23.397657816559786, 25.079224530669794, 25.02139043577717, 24.291025640621143, 22.75499219890481, 21.81347782846318, 21.73332955540054, 5.804071536756112, 5.441827281420082, 7.287165198418242, 8.409048627247106, 8.996254639042446, 7.578145796788682, 6.758161380215416, 7.070607998167159, 8.915372312419066, 10.625576549004107, 11.201125716338026, 11.308608803156037, 10.08128988854219, 10.185764951107657, 11.021968665291789, 10.989838963121347, 12.489317978222624, 14.320351287677006, 14.616221420441379, 14.24354757208897, 14.202285546022122, 14.69239425277073, 14.913835605588986, 15.733241057996475, 26.630669459991367, 26.733534959646214, 26.697496396724418, 26.513050056798313, 26.481361179333092, 26.599754195704516, 26.202460281109108, 25.957084574881826, 25.262893364612204, 25.185700820494503, 24.45796869152185, 23.67894650297545, 23.914565490235262, 24.297461231158383, 22.560292635970878, 22.50241741293774, 22.58988675019484, 22.488779310915092, 22.398532359691373, 22.051941176284892, 21.915157728214606, 21.587689769632465, 21.469066462103406, 20.625504137688388], "test": [33.0, 33.0, 33.0, 33.0, 33.0, 33.0, 33.0, 33.0, 33.0, 33.0, 33.0, 33.0, 33.0, 33.0, 33.0, 33.0, 33.0, 33.0, 33.0, 33.0, 33.0, 33.0, 33.0, 33.0, 33.0, 33.0, 33.0, 33.0, 33.0, 33.0, 32.8, 32.0, 32.0, 32.0, 31.6, 32.0, 32.0, 32.0, 32.0, 32.0, 32.0, 32.0, 32.0, 31.6, 30.6, 29.2, 27.6, 26.8, 25.2, 25.6, 24.6, 21.2, 19.2, 19.0, 18.8, 16.8, 15.2, 14.6, 12.8, 11.2, 10.8, 8.4, 7.400000000000002, 8.4, 8.0, 8.0, 9.2, 8.0, 7.600000000000001, 9.2, 9.2, 11.399999999999999, 15.600000000000001, 17.8, 18.6, 17.8, 13.8, 15.400000000000002, 17.6, 16.0, 16.0, 16.6, 12.6, 13.4, 13.0, 14.6, 15.0, 14.6, 12.4, 11.399999999999999, 26.9, 26.4, 26.000000000000004, 9.600000000000001, 11.0, 9.0, 10.2, 10.6, 13.0, 14.0, 14.4, 9.6, 10.2, 18.2, 19.4, 20.6, 19.0, 20.8, 19.2, 20.2, 21.800000000000004, 23.0, 23.6, 23.8, 24.6, 25.2, 26.8, 28.0, 28.0, 28.0, 28.0, 28.2, 28.0, 28.8, 29.4, 31.0, 32.0, 32.0, 31.0, 31.4, 33.0, 32.8, 32.0, 32.0, 31.6, 33.0, 33.0, 33.0, 33.0, 33.0, 33.0, 33.0, 33.0, 33.0]}