{"day": 1, "month": 2, "station_id": 195, "predict": [28.08425911399695, 28.26727088885248, 28.13223556856931, 28.095521392896853, 28.1285765508785, 28.105020229064998, 28.047520937512964, 27.987387786614967, 27.938541650135285, 27.897890175578762, 27.855989106298708, 27.811901003934043, 27.76804239488072, 27.72644153085844, 27.553291239924175, 27.31440071901555, 27.276258888445263, 27.23899460083776, 27.202865906796433, 27.167800823551744, 27.13366225354722, 27.100412294772198, 27.06803603022709, 27.036547325233887, 28.935595435931585, 28.86154734268919, 28.661187331952792, 28.39819452754749, 28.33219772279095, 28.262604682992954, 28.19385740748495, 28.127958356495697, 28.064920545019643, 28.002788860858068, 27.941477219972697, 28.21496794950509, 28.156801689072417, 27.76705900465673, 27.645402359605526, 27.7917054729663, 27.539368313204868, 27.55505745201799, 26.438767976045124, 26.657101335619295, 27.6766654847645, 28.89743978955572, 29.186065053344073, 27.00918214653176, 25.070491812830323, 24.09699887651612, 21.84872483929251, 18.189466349951584, 12.49174436443451, 9.431090971149025, 4.759151385323222, 2.413270356014233, 1.776059679654401, 1.6135723057549485, 0.9940815446962392, 1.7746976838849355, 2.156221018612626, 1.935543247510931, 1.2481683065786036, 0.8292039260058369, 1.0107950372177272, 1.5929869753758419, 1.7088014190428717, 1.9582080434498499, 2.674855342311926, 2.858629224692878, 2.9761678322393985, 3.82745222147768, 9.11114744789819, 8.896586368095825, 9.381744478130674, 11.302520913981528, 17.042562593623156, 17.645143034019352, 17.194890655823556, 16.948658945810184, 17.573401812598036, 14.999714049131029, 14.361598273156627, 14.526751339071014, 14.028596655405261, 13.53248948774013, 13.17188661465768, 12.880340578996336, 12.791099519264684, 11.90425776906466, 11.752877734914883, 11.270211740324616, 10.656281943952465, 10.444356664649423, 10.034413628563865, 9.42638312330151, 6.942353788702168, 7.328431733607526, 8.444615455471082, 8.66219361350686, 8.977523944562993, 9.831399451569776, 12.012134462257388, 15.719767085896137, 17.693352762074706, 21.604098538791487, 23.983654526463685, 26.69661079202093, 27.942897599081885, 28.25589204757157, 27.969536470501232, 27.617232300443277, 27.065353049608973, 27.247220571063973, 27.16279657928304, 27.612116544701102, 27.59521050965686, 26.97870214924092, 27.762580566694332, 27.880167773638092, 29.400610311966663, 29.66681691474105, 29.944788182280586, 29.53323182244784, 29.997500506733967, 29.937863829664195, 29.69121021000526, 29.528083246515273, 29.841475010079463, 29.81101863453424, 30.0, 30.0, 30.0, 30.0, 30.0, 30.0, 30.0, 30.0, 30.0, 30.0, 30.0, 30.0, 30.0, 30.0], "test": [28.0, 28.0, 28.0, 28.0, 28.0, 28.0, 28.4, 29.0, 29.0, 29.0, 29.0, 29.0, 29.0, 29.0, 29.0, 29.0, 29.0, 29.0, 29.0, 29.0, 29.0, 29.0, 29.0, 29.0, 29.0, 29.0, 29.0, 29.0, 29.0, 29.0, 29.0, 29.0, 29.0, 29.0, 29.0, 28.8, 28.0, 28.0, 28.0, 28.8, 29.0, 29.0, 28.2, 27.6, 28.8, 28.8, 27.8, 26.2, 27.8, 26.8, 26.4, 24.0, 21.2, 16.8, 11.4, 6.2, 4.0, 3.4, 2.4, 4.8, 4.8, 4.2, 4.0, 4.2, 5.4, 6.0, 7.0, 7.2, 8.0, 7.4, 8.6, 9.0, 9.2, 10.0, 10.6, 11.6, 14.4, 12.4, 12.2, 12.0, 13.0, 12.6, 10.4, 10.0, 9.2, 9.6, 8.0, 8.2, 9.0, 9.0, 9.0, 9.6, 9.0, 8.2, 8.0, 7.599999999999999, 5.8, 5.2, 6.0, 7.599999999999999, 8.6, 9.4, 11.2, 13.4, 14.2, 18.4, 20.2, 23.0, 23.6, 27.6, 27.8, 28.2, 29.4, 29.0, 29.6, 30.0, 29.2, 29.2, 29.8, 29.0, 29.0, 29.0, 29.0, 28.4, 28.0, 28.0, 28.0, 28.0, 28.0, 28.0, 28.0, 28.0, 28.0, 28.0, 28.0, 28.0, 28.0, 28.0, 28.0, 28.0, 28.0, 28.0, 28.0, 28.0]}