{"day": 0, "month": 2, "station_id": 116, "predict": [19.00778523268182, 19.013029734039517, 19.018899670649635, 19.02653437792277, 19.03607013676996, 19.047354439538154, 19.060177377712428, 19.074332190542865, 19.089628102731343, 19.105891685246515, 19.122965878796357, 19.14070869538244, 19.15899197148702, 19.177700218963466, 19.196729568051097, 19.215986793339468, 19.235388415337052, 19.25485987164647, 19.54100141916453, 19.627087429201087, 19.64639907111237, 19.665557047031637, 19.684521040572598, 19.7032558759853, 18.06679568728906, 18.129755211865135, 18.19022453343248, 18.249708624599457, 18.308558633056187, 18.366769045303215, 18.424254541488793, 18.48092283348584, 18.53669085717594, 18.59148717448924, 18.645251451120938, 18.69793346487067, 18.682825456728974, 18.39989456089645, 18.182448646553382, 18.1638022302267, 17.61060911878559, 17.18952844434658, 16.567224086425615, 16.67703081045894, 16.785620452154518, 16.82633481076152, 17.132518581276784, 16.770852322518607, 14.669485201132465, 13.708871334215145, 13.516082521514644, 12.5273543220336, 11.403451952145321, 9.609898933309298, 8.213231915161114, 7.413532833223064, 6.344253849322003, 5.338849072618313, 4.130768840001419, 3.1867925478324897, 2.7736954761093635, 2.624915602727227, 2.5405537083045298, 3.054040131042182, 5.165468185751276, 5.3415942516800365, 5.382504529993822, 5.421615137258811, 5.4590055343352475, 5.494751956736152, 5.662260845889721, 5.494935614137692, 9.271168254206925, 10.229718997333311, 10.437147323526725, 9.900340912576116, 8.885903186471879, 7.594421353307546, 7.8267807200818, 7.983880072077366, 7.86656076253026, 7.875597511061234, 8.011701679511628, 8.008859417724556, 7.467669528202741, 6.922014253566871, 6.639063057293178, 5.952609451668445, 6.396407571411182, 6.637508514315074, 7.142929799338744, 7.3796579572505525, 7.81465093437253, 7.114840322322569, 7.147133425782741, 7.311748512850537, 10.316686758137982, 9.598275265358224, 11.13462713711155, 11.59797922387543, 11.656971903658016, 12.512631064009138, 12.765628879039516, 15.083153379821129, 17.398982937314926, 18.24684612102152, 18.493765034847556, 19.606726756215515, 20.519353165175925, 21.0, 21.0, 21.0, 21.0, 21.0, 21.0, 21.0, 21.0, 21.0, 21.0, 21.0, 19.91365135596765, 20.196002023041867, 20.29077980874857, 20.185984594308547, 20.013578815010867, 19.97321433741698, 19.731444741869648, 20.021601591267345, 20.4437296161159, 20.464555814363646, 20.48414417312936, 20.502558300841624, 20.519860169422643, 20.5361097327614, 20.551364806402034, 20.56568102687302, 20.579111840299475, 20.591708506474493, 20.603520114051374, 20.614593604867565, 20.62497380601723, 20.634703468501964, 20.643823311417517, 20.652372070742032], "test": [18.4, 18.0, 18.0, 18.0, 18.0, 18.0, 18.0, 18.0, 18.0, 18.0, 18.0, 18.0, 18.0, 18.0, 18.0, 18.0, 18.0, 18.0, 18.0, 18.0, 18.0, 18.0, 18.0, 18.0, 18.0, 18.0, 18.0, 18.0, 18.0, 18.0, 18.0, 18.0, 18.0, 18.0, 18.0, 18.0, 18.0, 18.0, 18.0, 18.0, 18.0, 18.0, 18.0, 18.0, 17.8, 17.0, 16.0, 16.0, 17.0, 16.2, 14.6, 14.0, 13.2, 10.4, 9.8, 8.4, 6.800000000000001, 5.0, 3.8, 2.2, 1.8, 1.8, 9.599999999999998, 10.0, 10.0, 9.4, 9.0, 8.4, 9.0, 8.4, 8.0, 8.0, 8.0, 7.0, 7.6, 8.0, 8.0, 8.0, 8.0, 8.6, 9.0, 8.8, 8.0, 8.0, 7.4, 7.0, 7.0, 6.2, 6.800000000000001, 8.0, 8.0, 8.0, 9.4, 10.0, 10.0, 10.2, 12.6, 13.400000000000002, 13.0, 12.2, 12.0, 10.2, 3.4000000000000004, 3.0, 3.0, 5.800000000000001, 8.2, 12.6, 14.6, 16.2, 19.6, 20.0, 20.0, 20.0, 20.0, 20.0, 20.0, 20.0, 20.0, 20.0, 20.0, 20.0, 20.0, 20.0, 20.0, 20.0, 20.0, 20.0, 20.0, 20.0, 20.0, 20.0, 20.0, 20.0, 20.0, 20.0, 20.0, 20.0, 20.0, 20.0, 20.0, 20.0, 20.0, 20.0]}