{"day": 1, "month": 1, "station_id": 193, "predict": [56.91470505821249, 57.005312214644206, 59.07088676262555, 59.025476290666724, 58.87899837422055, 58.73400150790028, 58.59061443591936, 58.44866642668773, 58.30805343840445, 58.16874398890782, 58.03074298905049, 57.89406571441761, 57.75872739446993, 57.62474087913454, 57.49211668817246, 57.36086341293878, 57.23098800963383, 57.102495961727044, 56.97539137623144, 56.84967706026274, 56.725354594066864, 56.602424402473176, 56.480885823887284, 56.360737176312846, 56.96418549773356, 56.910709704426324, 56.826706226281175, 56.925158898667036, 59.66928730786303, 60.0, 60.0, 60.0, 60.0, 60.0, 60.0, 60.0, 60.0, 60.0, 60.0, 60.0, 60.0, 60.0, 60.0, 59.184543312827515, 59.29227190616176, 59.80088026422371, 59.56037284291258, 57.97075318167417, 48.58771403600575, 47.56001405369611, 45.82661408043978, 42.63816985326668, 40.522125434274066, 38.48902058771998, 34.856237872364915, 28.074955846730976, 24.043884132277608, 19.612282217455956, 17.17992495420366, 15.79678905786397, 14.712901643762107, 13.828293552837662, 13.092990937551125, 13.007016324405543, 13.020390321678397, 15.68313246257595, 16.89526148524999, 17.056795407894086, 16.967751555974214, 16.778146585796332, 17.23799651116665, 17.547316731728753, 0.0, 0.0, 0.3183265717350192, 1.5799794735572903, 1.9961122359049632, 2.6001339559980776, 2.5452220881524843, 2.086115281998071, 2.7243635142218836, 3.0100775901110577, 3.643180679724034, 3.6236519706036003, 3.2015069006815717, 3.9767737451215774, 3.9994845058977746, 4.11967166183075, 4.88736738688684, 5.102603597929965, 5.365412068777787, 5.975824462748727, 6.03387232446162, 5.9895870634555735, 6.642999937915569, 6.994142039391914, 7.398416794219176, 9.112953181379556, 10.686223721425833, 14.31325111872366, 15.669915175697897, 18.11996579055893, 20.316272378269797, 21.758594776244276, 24.246605165322954, 25.980250992351753, 28.009603020926072, 30.834760280789048, 32.55582310877419, 34.77288892264207, 36.13605233301169, 36.945405571873486, 37.60103875595548, 38.30304002026875, 35.551495584793955, 35.3464897941253, 36.48810514913307, 37.57642233763939, 38.11152026568847, 37.64347608922671, 28.703766954434087, 29.374965299701643, 29.632191417256966, 29.74430825614413, 30.11056864841846, 30.778998804754977, 31.34547478307177, 33.90720318876185, 35.61355982366788, 35.81467472304748, 35.810706894668094, 35.90176332637793, 36.33793317571283, 36.519300860441405, 36.74594839313579, 36.96795645098342, 37.13540491468232, 37.39837293179307, 37.60693884010718, 37.81118011173207, 38.01117332791968, 38.20699416595678, 38.39871738905805, 40.636416837371975], "test": [57.0, 57.0, 57.0, 57.0, 57.0, 57.0, 57.0, 57.0, 57.0, 57.0, 57.0, 57.0, 57.0, 57.0, 57.0, 57.0, 57.0, 57.0, 57.0, 57.0, 57.0, 57.0, 57.0, 57.0, 57.0, 57.0, 57.0, 57.0, 57.0, 57.0, 57.0, 57.0, 57.0, 57.0, 57.0, 57.0, 57.0, 57.0, 57.0, 56.6, 56.4, 56.4, 56.0, 55.0, 54.0, 55.0, 54.8, 51.6, 47.4, 46.0, 42.0, 38.2, 36.2, 34.2, 29.4, 23.8, 19.8, 15.399999999999999, 10.8, 9.0, 7.0, 7.0, 7.0, 6.4, 4.999999999999999, 3.999999999999999, 3.2000000000000006, 2.6, 0.39999999999999925, 0.0, 0.0, 0.6000000000000005, 1.7999999999999998, 10.6, 12.4, 11.4, 11.0, 11.4, 11.0, 10.6, 9.0, 8.0, 8.4, 9.0, 9.4, 8.6, 7.599999999999999, 7.0, 8.0, 8.0, 8.0, 8.0, 8.8, 6.800000000000001, 6.0, 6.2, 7.599999999999999, 8.0, 7.999999999999998, 9.4, 10.4, 11.600000000000001, 11.2, 12.2, 13.4, 15.399999999999999, 20.0, 21.0, 22.8, 28.0, 32.4, 35.2, 34.8, 35.4, 36.8, 36.8, 27.2, 27.0, 27.2, 29.8, 31.000000000000004, 31.200000000000003, 32.4, 33.2, 34.0, 34.0, 34.0, 34.0, 35.4, 36.0, 36.0, 36.0, 36.0, 36.0, 36.0, 37.0, 37.0, 39.8, 51.8, 55.0, 55.0, 55.0, 55.0, 55.0]}