{"day": 4, "month": 3, "station_id": 246, "predict": [35.88333334511906, 35.96543426382576, 36.05586606171486, 36.147776387595194, 36.238597550235106, 36.3274593930089, 36.414024335063964, 36.49812679539031, 36.82966772484001, 36.90858285339979, 36.98483182358238, 37.05839334671288, 37.12926222494431, 37.19744706355186, 37.262968329007016, 37.32585664172139, 37.386151259093744, 37.593898724467806, 37.74915166432545, 37.80196771891998, 37.85240859326152, 37.900539216663155, 37.94642700016415, 37.990141182135616, 37.16731592219799, 37.27638605202256, 37.3608415555067, 37.43525774314568, 37.504201296270416, 37.5690929140106, 37.630448059763474, 37.68852585907642, 37.743510052128705, 37.79555888127588, 37.844818902945896, 37.89142892332196, 37.935521231248686, 37.97722208979559, 37.76665202309425, 37.80392604521063, 37.8391538709684, 37.87244011933541, 38.053884511974054, 38.18358206740066, 38.46162329065314, 38.43809435825918, 38.21307729830736, 37.63665016546083, 28.867664984441905, 27.056315428353315, 24.601112079138062, 24.46244683661055, 24.994377892235548, 24.4493154068247, 21.279128701816468, 22.455451244635533, 21.069775270498535, 18.873485062154938, 18.557871463575708, 16.404140411766956, 15.413419374276952, 14.306762883697903, 13.485157545400467, 13.199526649300008, 12.700734442117351, 14.289590093293294, 15.516851379600174, 17.1332281099413, 17.58938530970541, 17.985946182422197, 18.223494865068854, 16.95257899211964, 27.33143694179071, 27.58795106304107, 27.094288209138043, 26.662298459924067, 25.79381855011097, 25.63917097201522, 25.148363367896085, 23.971301055866505, 23.957834554367132, 24.507774742623337, 24.820900488775095, 22.796964070804304, 21.33569567589919, 20.736807331843693, 20.949996391777898, 20.724948631718, 23.731341001697146, 23.478844064327202, 22.997124150709947, 22.265845260761633, 22.194670732572156, 20.663264703229384, 15.951293381546858, 16.35842615131204, 26.0363073887571, 25.944845463057625, 25.920479972488213, 26.363672992536454, 26.474593820726145, 26.50303917351474, 30.668656381792534, 32.661038868958066, 33.879758411960694, 34.75437635566853, 37.07444844510535, 38.48952767387418, 39.62916640727655, 40.75291814344788, 41.0, 41.0, 41.0, 41.0, 40.197998225977535, 39.627282092314516, 39.78768963774822, 40.018823561855314, 40.26029566370414, 39.91172715871287, 28.0725193979651, 27.39026571403396, 27.99665756435899, 28.637854780391976, 28.913822318941413, 29.32521854913053, 29.222815408714215, 26.607376243884747, 26.379628926729488, 26.590261091781013, 26.589920784687987, 26.77921839539184, 26.858728818068812, 26.878993567081885, 27.390522784156584, 27.693797125994955, 28.089269535404867, 28.22736690228361, 28.45849162128082, 28.833023052745848, 29.201318893183338, 29.213716461039706, 29.570533903257736, 29.572071327674735], "test": [36.0, 36.0, 36.0, 36.0, 36.0, 36.0, 35.0, 35.0, 35.0, 35.2, 36.2, 37.0, 37.0, 37.0, 37.0, 37.0, 37.0, 37.0, 37.0, 37.0, 37.0, 37.0, 37.0, 37.0, 37.0, 37.0, 37.0, 37.0, 37.0, 37.0, 37.0, 37.0, 37.0, 37.0, 33.2, 29.0, 29.0, 29.0, 29.0, 29.0, 29.0, 29.0, 29.0, 29.0, 29.0, 29.0, 29.0, 29.0, 29.0, 29.8, 29.0, 29.0, 28.4, 28.000000000000004, 28.000000000000004, 28.000000000000004, 29.0, 29.0, 30.0, 30.0, 30.0, 30.0, 29.2, 29.2, 29.600000000000005, 29.0, 29.0, 29.0, 29.0, 28.800000000000004, 28.000000000000004, 29.8, 30.0, 30.0, 30.2, 31.0, 30.6, 30.0, 30.0, 30.0, 30.0, 30.0, 30.0, 30.0, 30.0, 29.2, 28.000000000000004, 28.000000000000004, 27.8, 27.0, 27.0, 27.0, 27.0, 27.0, 27.0, 27.0, 27.0, 27.0, 27.0, 26.0, 26.0, 26.0, 26.0, 26.0, 26.6, 27.0, 27.0, 27.0, 27.0, 27.6, 28.000000000000004, 28.000000000000004, 28.000000000000004, 28.000000000000004, 28.000000000000004, 28.000000000000004, 28.000000000000004, 28.000000000000004, 28.000000000000004, 28.000000000000004, 28.000000000000004, 28.4, 28.6, 28.000000000000004, 28.000000000000004, 28.000000000000004, 28.000000000000004, 28.000000000000004, 28.000000000000004, 28.000000000000004, 28.000000000000004, 28.000000000000004, 28.000000000000004, 28.000000000000004, 28.000000000000004, 28.000000000000004, 28.000000000000004, 28.000000000000004, 28.000000000000004, 28.000000000000004, 28.000000000000004, 28.000000000000004, 28.000000000000004, 28.000000000000004]}