{"day": 4, "month": 11, "station_id": 12, "predict": [48.822454051556, 48.69912014448856, 48.6215926163622, 48.69790620364583, 48.57927232194191, 48.46568466273489, 48.356964131921515, 48.25292484602552, 48.15339145038014, 48.058197316556154, 47.967182469830306, 47.88019257863964, 47.79707849592523, 47.71769601311172, 47.64190568816136, 47.569572699248994, 47.500566708347726, 47.43476172984572, 47.37203600271448, 47.41227186577965, 47.50535563594945, 47.4511774893425, 47.399631345279666, 47.35061475310846, 48.932768789498475, 48.85226853180117, 48.77124761987309, 48.692277529431834, 48.61580230934279, 48.54185435692934, 47.62039052617345, 47.15135449167627, 47.08468784982905, 47.020332075321726, 46.958228917453816, 46.89832053589463, 46.840549588012415, 46.78485930153644, 46.73119353845975, 46.67949685174994, 46.62971453563902, 46.58179267004289, 46.03567815956872, 45.79131876751781, 45.098663145258264, 44.50766085731518, 43.918262402503274, 43.38041923140573, 46.99410345171416, 44.87341280549208, 41.622133551512135, 38.69028005247905, 38.272069112703356, 35.414347191344056, 31.61570127182179, 30.57544456716589, 27.043154264154218, 25.068500834935566, 21.90119064837588, 18.490947562026758, 20.567507080753334, 19.200614409903167, 18.470023686803547, 16.845497565660494, 15.186806910607197, 11.113730525057866, 8.696054896498799, 6.8835739506389695, 5.276088813090977, 4.923407577963715, 4.825345083090725, 5.681722691714786, 10.909925461144635, 9.559735461234181, 8.788298397118519, 8.355544029530272, 8.539251790698259, 9.233757622027083, 8.937400696094343, 9.99949196461508, 9.36958723005945, 10.597313364283474, 14.032326518938689, 14.074301679400829, 13.422929640444108, 13.027915749363038, 12.588979087551767, 13.20585177947551, 13.428278355872445, 12.856015153199179, 12.738829744042828, 13.02650039615924, 12.968815558509858, 13.765573372882725, 13.966581209783335, 14.571655227355198, 9.949564038987972, 12.944312091499876, 13.6525186509101, 10.41760086915465, 10.93502972802804, 12.902900684915199, 15.120508230226985, 18.937589575950387, 22.80403256410073, 21.319775692421437, 21.434775870663035, 21.34899827797261, 18.712413123018237, 19.924994506810556, 22.286719921119257, 23.847569943423792, 24.607527998605374, 25.96658014905229, 27.474714901589085, 28.581923027405733, 28.888197393422423, 29.59353280419719, 30.147925853700627, 30.451374786366397, 23.373689841242367, 24.375974556425028, 26.128971989398664, 26.528346494981594, 27.673482615140674, 29.41437766919382, 29.901123608262928, 30.933822231932904, 31.312572863138513, 31.487471150910743, 31.858609236534576, 32.27607598270069, 32.189957166603214, 32.400335651835164, 32.55729154791687, 32.51090235981945, 32.56124312805268, 32.70838655968755, 32.702403150762784, 33.39336130058053, 33.68132741840588, 34.06636602306946, 34.348539835947186, 34.527909867762936], "test": [49.0, 49.0, 49.0, 49.0, 49.0, 49.0, 49.0, 49.0, 49.0, 49.0, 49.0, 49.0, 49.0, 49.0, 49.0, 49.0, 49.0, 49.0, 49.0, 49.0, 49.0, 49.0, 49.0, 49.0, 49.0, 49.0, 49.0, 49.0, 49.0, 49.0, 49.0, 49.0, 49.0, 49.0, 49.0, 49.0, 49.0, 49.0, 49.0, 49.0, 49.0, 48.6, 48.0, 48.0, 48.0, 48.0, 48.0, 48.0, 47.6, 46.6, 45.8, 43.2, 41.0, 36.2, 30.2, 26.2, 37.8, 39.6, 37.6, 34.4, 31.999999999999996, 31.0, 31.2, 31.400000000000002, 26.8, 23.8, 19.2, 15.6, 14.0, 13.200000000000001, 13.4, 11.6, 10.2, 9.0, 9.0, 9.4, 10.8, 10.6, 10.0, 8.6, 5.6, 6.0, 5.6, 3.5999999999999996, 2.4000000000000004, 4.400000000000001, 6.0, 6.6000000000000005, 5.8, 4.0, 5.0, 6.0, 7.8, 7.999999999999999, 7.200000000000001, 8.2, 9.2, 12.599999999999998, 15.999999999999998, 17.0, 17.0, 12.8, 10.8, 12.599999999999998, 15.0, 17.0, 17.8, 18.6, 17.8, 18.0, 18.6, 19.0, 19.2, 20.0, 21.0, 20.6, 20.6, 22.0, 22.8, 23.0, 23.2, 24.0, 24.2, 25.199999999999996, 26.600000000000005, 26.999999999999996, 26.999999999999996, 27.8, 27.8, 28.0, 28.4, 29.6, 30.0, 30.0, 30.0, 30.0, 30.0, 30.0, 31.0, 31.999999999999996, 31.999999999999996, 31.999999999999996, 31.999999999999996, 31.999999999999996]}