{"day": 0, "month": 6, "station_id": 214, "predict": [19.40087739103631, 18.328549962739704, 18.373407542968394, 18.421638091258473, 18.46850703363602, 18.51037693169451, 18.4140566820947, 17.78038523495326, 16.609822034947, 12.10261642961335, 11.99232964534899, 12.012528804051698, 13.363437682509575, 14.045263350503301, 14.058197193160435, 14.135750171198696, 14.411420695288031, 14.418695471858122, 14.424383608304566, 14.42861735780619, 14.43151948969235, 14.43320394531382, 14.433776447841765, 14.433335069688162, 1.3467857858437124, 0.452386448767486, 0.0, 0.0, 0.0, 0.0, 0.0, 0.0, 0.0, 0.0, 0.0, 0.0, 0.0, 0.0, 1.2612008819499252, 1.241350492676041, 1.479819389377723, 2.776904755004569, 4.466225995061913, 5.814725183062486, 7.889334135893021, 10.290308141741999, 13.751226342453691, 18.538992101699094, 26.5861440020467, 25.93313754477808, 24.36928162380832, 26.446735285317864, 29.418119998248237, 30.911790232039245, 32.0, 32.0, 28.481808988644048, 24.92992257676419, 23.716702636504934, 24.508453158139925, 24.438198121644, 23.63894680014429, 24.510385531241056, 24.585558902335464, 23.997536084401215, 24.079407410739154, 21.030948641087253, 17.78528606596269, 17.942228531344725, 18.168266195764524, 18.39656935582801, 18.160320693889442, 12.47642163938605, 12.544429396057819, 12.338352630515987, 13.281707207566708, 14.415151680551727, 15.600116965468166, 15.840141123870254, 16.40384836038681, 16.691736060645802, 17.037571161896672, 16.84193148812466, 17.038722600057177, 18.228458514909846, 17.344940440059595, 17.521935247149315, 19.55984560636598, 23.39237824807208, 23.619879292901203, 23.709336380012253, 26.127713965368464, 26.40862176974527, 26.41898307965592, 26.09236958740132, 25.695669446810495, 29.412192387505183, 29.956516400057343, 28.576736936781458, 27.25605892718885, 27.45505868372682, 26.302308067636005, 27.876600364209228, 27.982291948647763, 24.352404951277588, 20.053378676276076, 18.552318821723993, 15.249753098152384, 10.94608882864312, 8.77498483539709, 12.136726316413073, 9.5648997378734, 5.993059439628637, 4.888062982092432, 5.183407726131401, 9.145900520286112, 9.308993617403514, 8.189453632544257, 7.854030287354369, 7.986124960906777, 10.377071262244876, 5.8929980000499995, 6.410449244278321, 11.66354901476059, 12.104111528977661, 12.256699461310237, 12.45312240154691, 12.693805983830941, 13.380894472756394, 13.84984084420229, 16.03571145835612, 16.673353522859916, 16.897492856264325, 16.976078113012708, 17.376947047778398, 17.76783369835652, 17.68304453538928, 17.52346688029565, 17.5565762285252, 17.583109573751447, 17.670404869285996, 15.152406651216412, 14.963004520603755, 14.969371190950042], "test": [20.0, 20.0, 20.0, 20.0, 20.0, 20.0, 20.0, 20.0, 19.4, 19.0, 19.0, 19.0, 19.0, 19.0, 19.0, 19.0, 19.0, 19.0, 18.8, 4.4, 1.0, 1.0, 1.0, 1.0, 1.0, 1.0, 1.0, 1.0, 1.0, 1.0, 1.0, 1.0, 1.0, 1.0, 1.3999999999999995, 2.0, 2.0, 2.2, 3.0, 3.0, 3.2, 4.0, 5.8, 7.4, 8.8, 14.8, 19.2, 26.8, 18.2, 24.4, 29.0, 30.0, 30.0, 29.8, 16.0, 9.2, 20.800000000000004, 4.0, 6.0, 7.4, 7.4, 7.6, 8.2, 9.6, 10.0, 10.0, 10.0, 10.0, 10.0, 11.0, 11.0, 11.8, 12.8, 12.4, 13.8, 14.0, 14.0, 13.2, 13.0, 12.0, 11.0, 11.2, 11.4, 12.6, 13.4, 15.0, 21.0, 20.4, 19.0, 19.0, 19.6, 20.0, 19.6, 25.0, 29.0, 29.4, 30.0, 29.6, 25.0, 20.0, 20.8, 17.2, 13.4, 11.0, 12.2, 23.4, 26.6, 24.6, 19.4, 16.2, 15.0, 13.0, 12.4, 9.4, 6.2, 6.0, 5.0, 4.0, 4.8, 5.2, 5.0, 3.4, 4.6, 13.2, 15.0, 15.0, 15.0, 15.0, 14.2, 14.2, 13.6, 13.0, 13.0, 13.0, 13.0, 13.0, 13.0, 13.0, 12.8, 14.0, 14.0, 14.0, 14.0, 14.0]}