{"day": 5, "month": 7, "station_id": 703, "predict": [24.077494128158744, 24.299447516874505, 24.343176923607672, 24.351166757329892, 24.385632936447447, 24.421740990834543, 24.452109261002068, 24.48064568198775, 24.50795336737137, 24.466904342341465, 24.224262984032777, 24.24681870019601, 24.134605702319647, 24.154342209410437, 23.97276066867239, 23.989924480987472, 24.005897885507355, 23.487413952665236, 23.367872706346958, 23.380673412527166, 23.392547373029064, 23.40355732878373, 23.41376362403163, 23.42322386200659, 23.853011499684, 23.706572115223604, 23.570739913315197, 23.46820872133811, 23.400285564494993, 23.35502423010499, 23.325419602394096, 23.441307922701725, 23.966256420522864, 23.964347303681226, 23.967039449195717, 23.972949097253604, 23.98103106752979, 23.990507215233624, 24.000804188581668, 24.011501957854197, 23.95562986328014, 23.699638347214545, 23.976710389783946, 24.053411552015437, 24.396344048716433, 24.40547049254292, 24.41410661140604, 24.422249072469114, 23.736746332239424, 23.68608295789831, 23.42310904518087, 23.79481115688013, 23.951541082823862, 23.641944561173336, 23.404090414796606, 22.83429875587881, 22.864473308502316, 22.427556653528246, 22.856378277056812, 22.95059583506153, 22.57671266011118, 22.73464039655115, 22.157679409349868, 21.645844555713246, 19.19918126690434, 19.084420262502505, 18.634970679327832, 17.984248053055524, 17.799003590650713, 17.879321419948194, 17.625283407379413, 17.70363459756546, 18.993552525616607, 20.151901750283326, 20.503878148334042, 20.341998187682634, 20.11552943630383, 19.62238446424145, 19.79809122981153, 19.37565499091985, 19.02133748019102, 19.40178515224315, 18.316925860648368, 18.633321616799314, 20.350895074170825, 20.469577125748927, 21.122631654510275, 21.376659037202963, 21.698263075693866, 21.02071681197514, 20.54396255399107, 20.6679453681539, 21.05927977803141, 21.31791645513525, 21.777142238132413, 21.83691345367802, 18.51878579693023, 19.13001248822534, 19.865950532264044, 20.356953682893753, 22.475506074854284, 22.390156829542505, 22.800921150497857, 23.672288089852287, 23.29276472481277, 23.077510741979285, 23.170968817203583, 24.38113923641218, 24.447012748118453, 24.772581692226627, 24.69397075652325, 24.413101064621813, 24.197938864281923, 24.04934292876564, 24.034527690092652, 24.02049056785215, 23.407413031500404, 22.995375603887968, 22.717725486013627, 22.974434038340014, 23.297048463165147, 23.4799981722765, 23.427550533103677, 23.176696851789448, 23.316717182444734, 23.182803177651095, 23.31114679915876, 23.370727651891777, 23.629629015342655, 23.621865767008074, 23.547832547623727, 23.607771868167664, 23.535116935275838, 23.596538463220142, 23.59199079637738, 22.32140281524229, 21.984692038729104, 21.915107794017107, 22.1792372622671, 22.37700867700096, 22.841692758502464, 22.573236368234227, 22.57159546844202, 22.570067688956826], "test": [24.0, 24.0, 24.0, 24.0, 24.0, 24.0, 24.0, 24.0, 24.0, 24.0, 24.0, 24.0, 24.0, 24.0, 24.0, 24.0, 24.0, 24.0, 24.0, 24.0, 24.0, 24.0, 24.0, 24.0, 24.0, 24.0, 24.0, 24.0, 24.0, 24.0, 24.0, 24.0, 24.0, 24.0, 24.0, 24.0, 24.0, 24.0, 24.0, 24.0, 24.0, 24.0, 24.0, 24.0, 24.0, 24.0, 24.0, 24.0, 24.0, 23.2, 23.0, 22.8, 23.4, 24.0, 24.0, 24.0, 24.0, 24.0, 24.0, 22.4, 21.0, 21.0, 21.0, 21.0, 19.4, 18.4, 19.6, 20.2, 19.0, 19.8, 19.0, 18.4, 20.0, 23.2, 24.0, 24.0, 23.8, 23.0, 23.0, 24.0, 24.0, 23.6, 21.6, 23.0, 23.0, 20.8, 20.0, 21.0, 23.0, 21.4, 21.4, 22.0, 20.0, 18.4, 17.6, 17.2, 16.8, 16.0, 15.6, 15.6, 15.0, 15.0, 15.8, 19.4, 21.8, 21.8, 22.0, 21.0, 21.0, 21.2, 22.0, 22.0, 22.6, 22.6, 22.0, 21.8, 22.0, 23.0, 23.0, 23.0, 23.0, 23.0, 23.0, 23.0, 23.0, 23.0, 23.0, 21.0, 21.6, 22.0, 21.6, 21.4, 22.0, 22.0, 22.0, 22.0, 22.0, 21.4, 21.0, 21.0, 21.0, 20.8, 19.2, 19.0]}