{"day": 1, "month": 9, "station_id": 229, "predict": [21.19985423070397, 21.23418560521541, 21.23218719541211, 21.62764079181986, 21.55799122684302, 21.756931873481108, 21.89100548443121, 21.893361648921193, 21.897152150428383, 21.90220824029902, 21.908375515352155, 21.182180144263175, 20.590161297511212, 20.798870167689095, 20.941535683926112, 20.95139694701574, 20.96170239033888, 20.972375665699786, 20.85001491822799, 20.99455878075176, 21.00595241798244, 21.017480284223012, 21.029098925060282, 21.04076982026408, 23.851171895468852, 23.687856262647454, 23.53364735970457, 23.32444280284663, 22.859751083875167, 22.472085089240288, 22.360647799822623, 22.258033487247122, 22.163559320705275, 22.076594329088508, 21.996555444366813, 21.92290395780249, 22.388475601676113, 22.39281086621961, 22.402152192144, 22.216108022991108, 21.500983704969737, 20.52311255654422, 20.08218709736849, 19.577923759988035, 19.143394408187994, 18.64502465298179, 16.882592291014003, 18.722559190594417, 15.543843460091335, 12.629696384760706, 8.646594264967462, 7.72355026518969, 4.19516930094405, 0.0, 0.0, 0.0, 2.772256115121992, 1.54081810482668, 5.60629255441347, 5.252237595705781, 5.162192489888831, 5.269679384269301, 4.841538219787312, 4.611261482465164, 4.645662149442349, 4.278208177256323, 3.7756902116816002, 4.138222530439247, 4.765910562250609, 4.525518324660393, 4.75046912211443, 5.1741795116018015, 0.5256626368253052, 0.16867674350567574, 0.11005397848364207, 0.2882878964597242, 0.3729286033969046, 0.2996514608361154, 1.4039696022324548, 1.6212351531943254, 2.553296792524109, 3.7351723992273076, 2.901727589818725, 2.254355267749453, 1.5276546246855724, 1.5894425440012871, 1.440764035177942, 1.6159017514922573, 2.315717995824863, 2.140995952944977, 2.625780215496972, 4.104049998923711, 4.509725102022241, 3.9100046649707187, 5.038705438860354, 5.429599609998111, 13.395203304079008, 13.233304570307489, 13.656155420249213, 16.685139957528158, 17.1874352904032, 18.162920004950315, 18.278568123684767, 19.53477989522033, 22.465226103135393, 23.736811767493872, 23.016345317557654, 23.970550697986802, 24.0, 23.43619531036952, 22.68077345160823, 22.399654602412827, 22.05931398036489, 22.259535977302342, 21.133420029948613, 21.614052283762266, 21.901176494888894, 23.194530935313473, 22.760518054580896, 23.065540307701355, 24.0, 23.94024275490714, 23.36297197126149, 24.0, 24.0, 24.0, 24.0, 24.0, 24.0, 24.0, 23.967847377074484, 24.0, 24.0, 24.0, 24.0, 24.0, 24.0, 24.0, 24.0, 24.0, 23.956137249913724, 23.86355166612929, 24.0, 24.0], "test": [21.6, 22.0, 22.0, 22.0, 22.0, 22.0, 22.0, 22.0, 24.0, 24.0, 24.0, 24.0, 24.0, 24.0, 24.0, 24.0, 24.0, 24.0, 24.0, 24.0, 24.0, 24.0, 24.0, 24.0, 24.0, 24.0, 24.0, 24.0, 24.0, 24.0, 24.0, 24.0, 24.0, 24.0, 24.0, 24.0, 24.0, 23.0, 23.0, 23.0, 22.0, 21.0, 21.0, 20.6, 20.0, 19.4, 17.6, 17.0, 16.6, 18.2, 15.0, 16.0, 13.4, 11.8, 9.6, 7.4, 6.8, 7.4, 6.4, 5.8, 4.4, 4.4, 4.0, 4.0, 1.8000000000000003, 0.19999999999999996, 0.0, 0.0, 0.0, 0.0, 0.0, 0.0, 0.0, 0.0, 0.3999999999999999, 0.9999999999999998, 1.6, 2.0, 0.5999999999999999, 0.0, 0.9999999999999998, 1.1999999999999997, 0.0, 0.5999999999999999, 1.7999999999999998, 1.7999999999999998, 2.4, 2.6, 3.5999999999999996, 6.6, 6.8, 7.4, 10.0, 10.0, 10.4, 12.2, 14.8, 15.8, 15.2, 15.8, 15.400000000000002, 12.0, 14.399999999999999, 17.0, 22.2, 23.6, 22.4, 19.8, 19.8, 22.4, 23.8, 23.6, 23.0, 24.0, 24.0, 24.0, 24.0, 24.0, 24.0, 24.0, 24.0, 24.0, 24.0, 24.0, 24.0, 24.0, 24.0, 24.0, 24.0, 24.0, 24.0, 24.0, 24.0, 24.0, 24.0, 24.0, 24.0, 24.0, 24.0, 24.0, 24.0, 24.0, 24.0, 24.0]}