{"day": 3, "month": 11, "station_id": 541, "predict": [25.7318121804984, 26.124770546354306, 26.19156629199403, 26.423768435683797, 26.605351814037654, 26.832402436110307, 27.25415456148747, 27.42063658253148, 27.93206907988618, 28.0, 28.0, 28.0, 28.0, 28.0, 28.0, 28.0, 28.0, 28.0, 28.0, 28.0, 28.0, 28.0, 28.0, 28.0, 26.19863926581513, 26.435230827324567, 26.66927300222822, 26.891504494511818, 27.100294382973622, 27.29583294337631, 27.478724349707534, 27.649644781196013, 27.80925943528589, 27.958203259526865, 28.0, 28.0, 28.0, 28.0, 28.0, 28.0, 28.0, 28.0, 28.0, 28.0, 26.942670355549055, 26.5521275395539, 25.656590560376024, 25.306345534212767, 20.742265222500695, 19.338362410021197, 17.746324691224647, 15.76348200894586, 14.625271697237705, 12.52799667397447, 10.321044792997489, 8.254655213480905, 7.079283342503025, 6.695422897632851, 7.203557324384835, 6.604147460761381, 6.797629247045803, 8.434414161125245, 10.564890347176172, 10.68942387791683, 9.95835999893726, 9.022024316426391, 8.430723920605384, 9.434748445559055, 10.484371068307869, 10.379849450402942, 10.271426625303205, 10.459331834651362, 0.1916771316917698, 0.0, 0.0, 0.0, 0.0, 0.0, 0.0, 0.0, 0.0, 0.0, 0.0, 0.0, 0.0, 0.0, 0.0, 0.0, 0.0, 0.058894505174450495, 0.31000307581480113, 0.9038807471645265, 1.5909146811129529, 2.6214705112725905, 2.8458935534924756, 2.814509948101727, 1.0976545396870552, 2.10397830848096, 4.154582230798809, 5.003473042637686, 5.441664139686251, 6.017937791875793, 6.1326102993187535, 8.13625835106549, 9.079473936267672, 11.312822438178433, 13.23683798974563, 15.90202472454263, 17.458858596185927, 18.1577890623128, 20.149240616697302, 21.033614208220296, 20.11128856978854, 20.032621468818768, 19.14795088596566, 19.35759612687746, 20.56185887099592, 21.161024161035463, 21.505361336523283, 21.945124914576557, 12.106394909173563, 13.400936236214388, 14.11233804931036, 14.641286514090517, 15.289969068294955, 16.060245784116063, 16.35371861742192, 16.771843490276613, 17.215978420528245, 17.78740185120542, 18.737320816949435, 19.416875938102894, 20.02714538202306, 20.769148402878734, 21.493848631997665, 22.002157171167198, 22.14493550961306, 21.72299827693386, 21.68711584177752, 21.438016765059757, 21.82639011592617, 22.05288765817416, 22.268125914411407, 22.222688114816894], "test": [26.0, 26.0, 26.0, 26.0, 26.0, 26.0, 26.0, 26.0, 26.0, 26.0, 26.0, 26.0, 26.0, 26.0, 26.0, 26.0, 26.0, 26.0, 26.0, 26.0, 26.0, 26.0, 26.0, 26.0, 26.0, 26.0, 26.0, 26.0, 26.0, 26.0, 26.0, 26.0, 26.0, 25.2, 25.0, 25.0, 25.0, 25.0, 25.0, 25.0, 25.0, 26.0, 26.0, 26.0, 26.0, 26.0, 24.2, 22.6, 22.0, 21.0, 19.2, 16.6, 15.400000000000002, 13.4, 13.0, 10.8, 8.2, 7.0, 6.8, 7.0, 7.0, 6.8, 5.6, 5.0, 6.4, 4.4, 4.6, 7.0, 7.0, 5.6, 2.6, 0.8000000000000003, 0.5999999999999994, 2.4, 3.0, 4.0, 4.6, 3.0, 3.0, 2.8, 2.2, 0.40000000000000013, 0.20000000000000007, 0.9999999999999996, 1.0, 1.0, 1.6, 1.0, 1.3999999999999997, 0.40000000000000013, 0.0, 2.4, 3.6000000000000005, 3.8, 1.7999999999999998, 0.40000000000000013, 0.6000000000000002, 0.0, 0.8000000000000003, 1.3999999999999997, 0.9999999999999996, 0.1999999999999993, 1.6000000000000005, 1.7999999999999998, 0.8000000000000003, 0.8000000000000003, 13.44, 15.439999999999998, 16.720000000000002, 17.32, 19.44, 20.560000000000002, 10.0, 11.6, 11.2, 9.8, 10.0, 8.8, 9.8, 10.6, 12.0, 13.6, 14.0, 15.0, 15.600000000000001, 19.0, 20.2, 21.6, 22.0, 20.8, 20.0, 20.2, 21.0, 21.8, 22.2, 23.8, 25.4, 24.2, 23.0, 23.0, 23.0, 23.0, 23.0, 23.0]}