{"day": 4, "month": 8, "station_id": 66, "predict": [36.12269807193674, 36.22730972026807, 36.31576855258179, 36.39143007949284, 36.45640662427988, 36.512271970014396, 36.56030588370636, 36.601586576303234, 36.63703807825402, 36.66745900176705, 36.69354227897776, 36.715890089960375, 36.735025928707, 36.75140474904369, 36.76542168112649, 36.777419602677064, 36.7876957508181, 36.796507510276825, 36.80407748550997, 36.810597946365, 36.816234724079514, 36.82113062441316, 36.82540841642732, 36.82917344835121, 36.13029564581993, 36.240390939380546, 36.33354762982586, 36.41280512831871, 36.48040980123786, 36.53809696045527, 36.38728867476787, 36.37918470958389, 36.41481207531455, 36.445056173042865, 36.47068278793161, 36.49235504434243, 36.510647246694845, 36.27605655891022, 36.03901303685794, 36.14988832467356, 36.30900322644145, 35.91663431214972, 35.82301968579287, 35.128364022846824, 33.982842969078945, 33.93660698049447, 32.139784674074896, 30.292485750279255, 28.971994742203677, 26.625779234679232, 24.531120354538032, 19.24857611395429, 23.38189109514925, 22.431646651175434, 24.847112919087376, 26.527088512226594, 25.52025578449198, 25.77532692076906, 25.34109980617291, 24.96647524382996, 25.050457954857933, 24.142151104370157, 23.590748559713713, 24.29552667138765, 24.405836314742736, 24.021095473710087, 24.79078245103697, 25.164429706307697, 24.791618289369456, 24.371972824675154, 23.555156999248197, 23.290869508103313, 29.299584516173212, 29.623867077211163, 29.54161658882224, 28.745600708934006, 29.031143019376504, 28.39405370184243, 26.930671533189248, 26.137837154909256, 25.16283593425895, 23.95333943760154, 23.40735176371744, 23.27316213592922, 22.749303740993998, 23.38451829693929, 23.17772568432439, 22.427997974565024, 23.384537243451806, 24.296656628797997, 25.76376416226008, 26.285348970743424, 25.560969500638386, 25.44024346837468, 25.32283928403774, 24.808468731863798, 22.9057855836152, 22.650142958057078, 23.61534009688738, 22.24173178770026, 22.42467775917493, 21.56152430902935, 23.000692900258613, 23.041169405516037, 17.832261147352394, 20.073477226523273, 14.624464783683248, 15.004971650297305, 14.734822162153854, 15.573900074951032, 22.662135707630316, 24.949495872383615, 31.085975807936794, 33.8015926452218, 34.506380091739274, 35.20038410678193, 35.243659391624334, 34.69626655361268, 36.01826982854273, 35.67973526547383, 33.187206802035064, 33.15211069872782, 32.94601766646243, 31.620924607214725, 31.374399043802896, 31.904115956532042, 32.10770687933152, 32.132893651079335, 32.02756737678034, 36.18981178379694, 31.067900715536236, 27.76028542467185, 27.71557862128099, 27.832538240979886, 28.66005212553123, 28.59712402954425, 28.492861031830778, 28.396462292341013, 28.457209045026946, 28.474455704132076, 28.447621964303927, 28.576185783851656, 28.00967715118872, 26.747672545219345], "test": [36.0, 36.0, 36.0, 36.0, 35.8, 36.0, 36.0, 36.0, 36.0, 36.0, 36.0, 36.0, 36.0, 36.0, 36.0, 36.0, 36.0, 36.0, 35.6, 35.0, 36.0, 36.0, 36.0, 36.0, 36.0, 36.0, 36.0, 36.0, 36.0, 36.0, 36.0, 36.0, 36.0, 36.0, 36.0, 36.0, 36.0, 36.0, 36.0, 36.0, 35.8, 34.8, 34.4, 34.0, 33.6, 33.2, 32.4, 32.4, 32.8, 33.6, 33.2, 33.0, 30.0, 32.2, 33.2, 33.4, 33.0, 32.6, 30.4, 28.4, 32.4, 29.6, 29.2, 31.0, 30.6, 30.0, 29.8, 29.8, 29.0, 29.8, 29.6, 29.8, 30.0, 30.0, 29.8, 30.6, 30.0, 30.0, 30.0, 31.0, 31.0, 31.200000000000003, 32.4, 31.8, 27.800000000000004, 27.800000000000004, 27.4, 27.6, 26.6, 26.200000000000003, 26.0, 27.0, 27.0, 27.0, 27.800000000000004, 24.6, 21.200000000000003, 19.2, 20.2, 21.8, 20.2, 19.4, 19.6, 16.4, 15.4, 13.2, 11.8, 8.0, 5.8, 3.0000000000000004, 6.400000000000001, 18.6, 30.8, 35.6, 38.4, 40.0, 40.0, 40.0, 40.0, 40.0, 40.0, 40.0, 40.0, 39.8, 39.0, 39.8, 40.0, 40.0, 39.0, 39.0, 33.4, 33.0, 33.0, 33.0, 32.6, 32.0, 32.2, 33.2, 34.0, 34.0, 34.0, 34.0, 34.0, 33.6]}