{"day": 5, "month": 9, "station_id": 95, "predict": [8.615510290201314, 9.001733108956586, 9.312520392162332, 9.48499651385298, 9.580281246850973, 9.802932436711401, 9.755669565415001, 9.490575493005831, 10.059418674289969, 10.26375280163439, 10.10495827442169, 9.584266906133703, 9.652780560229882, 9.611486659175581, 9.611271526264241, 9.702931988893953, 9.787185511720986, 9.864679065246019, 10.035996900339835, 10.251667373933152, 10.31216895061678, 10.367935487629623, 10.669360895962997, 10.866803257660502, 7.412966721715062, 7.800962314214005, 8.16965472097288, 8.50198748315577, 8.797774871246615, 8.860480849701537, 9.043985047576347, 9.251861512044746, 9.437258808960461, 9.602919136363955, 9.751224855762485, 9.88424588151227, 10.003782204781583, 10.26140085833166, 10.458467772226378, 10.296175165774109, 10.37556509293115, 10.447549685680828, 10.662928565515712, 11.022403826466844, 11.126592935316843, 11.426039844991424, 11.571224574607943, 11.562571473273836, 9.081571595242497, 8.822502704620259, 8.876030633659395, 8.909855920467267, 8.918937962349826, 9.30458388276336, 9.069302563531664, 9.115604151788556, 9.19574635814305, 9.31170707085851, 9.665207737756699, 9.707745000593086, 10.540620711311266, 11.864968413576475, 11.931776263666787, 12.491906768490594, 11.346113763258549, 11.445057015059023, 11.239314789032816, 10.879394666856523, 11.265742865913754, 10.448752271900542, 10.028769367063157, 8.956100210119363, 7.92874576730355, 8.627204619320379, 9.0328131688715, 9.069754997995512, 8.686217176562634, 9.284902830088654, 10.568963447901245, 10.691215877088892, 11.104043889861492, 11.759433677179118, 11.659029534779958, 11.65418666938901, 12.246017185946222, 12.485429308162145, 12.373160627791373, 11.909806228760472, 11.945842445465491, 12.23164691091714, 12.067515455173718, 12.103676331671831, 12.990302178054035, 13.727520057460389, 13.415419874546398, 12.454061416419693, 1.5846113430961883, 2.549211975470081, 3.6464915141456538, 5.0053905414923205, 5.34567186434178, 7.1247030411515, 8.405752956644019, 9.401730235097181, 10.024094263401738, 9.032811848385236, 7.836508922592738, 7.84264188085315, 6.907654269180407, 7.3871140393292425, 8.435832544073754, 8.957967435776004, 8.457111586802316, 9.286369917213431, 10.948425770949497, 9.595598261281882, 8.329891813724627, 8.603038967729779, 7.4665373542010665, 6.821681641162237, 6.396789511286635, 6.078713157394805, 5.867484944039216, 5.957326966172968, 6.497727827770014, 6.188807392813543, 5.980719604307141, 5.573577795284755, 5.567455295253138, 5.562392498712861, 5.558403333952605, 5.655480708986824, 5.803601064727771, 5.802728174826192, 5.902816306915661, 5.703812841315111, 5.305660428988133, 5.008298758809799, 4.56166599419234, 4.465699930527332, 3.8703389174999714, 3.325522583953704, 3.531192397491344, 3.737292086271344], "test": [8.0, 8.0, 7.2, 7.0, 7.0, 7.0, 7.0, 7.0, 7.0, 7.0, 7.0, 7.0, 7.0, 7.0, 7.0, 7.0, 7.0, 7.0, 7.0, 7.0, 7.0, 7.0, 7.0, 7.0, 7.0, 7.0, 7.0, 7.0, 7.0, 7.0, 7.0, 7.0, 7.0, 7.0, 7.2, 8.0, 8.0, 7.2, 7.0, 7.4, 9.0, 9.0, 9.0, 9.0, 9.0, 9.6, 10.0, 9.2, 9.0, 9.0, 9.0, 8.0, 8.0, 7.4, 7.0, 7.0, 7.2, 8.8, 9.0, 8.4, 8.0, 7.0, 8.8, 10.0, 11.0, 11.0, 10.6, 11.0, 10.0, 11.0, 11.0, 9.0, 9.0, 9.0, 9.6, 10.4, 11.0, 11.0, 11.0, 11.2, 13.4, 13.8, 12.0, 11.0, 11.0, 9.8, 5.000000000000001, 5.0, 1.9999999999999996, 10.079999999999998, 2.999999999999999, 2.6, 3.2000000000000006, 11.719999999999999, 11.52, 3.5999999999999996, 4.6, 4.4, 5.0, 4.8, 4.4, 5.0, 3.4000000000000004, 11.120000000000001, 11.12, 2.4000000000000004, 1.6000000000000003, 2.4000000000000004, 1.7999999999999998, 0.19999999999999962, 0.19999999999999962, 8.32, 0.0, 0.9999999999999998, 9.8, 2.8, 4.2, 8.6, 8.0, 7.0, 7.800000000000001, 9.0, 9.0, 9.0, 9.0, 9.0, 9.0, 9.0, 9.0, 9.0, 9.0, 9.0, 9.4, 10.0, 10.0, 9.6, 9.0, 9.0, 9.8, 11.4, 12.0, 12.0, 12.0, 11.6]}