{"day": 0, "month": 9, "station_id": 116, "predict": [19.27384810217242, 18.39857061568039, 19.013604703894263, 18.91540620897291, 18.834079717788523, 19.100537597329176, 19.04612297531774, 19.002464715719864, 18.701419285594216, 18.275036818215092, 18.255535230634084, 18.241945108395853, 18.233424204985873, 18.229241047497567, 18.228760643735196, 18.231432017862954, 18.236777340985004, 18.244382453613262, 18.253888602901174, 18.26498524000253, 18.27740374251968, 18.290911944126155, 18.30530936840387, 18.320423076999067, 17.848850870678042, 17.709171962982705, 17.59474759679243, 17.501297811879382, 17.4255052913085, 16.764898199638665, 16.317437265054174, 16.281369427636797, 16.255170079811446, 16.23750947332205, 16.227227088083193, 15.88997669815016, 15.891540998508601, 15.897815295019653, 15.90812659426694, 15.855221160378314, 15.60525364404059, 15.491110918592971, 15.112403783251915, 14.668793048697335, 14.293316539316525, 13.3857168963997, 11.345770081150514, 9.63994782244656, 15.512028100531555, 12.978210060605546, 11.08363514303914, 8.49486375286563, 5.599143200159474, 3.651469596444067, 2.1750080634815836, 1.160878500369355, 0.8679791971506831, 4.156177351417632, 7.019520510645227, 6.5194639426222185, 5.2514447343526625, 5.078134161490397, 5.0627001860973335, 4.735412144398635, 3.760253182605311, 2.1348728050011245, 1.323878686509547, 1.0588003413316502, 0.40472399866876296, 0.16026478436531721, 0.0, 0.0, 5.125751897397545, 7.243295868364489, 7.1055732163112335, 7.0383051437724955, 6.899404822745307, 6.28107131654613, 5.376476308347203, 4.779652086452114, 4.28538357558608, 3.9557799338753528, 2.853524790697055, 3.775137002679883, 4.450907267565088, 6.478176097867543, 6.5212854698196505, 4.978203258767949, 6.0471530183158375, 5.3932484256720965, 5.081798468328977, 5.04494952227153, 6.4149972041302625, 4.374367603576682, 5.172267552215845, 5.1580036288417315, 2.882592997017038, 4.233442660684335, 8.349196174911508, 6.116326339855582, 10.326202638979126, 11.26948747592308, 11.502583326570512, 13.097739390236853, 14.726491108820415, 15.726418332880893, 18.56789132009232, 18.454139856133942, 16.787980236616765, 17.238534585694918, 18.074610155506743, 18.89807278881137, 19.110548618551878, 19.113454650670764, 17.108025461199166, 17.828669833766043, 19.142991101207258, 19.985138233740784, 20.089154668540203, 19.788991833942077, 21.0, 21.0, 21.0, 21.0, 21.0, 21.0, 21.0, 21.0, 21.0, 21.0, 21.0, 21.0, 21.0, 20.864193675753903, 20.452667865046543, 19.706933322101833, 20.693778468758865, 21.0, 21.0, 21.0, 21.0, 21.0, 21.0, 21.0], "test": [20.0, 20.0, 20.0, 20.0, 20.0, 20.0, 20.0, 20.0, 20.0, 20.0, 20.0, 20.0, 20.0, 20.0, 20.0, 20.0, 19.2, 18.0, 18.0, 18.0, 18.0, 18.0, 18.0, 18.0, 18.0, 18.0, 18.0, 18.0, 18.0, 17.2, 17.0, 17.0, 17.0, 17.0, 17.0, 17.0, 17.0, 17.0, 17.0, 17.0, 16.0, 16.0, 15.600000000000001, 15.0, 15.0, 15.0, 15.0, 18.0, 17.0, 16.2, 14.0, 11.0, 3.8, 0.0, 0.2, 0.0, 0.0, 0.0, 0.0, 0.0, 0.0, 0.8, 8.6, 9.8, 8.0, 7.6, 6.6, 7.4, 8.6, 6.0, 6.0, 5.2, 4.3999999999999995, 1.4000000000000004, 1.0, 2.1999999999999997, 3.0, 3.8, 3.8, 3.6, 2.8, 1.6, 1.0, 3.2, 6.0, 4.4, 4.0, 4.6, 5.0, 5.4, 6.2, 5.0, 6.0, 2.1999999999999997, 2.2, 0.20000000000000046, 2.2, 3.0, 3.0, 4.0, 5.0, 7.2, 7.0, 8.6, 9.0, 11.400000000000002, 16.0, 20.6, 20.6, 20.6, 20.8, 18.0, 18.2, 20.0, 20.8, 20.4, 21.0, 21.0, 21.0, 21.0, 20.4, 20.0, 21.0, 20.8, 20.0, 20.4, 21.0, 21.0, 21.0, 21.0, 21.0, 21.0, 21.0, 21.0, 21.0, 21.0, 21.0, 21.0, 21.0, 21.0, 21.0, 20.4, 21.0, 21.0]}