{"day": 5, "month": 3, "station_id": 199, "predict": [16.493408777330266, 17.132713992245467, 17.63594119252724, 18.20266805789295, 18.48571782880947, 18.788220698172225, 18.963183361603484, 19.213389378313032, 19.59137616417756, 19.749439956893287, 19.889651572828768, 20.013875457485835, 20.12378885394372, 20.220899875420123, 20.306564104380712, 20.381999673295276, 20.448300903707814, 20.506450617921324, 20.557331243448093, 20.601734824952793, 20.64037204951746, 20.673880381549626, 20.7028313945352, 20.727737378412947, 15.806061347504098, 15.449364488588111, 15.760572498612131, 16.04130681559893, 16.294362752829876, 16.52239731647917, 16.72783565712251, 16.912876396146835, 17.27950854802542, 17.72952990412629, 17.864564754609184, 18.0860803343496, 18.345401852718176, 18.443726140722035, 18.532134009068447, 18.611601426266212, 18.683009624714337, 18.747154235828866, 18.55475354682475, 18.606455963331893, 18.652846754099997, 18.64445414677599, 18.481754837127163, 18.515178968094176, 16.856338792482305, 17.064870516074343, 17.249758831967444, 17.265250742319136, 17.313493158486708, 17.546227114756512, 17.815003993567892, 18.021224220691646, 17.76615257887808, 17.90093050146845, 17.926587544448353, 17.69405203430096, 17.304160812907305, 17.207668089781368, 17.55525345768276, 17.54752914135559, 17.885046549407726, 18.068302195040815, 18.49774304585495, 18.52377135744793, 18.346749040370952, 18.36700160527761, 17.934821726811332, 18.150472462888995, 20.049933137712216, 19.920428694258366, 19.394149699968914, 19.266263534065764, 18.886053430688, 18.503733682361414, 18.219691485138043, 18.7343143904252, 18.847952996112276, 18.610915626418706, 18.473470570043503, 18.835849883720645, 18.148253271506377, 17.360851685920508, 16.87379058775933, 16.28719287469852, 16.051161505510013, 15.965781848755018, 16.181123783208772, 17.64724357491506, 17.764185553402505, 17.681983607397644, 17.600662518370793, 17.870239148442206, 21.886596316186136, 21.607981143782087, 21.096073377004828, 20.40878539284554, 20.495693139331525, 20.90495189181187, 20.484620731014317, 19.98288530080211, 19.54808688851775, 19.478716765632612, 19.423404387819268, 18.980905092788163, 18.550088509891065, 18.42992792551597, 16.46949060721678, 16.617929026044976, 16.524472902220662, 16.438421999647957, 16.609139599522265, 16.5360465890837, 16.768616107356493, 17.05636869513762, 17.148867901472027, 17.095716303376804, 19.034539379477227, 18.674122166831364, 18.522229434503583, 18.378228494461585, 17.99115648092155, 18.060614327749484, 17.98636626134103, 17.868212102304742, 17.75595553618249, 17.649397707539563, 17.648337058711874, 18.252570509085288, 18.611894764851968, 18.626107492710553, 18.695008320346453, 18.618399675951977, 18.546087486173455, 18.47788175049822, 18.36359700772995, 18.35305270816267, 18.29607350340825, 18.242489464449957, 18.14213623730371, 17.894855144620077], "test": [16.0, 16.8, 17.0, 17.0, 17.0, 17.0, 17.0, 17.0, 17.0, 17.0, 17.0, 17.0, 17.0, 17.0, 17.0, 17.0, 17.0, 17.0, 17.0, 17.0, 17.0, 17.0, 17.0, 17.0, 17.0, 17.0, 17.0, 17.0, 17.0, 17.0, 17.0, 17.0, 17.0, 17.0, 17.0, 17.0, 17.0, 17.0, 17.0, 17.0, 17.0, 17.0, 16.0, 16.0, 16.0, 16.0, 16.0, 16.6, 17.0, 17.0, 17.0, 17.0, 17.0, 17.0, 17.0, 17.0, 17.0, 16.4, 16.0, 16.0, 16.0, 16.0, 16.0, 16.0, 16.2, 18.0, 18.0, 18.0, 18.2, 19.0, 19.8, 20.0, 19.2, 18.0, 19.6, 22.0, 22.0, 22.0, 22.0, 22.0, 22.0, 22.0, 22.0, 21.0, 22.0, 22.0, 22.0, 22.4, 22.8, 22.0, 22.0, 22.0, 22.0, 22.0, 22.0, 21.6, 21.0, 21.0, 21.0, 21.0, 21.0, 21.0, 20.2, 18.2, 17.0, 17.0, 17.0, 17.0, 17.0, 17.0, 17.0, 17.0, 17.0, 17.0, 17.0, 16.2, 17.0, 17.0, 17.8, 19.0, 19.0, 19.0, 19.0, 19.8, 21.0, 21.0, 21.0, 21.8, 22.0, 22.0, 21.0, 17.0, 17.0, 17.0, 17.0, 17.0, 19.0, 22.0, 22.0, 22.0, 22.0, 22.0, 22.0, 22.0]}