{"day": 4, "month": 1, "station_id": 159, "predict": [38.94512688060936, 38.959638879748525, 38.98916144307164, 39.0, 39.0, 39.0, 39.0, 39.0, 39.0, 39.0, 39.0, 39.0, 39.0, 39.0, 39.0, 39.0, 39.0, 39.0, 39.0, 39.0, 39.0, 39.0, 39.0, 39.0, 39.0, 39.0, 39.0, 39.0, 39.0, 39.0, 39.0, 39.0, 39.0, 39.0, 39.0, 39.0, 39.0, 39.0, 39.0, 39.0, 39.0, 39.0, 38.53879073593277, 38.54580028185941, 38.5516366601342, 38.55639744345598, 38.22683980455182, 38.02971434245551, 33.25863211888809, 32.52527061204563, 32.31021760691689, 30.43677547797731, 28.160898287517576, 26.146922684240213, 23.06119851409858, 18.170532313316507, 18.608489163919568, 15.64197640437226, 12.737892231547951, 10.696455655129924, 9.451206385252457, 8.469005414266405, 8.48336905032535, 8.16113627571944, 7.969136070146914, 8.040854694951046, 10.309769605978317, 11.709349997060851, 11.706390642919295, 11.767679043546423, 11.426662538689872, 13.28344872760664, 1.5860305393290162, 1.3654806798225336, 0.8555843768166764, 1.0956187884239896, 1.6656490985435481, 1.3619249823080417, 0.7840487207537761, 0.9989277964431069, 0.6735610160340261, 0.9416024286242856, 0.0, 0.0, 0.0, 0.0, 0.0, 1.4260898994437454, 1.3881867217025818, 1.6120787465966822, 2.8312391279609503, 2.97912999841269, 3.589203719851763, 3.9949040031543066, 3.7963335761738723, 3.5935884113799488, 8.55409929224088, 9.565610594804513, 10.03913278116368, 9.781409895564428, 10.462074193261895, 10.615057534060163, 12.040020311137894, 14.069681327107801, 14.970057357435813, 16.007203178570794, 19.513895935583403, 23.356302728688792, 25.800643683276824, 28.31318743129699, 28.82691332267015, 30.274840608800414, 32.05669130458116, 32.03888671652635, 32.55454427957919, 32.803474677210566, 32.4521792207111, 32.30051413205949, 31.681688376570335, 31.595595026567466, 37.675325010588175, 38.2543432016441, 38.66599675961632, 39.0, 38.90210163309351, 39.0, 39.0, 38.8016034241956, 39.0, 39.0, 39.0, 39.0, 39.0, 39.0, 38.99432211753369, 39.0, 39.0, 39.0, 39.0, 39.0, 39.0, 39.0, 39.0, 39.0], "test": [39.0, 39.0, 38.8, 38.4, 39.0, 39.0, 39.0, 39.0, 39.0, 39.0, 39.0, 39.0, 39.0, 39.0, 39.0, 39.0, 39.0, 39.0, 39.0, 39.0, 39.0, 39.0, 39.0, 39.0, 39.0, 39.0, 39.0, 39.0, 39.0, 39.0, 39.0, 39.0, 39.0, 39.0, 39.0, 39.0, 39.0, 39.0, 39.0, 38.4, 38.0, 38.0, 38.0, 37.0, 35.6, 35.0, 35.0, 34.0, 34.0, 33.6, 33.6, 36.6, 32.2, 27.2, 24.0, 23.2, 18.8, 17.0, 14.4, 12.2, 10.2, 7.2, 6.0, 6.0, 6.0, 5.8, 4.800000000000001, 3.6, 3.0, 2.5999999999999996, 1.9999999999999993, 1.2000000000000002, 1.0000000000000009, 5.0, 10.0, 9.2, 9.4, 10.0, 9.2, 7.799999999999999, 7.0, 5.6, 6.200000000000001, 6.0, 6.0, 6.8, 7.0, 7.0, 7.0, 8.0, 8.0, 8.4, 8.0, 8.8, 9.8, 9.4, 10.0, 10.0, 10.0, 11.4, 12.8, 14.0, 15.8, 19.0, 19.799999999999997, 22.0, 23.0, 24.800000000000004, 27.2, 31.8, 35.6, 36.4, 36.0, 36.0, 36.0, 35.4, 36.2, 36.8, 39.0, 38.4, 38.0, 38.2, 38.2, 38.0, 38.0, 37.2, 37.0, 37.0, 37.0, 37.0, 37.8, 38.4, 39.0, 39.0, 39.0, 37.4, 37.0, 37.0, 37.0, 37.0, 37.0, 37.0, 37.0, 37.6]}