{"day": 0, "month": 8, "station_id": 73, "predict": [22.585357887727017, 22.87390386117321, 23.355953534217214, 23.49573869204395, 23.826839053322384, 24.28296079078237, 25.131127736399876, 25.305013915185235, 25.47161253368414, 25.631236989334113, 25.784188103547322, 25.930754570953642, 26.07121337500329, 26.205830189831833, 26.334859772880453, 26.458546349085452, 26.577123986598917, 26.6908169638368, 26.799840127650786, 26.9043992424578, 27.004691330204476, 27.100905001085277, 27.19322077497068, 27.281811393536, 24.278385550192223, 24.524726242158938, 24.75304536669116, 24.970466107771973, 25.44537361873796, 26.044979522213115, 26.23628467123865, 26.41958488594257, 26.595165603450013, 26.763305944516425, 26.924279060352667, 27.078351963642277, 27.22578532729942, 27.16683331685367, 26.901743461491368, 26.830756560835596, 26.954106623912608, 26.272020836983366, 25.984719557197984, 26.359082995951496, 25.99531792271677, 26.626957720342812, 26.65419578966919, 26.143885634822613, 23.13002859888349, 22.461820409324694, 19.53292339580527, 16.672025931742766, 13.611423414583875, 9.95085719222764, 3.890172443783151, 2.8292290994468505, 2.034564344748566, 0.9060609699150908, 0.37694760452645487, 0.1137981174899014, 0.3831974363994008, 0.051740672985447184, 0.719365619813265, 0.8526853004523983, 0.5183205744928656, 1.382899461727722, 1.513056515664479, 2.3754322431399006, 1.9700059002847512, 2.030094995264816, 1.1556881617394823, 0.9467780671529041, 19.746961420037323, 19.1175479827226, 18.81413291608781, 17.647243549248447, 17.08556976034007, 18.996247668031195, 18.846148529991197, 18.702081097401624, 18.49749079571426, 18.165800051271642, 18.107077739352125, 18.18804106714399, 18.608723833375365, 17.569144537941185, 16.86930771515523, 16.242538505799768, 16.288817142812995, 16.741446689969006, 15.800387372093397, 15.932257501591764, 16.337001005750935, 16.147888225663944, 15.964849990710256, 15.787811638952716, 21.306170712405393, 19.931335093454155, 20.044120380866776, 19.378429018447996, 19.733624057803954, 20.24227278437864, 20.903596876966365, 21.850170961180595, 21.08126314654987, 23.92950250931994, 24.99421181617999, 28.408073298274264, 30.970461054672626, 32.547440137322496, 33.93843232837428, 37.0, 37.0, 37.0, 37.0, 37.0, 37.0, 37.0, 37.0, 37.0, 30.315796767240723, 31.05809992886268, 30.665040133711376, 31.138745491271152, 31.546018143311656, 31.353481025025157, 31.42773456073934, 30.7020445852214, 30.509679012797328, 31.31724170544965, 31.858005897184217, 31.731914209203516, 31.938911978090683, 32.01228057249175, 31.951970700477528, 32.024602375483155, 32.3634648751962, 32.50185002766635, 32.57305215882687, 32.64370136887535, 32.71376347155689, 32.78320659699479, 32.852001125319624, 32.92011961829225], "test": [22.0, 22.0, 22.0, 22.0, 22.8, 23.6, 24.0, 24.0, 25.0, 26.0, 25.0, 25.0, 25.0, 24.4, 24.0, 24.0, 24.600000000000005, 25.0, 25.0, 24.2, 24.0, 24.0, 24.0, 24.0, 24.0, 24.4, 25.0, 24.600000000000005, 24.600000000000005, 25.0, 25.0, 25.0, 25.0, 25.0, 24.600000000000005, 24.0, 24.0, 24.0, 24.0, 24.0, 24.0, 24.0, 24.0, 24.0, 24.0, 24.0, 24.0, 24.0, 24.0, 24.0, 24.0, 24.0, 24.0, 23.4, 23.0, 23.0, 21.6, 21.0, 22.600000000000005, 22.999999999999996, 23.0, 23.0, 23.0, 23.0, 23.0, 22.2, 22.0, 22.0, 22.2, 22.600000000000005, 21.200000000000003, 20.4, 22.2, 22.600000000000005, 24.2, 8.45, 23.200000000000003, 22.4, 22.0, 23.0, 22.2, 22.0, 21.200000000000003, 19.200000000000003, 18.8, 17.4, 16.8, 18.6, 20.4, 19.8, 19.0, 19.0, 20.0, 21.0, 21.8, 22.4, 19.200000000000003, 18.4, 17.8, 17.6, 18.2, 19.200000000000003, 21.6, 22.0, 24.4, 26.0, 25.199999999999996, 25.0, 28.2, 28.599999999999998, 29.0, 29.0, 29.0, 29.0, 29.4, 29.6, 31.2, 31.0, 28.4, 28.0, 28.0, 27.4, 27.4, 27.4, 28.0, 28.4, 29.0, 29.0, 30.0, 30.0, 30.0, 30.0, 30.2, 31.6, 31.8, 32.4, 33.0, 33.4, 32.4, 33.0, 33.0, 33.0, 32.0, 32.0]}