{"day": 6, "month": 12, "station_id": 427, "predict": [37.10069942920519, 37.43244460982993, 37.55490620995716, 37.834557840176295, 38.062995247709104, 38.23808728339396, 38.55935359864341, 38.67676329072317, 39.040407674364474, 39.200408095446136, 39.25688957338629, 39.60997343822693, 39.70977554351189, 39.806406111857484, 40.049970035788505, 40.24056728057799, 40.178293284840045, 40.16323933036636, 40.245492875649774, 40.32513785429978, 40.6022549413479, 40.72692179072294, 40.79921324701644, 40.86920153438641, 38.21705495892937, 38.38168092725631, 38.49483330767978, 38.744291367032226, 38.977630217668334, 39.44514838828576, 39.647864973441884, 39.83693170567742, 40.01346213442106, 40.17848666756875, 40.33294560613754, 40.477693268899294, 40.51350494685935, 40.49108418086184, 40.61106963626535, 40.72404139770703, 40.83052667335417, 40.931004945603355, 41.02591261609871, 41.11564719279247, 41.20057106351551, 41.28101489661194, 41.357280705355585, 41.27964460930871, 39.180559508755884, 39.26619577775347, 38.98849178667953, 37.941982706099445, 37.92604425098301, 37.94163729610515, 38.140152991135096, 38.323022415998004, 38.241595705585524, 38.24711178430676, 38.5406970461308, 38.47337254032904, 38.546063110098515, 38.60960646687739, 38.46476163066167, 38.11221661827277, 37.70259539733418, 37.786464160746924, 37.66433698313895, 37.536680918479256, 37.553920593406104, 37.76644234583085, 37.37459795363111, 36.97870799388618, 37.35944745948082, 37.45439641945135, 37.28812393866648, 37.22243481887703, 37.05917528541222, 37.19828539361343, 38.28945121002893, 37.832374097563886, 37.8767945106319, 37.52248472872106, 38.21924233883185, 38.116886314010856, 37.665254486244294, 37.21420165391804, 37.31359800020263, 38.06332769750075, 38.76328764842844, 38.76338634046768, 39.26354280083855, 39.31368564172042, 40.01375218759422, 40.363687677453264, 40.36344453535616, 40.01298170340252, 36.46447358574633, 36.54709786957142, 36.26870787491357, 35.9784391506479, 35.07266075928443, 34.39776196823782, 34.200475403801235, 34.027866675542576, 33.67729563316127, 33.3463835651205, 33.33298627467474, 33.2851709529829, 33.25119570670251, 33.22949118713775, 33.668644016989845, 34.91738180953137, 35.17455961790277, 35.139147675221295, 35.41022030183248, 35.78694586853673, 35.81857771541727, 35.85444593550079, 36.143949941124156, 36.18655173868537, 35.862754020116654, 35.77967782920654, 35.720783878031725, 35.67595342004363, 35.64123572037909, 35.814820106806955, 35.84566290457166, 35.733012426372476, 35.57624631161886, 35.5748152777607, 35.57822234735234, 35.58601380467296, 35.597774108327, 35.6131222468922, 35.481708723862276, 35.65321290035311, 35.67734059636206, 35.703821906634374, 35.73240920560892, 35.76287532271867, 35.79501187241361, 35.82862772512048, 35.86354760673493, 35.89961081540228], "test": [37.0, 37.0, 37.0, 37.0, 37.0, 37.0, 37.0, 37.8, 38.0, 38.0, 38.0, 38.0, 38.0, 38.0, 38.0, 38.0, 38.0, 38.0, 38.0, 38.0, 38.0, 38.0, 38.0, 38.0, 38.0, 38.0, 38.0, 38.0, 38.0, 38.0, 38.0, 38.0, 38.0, 38.0, 38.0, 38.0, 38.0, 38.0, 39.0, 39.0, 39.0, 39.0, 39.0, 39.0, 39.0, 39.0, 39.0, 39.0, 39.0, 39.0, 39.0, 39.0, 39.0, 39.0, 39.0, 39.0, 39.0, 39.0, 38.6, 38.0, 37.2, 37.0, 37.0, 37.0, 37.0, 37.0, 36.8, 35.4, 36.6, 37.0, 37.4, 38.0, 37.8, 37.0, 37.0, 37.0, 38.2, 39.0, 39.2, 36.6, 36.0, 36.0, 36.0, 35.8, 36.4, 37.0, 37.0, 36.8, 34.2, 35.4, 35.0, 35.6, 37.0, 37.0, 37.0, 37.0, 37.0, 37.0, 36.4, 36.0, 35.2, 35.2, 35.6, 36.2, 37.0, 37.0, 37.0, 36.8, 35.0, 35.0, 35.0, 35.2, 36.0, 36.0, 36.0, 36.0, 36.0, 36.0, 36.0, 36.0, 36.0, 36.0, 36.0, 36.0, 36.0, 36.0, 36.0, 36.0, 36.2, 38.0, 38.0, 38.0, 38.0, 38.0, 38.0, 38.0, 38.0, 38.0, 38.0, 38.0, 38.0, 38.0, 38.0, 38.0]}