{"day": 0, "month": 8, "station_id": 217, "predict": [13.29411615674811, 13.433271885321076, 13.568754758332581, 14.027514981902899, 14.142833933705656, 14.248836634580622, 14.346352541579366, 14.436138723481399, 14.51887381148351, 14.5951657952196, 14.66556040118484, 14.730548487005429, 14.723905795378153, 14.512698545652055, 14.563954983894254, 14.611336321356134, 14.655140475175298, 14.695638680208054, 14.733078364938512, 14.567685676581542, 14.466334367086807, 14.36254774589981, 13.856500400246729, 13.881686379280373, 15.090281778821176, 15.24499160971017, 15.198445106711171, 15.151967794801388, 15.106406304522247, 15.062225089602201, 14.81969603369938, 14.64565551913582, 14.473542128929692, 14.236747778336385, 14.001961619588837, 13.635844300644091, 13.938367312849572, 13.9094846050231, 14.149136698680138, 13.390587447655285, 14.30042688222322, 14.411906891759191, 14.191609819955419, 13.03945003600573, 12.422008536254062, 13.739200623153359, 11.5909433684444, 12.31048956175361, 9.240424396334921, 9.135705233205448, 7.9540069007654335, 7.014299830650302, 5.982618969393591, 4.660531249693915, 3.983326391275728, 4.1529424803053985, 3.0378653384587597, 2.973108769244323, 2.4935499338005602, 2.133937002340051, 3.0288979707374994, 3.512949423851921, 3.520504913975835, 4.11921620275, 4.309980685602997, 4.360281672853587, 3.5375282092671787, 3.109061117122154, 3.675491949487254, 3.970708207947935, 4.195211512744573, 4.749455413334284, 11.299391955964017, 12.30878427232382, 16.0, 16.0, 16.0, 16.0, 14.629532430849782, 12.918123330996377, 12.684309081251941, 12.060751797625796, 11.98016177696505, 11.841960103283729, 12.24560791383084, 12.990602704501862, 12.676475051693306, 13.036119050914502, 13.535789759553026, 13.041767599896447, 13.220356350174486, 12.471214689820838, 12.327354603085675, 12.188473282480585, 11.454285177017288, 9.924520833206891, 12.223695526984333, 11.920970505104222, 9.839754041284298, 8.893308228999043, 6.488674244438938, 6.493145409183631, 6.906353485637429, 6.461133794423764, 4.956991986920724, 4.793456507300956, 3.903413876040049, 5.08644150886895, 6.542140181407955, 10.203466424401896, 11.736731559469147, 9.341600723994569, 8.75109189676972, 8.164908267347496, 8.449437290131746, 11.071083095783456, 13.096265597682084, 13.39141962993215, 13.35632745238664, 14.057451290668556, 12.24122213336302, 11.866352669655562, 12.278623617935724, 11.545273564171191, 11.40051598563454, 12.512020943269361, 13.080735761514832, 13.307520282298695, 13.05981671028822, 13.204991120780184, 13.810341507915666, 13.609771685248536, 13.070464369255031, 13.392886864947059, 13.444129440632006, 13.491243135979794, 13.73457707127481, 13.841115317242537, 13.611146710780481, 13.644934328813598, 13.476051326874325, 13.571383177434816, 13.931129672067915, 14.088806714437217], "test": [14.6, 15.0, 15.0, 15.0, 15.0, 15.0, 15.0, 15.0, 15.0, 15.0, 15.0, 15.0, 15.0, 15.0, 15.0, 15.0, 13.4, 15.0, 15.0, 15.0, 15.0, 15.0, 15.0, 15.0, 15.0, 15.0, 14.6, 15.0, 15.0, 15.0, 13.8, 13.0, 12.4, 13.0, 13.0, 13.0, 13.0, 13.0, 12.0, 11.0, 11.0, 11.0, 11.0, 11.0, 10.4, 10.0, 9.4, 9.0, 10.0, 10.0, 10.6, 10.6, 10.6, 9.2, 9.0, 9.0, 9.0, 9.0, 9.0, 8.2, 8.0, 8.0, 8.0, 10.2, 11.0, 10.0, 10.0, 9.0, 9.0, 9.0, 9.0, 9.0, 9.2, 9.0, 9.0, 9.0, 9.0, 8.4, 8.0, 8.4, 9.8, 9.0, 8.4, 6.0, 6.0, 6.0, 6.0, 8.6, 10.0, 10.0, 9.2, 4.8, 5.0, 9.0, 10.4, 11.0, 10.4, 9.0, 9.0, 9.0, 9.0, 9.4, 10.8, 12.8, 14.4, 14.599999999999998, 12.2, 11.6, 14.0, 13.2, 12.4, 13.0, 14.4, 14.8, 14.0, 14.0, 14.8, 13.4, 11.2, 12.0, 12.4, 13.0, 13.0, 13.6, 15.0, 15.0, 15.0, 13.8, 13.4, 14.0, 14.0, 14.0, 14.0, 14.0, 14.0, 13.4, 14.0, 14.0, 14.0, 14.0, 14.0, 14.0, 14.0, 14.0]}