{"day": 4, "month": 8, "station_id": 159, "predict": [38.8774436681372, 38.61513167693374, 38.56288768666512, 38.51965316302773, 38.53452746991157, 38.706584832490876, 38.6849352438142, 38.66876401780742, 38.65734051896, 38.650014618439066, 38.64620981016224, 38.54541594067722, 38.2971823636248, 38.451111690169846, 38.65685413514073, 38.664102417662704, 38.67258716827528, 38.682072796117026, 38.69235377317117, 38.70325129617759, 38.71461029025501, 38.72629672146605, 38.7381951884941, 38.75020676629727, 38.9229201649041, 38.837010132808075, 38.76049860045103, 38.69632155315624, 38.64387366563883, 38.60188099728965, 38.519045303212, 38.294175838292055, 38.27620714898217, 38.2641925870361, 38.25729344734183, 38.25476804913453, 38.25596163170022, 38.26029718139817, 38.267267147181606, 38.276425972513266, 38.28738337045013, 38.19979827331169, 38.01337339387765, 37.67785034044114, 37.49300523306714, 37.35864477304892, 37.17460272183083, 37.240736749596735, 37.88375971548218, 36.49277039979364, 32.300800696889304, 30.228018320918945, 27.17731436214799, 26.297407161999878, 22.086217237413095, 17.741659867637075, 15.3118136917937, 13.294944223333268, 14.13949512524156, 12.394073309483712, 10.90743374748901, 10.278465246917188, 14.406177399827437, 19.04968867444989, 18.14821557481006, 13.721062786044966, 11.9676142260362, 11.467324928699739, 11.56971368927063, 11.324356406820213, 11.780880063945807, 12.93895728804857, 17.072631977662564, 16.364823563628075, 15.36571958257979, 15.689787028658206, 15.328801948060235, 15.380627400272633, 17.24446070932624, 21.019775200398445, 20.406091603089777, 15.152933027780486, 14.489819403011081, 14.046269786177428, 19.101805796576592, 20.23595480149806, 20.378252625616078, 20.028245786376345, 19.235493300891832, 18.549568114230336, 17.07005819597414, 11.736567347767203, 12.118715760432734, 12.156140355360714, 13.078494941263024, 13.305450214071936, 11.416384275034458, 12.69250325738891, 15.038776555927077, 19.645352606239005, 20.17724544969641, 20.527648236054862, 20.503069237456888, 21.410233876287386, 22.855484835454483, 24.694691504708054, 26.93325891008141, 28.87615447575716, 29.72793693059312, 31.792784461704738, 32.52452159591699, 32.97664471578354, 32.702346196856375, 32.50453717545886, 32.835868968956014, 32.498753180296085, 32.99538052630271, 33.727738435071615, 34.29762746210959, 33.65667657778904, 37.105061171063504, 36.058644937729156, 34.95116966105539, 35.76596908920072, 34.31259205197719, 33.836103268006354, 33.329294350106416, 31.985108684526875, 30.297069424356987, 30.009312114085517, 30.116544471485795, 29.763996400306972, 30.047371925938368, 30.96280489448366, 31.206818479054323, 31.82628824344418, 31.76840848443655, 32.03066158712984, 32.46079014576702, 32.75677162024893, 32.66679531525247, 32.43924148467799, 31.772662379051194, 31.5157650675229], "test": [39.0, 39.0, 39.0, 39.0, 39.0, 39.0, 39.0, 39.0, 39.0, 39.0, 39.0, 39.0, 39.0, 39.0, 39.0, 39.0, 39.0, 39.0, 39.0, 39.0, 39.0, 39.0, 39.0, 39.0, 39.0, 39.0, 39.0, 39.0, 39.0, 39.0, 39.0, 39.0, 39.0, 39.0, 39.0, 39.0, 39.0, 39.0, 39.0, 39.0, 39.0, 38.6, 38.0, 39.0, 38.0, 38.0, 38.8, 38.8, 37.0, 33.0, 27.0, 23.2, 19.4, 12.0, 4.400000000000002, 0.7999999999999994, 0.0, 0.0, 0.0, 0.0, 0.0, 0.9999999999999997, 15.2, 21.0, 20.0, 19.2, 20.0, 20.0, 20.0, 18.4, 18.0, 17.6, 16.4, 16.2, 16.4, 16.0, 15.599999999999998, 15.2, 15.399999999999999, 15.599999999999998, 15.0, 13.8, 13.0, 13.0, 12.600000000000001, 13.6, 14.0, 13.8, 13.6, 13.6, 13.2, 13.0, 11.2, 11.0, 11.0, 10.0, 8.4, 9.4, 12.0, 12.8, 12.600000000000001, 11.6, 12.600000000000001, 15.8, 19.6, 22.4, 23.6, 27.2, 30.0, 36.6, 37.6, 35.2, 32.6, 33.2, 34.0, 34.0, 34.0, 36.0, 36.4, 38.0, 38.0, 38.0, 38.0, 38.0, 38.0, 38.0, 38.0, 38.0, 38.0, 38.0, 38.0, 38.0, 38.0, 38.0, 38.0, 38.0, 38.0, 38.0, 38.0, 38.0, 38.0, 38.0, 38.0, 38.0]}