{"day": 5, "month": 8, "station_id": 192, "predict": [14.192894479168109, 14.55340697876621, 14.804301279694272, 14.754393017787311, 15.14201684401465, 15.037590991807408, 14.97760388826384, 14.964802159925467, 15.0682654886488, 15.423451769600263, 15.765565585659367, 15.962921519906496, 16.0, 16.0, 16.0, 16.0, 16.0, 15.71062442080904, 15.193527933674803, 15.139401422457492, 15.1487603721134, 15.355389834744141, 15.626351997460912, 15.961992865362028, 16.0, 15.90498969545344, 15.921505192915738, 15.936030562043696, 15.94749416119205, 15.956032541923829, 15.961974877078253, 15.965654003998466, 15.96737346155283, 15.967404192802505, 15.96598672821361, 15.963334163959974, 15.959635036121906, 15.621722603750547, 15.216410534032187, 14.943828343493607, 14.937423285865547, 15.263962042526364, 15.590198902657571, 15.582877118154169, 15.575396783090714, 15.567815919161973, 15.626851446980387, 15.88588005507076, 15.240898834367057, 15.24934676726504, 15.177595575223371, 15.154638335790962, 15.248649148830891, 15.328299968388173, 14.862089660879963, 14.38496463491058, 14.698341252433659, 14.870130126026103, 14.568090377569963, 14.393181084224121, 14.012910480845445, 14.294683266401732, 14.239146260047608, 14.113532606125888, 13.985004699517669, 13.65399598161251, 13.987551739327143, 13.652669024041776, 13.782969126962275, 13.112036035335922, 12.506754283284021, 12.03397960159919, 16.0, 16.0, 15.184726574267248, 14.905360500335538, 11.125755992662969, 10.34247710517494, 9.852248377835162, 13.518804980031854, 11.739545740137707, 10.245498070579945, 9.834617644536726, 13.855091740831789, 11.121979380548897, 12.01718785615635, 10.389451960567603, 9.237648936322316, 8.69411553634706, 9.691300286618441, 9.561750735803427, 10.304768835036842, 10.1197342795441, 8.206095663176727, 8.163362647393592, 6.657765694715587, 5.190360097915643, 4.786379896774997, 6.959293704711298, 7.383896426134906, 7.396306596040628, 6.131521104861383, 4.724191025846183, 6.775449314370364, 7.2196225001559595, 6.857585029619807, 6.1567740840611105, 3.9845352435073953, 3.274799893909134, 2.8280946886403027, 3.5115499056369988, 3.0589068334882445, 0.6705242998960703, 0.34671777520758484, 0.5544311387226439, 0.960574518656309, 2.298694941016122, 3.4356465147402937, 2.6382602067753327, 2.0400132545774166, 0.14640212178144596, 0.05516017907612558, 0.0, 1.4579626930480643, 4.769474547386164, 5.668606753612648, 4.956783211712593, 5.035229633334093, 6.038361612246042, 7.100472775037468, 7.489082692158944, 7.738282402372265, 7.982078440984154, 8.22106897765598, 9.72245221921903, 10.486700534214282, 11.447567072817119, 11.805424976637555, 12.027272595479017, 11.3134047853394, 10.464083686886296, 11.079542376202811, 11.893321439672453, 12.57227185235536], "test": [13.0, 13.4, 14.0, 14.0, 14.4, 15.0, 15.0, 15.0, 15.0, 15.0, 15.0, 14.8, 15.0, 15.0, 15.0, 15.0, 15.0, 15.0, 15.0, 15.0, 15.0, 15.4, 16.0, 16.0, 16.0, 16.0, 16.0, 16.0, 16.0, 16.0, 16.0, 16.0, 16.0, 16.0, 16.0, 16.0, 16.0, 16.0, 15.0, 15.0, 15.0, 15.0, 15.0, 15.0, 15.0, 15.0, 15.0, 15.0, 14.6, 14.0, 14.0, 14.0, 13.2, 13.0, 13.0, 12.4, 12.0, 12.0, 12.0, 12.0, 12.0, 12.0, 12.0, 13.6, 15.0, 15.0, 15.0, 15.0, 16.0, 16.0, 16.0, 16.0, 16.0, 15.2, 13.2, 12.6, 11.0, 12.2, 14.0, 15.4, 15.0, 15.0, 15.0, 15.0, 14.2, 15.6, 14.8, 11.8, 11.2, 9.8, 9.0, 8.8, 6.0, 6.2, 6.2, 5.2, 2.0, 1.6, 0.7999999999999998, 0.0, 0.0, 0.20000000000000018, 0.0, 0.0, 3.6, 6.0, 6.0, 4.8, 3.2, 0.0, 0.0, 0.0, 0.2, 0.6, 0.8, 1.2, 0.8, 0.0, 0.0, 0.19999999999999996, 1.0, 1.0, 1.6, 2.2, 4.0, 1.7999999999999998, 0.0, 0.40000000000000036, 2.0, 0.0, 2.2, 1.0, 1.4000000000000004, 2.0, 2.0, 0.5999999999999996, 2.4000000000000004, 3.8000000000000007, 6.8, 9.0, 8.4, 9.0, 10.8, 11.6]}