{"day": 1, "month": 10, "station_id": 48, "predict": [22.09870976719554, 22.20854823348674, 22.314236407641054, 22.414580040465662, 22.50957904102208, 22.59938829167277, 22.734203686933345, 23.014232896981238, 23.089686276800876, 22.910773517103177, 22.727701865981924, 22.790674889123984, 22.84989151678373, 22.905545300454786, 22.957823841748887, 23.006908366766375, 23.052973423832384, 23.096186685548993, 23.136708838635503, 23.174693547211877, 23.060287477091922, 23.19363037032928, 23.27485516072979, 23.30408812233196, 23.937464624922264, 23.874655243039427, 23.819830275936148, 23.773613853193492, 23.7350718847208, 23.70318644497532, 23.677051633315312, 23.6558744993094, 23.63896099156804, 23.37570369624134, 23.365571448880498, 23.158100290111676, 23.10288549463683, 23.099574520877862, 22.84786077047725, 22.297478065186656, 21.648195760249873, 20.949814422624215, 20.45216201038358, 21.005090496720793, 21.158472888255268, 20.21220059294686, 17.916181097895258, 18.0203359217344, 9.899296912658956, 4.86541571788833, 0.0, 0.0, 0.5647300822911052, 0.0, 0.0, 0.0, 0.0, 0.0, 0.0, 0.4336565969601542, 1.3555517738963956, 1.072262779069321, 1.934013199216357, 4.0910185057104105, 3.9934860546030544, 3.8916151392382115, 7.235597086689263, 8.175615390285577, 8.561845871473547, 5.514456865140364, 8.07360942331432, 7.199457532851573, 0.0, 0.03812795545348052, 1.1995047692073837, 1.5420032054355617, 2.621095253220905, 4.142879435997591, 4.663037847550211, 4.736713192546571, 4.218539877824671, 4.762691542301752, 5.272926389732612, 6.2526283176181625, 7.054844005875337, 7.682316348223626, 7.387514588278608, 6.972661484645537, 7.189757796316146, 7.190604350934131, 7.226821932880875, 8.149869205076175, 8.211058857571517, 8.711572157205143, 8.952472055594292, 7.434714997386751, 0.0, 0.5147515425868033, 1.9733834526802705, 2.4319195431365883, 3.69474232206517, 4.866310349785205, 5.5507191390771045, 8.651668443876146, 10.472490835792762, 15.86618701262307, 20.585458904960035, 22.1327395827567, 21.9102201442139, 22.76987388583755, 23.363478033423437, 23.19263328431495, 23.25878138469268, 22.02322094221688, 22.41712165352335, 13.691537107492657, 12.067416308601883, 14.33561404980725, 16.1469002511058, 17.15196836801661, 23.79322841105549, 24.45961078866855, 24.6638868060162, 24.72516665642829, 24.69308507620647, 24.512263647503943, 24.1770795629717, 24.5324278888266, 24.47375139108677, 24.54698854783569, 24.598520316422533, 24.675122427472928, 24.42392292517095, 24.142364311719735, 24.228169762825566, 24.279312964331364, 24.343991176843772, 24.020601180060247, 23.957717786983075, 23.854074652090606, 23.758547127583924, 24.220136948527355, 24.287958551443108, 24.261226852041897], "test": [22.0, 22.0, 22.0, 22.0, 22.8, 23.0, 23.0, 23.0, 23.0, 23.0, 23.0, 23.0, 23.0, 23.8, 24.0, 24.0, 24.0, 24.0, 24.0, 24.0, 24.0, 24.0, 24.0, 24.0, 24.0, 24.0, 24.0, 24.0, 24.0, 24.0, 24.0, 24.0, 24.0, 24.0, 24.0, 24.0, 24.0, 24.0, 24.0, 24.0, 23.2, 21.0, 20.8, 21.0, 20.0, 17.2, 14.6, 13.0, 13.200000000000001, 6.800000000000001, 2.0, 3.2, 1.2, 0.20000000000000018, 0.2, 0.0, 1.4, 3.6000000000000005, 15.6, 8.8, 6.0, 4.8, 3.0, 0.20000000000000018, 0.0, 0.0, 0.0, 0.0, 0.0, 0.0, 0.0, 0.0, 0.0, 0.40000000000000036, 0.9999999999999996, 1.4, 0.9999999999999996, 0.6000000000000005, 0.0, 0.0, 0.0, 0.40000000000000036, 0.9999999999999996, 0.9999999999999996, 0.9999999999999996, 0.9999999999999996, 0.9999999999999996, 0.9999999999999996, 0.9999999999999996, 0.9999999999999996, 0.9999999999999996, 0.9999999999999996, 2.2000000000000006, 3.0, 2.5999999999999996, 2.0000000000000004, 2.6, 3.0, 3.4000000000000004, 4.4, 5.6, 6.2, 8.8, 9.6, 12.4, 12.8, 15.0, 15.0, 16.6, 21.6, 23.8, 23.4, 24.0, 23.6, 23.0, 22.2, 23.2, 24.0, 23.0, 23.0, 23.6, 24.0, 24.0, 24.0, 23.8, 18.6, 15.6, 16.0, 15.4, 15.6, 16.0, 16.0, 16.0, 14.800000000000002, 15.0, 15.0, 15.0, 15.0, 15.0, 15.0, 15.0, 15.0, 15.0, 15.0]}