{"day": 4, "month": 8, "station_id": 270, "predict": [9.525038895529912, 9.972696277337501, 9.610704693965218, 9.71557131709921, 9.581803167788678, 9.45791591074431, 9.343079411493942, 10.086652337040983, 10.38805376262954, 10.296746055283542, 10.5622276178194, 10.834030184699243, 10.811716485461545, 10.744878226347497, 10.283134202242435, 10.126128537247196, 9.923529038107102, 9.775025653913952, 9.730329034919812, 9.689169184157821, 9.651294195906349, 9.616469075434127, 9.58447463481603, 9.555106459943353, 8.886602676324804, 8.776674647414369, 8.675686138061641, 8.584899691386363, 8.503269346839593, 8.430134250278112, 8.264842677498038, 8.106814499921628, 8.255507826146754, 8.210418356545826, 8.171075313623398, 8.437039390670513, 8.607900666215235, 9.033276740689987, 11.112810980235682, 11.546170874443515, 11.533046495853359, 12.573149055669395, 14.016209549503243, 14.31197748763411, 15.660219704560475, 16.560719242953514, 16.81327430741964, 17.167697283762276, 14.114023841342114, 15.334921837212717, 17.0478411226508, 19.903768371504828, 20.805030208186242, 19.703877090438315, 20.850377305302942, 22.394663056574565, 23.43676777437056, 23.876731484617526, 24.564590120806805, 24.650380444071327, 25.13413931161587, 24.865903829766253, 24.595711235347135, 25.57359883210185, 25.399603919666585, 25.223763731153927, 24.746115375634886, 23.66669578596705, 23.48554167143069, 23.102689474874616, 23.468175334043746, 23.382035046792165, 21.19485027831922, 21.714407964443254, 21.122438564474443, 20.486914068785197, 20.703228330354378, 21.620435012236467, 22.238285072592994, 22.156611356375258, 22.325273918569184, 22.394144436270008, 21.91310531304353, 21.432048664604512, 21.15087571782584, 21.769496188929143, 22.08782770974213, 22.65579528618098, 23.073330791291365, 23.540372490262577, 23.50686459567681, 23.672756851110787, 23.488004141352164, 23.75256612758625, 23.666406906010344, 22.629494688426153, 10.835912492687092, 11.204220145794212, 10.479812822044227, 9.78527050900722, 9.272605696148862, 10.643240328588787, 9.647909538563944, 8.937339889398372, 8.4622009266391, 6.423131527800901, 5.620738048284557, 4.905596983043395, 3.878256373365579, 2.4392373705806727, 0.6390356638289947, 0.9781228397030775, 0.9069476636279333, 0.1259372902254215, 0.0, 0.33601830869016047, 0.0, 0.0, 0.0, 0.0, 0.0, 0.0, 0.0, 0.0, 0.0, 0.032361808408736675, 1.0880306398276793, 1.0908702262385608, 1.7409751893677108, 1.6384278541605568, 1.2333110684815909, 1.4757040916546065, 2.015683433618683, 1.1533227792089549, 0.9386931471290739, 1.0218629954022693, 0.8028983330010578, 0.6818628236251016, 0.8588178849577077, 1.8838227829587457, 2.706934721607969, 3.9282089283073187, 3.647698735180942, 2.9654556564889307], "test": [10.0, 10.0, 10.0, 10.0, 10.0, 10.0, 10.0, 10.0, 10.0, 9.6, 9.0, 9.0, 9.0, 9.0, 9.0, 9.0, 9.0, 9.0, 9.0, 9.0, 9.0, 9.0, 9.0, 9.0, 9.0, 9.0, 9.0, 9.0, 9.0, 8.8, 8.0, 8.0, 8.0, 8.4, 9.0, 9.0, 9.0, 9.8, 10.6, 10.0, 10.0, 10.0, 9.4, 9.0, 10.6, 10.4, 11.4, 13.4, 11.8, 12.2, 16.4, 19.0, 17.2, 21.4, 23.2, 24.0, 23.4, 23.6, 23.0, 24.8, 24.6, 23.2, 24.2, 25.0, 25.0, 25.0, 24.2, 23.2, 23.0, 23.0, 23.0, 21.2, 19.0, 19.0, 18.8, 17.6, 15.799999999999999, 15.0, 16.4, 16.4, 16.0, 16.0, 16.0, 14.6, 14.0, 14.0, 14.0, 14.2, 14.0, 13.0, 12.199999999999998, 12.0, 12.0, 11.600000000000001, 10.000000000000002, 10.399999999999999, 9.4, 7.799999999999999, 6.000000000000002, 5.199999999999999, 7.399999999999999, 8.0, 7.4, 3.000000000000001, 2.199999999999999, 1.4000000000000001, 1.6000000000000005, 2.3999999999999995, 1.4000000000000001, 2.0, 1.7999999999999994, 0.9999999999999991, 0.0, 0.0, 1.1999999999999997, 2.0, 1.4000000000000001, 1.0, 1.5999999999999999, 0.0, 0.40000000000000013, 1.5999999999999999, 1.4000000000000001, 0.0, 0.0, 0.0, 0.0, 0.0, 0.0, 0.5999999999999999, 1.1999999999999997, 2.0, 1.1999999999999997, 1.8000000000000003, 2.0, 2.0, 2.2, 3.0, 2.0, 4.2, 5.0, 4.4, 2.0, 2.0]}