{"day": 3, "month": 7, "station_id": 48, "predict": [24.018490451583794, 24.033660378787395, 24.24559126798773, 24.387761370744624, 24.39369353268564, 24.396940094224405, 24.397737568147516, 24.396330562150208, 24.392964496772652, 24.387880072862508, 24.381309169367338, 24.37347190340448, 24.364574628092473, 24.354808680640218, 24.34434972461032, 24.333357556903795, 24.321976272545115, 24.17700136603964, 23.965213697441076, 23.95338026474335, 23.674921735510154, 23.596580033433693, 23.585085950049812, 23.57382675836878, 24.885925606940884, 24.781343501870527, 24.68531456606329, 24.59698841519768, 24.515600255959935, 24.440466018430786, 24.37097646556513, 24.30659079246358, 23.2468300828753, 23.191270879299417, 23.139539038846422, 23.091303983841616, 23.046273409354452, 22.804188475733106, 22.63148615656071, 22.194628728925867, 22.226767048371546, 22.194404243935523, 22.164059798217483, 22.335600642546225, 22.30890589741534, 21.817198556236168, 19.660377412407282, 15.705015865433522, 12.672078723972435, 4.3129341030693205, 2.242465237561307, 4.915557946880307, 6.38855345941408, 7.45240734710344, 6.2992025372814675, 4.055347248506688, 3.648122334219836, 2.4722427836481966, 3.123098361791777, 2.6633385738416755, 1.556133984382962, 0.8651127447713178, 0.5876379859337955, 0.7214251876176504, 0.7978320742347911, 2.8151536804204706, 2.838588644504058, 3.2002095266663186, 2.8989366785101702, 2.6005152464915153, 2.1041616074012044, 2.275878910666664, 5.368850344665602, 6.27588550971192, 7.38780935409072, 7.10446003181837, 7.092210508464618, 7.084019038587222, 7.146133263770256, 7.478117506143228, 7.4795388964259875, 7.483314159701175, 6.889051829541773, 7.0297243529360935, 6.705004302752315, 6.847932052310111, 6.458248778064771, 6.8023952001360115, 7.680176373325696, 6.824759431516568, 6.302671128425216, 6.647128637577556, 6.5247037047254635, 6.935320217901165, 7.878918572180113, 7.822120189940485, 4.973123958322626, 7.167997549398232, 7.8457684399363075, 9.468665216654772, 9.633129571624133, 10.402985669832693, 10.70930647500399, 10.950304757380005, 11.724577549475171, 10.814366997278443, 14.268834577936499, 16.904012883385196, 20.136099626665, 21.69809223323909, 18.323095016039826, 21.360964513085424, 21.46162543414728, 21.508389826635884, 21.96794553754506, 20.923680156926885, 21.459006716888364, 21.724024158908755, 21.91884564108109, 22.843594471491105, 25.0, 25.0, 25.0, 25.0, 25.0, 25.0, 25.0, 25.0, 24.706531889085674, 24.25147772724186, 25.0, 25.0, 24.842384912341657, 25.0, 25.0, 25.0, 25.0, 25.0, 25.0, 25.0, 25.0, 25.0, 25.0, 25.0], "test": [24.0, 24.2, 25.0, 25.0, 25.0, 25.0, 25.0, 25.0, 25.0, 25.0, 25.0, 25.0, 25.0, 25.0, 25.0, 25.0, 25.0, 25.0, 25.0, 25.0, 25.0, 25.0, 25.0, 25.0, 25.0, 25.0, 25.0, 25.0, 25.0, 25.0, 25.0, 25.0, 25.0, 25.0, 25.0, 25.0, 25.0, 25.0, 25.0, 25.0, 25.0, 24.4, 23.0, 22.0, 23.4, 22.0, 20.0, 17.8, 12.2, 10.6, 6.2, 3.6000000000000005, 2.0000000000000004, 0.9999999999999996, 0.5999999999999999, 2.2, 0.20000000000000018, 0.0, 0.0, 0.0, 0.4, 0.8, 0.8, 0.0, 0.0, 0.0, 1.0000000000000002, 1.0000000000000002, 1.0000000000000002, 1.0000000000000002, 2.4, 3.0, 3.0, 3.0, 3.2, 2.0000000000000004, 2.6, 2.4, 2.4, 3.0, 3.0, 3.0, 2.2000000000000006, 0.7999999999999994, 1.0000000000000002, 1.0000000000000002, 1.0000000000000002, 2.2000000000000006, 4.2, 5.0, 5.0, 5.6, 6.4, 5.6, 5.0, 5.0, 6.0, 6.6000000000000005, 7.8, 8.2, 8.0, 9.6, 10.6, 10.4, 6.4, 6.2, 9.4, 13.600000000000001, 15.4, 16.2, 23.2, 24.8, 25.0, 24.2, 25.0, 25.0, 23.8, 24.4, 25.0, 25.0, 25.0, 25.0, 25.0, 24.6, 25.0, 25.0, 25.0, 25.0, 25.0, 25.0, 25.0, 24.0, 24.6, 25.0, 24.6, 23.0, 23.0, 24.0, 23.6, 23.2, 24.2, 25.0, 25.0, 25.0]}