{"day": 0, "month": 7, "station_id": 64, "predict": [23.370301721813934, 23.45596292645337, 23.30662354859298, 23.400271392645156, 23.333626826612285, 23.30652823300235, 23.36944126626821, 23.872991779196578, 24.217855474272675, 24.504721008334705, 24.634271686495087, 24.80717377631153, 24.77406838968195, 24.83556586605171, 24.742242080210016, 24.594636258277923, 24.593249969825635, 24.788547025910173, 24.83095406333014, 24.720861637375606, 24.058625680173474, 24.044569210484866, 24.12898420446589, 24.36213355629325, 25.0, 25.0, 25.0, 25.0, 25.0, 25.0, 25.0, 25.0, 24.722011948171193, 24.384404661952214, 24.252739314198482, 24.176484534707882, 24.105184012223187, 24.038443198545465, 23.925918430785835, 23.667308033593347, 23.61234505020464, 23.710791313561614, 23.412432618463896, 23.417074796712367, 22.924540531299893, 22.134666774119644, 20.197302655329658, 21.012307792207768, 17.585753663423404, 16.33605683187656, 17.644080029324588, 16.245051621338614, 15.126923341988906, 14.88904723545866, 14.383038995644599, 11.910793229978898, 10.024079819752462, 9.974481706000567, 8.213402270959964, 5.942084371747059, 4.061629363194403, 2.923014121391766, 2.1771059752606203, 2.0246757674508604, 2.3664092834982355, 2.102917260782119, 2.184744160071768, 2.212375857809326, 2.636246396389602, 2.8567439117959186, 1.9742158424893186, 3.2889735100405657, 5.795956366180026, 5.042146488530989, 4.439526572226386, 4.472760472730409, 4.001690875511575, 4.17918748481375, 4.606326767657827, 5.13370712974734, 5.111754120282423, 4.740791159545397, 5.1710626523046965, 6.052748444373722, 6.285976010086111, 6.070830949959442, 5.507365798815288, 5.795607264310916, 5.8855621010618835, 6.127221839496586, 5.670566569617256, 5.315567951587935, 6.862191597067363, 6.860398940419492, 6.610148697875062, 6.061397995108847, 0.1291713930051952, 0.0, 0.09959217507250415, 0.11760673369324848, 0.0, 0.0, 0.0, 0.0, 0.6065491943372525, 1.3000646109972842, 0.9994889899472136, 1.2521503243391545, 0.9558871552358829, 1.4589665544742496, 3.6600141493977363, 3.9579547550851455, 3.7519621201585265, 4.8414164447747, 5.325868510742055, 9.855009431228243, 11.128645173592012, 10.196675134207226, 9.309074151191691, 8.565877432248367, 25.0, 25.0, 25.0, 25.0, 25.0, 25.0, 25.0, 25.0, 25.0, 25.0, 25.0, 25.0, 25.0, 25.0, 25.0, 25.0, 25.0, 25.0, 25.0, 25.0, 25.0, 25.0, 25.0, 25.0], "test": [22.6, 22.8, 23.0, 23.0, 23.0, 22.2, 23.0, 23.0, 25.0, 25.0, 25.0, 25.0, 26.0, 26.0, 26.0, 26.0, 26.0, 26.0, 26.0, 26.0, 26.0, 26.0, 26.0, 26.0, 26.0, 26.0, 26.0, 26.0, 26.0, 26.0, 25.8, 21.0, 21.4, 21.6, 21.0, 21.0, 21.0, 21.8, 22.0, 22.2, 23.0, 23.0, 22.4, 22.0, 22.4, 21.0, 20.4, 19.2, 20.2, 22.2, 21.6, 19.2, 18.4, 16.4, 10.0, 8.4, 9.0, 8.0, 8.6, 9.8, 8.4, 6.4, 5.4, 6.0, 5.8, 5.0, 5.0, 5.0, 5.0, 4.0, 4.2, 5.8, 5.0, 5.0, 5.0, 4.8, 4.4, 2.6, 2.4, 1.8000000000000003, 1.0, 1.2, 2.6, 4.0, 4.0, 2.8, 2.0, 2.0, 1.4, 0.0, 0.0, 0.0, 0.0, 0.0, 0.0, 0.0, 0.0, 2.4, 8.8, 18.0, 17.4, 17.6, 17.6, 17.4, 19.6, 7.920000000000001, 7.920000000000001, 8.200000000000001, 7.680000000000001, 7.8, 9.68, 21.4, 17.8, 16.8, 16.4, 16.8, 19.2, 19.6, 22.8, 25.8, 26.0, 25.4, 24.0, 25.0, 26.0, 25.6, 21.2, 16.2, 16.0, 17.0, 17.0, 17.0, 18.2, 20.4, 23.0, 23.4, 23.0, 23.8, 25.0, 26.0, 26.0, 26.0, 26.0, 26.0]}