{"day": 4, "month": 12, "station_id": 192, "predict": [7.100264632550572, 7.360388146001404, 7.468229634468186, 7.712532934345131, 7.949408473749075, 8.176664433352443, 8.594121655539919, 9.535403009523776, 9.667562125001963, 9.190995078999592, 9.372753259492526, 10.01320575332862, 10.312705570490582, 10.671590090272757, 10.823515027785646, 11.168788421420643, 11.641037936125242, 11.57387814100145, 11.90091109358266, 12.15572689814258, 12.471904239078313, 12.716344223788177, 12.822604202771267, 13.124231567966861, 8.300333555662556, 8.540131977274367, 8.78837408569125, 9.030830342913974, 9.264543481136865, 9.489135042432551, 9.70481418820156, 9.911915236251698, 10.110789708284068, 10.301781404768352, 10.485221024137932, 10.661425381628732, 10.430697696384236, 10.259994777841282, 10.149594247415124, 10.299761749522322, 10.444084808535143, 9.849473330080437, 9.116160080409475, 9.244367811334897, 9.567643031635278, 8.952856425813541, 8.866869921062102, 8.976537069918095, 7.125486650526948, 7.326934357584556, 7.817640722658287, 7.510171721217953, 6.798648422575341, 6.948377338836766, 6.625864903135142, 6.564579500274386, 6.56472122145019, 6.89316541426815, 7.150115981537721, 6.869102469937339, 6.716979659151837, 6.7605944026097475, 6.933452595577069, 6.70238616212635, 6.200886702363951, 5.762439127725932, 5.653855283490467, 6.0752742254093315, 6.493495817599589, 6.308647652208142, 6.320851958019762, 6.396892498493722, 2.8550869221919832, 3.0921633759167015, 2.9339272430407757, 3.3021533122902094, 3.4609228317843534, 3.409937902989464, 4.882784997462108, 4.879836844741501, 4.46814804873591, 4.714763905914783, 5.953381775017652, 6.051017017925729, 5.941336672487187, 5.224660022963523, 6.301292537470886, 7.104859793188491, 7.3689747126604, 7.360571442986783, 8.679905878338145, 8.860556159991798, 8.502756488159248, 8.006730913191571, 7.3060271070494585, 8.200850115887862, 10.62212820444145, 9.984413012660745, 10.084924773831919, 10.852413783567634, 11.354170856012647, 12.19055422169616, 13.561636112844049, 13.400723019503793, 13.441095245391072, 13.8826950200619, 11.925465447013378, 11.36935183048453, 11.014301910832268, 8.393599167232441, 7.240529393060734, 6.62171392719228, 7.070442886402398, 7.253341734868629, 7.237037857916342, 6.354827139968621, 6.806673879879235, 6.859210710139932, 6.779071853121372, 6.766226380846664, 0.4016322956465235, 0.9125897806107002, 1.2310938558635014, 1.2801532476264263, 1.323829265241538, 0.894962319771091, 0.46026453516879595, 3.0865758531840326, 4.507427880873578, 4.456352223470205, 4.466874665926559, 5.005847339518844, 5.606781999398028, 5.869850225805009, 6.061883677870423, 7.049707684860514, 7.633474830332748, 7.679998526870503, 7.7894199144978415, 7.895208083027238, 8.264160285362355, 7.629735475456394, 7.525387837950799, 8.017900309838906], "test": [7.0, 7.0, 7.0, 7.0, 7.0, 7.0, 7.0, 7.8, 8.0, 8.0, 8.0, 8.0, 9.2, 10.0, 10.4, 9.0, 8.0, 8.0, 8.0, 8.0, 8.0, 8.0, 8.0, 8.0, 8.0, 8.0, 8.0, 8.0, 8.0, 8.0, 9.0, 9.0, 9.0, 9.0, 9.0, 9.0, 8.4, 8.0, 8.0, 8.0, 8.0, 7.2, 7.0, 7.0, 7.0, 7.0, 7.0, 7.0, 7.0, 7.0, 7.0, 6.0, 6.0, 6.0, 6.0, 6.0, 6.0, 5.6, 5.0, 5.0, 5.0, 5.0, 4.8, 4.0, 4.0, 5.0, 5.0, 5.0, 4.6, 3.5999999999999996, 3.0, 3.0, 2.0, 1.4000000000000004, 2.0, 6.0, 6.4, 7.8, 8.2, 9.0, 9.0, 9.4, 10.0, 10.0, 10.0, 10.0, 10.6, 12.0, 12.0, 12.0, 12.0, 12.2, 13.0, 12.4, 11.0, 11.0, 11.0, 11.0, 9.8, 9.0, 9.0, 9.0, 8.2, 7.2, 4.799999999999999, 2.8000000000000007, 2.799999999999999, 1.1999999999999993, 0.8000000000000007, 0.1999999999999993, 0.20000000000000018, 1.0, 1.0, 1.0, 1.0, 1.0, 1.0, 0.40000000000000036, 0.0, 0.0, 0.0, 0.0, 0.0, 0.7999999999999998, 1.0, 2.2, 3.0, 3.0, 2.4000000000000004, 2.0, 2.0, 2.0, 0.40000000000000036, 0.0, 0.8000000000000007, 2.0, 2.0, 2.0, 3.5999999999999996, 4.0, 3.8000000000000007, 3.0, 3.0, 3.0]}