{"day": 2, "month": 10, "station_id": 214, "predict": [19.482600153676987, 19.14479512307699, 18.908199991684242, 18.935498006904293, 18.712213289011636, 18.493920102533643, 18.483829915792807, 18.331387621256948, 18.135893856946524, 17.94711187544538, 14.964873449352174, 13.338981355979243, 13.169239672281833, 13.005458551819817, 12.847450557955788, 12.69503185180179, 12.548023434120216, 12.40625098021156, 12.269544534464217, 12.137738462966269, 12.010671470082675, 11.888186580916987, 11.77013110094813, 11.656356567958628, 8.039993999772214, 8.368618229972537, 8.461150147218614, 8.538973262833396, 8.615251144896952, 8.69211739225716, 8.768996381376537, 8.839693219863735, 8.901980746830246, 7.157190733118786, 8.456645294080314, 9.100883749519099, 8.640196083134406, 8.674899827227414, 9.055336776993324, 9.381836268740008, 10.354704264566948, 12.224224075074964, 13.790659098945666, 15.004255087348968, 16.665241521373613, 17.823832513321822, 20.030227651233826, 23.184612881956355, 30.355997310171247, 32.0, 32.0, 32.0, 32.0, 32.0, 31.074901452356404, 23.445991263184833, 24.62334115426791, 25.856831612232718, 22.896186296093383, 22.99125129999182, 23.79188907058531, 23.94791381555201, 22.50912942193526, 21.92535299227055, 22.046411704487518, 21.47213780698446, 20.802367852219042, 20.486943119523865, 20.825709762146015, 21.218518752449384, 21.315225785538026, 21.61569117750311, 13.453087065870804, 13.24918309228117, 13.408956932946374, 13.663465594796726, 13.776791147359445, 17.51537678254137, 17.887308363856093, 17.998687061805683, 17.698920206836963, 17.387558172141564, 17.965281232030264, 18.482865686211184, 19.49090894041516, 20.889932748889972, 21.180435213222985, 21.112891477948537, 20.287751515645112, 20.755440728302784, 21.316360868101786, 21.270891208933318, 20.919389908019117, 20.91219526609485, 21.84962683360884, 21.531986433868397, 23.090927668568746, 22.097476837947926, 19.526557212264237, 16.88475225534442, 15.430293733566126, 13.161585283068487, 12.791197259017064, 14.827441933256567, 16.121792148656024, 12.67266563423044, 12.0286723974312, 10.489201661963989, 12.10395121826922, 13.622625213643326, 14.194898733566113, 15.170453259727264, 13.84899597599698, 12.830261083375792, 12.664005799982968, 11.450007044137669, 10.538059543234844, 10.727974595840621, 9.969578935430341, 13.462713579551336, 0.2849242059010564, 0.9542318277965798, 1.7838630018295163, 3.333416364859243, 4.118369726210711, 4.933234966662887, 5.918736265151329, 6.97057179051051, 7.989085520320964, 8.475890470008089, 8.583120458809615, 8.862805196499414, 6.0166472358792715, 5.896153287128075, 6.502748320690166, 7.037793120460974, 7.402574055895936, 7.548300463792049, 7.976108667996253, 8.23706711634448, 8.6821808644604, 8.86239542732276, 8.928600268656135, 9.231632083338194], "test": [20.0, 20.0, 20.0, 20.0, 20.0, 20.0, 20.0, 20.0, 20.0, 20.0, 20.0, 20.0, 20.0, 20.0, 20.0, 20.0, 20.6, 21.0, 21.0, 21.0, 21.0, 17.4, 7.0, 7.0, 7.0, 7.0, 7.0, 7.0, 7.0, 7.0, 7.0, 7.0, 7.0, 7.0, 8.0, 9.0, 8.0, 8.0, 9.4, 10.4, 11.0, 11.2, 11.4, 13.0, 16.4, 22.0, 27.6, 29.8, 28.4, 28.2, 28.6, 14.8, 13.0, 19.0, 20.6, 19.8, 24.0, 26.6, 28.6, 20.6, 11.2, 11.0, 10.6, 12.0, 12.0, 12.2, 12.8, 13.0, 13.2, 14.0, 12.4, 12.6, 13.0, 13.0, 13.0, 14.0, 14.0, 14.0, 14.0, 13.2, 12.0, 12.0, 12.0, 12.2, 12.2, 13.0, 13.6, 13.0, 12.2, 11.4, 10.4, 10.0, 9.4, 15.6, 25.0, 25.0, 24.2, 23.2, 19.6, 15.8, 12.8, 11.8, 12.2, 11.6, 15.2, 16.2, 13.0, 11.8, 8.6, 5.6, 5.200000000000001, 1.8000000000000007, 0.0, 0.0, 1.1999999999999993, 2.8000000000000007, 1.0, 0.0, 0.0, 0.0, 0.8000000000000007, 1.0, 1.0, 1.0, 1.0, 8.0, 11.0, 11.0, 11.0, 10.0, 10.0, 10.0, 10.0, 10.2, 10.0, 10.0, 10.0, 10.0, 10.0, 10.0, 10.0, 10.0, 10.0, 10.0]}