{"day": 3, "month": 9, "station_id": 17, "predict": [26.0, 26.0, 26.0, 26.0, 26.0, 25.886454988162978, 25.78057163959894, 25.689674743166687, 25.61149403085485, 25.544114337731042, 25.48591964274096, 25.43554575121871, 25.391840447827263, 25.153829980125103, 24.987357540787993, 25.225059566339382, 25.26634580384257, 25.244049210998632, 25.224411851204287, 25.207073025905014, 25.191725954423994, 25.178109368420493, 25.166000435976045, 25.15520880382136, 25.962638796397748, 25.929038076889075, 25.90336406041391, 25.883766793803535, 25.86846990730334, 25.856090013808288, 25.8455571550218, 25.83605690068961, 25.82698198739597, 25.817891160732973, 25.808474859680977, 25.79852702521973, 25.787922122573757, 25.77659650819535, 25.764533387667264, 25.75175073030692, 25.738291612075848, 25.39088321476237, 25.37626411784862, 24.761179582135327, 24.345711243066653, 23.66327434181372, 22.847282324977925, 22.36447867380313, 24.269444350311034, 21.876566147797327, 20.034867932408208, 19.1835716967002, 18.11921605110073, 14.566860637354663, 11.718779454888606, 6.568418058916012, 2.9769803209565997, 2.1399330536016037, 1.7201881648803792, 2.4479735279233275, 4.520724480801408, 4.202992989015093, 4.693038349073124, 5.9227637081796205, 9.824329716306169, 8.730110282104175, 8.37265567581432, 8.884661784211554, 11.198944514716539, 11.181751840548461, 11.366079447737137, 11.018322725396722, 3.395133095299684, 4.877162423322754, 5.787037656864974, 5.509162978436715, 6.570844578140363, 7.101536648904231, 8.231610249283053, 8.158727243978472, 6.547717944602707, 6.197161249041636, 5.172647088190172, 3.4733835918821967, 2.898813678411537, 3.381906262834956, 3.1224541913908794, 3.120377865459975, 3.5757003436859294, 4.155193178298202, 4.592359021936739, 5.754083804204156, 5.7072913587534195, 5.118933450869395, 5.255981547453412, 5.385420054345514, 14.022982068640557, 12.343297767921158, 11.044975072864432, 8.089824259658517, 9.083415119350446, 8.226642872420543, 9.986092845248129, 11.16142144816341, 13.95217932446817, 16.291189766402656, 17.51123645831825, 24.478411053533545, 19.192124176902208, 15.718447505079952, 18.123454050920003, 18.073223640253374, 20.167180506269283, 20.871429882639006, 20.985427107607904, 21.775312721628065, 22.77391368292269, 23.380744137872465, 23.728672498984462, 23.883921568574156, 23.523719179295973, 23.801416575091203, 24.119464887680802, 24.473790603258337, 24.52610765079768, 22.07220056740137, 21.641841589365608, 21.498650453099426, 21.506670766620953, 21.463637848370848, 22.767592644733252, 23.28350424422993, 23.143232518483718, 22.678829741898177, 22.555846961225473, 22.573311040762313, 22.06370509535878, 21.7596184556723, 23.127065726184025, 24.165474565899476, 23.87434187990551, 23.786558158864366, 24.0350664112739, 24.352855501178055], "test": [26.0, 26.0, 26.0, 26.0, 26.0, 26.0, 26.0, 26.0, 26.0, 26.0, 26.0, 26.0, 26.0, 26.0, 26.0, 26.0, 26.0, 26.0, 26.0, 26.0, 26.0, 26.0, 26.0, 26.0, 26.0, 26.0, 26.0, 26.0, 26.0, 26.0, 26.0, 26.0, 26.0, 26.0, 26.0, 26.0, 26.0, 26.0, 25.8, 25.0, 25.0, 25.0, 25.4, 25.4, 24.0, 24.0, 24.4, 24.8, 23.6, 20.8, 14.4, 17.8, 16.8, 15.6, 9.6, 4.6, 0.2, 0.0, 6.0, 4.8, 4.8, 4.0, 2.0, 0.8, 0.1999999999999993, 0.0, 0.0, 0.4, 1.0000000000000009, 1.0000000000000009, 2.5999999999999996, 3.6, 4.6, 6.4, 6.2, 7.2, 7.599999999999999, 9.0, 10.2, 11.4, 13.400000000000002, 14.0, 12.0, 9.2, 7.8, 8.0, 9.6, 11.0, 11.0, 10.2, 10.6, 13.0, 11.2, 11.0, 12.0, 14.6, 13.400000000000002, 12.4, 14.0, 14.999999999999998, 15.8, 18.6, 20.0, 11.25, 24.6, 24.6, 24.4, 24.4, 23.8, 14.799999999999999, 15.199999999999998, 18.8, 23.6, 24.6, 23.8, 24.2, 25.0, 24.8, 24.4, 25.0, 24.8, 24.8, 25.0, 25.0, 25.0, 25.0, 25.0, 25.0, 24.0, 24.0, 24.0, 24.2, 25.0, 25.0, 25.0, 25.0, 25.0, 25.0, 25.0, 25.0, 25.0, 25.0, 25.0, 25.0]}