{"day": 3, "month": 1, "station_id": 101, "predict": [20.898695164190016, 20.877387968045397, 20.855325867495964, 20.8329480336907, 20.410525382943383, 20.12165987679784, 20.099925036687388, 20.07885223136006, 20.058597246703233, 19.839278142637703, 19.68764728472908, 19.670429736841832, 19.654327747134115, 19.63935798040743, 19.625521547748225, 19.612806895613655, 19.60119228032253, 19.59064788123588, 19.581137599676698, 19.572620584900744, 19.565052523319007, 19.55838672266245, 19.552575018812007, 19.547568529530096, 20.928832274702604, 20.843386447859217, 20.758287408618724, 20.676813525347466, 20.599649104008066, 20.526875536683484, 20.458418352279512, 20.39415369332991, 19.600603451884666, 19.277611435211, 18.825014504958137, 17.70931213396476, 17.463668610946364, 17.421248155026788, 17.715216372647962, 16.27874144471614, 13.378328417074767, 12.547153293823436, 11.318396961762458, 8.625245637249368, 7.867557856950237, 10.911864697891858, 13.02470324314098, 10.405949973978796, 16.39721590844786, 16.30128149331163, 16.459535602636528, 13.498331756592748, 11.871969350457814, 9.926463055719474, 10.397530829985014, 8.9516437970257, 9.25464593412652, 9.705592073135444, 14.236879471047107, 13.84761478100855, 14.536954925890852, 17.170774228789845, 17.814996234546047, 17.00225828557383, 16.7985759209943, 17.736673896745163, 17.882650546937747, 17.70264218193246, 17.129487541888857, 16.96272565236675, 16.20192709142428, 16.046692008077457, 0.7860130949801831, 2.501227075305043, 3.848245934399647, 4.878576387007359, 5.59094994076976, 7.254010565368165, 7.00399273161194, 7.843987638682201, 8.377016750264264, 9.272612722586961, 10.000130520419402, 10.428747021539309, 10.027467667864814, 10.065135227116428, 10.2771057282111, 10.59859103599123, 11.29800120031892, 12.176953157889816, 12.103612406654184, 12.212700959469764, 11.972171562641067, 12.183214840451859, 12.446932700062952, 12.231011336158078, 11.857552390755597, 11.474062822868177, 10.619108526042059, 11.362113483892127, 11.821785438184582, 11.46182766332193, 11.215660862418003, 10.417542634731388, 9.801946627698062, 9.836711600904144, 10.922983789418177, 12.12853072011266, 12.921067175953144, 15.634918894075017, 17.604354919687, 19.363587768988015, 19.7134410252608, 20.38801748224819, 20.788034347251138, 21.380825385914275, 21.100343249168933, 21.480495242273058, 21.721812478200256, 21.691452370344397, 17.747731125594402, 17.4409859697794, 18.125425325498057, 18.111184779318172, 18.281094665616966, 18.441420375447727, 18.528306641806566, 18.743317850644342, 18.420833799705495, 18.161629523240418, 18.432969443801966, 18.701986180831934, 18.769042206883956, 19.101083969788583, 19.23165830604627, 19.294259071767577, 19.355671329168263, 19.415980212187822, 19.475244824207934, 19.533504120813888, 19.590781680202983, 19.64708955662561, 19.70243137885145, 19.75680482796752], "test": [21.0, 21.0, 21.0, 21.0, 21.0, 21.0, 21.0, 21.0, 21.0, 21.0, 21.0, 21.0, 21.0, 21.0, 21.0, 21.0, 21.0, 21.0, 21.0, 21.0, 21.0, 21.0, 21.0, 21.0, 21.0, 21.0, 21.0, 21.0, 21.0, 21.0, 21.0, 21.0, 21.0, 21.0, 21.0, 21.0, 21.0, 21.0, 20.6, 18.6, 17.6, 15.8, 16.0, 14.0, 13.8, 9.2, 11.0, 14.8, 13.8, 11.4, 8.2, 7.8, 3.2000000000000006, 0.8000000000000003, 0.40000000000000013, 0.0, 0.0, 0.20000000000000007, 0.0, 0.0, 0.8000000000000003, 0.9999999999999991, 0.599999999999999, 0.0, 0.0, 0.0, 0.0, 0.0, 0.0, 0.0, 0.0, 0.0, 0.0, 0.0, 5.6, 9.2, 9.8, 10.0, 9.4, 9.8, 9.0, 10.0, 11.2, 11.2, 12.0, 12.600000000000001, 13.0, 12.0, 11.0, 11.0, 12.600000000000001, 12.0, 12.200000000000001, 13.0, 14.8, 12.399999999999999, 11.6, 11.2, 10.4, 11.4, 12.0, 13.2, 13.2, 10.6, 8.6, 11.0, 12.200000000000001, 9.8, 10.0, 13.0, 19.6, 17.8, 16.2, 17.2, 12.0, 10.8, 14.0, 14.999999999999998, 16.6, 17.4, 18.2, 19.0, 19.0, 19.0, 19.0, 18.8, 18.8, 18.0, 19.0, 19.0, 19.0, 19.0, 19.0, 19.0, 19.0, 19.0, 19.0, 17.6, 17.0, 17.0, 17.0, 17.0, 17.0, 17.0]}