{"day": 0, "month": 2, "station_id": 541, "predict": [24.97056890533157, 24.977936504176082, 24.9959544149429, 24.28253587675507, 24.035617828821305, 24.054771685825333, 23.739928257596052, 22.75776184788146, 23.174962708413922, 23.124890439788388, 23.140904360561706, 23.156362843419792, 23.171289854775626, 23.185708291742586, 23.19964001807039, 23.213105907290032, 23.226125886412802, 23.372052311728904, 23.584236676254896, 23.59602964875672, 23.60744777771557, 23.618506860299753, 23.629221976412037, 23.639607521215044, 24.95346269337287, 24.90649194131785, 24.86130109558276, 24.81792126270398, 24.77635000828796, 24.736558217532107, 24.69849433928687, 24.662097523496136, 24.6273048697279, 24.594054299471203, 24.562285521056495, 24.531940298488518, 24.50296248711578, 24.14196466214959, 24.248894725379593, 24.157035839891268, 24.066339697893802, 24.04342645653859, 23.888251342172012, 22.20077125646001, 21.31427805105143, 21.29539847074873, 20.94409409847828, 20.726994635350064, 19.242078489351602, 17.75945616545035, 16.432150142190114, 14.572231901679327, 13.107900634780378, 9.70493134065512, 5.963410604869974, 4.750300607197464, 4.732596098993259, 4.243950451825288, 3.284666611310123, 3.721695659976682, 2.2219706007508306, 3.0190739290948008, 5.463238619603282, 13.171349093569509, 13.260275474838448, 12.946874461957131, 12.897990150476547, 12.647121474193852, 12.661089601157805, 12.473371953601301, 11.750769520870637, 11.626740800968117, 11.810044531281143, 14.335669734545284, 15.254209491054413, 15.102069082635118, 14.280275009537444, 13.855917748751764, 13.095896542737131, 13.000378216944164, 13.169503282978031, 14.20339859898879, 13.902181636013697, 14.332628775959284, 14.094842774431719, 15.25558661523428, 15.61495059735878, 16.039686042390027, 15.663205639977459, 15.685583770951961, 15.840223477449285, 15.793856748268592, 16.413211453972604, 16.89834493274431, 17.115977561262916, 16.73282631146733, 7.440664959963752, 7.9424704142015905, 8.754918047762736, 9.574582932897627, 9.761659791129425, 10.656990589233796, 10.329940086940436, 8.582000733393226, 9.814324993784492, 12.694605104388923, 14.89046254774905, 15.669464899178177, 17.299132269111198, 17.913607461347038, 18.980325204514607, 20.033347699492957, 21.34003332131799, 21.50103853049062, 21.05031968047617, 20.58846806421566, 21.04937820573849, 21.500249401766908, 21.874920517682146, 22.30720470858329, 20.616559265139447, 20.923143117849953, 21.12812444121348, 21.650377192317418, 22.03085663231087, 22.53914133680709, 22.842998329237204, 23.076234820397172, 23.172450549448, 23.26517456199855, 23.354574850977077, 23.440805109488785, 22.590675762681165, 21.80432225895349, 21.681872527099618, 21.756780835755627, 21.829161558186435, 22.09912289338166, 22.30010055933393, 22.365524797330572, 22.428820689663752, 22.4900751255472, 22.549370416374853, 22.606784561324314], "test": [25.0, 25.0, 25.0, 25.0, 25.0, 25.0, 25.0, 25.0, 25.0, 25.0, 25.0, 25.0, 25.0, 25.0, 25.0, 25.0, 25.0, 25.0, 25.0, 25.0, 25.0, 25.0, 25.0, 25.0, 25.0, 25.0, 25.0, 25.0, 25.0, 25.0, 25.0, 25.0, 25.0, 25.0, 25.0, 25.0, 25.0, 25.0, 25.0, 25.0, 25.0, 24.6, 23.0, 23.2, 22.6, 21.4, 20.0, 20.0, 18.4, 15.0, 12.6, 11.8, 9.8, 6.6, 4.6, 4.0, 4.0, 3.4, 3.0, 2.6, 0.20000000000000007, 0.0, 0.0, 0.0, 0.0, 0.1999999999999993, 7.800000000000001, 10.0, 10.0, 10.0, 10.0, 10.0, 10.0, 11.0, 11.4, 9.2, 8.4, 8.0, 7.4, 7.0, 7.0, 7.4, 7.6, 7.0, 4.6, 5.000000000000001, 5.000000000000001, 5.000000000000001, 6.0, 6.0, 5.8, 6.0, 6.0, 6.0, 6.0, 6.6, 7.0, 7.0, 6.0, 6.800000000000001, 7.0, 9.0, 11.4, 13.6, 14.2, 15.8, 17.0, 17.4, 13.2, 14.400000000000002, 13.8, 15.600000000000001, 18.6, 18.4, 18.4, 18.0, 19.0, 19.0, 19.0, 20.6, 21.8, 22.8, 24.0, 24.2, 25.2, 26.0, 26.8, 28.0, 28.0, 28.0, 28.0, 28.0, 28.0, 28.0, 28.0, 28.0, 28.0, 28.0, 28.0, 28.0, 28.0, 28.0, 28.0, 28.0]}