{"day": 1, "month": 7, "station_id": 48, "predict": [21.907078714395595, 21.47233314559342, 20.91741881786588, 20.78640677894788, 22.24453923290575, 22.681836995472928, 22.102083268582238, 17.504654301552332, 15.023077474502031, 12.260708243917287, 12.216304537618361, 13.334273352194398, 11.607660162148958, 11.6422020159081, 11.377553156831366, 12.137462880024716, 12.51607352751239, 15.77615529138821, 19.66461052338052, 22.199543527912613, 21.512717097211056, 20.12033112005845, 20.46446271588764, 21.449765365214585], "test": [23.733333333333334, 23.6, 24.8, 25.0, 25.0, 25.0, 24.5, 22.366666666666667, 15.533333333333331, 2.8666666666666667, 2.3666666666666667, 1.7333333333333332, 1.0666666666666667, 2.466666666666667, 1.2666666666666666, 2.933333333333333, 5.5, 13.966666666666667, 24.166666666666668, 24.966666666666665, 24.8, 24.466666666666665, 21.4, 24.0]}