{"day": 4, "month": 10, "station_id": 194, "predict": [50.85899752571311, 52.05450118273903, 51.65951005011996, 52.06804069098146, 53.40888761062119, 55.693945442570765, 53.17454743288585, 52.35171370524217, 51.4406747717115, 46.900453176737884, 42.259622183240694, 38.14979260431861, 29.294397369829078, 29.979574028473046, 35.42323302289816, 39.78673812415169, 33.93889173648865, 37.71767339490631, 39.68156525405857, 37.140986408299206, 32.74349856864994, 37.07812742401042, 40.70192720581173, 44.97167036882106], "test": [50.9, 52.0, 53.6, 53.766666666666666, 55.06666666666667, 55.733333333333334, 54.93333333333333, 54.06666666666667, 40.833333333333336, 26.366666666666667, 22.0, 17.9, 9.8, 13.3, 4.266666666666667, 8.166666666666666, 19.133333333333333, 28.600000000000005, 35.8, 37.03333333333333, 35.46666666666667, 38.13333333333333, 34.36666666666667, 35.93333333333333]}