{"day": 4, "month": 1, "station_id": 541, "predict": [25.60876976035248, 25.753210825244395, 25.674044416806762, 27.093595281604916, 26.3790991101195, 26.435226401315376, 26.65839026816109, 24.633767059791076, 20.594653945574642, 16.78965685727325, 15.15656326308283, 15.186130607914077, 14.054418048112646, 15.086011342077407, 14.297702473044563, 13.797353813270622, 13.271391993685892, 13.812891640380025, 18.466152557226156, 21.129818431573007, 23.02687085716743, 23.70087912627467, 23.026844899687482, 23.159221666984063], "test": [26.133333333333333, 27.0, 27.0, 27.0, 27.0, 27.0, 27.0, 23.233333333333334, 17.133333333333333, 11.833333333333334, 15.033333333333333, 10.6, 10.8, 10.766666666666667, 12.033333333333333, 10.5, 12.833333333333334, 17.833333333333332, 22.566666666666666, 26.4, 26.7, 21.866666666666667, 18.466666666666665, 18.933333333333334]}