{"day": 4, "month": 3, "station_id": 703, "predict": [22.076477080695113, 24.071096734547183, 24.016518804396654, 23.573797568778193, 21.119316017577784, 22.124819563438802, 16.561606374094985, 12.653150276327729, 10.696443678369794, 7.7877499226394145, 7.739221827479296, 8.80945430276988, 11.70846039984701, 11.606752276273365, 10.97913105614314, 11.162478598032145, 13.854423135066376, 17.35702643722327, 20.86833388969852, 22.233500030840517, 20.063943288268053, 20.691835924667764, 20.16953974147653, 20.744027133733635], "test": [20.0, 20.933333333333334, 23.0, 23.0, 23.0, 21.0, 15.333333333333336, 15.0, 14.899999999999999, 14.000000000000002, 13.366666666666669, 13.0, 12.033333333333333, 12.0, 12.0, 12.0, 12.0, 12.0, 12.0, 12.0, 12.566666666666668, 13.0, 13.533333333333333, 14.000000000000002]}