{"day": 4, "month": 10, "station_id": 199, "predict": [19.285215956520567, 19.953591878017516, 19.910418953302173, 19.72090709257234, 21.329665798894162, 21.347741124421674, 19.28301158814037, 16.50288040390679, 14.071865688221534, 10.181538751467011, 8.787806197701896, 9.405397956226691, 7.6493006729016795, 10.177136700739613, 9.973012749110865, 10.483803573649277, 13.226932611910392, 17.239667475680715, 18.784528394998944, 20.61260823315187, 19.620445352823957, 19.762782255595976, 19.384535768258374, 20.08263462736897], "test": [22.0, 21.833333333333332, 22.566666666666666, 23.0, 23.0, 22.333333333333332, 18.533333333333335, 13.033333333333331, 13.633333333333333, 10.133333333333333, 7.299999999999999, 2.2, 8.366666666666667, 10.333333333333334, 10.6, 16.0, 14.066666666666666, 11.766666666666667, 13.3, 21.133333333333333, 23.3, 24.0, 24.0, 24.0]}