{"day": 4, "month": 1, "station_id": 272, "predict": [4.9435041684405, 4.780282794335127, 4.95032309858519, 4.747909652618436, 3.3374599257628548, 2.3733154063913897, 1.1573753948079504, 1.6459754563663047, 5.13354877252396, 6.21499221256052, 7.084569084926727, 5.385677015815821, 2.6076840505027894, 2.0458182214544807, 2.8534240242827393, 3.5644863733072043, 5.994695921558438, 3.615667951002795, 0.8804007358747425, 0.4489340470614469, 2.7997469898838974, 4.556187739609366, 4.720758868509014, 3.988457160727484], "test": [1.0, 1.0, 1.7666666666666668, 2.0, 2.0, 2.0, 1.633333333333333, 3.4333333333333327, 9.666666666666666, 8.8, 1.633333333333333, 0.4666666666666667, 0.06666666666666667, 11.7, 12.933333333333334, 18.6, 16.766666666666666, 13.433333333333334, 3.8333333333333335, 1.6666666666666667, 1.633333333333333, 8.666666666666666, 9.866666666666667, 13.0]}