{"day": 1, "month": 11, "station_id": 272, "predict": [8.814322018391653, 7.932775741566591, 7.805920707021068, 7.490058617577417, 4.915237240243566, 3.727679634185385, 3.8263929811711104, 5.11965661481986, 8.265175447788872, 10.826141463048119, 10.818005198596062, 9.321310992195246, 8.740358828511312, 7.939996057036562, 9.493768650228738, 9.819154624630063, 10.43256182194153, 7.918328112185685, 6.017602145284021, 5.471296252941407, 7.761357721963658, 10.089884641817845, 11.516888639083449, 12.057372635731978], "test": [2.1666666666666665, 3.5, 3.8, 2.933333333333333, 3.0, 3.0, 2.8666666666666667, 7.933333333333334, 18.633333333333333, 17.866666666666667, 18.4, 18.3, 15.766666666666667, 12.433333333333334, 12.433333333333334, 12.833333333333334, 9.733333333333333, 1.5666666666666667, 13.033333333333333, 13.933333333333334, 10.633333333333333, 12.3, 11.933333333333334, 11.7]}