{"day": 0, "month": 11, "station_id": 48, "predict": [17.71063918944776, 18.62910062140819, 18.591451674057073, 18.48127075934939, 21.46570530765233, 22.226924783323206, 20.589722945183382, 19.720359077406503, 15.571933401520441, 13.009065601288281, 10.517839053154871, 11.484671406680604, 14.406725966748613, 16.253359704616805, 15.550934704304048, 15.155899549978136, 14.016339067787426, 17.544466242830158, 21.291869349276705, 22.752094508841083, 21.469519074589666, 20.69155207748802, 18.602816566248926, 19.582101673832568], "test": [22.0, 22.0, 22.133333333333333, 23.0, 23.0, 23.166666666666668, 23.733333333333334, 23.066666666666666, 17.066666666666666, 17.2, 15.133333333333333, 13.166666666666666, 8.466666666666667, 9.266666666666667, 11.066666666666666, 10.533333333333333, 2.0, 14.73333333333333, 23.433333333333334, 23.333333333333332, 18.566666666666666, 17.633333333333333, 19.233333333333334, 20.0]}