{"day": 6, "month": 11, "station_id": 192, "predict": [14.213123828186687, 15.355404711052946, 15.44248216319346, 15.919256144314021, 14.370897533130414, 15.774537699720288, 14.812855711931752, 13.712547051780552, 12.455044459655731, 10.413542620391343, 8.861238887749385, 8.501192561593527, 9.537474778561489, 10.025009063612933, 9.130406894055506, 9.879761637132674, 10.494250450950563, 12.66929002409675, 14.000745011131055, 15.153558247819793, 15.73313204488398, 16.0, 16.0, 16.0], "test": [11.833333333333334, 12.0, 12.333333333333334, 14.466666666666667, 16.0, 16.0, 16.0, 16.0, 16.0, 16.0, 14.2, 9.8, 7.033333333333333, 8.2, 9.7, 8.866666666666667, 13.5, 13.166666666666666, 13.5, 15.733333333333333, 12.366666666666667, 12.0, 12.766666666666667, 15.0]}