{"day": 4, "month": 5, "station_id": 341, "predict": [17.626797312046534, 19.072790137510243, 18.76856325195906, 17.910558859383556, 16.970731747234787, 16.816441755223707, 16.11542868829136, 16.982859026896985, 13.598232078050216, 14.852922556680092, 15.903539101442464, 14.336030584122772, 11.478316765160452, 9.227898138572609, 7.076040254671168, 4.425565792723395, 6.419901753731512, 5.127239506078538, 5.764172298230322, 6.466175461964687, 6.948856345695442, 9.535878103058469, 10.985347392244087, 13.215799045792513], "test": [21.0, 20.866666666666667, 19.166666666666668, 18.6, 6.4333333333333345, 3.0, 4.266666666666667, 7.166666666666667, 14.1, 12.933333333333334, 11.933333333333334, 14.4, 18.266666666666666, 18.133333333333333, 12.266666666666666, 5.933333333333334, 1.7333333333333334, 10.433333333333334, 5.7, 0.43333333333333335, 0.5333333333333333, 4.466666666666667, 4.2, 5.1]}