{"day": 1, "month": 9, "station_id": 192, "predict": [14.781714375384228, 15.080579468775767, 15.013826223391954, 15.58932973111062, 16.0, 16.0, 15.356388198950388, 15.031891241106806, 11.596246558796468, 8.16539862488833, 7.2264207232925095, 7.040117704437211, 5.712359764607287, 5.518820550475889, 5.013582605117589, 4.83057543173856, 3.7163403739716676, 6.192301382926452, 7.391236431714815, 7.068588152605963, 7.712193106521636, 8.332174521776555, 8.964851060244484, 10.636635838723958], "test": [15.366666666666667, 16.0, 16.0, 16.0, 16.0, 16.0, 16.0, 14.533333333333333, 14.133333333333333, 2.533333333333333, 1.8333333333333333, 1.2333333333333334, 1.0, 3.2666666666666666, 1.3, 0.4666666666666667, 0.7666666666666667, 2.066666666666667, 7.3, 13.866666666666667, 14.3, 15.0, 15.0, 14.966666666666667]}