{"day": 4, "month": 1, "station_id": 338, "predict": [19.57266615263709, 20.352280584963847, 20.215635869012864, 20.001249494770995, 19.958977837969353, 20.52503394610306, 20.16741808656256, 18.39022838571511, 15.472534424602367, 13.544103165778175, 10.397968985041272, 9.204401003143097, 6.698392093622152, 5.946222020597339, 4.759910435188966, 4.29581186111769, 3.392719880460935, 4.886584348351365, 7.060146331686246, 9.086801679696485, 7.877809425744307, 8.305125148516334, 8.859194126398945, 9.769751448043962], "test": [20.0, 20.0, 20.0, 19.566666666666666, 19.0, 19.033333333333335, 18.533333333333335, 16.666666666666668, 14.533333333333331, 6.233333333333334, 5.4, 2.533333333333333, 2.2, 6.166666666666667, 3.0666666666666664, 0.43333333333333335, 0.36666666666666664, 1.7333333333333334, 5.066666666666666, 2.6666666666666665, 4.033333333333333, 6.8999999999999995, 7.9, 7.766666666666667]}