{"day": 6, "month": 10, "station_id": 17, "predict": [21.130997043260276, 21.533384294257846, 21.738083272741697, 21.19180607745476, 18.939951497207524, 19.068808361520393, 18.71981926987751, 15.234821352239832, 8.447698558702589, 5.223299783637476, 5.416714359268626, 7.4824047399546805, 9.179576335194124, 9.252154903936905, 8.89915792147687, 6.9372426328876164, 6.741592047562382, 9.714892487715987, 13.308421670304028, 15.565855322313853, 16.447271217836622, 14.935232243685451, 14.749858651845143, 14.298599959631584], "test": [12.0, 12.0, 11.033333333333333, 7.0, 7.0, 7.0, 7.0, 7.0, 7.466666666666666, 8.0, 7.466666666666666, 8.133333333333333, 6.5, 6.666666666666668, 7.0, 5.5, 19.408333333333335, 5.0, 4.966666666666667, 17.891666666666666, 5.0, 13.533333333333335, 21.0, 23.3]}