{"day": 4, "month": 11, "station_id": 213, "predict": [4.790447642330593, 6.147987389352899, 6.50098153789586, 6.510345702865688, 6.33704941618534, 6.771335234454935, 6.634924916362431, 6.636536290486256, 2.5977599361906063, 1.1110541458282093, 0.0, 0.0, 0.2206927871100297, 1.232984759055186, 1.338893730947829, 1.6337445691151729, 0.5439541109519093, 0.0, 0.0, 0.0, 0.0, 0.0, 0.0, 0.0], "test": [0.36666666666666664, 0.26666666666666666, 1.2333333333333334, 2.0, 2.0, 2.0, 2.0, 1.8, 0.4666666666666667, 0.13333333333333333, 0.3, 0.0, 2.066666666666667, 0.26666666666666666, 0.6666666666666666, 0.3, 0.0, 0.2, 1.0, 2.3666666666666667, 1.3333333333333333, 1.4, 1.7333333333333334, 3.033333333333333]}