{"day": 1, "month": 12, "station_id": 32, "predict": [38.424720751938445, 40.16122001601645, 41.836296873187514, 39.94515162672437, 37.21599731624021, 37.58894950011044, 35.42702957932413, 34.706712456796524, 26.800711751883696, 20.058182544996985, 15.995316446625997, 15.614748215503907, 21.30086782700775, 22.47961263645303, 23.182113176183165, 19.184884575427763, 28.31655620332677, 30.823282793709712, 35.39682929870255, 39.593966618604604, 39.77526523399352, 40.00174868009998, 40.17969439151481, 41.18496786427619], "test": [32.0, 32.0, 32.0, 32.0, 32.0, 32.0, 32.2, 32.63333333333333, 32.0, 32.0, 33.233333333333334, 11.166666666666668, 41.0, 38.46666666666667, 40.06666666666667, 36.03333333333333, 32.03333333333333, 31.133333333333333, 32.333333333333336, 30.733333333333334, 29.26666666666667, 31.3, 31.56666666666667, 30.999999999999996]}