{"day": 2, "month": 8, "station_id": 272, "predict": [10.61988049756662, 11.186472985791456, 10.860801511678261, 10.689477604097021, 8.132361618344813, 8.061551684808876, 7.687553348174181, 7.425298428535703, 5.667791339883336, 5.848674196216956, 3.936057077561828, 2.2734669808186303, 2.9252840758373173, 4.220410927755532, 5.1639753272709354, 5.292424697845156, 7.81128833845045, 5.711322467409998, 4.13131832082902, 3.763416951683906, 3.1268536746376787, 4.855073319448664, 4.849908137882277, 7.111264306051616], "test": [5.7666666666666675, 5.0, 3.4, 3.0, 3.0, 3.0, 3.3333333333333335, 5.333333333333333, 8.4, 6.1000000000000005, 7.966666666666667, 10.466666666666667, 16.633333333333333, 13.3, 13.6, 14.433333333333335, 19.266666666666666, 6.566666666666666, 1.8666666666666667, 6.033333333333333, 10.166666666666666, 16.0, 15.433333333333334, 16.133333333333333]}