{"day": 0, "month": 3, "station_id": 71, "predict": [25.7913863527768, 27.52434853123602, 24.956671197459304, 26.225782125408013, 28.878965001464184, 26.76038643633783, 24.447606387133415, 20.549452977685572, 17.98442251599909, 13.519181657238175, 13.89605758455181, 14.47576003793998, 15.448176412973329, 13.530457714491595, 9.928385803459594, 7.065197423168289, 12.529883156348546, 16.185410092787194, 20.041005835967574, 21.91181702869994, 23.20854434185447, 20.205053782064688, 21.52234214762657, 20.679366298937484], "test": [16.5, 26.0, 31.533333333333335, 32.0, 31.933333333333334, 31.3, 28.533333333333335, 27.066666666666666, 8.233333333333333, 5.7, 5.3, 7.933333333333334, 9.1, 11.4, 13.666666666666666, 12.3, 7.333333333333333, 25.133333333333333, 32.833333333333336, 24.53333333333334, 25.766666666666666, 23.766666666666666, 25.866666666666667, 26.0]}