{"day": 6, "month": 5, "station_id": 95, "predict": [13.198516107215642, 12.208720250134755, 12.089190484696632, 13.019813598559779, 12.278938902321539, 12.411968347618544, 12.162134752505201, 10.99883774605485, 7.491388491395713, 5.11181248227553, 3.4502711733788156, 3.4002731720034527, 5.690684857813773, 6.981470280041115, 7.291473341553466, 8.936149885633036, 10.45965896102452, 11.069739885726108, 10.879739859011888, 13.175062590010336, 13.882623818092805, 14.504813204678626, 14.23130109611375, 13.651754509987358], "test": [9.0, 9.0, 9.0, 9.0, 9.0, 9.233333333333333, 9.233333333333333, 9.0, 8.933333333333334, 7.166666666666667, 8.633333333333333, 8.966666666666667, 7.900000000000001, 11.033333333333333, 13.066666666666666, 14.066666666666666, 13.933333333333334, 13.266666666666667, 10.366666666666667, 9.666666666666666, 13.6, 11.366666666666667, 10.666666666666666, 11.6]}