{"day": 0, "month": 4, "station_id": 199, "predict": [22.328151818310722, 21.719371271861675, 21.420599552204145, 21.5583683290163, 21.14970949126253, 21.358085108641482, 19.759618226211618, 16.84828708796139, 12.982419117853372, 9.213930649606318, 8.561817296898969, 9.417527649956167, 13.873097937639042, 14.700490576156835, 14.399604843870826, 14.535117551762694, 16.76106029001638, 20.30844818191897, 23.43987160527815, 24.0, 24.0, 24.0, 24.0, 24.0], "test": [20.0, 20.0, 20.0, 20.0, 20.0, 20.0, 19.033333333333335, 19.066666666666666, 17.333333333333332, 10.0, 16.133333333333333, 21.0, 21.0, 21.0, 21.633333333333333, 15.8, 16.633333333333333, 20.933333333333334, 21.9, 21.866666666666667, 22.933333333333334, 22.0, 21.166666666666668, 23.0]}