{"day": 1, "month": 7, "station_id": 66, "predict": [38.198733890635296, 38.559256058708044, 38.894096823819176, 38.84067268153377, 38.915423880104846, 38.89626238514451, 38.47791917450245, 29.160181242616584, 27.095138443767787, 32.70919549352017, 31.696697198359626, 32.02633559568663, 30.641068932139003, 29.980214327126603, 28.76915898925647, 27.72035680011653, 28.147895325840857, 21.69753641739756, 24.88275657230245, 35.252599789246695, 35.15771325719901, 34.511769289936865, 34.11452667191953, 34.569094725627494], "test": [40.0, 39.63333333333333, 39.0, 39.0, 38.666666666666664, 36.03333333333333, 35.46666666666667, 30.866666666666667, 21.466666666666665, 28.1, 30.133333333333333, 31.333333333333332, 30.333333333333332, 31.53333333333333, 30.0, 23.166666666666668, 21.766666666666666, 8.2, 21.53333333333333, 36.3, 38.13333333333333, 38.9, 38.666666666666664, 38.9]}