{"day": 3, "month": 8, "station_id": 564, "predict": [41.0, 41.0, 41.0, 41.0, 41.0, 41.0, 41.0, 41.0, 39.1010308490983, 32.61695666226694, 27.500891289785176, 23.797578468098074, 20.422834172445896, 19.50590066621429, 18.50372578998146, 18.120481355859834, 19.25069421691495, 19.906238020145075, 22.15003639420192, 25.285089169117626, 23.54146525146737, 26.41600607936051, 28.226140308918826, 30.326472805791653], "test": [40.0, 39.56666666666667, 40.0, 40.0, 40.0, 39.7, 39.5, 38.86666666666667, 33.3, 23.133333333333333, 18.8, 18.4, 13.600000000000001, 11.3, 14.133333333333333, 14.466666666666667, 15.4, 12.033333333333335, 7.1, 9.866666666666667, 17.466666666666665, 32.96666666666667, 37.86666666666667, 39.63333333333333]}