{"day": 6, "month": 7, "station_id": 73, "predict": [35.30061136681192, 36.01656498063622, 36.020202445157715, 35.929261607007504, 30.661888073703068, 31.126472893805044, 30.40471970471869, 26.258278906111247, 15.432320728328788, 9.399840609401803, 6.020427492601536, 6.259081119517067, 11.428001729580204, 13.957871529692834, 12.410472640455755, 11.533432089455074, 15.624821634902627, 19.327021633762467, 24.246236564700318, 28.797811528916988, 30.06483863406055, 30.839127355357522, 29.114790782655547, 30.879988710454732], "test": [18.660000000000004, 19.14, 21.84, 23.866666666666664, 14.666666666666666, 18.666666666666668, 20.0, 18.466666666666665, 16.566666666666666, 15.366666666666667, 15.066666666666666, 16.0, 30.8, 30.259999999999998, 15.1, 16.8, 19.233333333333334, 21.233333333333334, 21.466666666666665, 21.1, 21.733333333333334, 24.46666666666666, 26.666666666666668, 26.966666666666665]}