{"day": 3, "month": 7, "station_id": 66, "predict": [35.655830758492705, 35.84637245439909, 35.57664563694664, 35.44803557287117, 35.74854786901183, 36.14773270785746, 35.84745383633632, 26.293667439274053, 26.51065539772987, 32.31938464070034, 30.99980281002601, 30.68434954608326, 31.251409291810077, 30.37881708208431, 28.246719546666146, 26.537571474875573, 28.04837538564385, 23.18726975750095, 26.32423815845076, 35.689916856994174, 35.13170210131881, 35.095282573639004, 34.94241021825506, 34.71531868875565], "test": [37.0, 37.0, 37.96666666666667, 40.0, 40.0, 39.03333333333333, 39.4, 32.03333333333333, 16.233333333333334, 31.133333333333333, 32.93333333333333, 34.3, 35.833333333333336, 33.2, 27.266666666666666, 29.133333333333333, 23.46666666666667, 22.033333333333335, 17.266666666666666, 36.86666666666667, 35.2, 35.3, 36.63333333333333, 37.266666666666666]}