{"day": 6, "month": 12, "station_id": 246, "predict": [31.27135218525671, 33.19064490789963, 35.25116239762158, 34.182452541532655, 28.764890970491525, 29.732218435635865, 30.574883496665812, 30.61452520298353, 24.92227013550198, 21.367825993436057, 18.014777388047833, 15.489548277877255, 17.296680723390658, 18.064185124413886, 17.543642822757953, 16.912527082149627, 20.776566619538535, 21.775366345782583, 22.439275188424908, 23.845572321407438, 25.386775167144037, 26.20356352085952, 25.726696612335907, 26.043243512813422], "test": [22.699999999999996, 22.96666666666666, 22.0, 22.0, 22.0, 22.0, 22.0, 22.0, 22.0, 22.0, 22.0, 23.46666666666666, 26.666666666666664, 28.53333333333333, 30.133333333333333, 31.0, 30.0, 30.0, 28.7, 28.000000000000004, 26.400000000000002, 25.0, 24.933333333333334, 23.9]}