{"day": 6, "month": 7, "station_id": 427, "predict": [43.0, 43.0, 43.0, 43.0, 43.0, 43.0, 40.604866504090936, 32.79981361823555, 24.48610167121405, 19.456410176890508, 19.30686891665979, 22.631233833878444, 30.904827202688317, 30.755053001985267, 26.20241067212635, 25.855403015122647, 32.73100822797443, 40.82853275874412, 43.0, 43.0, 43.0, 43.0, 43.0, 43.0], "test": [42.0, 42.0, 42.0, 42.0, 42.0, 42.0, 42.0, 41.833333333333336, 41.0, 41.03333333333333, 41.7, 41.333333333333336, 38.6, 36.0, 35.63333333333333, 35.0, 36.4, 37.43333333333333, 34.06666666666667, 33.96666666666667, 33.43333333333333, 39.8, 39.46666666666667, 39.0]}