{"day": 0, "month": 10, "station_id": 159, "predict": [33.07907183189045, 34.14701633250121, 34.42937359857451, 33.85082144685422, 35.68113218147928, 37.345309584649996, 36.88978668124034, 37.31054500716824, 32.336526212272936, 23.075842203599716, 18.310247866650688, 15.707047686704808, 10.21448021786021, 10.617142475907404, 9.445784647609202, 7.377221987540296, 6.343633079451964, 14.358062690495315, 21.268614201908754, 24.95132432016196, 30.232652183172, 30.98629072045289, 30.8621569178051, 31.950469382410258], "test": [34.0, 34.3, 38.0, 38.0, 38.0, 38.0, 37.93333333333333, 36.733333333333334, 30.2, 3.2666666666666666, 0.3333333333333333, 0.0, 0.23333333333333334, 6.4, 8.9, 11.466666666666667, 13.4, 20.733333333333334, 32.3, 37.63333333333333, 38.46666666666667, 38.233333333333334, 39.0, 39.0]}