{"day": 3, "month": 4, "station_id": 73, "predict": [33.08156368503015, 33.97820230517302, 34.1076923623912, 33.924918268226804, 33.977443876585696, 34.685397787859586, 34.26654585721292, 33.03046256490853, 27.891912582197353, 19.789151343555346, 15.166459955883287, 14.74539541484708, 16.69298250793438, 17.883254585464634, 18.61540733454176, 17.121515797029748, 12.096260540602566, 15.294909417697271, 20.06478550630412, 22.807305992943313, 21.069102221299026, 22.526975375053784, 22.313060783855526, 22.888542008394882], "test": [34.5, 33.93333333333333, 34.266666666666666, 35.0, 35.06666666666667, 36.0, 35.233333333333334, 35.7, 30.033333333333335, 6.733333333333333, 1.8, 2.533333333333333, 0.4, 0.5666666666666667, 2.3333333333333335, 4.733333333333333, 2.5666666666666664, 3.466666666666667, 9.733333333333333, 13.2, 15.066666666666666, 15.933333333333334, 17.466666666666665, 22.733333333333334]}