{"day": 0, "month": 12, "station_id": 32, "predict": [14.009011324184335, 13.93745383304694, 15.045213187440027, 14.748668230440733, 16.238340099887193, 16.727555534337473, 18.64798145067822, 14.943411533504827, 13.202817032050705, 6.596227843345251, 1.8619596819482842, 0.5737293554914331, 8.666671568531186, 11.204220576308511, 11.295470082099708, 11.109020630596026, 12.31540095828316, 13.627095272033145, 16.24103072057465, 20.728299569655963, 25.972902920723428, 25.599220084339414, 25.950525317461388, 27.13745345285425], "test": [18.0, 18.0, 18.0, 18.0, 18.0, 18.0, 18.0, 17.766666666666666, 16.5, 14.76666666666667, 13.666666666666668, 13.133333333333333, 14.233333333333333, 17.533333333333335, 20.7, 20.233333333333334, 23.533333333333335, 26.4, 24.73333333333333, 24.466666666666665, 23.933333333333334, 24.0, 24.0, 24.0]}