{"day": 2, "month": 6, "station_id": 154, "predict": [15.506989676356213, 15.772316584305853, 16.547519915208664, 14.548345643801719, 11.19528957919296, 12.40241390176528, 19.200105224856188, 30.797387789155536, 33.654102887631794, 31.067185192747857, 31.908406378579215, 32.48936914789456, 31.256283116622278, 29.172305402198045, 26.839569361506776, 21.362692001633402, 12.946156683841608, 15.874413385703239, 15.076578615151991, 9.024813093016428, 11.153213166500636, 9.2670183300268, 9.589546169046958, 9.02837134146656], "test": [10.0, 10.0, 10.0, 10.0, 10.0, 8.8, 9.366666666666667, 31.966666666666665, 30.9, 32.06666666666667, 31.8, 31.833333333333332, 31.6, 25.36666666666667, 23.666666666666668, 10.3, 3.566666666666667, 8.233333333333333, 15.966666666666667, 17.833333333333332, 5.266666666666667, 2.1666666666666665, 1.3333333333333333, 2.0]}