{"day": 3, "month": 5, "station_id": 73, "predict": [35.70446136253695, 37.0, 37.0, 37.0, 37.0, 37.0, 37.0, 37.0, 29.262376291635643, 19.803023423398766, 13.927101243593716, 11.985217093308554, 12.28494566363055, 13.081007877378235, 14.940216985575729, 14.88499545287553, 13.21819353388, 18.632630932999692, 23.07055089994102, 24.474267530691016, 23.64643719033206, 23.889922734607968, 22.700802077856657, 24.09521648414191], "test": [37.0, 37.0, 37.0, 37.0, 36.93333333333333, 36.0, 34.53333333333333, 35.06666666666667, 28.866666666666667, 10.4, 3.5, 1.5, 1.6666666666666667, 3.0, 0.7, 3.1333333333333333, 6.4, 6.0, 3.466666666666667, 24.433333333333334, 27.06, 28.100000000000005, 28.75333333333333, 29.459999999999997]}