{"day": 0, "month": 8, "station_id": 703, "predict": [20.36894721019878, 21.061782618722773, 21.070772573980108, 21.1761596325323, 19.99131108490114, 19.63198754160453, 15.213955586849975, 11.97215877428208, 7.955291934250106, 6.126561730363267, 6.135365170375989, 7.064825745220016, 7.390903994744427, 6.714476835214689, 5.79990890861366, 6.963375964347673, 13.518630982437472, 18.129680625086035, 21.66758693097719, 22.645054769152996, 21.936953846642755, 22.41665611868736, 21.229217934469872, 21.27407557157709], "test": [16.0, 16.0, 16.0, 16.0, 16.0, 16.0, 15.4, 11.3, 9.633333333333333, 8.0, 5.066666666666666, 13.600000000000001, 7.941666666666666, 20.0, 17.033333333333335, 19.166666666666668, 20.933333333333334, 23.0, 22.9, 21.833333333333332, 23.0, 24.933333333333334, 25.0, 24.333333333333332]}