{"day": 3, "month": 11, "station_id": 107, "predict": [10.275776528456362, 9.554321797709147, 9.436661185635199, 9.430550956454315, 8.873259559292428, 8.916494726250734, 10.246176618798856, 13.411037551025169, 15.51625297437776, 14.534890180143428, 13.616130877006904, 12.467812426788518, 13.064590192176961, 14.19778364331702, 14.697760924778212, 15.089571768137255, 14.228484570269273, 14.032090996489996, 13.430122866280005, 13.456536685541693, 16.188548801990216, 15.904094672699953, 15.214929714158012, 14.149619765046298], "test": [7.9, 8.6, 9.0, 9.0, 9.0, 9.166666666666666, 10.333333333333334, 12.566666666666666, 17.166666666666668, 16.266666666666666, 14.866666666666667, 15.9, 13.733333333333333, 14.7, 13.599999999999998, 13.866666666666667, 13.966666666666667, 14.566666666666666, 15.566666666666666, 16.933333333333334, 9.533333333333333, 10.933333333333334, 12.833333333333334, 12.0]}