{"day": 2, "month": 7, "station_id": 154, "predict": [10.786774525762922, 11.376305544917956, 11.928196511466023, 10.1605881620373, 10.34188438515527, 11.888771550797717, 18.027404336607955, 29.749138596729054, 34.98357944379287, 30.754425154837904, 32.33502558224593, 33.6603398214361, 34.41029231820982, 33.04017313130405, 29.74257618900665, 24.638722870749294, 19.557072164129735, 23.648922905365147, 23.56465013194966, 17.79345862346883, 16.152096403736564, 13.705134131689324, 13.305123450373024, 13.618618287371444], "test": [12.366666666666667, 13.0, 13.0, 13.0, 13.0, 14.0, 24.633333333333333, 34.2, 30.266666666666666, 32.333333333333336, 33.53333333333333, 33.733333333333334, 34.53333333333333, 34.06666666666667, 34.4, 26.766666666666666, 7.7, 17.866666666666667, 19.766666666666666, 4.8, 2.9, 1.0666666666666667, 4.666666666666667, 6.6]}