{"day": 0, "month": 5, "station_id": 177, "predict": [10.089140871580756, 10.54320340052463, 10.675316627811426, 10.476601378224847, 6.977804549519571, 8.177524530823629, 8.302766500399567, 10.18913800644053, 7.130399109802007, 7.417762097772243, 7.872098560187789, 8.519971418754501, 8.210334912598622, 8.667812126669958, 7.914630644195802, 7.444655056478558, 9.066295845256986, 9.101753963628695, 9.453767010488912, 9.407738603604487, 12.514310839575987, 13.553045377716952, 13.543567718132135, 14.722614862761214], "test": [0.3333333333333333, 1.0, 1.0, 1.0, 1.0, 0.5666666666666667, 1.0, 0.4333333333333333, 0.0, 4.5, 6.466666666666667, 9.566666666666666, 9.466666666666667, 9.0, 8.166666666666666, 17.966666666666665, 20.733333333333334, 18.533333333333335, 20.733333333333334, 20.0, 12.466666666666667, 7.5, 9.233333333333333, 13.533333333333333]}