{"day": 4, "month": 4, "station_id": 251, "predict": [27.881987763645203, 27.96598130348005, 26.282572720281095, 26.12116121368352, 28.85919932989511, 28.552502061036794, 25.43322017440511, 18.948668261055793, 14.533492333227265, 13.564277238417697, 12.982824331212496, 14.000557020195144, 12.535252201529872, 11.704391330637778, 10.60923637192462, 11.50288177283307, 14.08083461029361, 17.337285703391743, 22.007765611176104, 26.055876643360136, 24.350155575102303, 24.85189505621818, 24.158225453698545, 24.726078511953183], "test": [32.0, 32.0, 31.966666666666665, 33.0, 33.0, 30.8, 27.9, 19.2, 16.433333333333334, 9.533333333333333, 6.366666666666667, 4.733333333333333, 3.966666666666667, 7.0, 8.533333333333333, 8.5, 10.166666666666666, 17.4, 16.566666666666666, 18.033333333333335, 15.2, 17.83333333333333, 20.233333333333334, 21.7]}