{"day": 6, "month": 7, "station_id": 101, "predict": [22.0, 22.0, 22.0, 22.0, 22.0, 22.0, 20.915887139325825, 17.13717089601966, 12.161290787824557, 9.405068270495047, 8.364240828172795, 9.32264042955146, 13.94063337427821, 13.247579984587771, 13.533095662814393, 14.350637985993163, 18.86446352284037, 22.0, 22.0, 22.0, 22.0, 22.0, 22.0, 22.0], "test": [21.0, 20.9, 21.0, 21.0, 21.0, 21.0, 21.0, 21.0, 21.0, 21.0, 20.6, 20.433333333333334, 21.8, 20.9, 19.8, 19.3, 18.733333333333334, 20.333333333333332, 21.866666666666667, 22.0, 22.0, 19.9, 19.866666666666667, 20.666666666666668]}