{"day": 0, "month": 6, "station_id": 217, "predict": [12.06954237718413, 13.39714686917487, 13.823522127987987, 13.385651974956811, 14.085703280876517, 14.50224844503547, 14.084095178981936, 13.17743772500685, 11.175614963082062, 8.703701536170435, 6.539566005852554, 6.573941818356138, 6.163254438643123, 7.914770771749861, 8.028065766890876, 6.7189268797585395, 4.903531232725529, 4.856144109056013, 6.990972207150499, 9.8882888664566, 12.19602375517598, 12.978959643202929, 12.3311149266, 12.468124075451236], "test": [16.0, 16.0, 16.0, 16.0, 16.0, 15.066666666666666, 14.866666666666667, 12.866666666666667, 9.866666666666667, 1.8333333333333333, 0.9666666666666667, 0.9333333333333333, 5.2, 1.0, 0.6666666666666666, 7.1, 8.433333333333334, 4.4, 9.7, 12.433333333333334, 12.533333333333333, 12.3, 12.566666666666666, 11.8]}