{"day": 6, "month": 4, "station_id": 177, "predict": [7.376580958215882, 6.9800339998149985, 6.574754484525244, 3.9026888395392314, 6.091397267429032, 7.285915726040311, 5.040841788917582, 5.188755239722292, 8.663174791098657, 6.286062431820969, 5.165408009379266, 5.191590794805825, 9.996327891153012, 11.30141176783887, 11.42373938198916, 11.017087239973986, 7.104683915913706, 6.771816584524307, 6.6999716694366525, 6.512977813940854, 7.77999441307973, 8.984769295148121, 8.294515752044557, 8.791208092439822], "test": [12.166666666666666, 12.933333333333334, 12.0, 12.0, 12.0, 12.0, 11.566666666666666, 11.666666666666666, 10.033333333333333, 9.033333333333333, 8.1, 4.1, 2.8, 1.8000000000000003, 0.5333333333333333, 2.066666666666667, 11.766666666666667, 12.0, 10.5, 8.933333333333334, 9.866666666666667, 7.166666666666667, 6.0, 6.0]}