{"day": 0, "month": 9, "station_id": 73, "predict": [16.04456929297133, 17.58828398699393, 18.606605309922017, 17.92366148144412, 20.655464753288793, 22.485372801538226, 22.50022809988172, 22.028345971239073, 16.74168130988272, 8.72830411138471, 3.6606750269701007, 1.5828919210657197, 1.1435197987203938, 2.9050395050583804, 3.4842728223514055, 3.524916793988867, 4.7186155272604235, 9.778198202205457, 15.110894841186354, 17.635740280586656, 21.66138193213434, 21.277547388920315, 19.176398019039922, 20.053470677013685], "test": [25.0, 24.0, 24.0, 24.0, 24.0, 23.866666666666664, 22.266666666666666, 18.333333333333332, 10.633333333333333, 0.23333333333333334, 0.13333333333333333, 1.6, 1.6, 2.433333333333333, 6.9, 6.799999999999999, 6.533333333333333, 14.166666666666666, 28.533333333333335, 34.96666666666667, 36.9, 36.93333333333333, 36.8, 36.333333333333336]}