{"day": 5, "month": 11, "station_id": 427, "predict": [43.0, 43.0, 43.0, 43.0, 43.0, 43.0, 42.679415078513266, 36.92931358594395, 24.74039226951296, 17.642130974091376, 14.51860227469273, 14.996093888164006, 21.218742528998728, 20.94688331378467, 19.52253081231838, 19.02033628657527, 26.582079234517323, 33.09650690574044, 39.82790945501143, 43.0, 40.77342747519279, 39.98293472180358, 39.720880129655455, 41.1755056794175], "test": [39.63333333333333, 40.0, 40.0, 37.6, 34.2, 34.0, 34.0, 33.0, 33.0, 32.3, 29.06666666666667, 24.633333333333336, 24.133333333333333, 24.433333333333337, 25.899999999999995, 26.866666666666667, 27.9, 27.3, 29.233333333333334, 29.6, 29.8, 30.0, 29.2, 33.5]}