{"day": 2, "month": 3, "station_id": 270, "predict": [0.16868920838758356, 0.0, 0.0, 0.0, 0.9014552984479943, 0.16528935598411493, 1.582545359025939, 2.9779761850692674, 5.760656005783321, 9.631361496211682, 9.682705081832378, 7.8064745801801765, 4.987686805766784, 4.358157121600301, 5.795331112154702, 5.642015466519553, 3.653277500561564, 0.0, 0.0, 0.0, 0.0, 0.0, 0.0, 0.0], "test": [4.0, 3.7, 3.0, 3.0, 3.0, 2.8333333333333335, 1.3666666666666667, 0.8, 3.1666666666666665, 6.133333333333334, 4.8, 4.566666666666666, 5.133333333333334, 6.0, 5.633333333333334, 4.666666666666667, 3.7, 0.9, 3.6666666666666665, 0.26666666666666666, 1.2, 2.6666666666666665, 3.7, 4.133333333333334]}