{"day": 0, "month": 1, "station_id": 703, "predict": [22.87563122823103, 23.01498199266101, 22.75915660176564, 23.567075823291564, 25.0, 25.0, 20.822559858927224, 15.779006869228438, 10.982859087867796, 10.500800437830748, 11.830086587402674, 13.044601186675242, 14.64522106960191, 13.601855438601786, 13.864955440569812, 14.641263918084343, 12.951738734705714, 15.960309548774587, 17.735204617737278, 19.390055301103185, 18.246652618438524, 19.020522693084036, 19.00700005740822, 19.307478465769474], "test": [24.0, 24.0, 24.0, 24.0, 24.0, 23.666666666666668, 15.233333333333333, 2.3, 10.733333333333333, 1.3, 13.333333333333334, 11.6, 9.933333333333334, 9.633333333333333, 5.633333333333334, 6.133333333333334, 12.1, 7.5, 19.066666666666666, 25.0, 25.0, 25.0, 25.0, 25.0]}