{"day": 4, "month": 7, "station_id": 278, "predict": [12.38406528968166, 12.483416305368976, 12.094111317381717, 11.655243231221347, 13.560991265587468, 13.722946752870646, 12.428871928173058, 12.852589339705343, 11.36602094267688, 7.312153669907436, 5.906450368078645, 5.830022817300348, 4.888576095670515, 5.615423547605544, 6.222306373946327, 6.604984135158033, 10.177157544036074, 13.26819026614764, 14.734562075934374, 14.079428096778067, 14.339901503558892, 14.853094284158882, 15.133071853488408, 15.826473518853058], "test": [16.0, 16.0, 16.0, 16.0, 16.0, 16.6, 15.666666666666666, 15.633333333333333, 12.066666666666666, 0.6, 0.6333333333333333, 2.3666666666666667, 13.23333333333333, 12.666666666666668, 13.833333333333334, 13.266666666666667, 14.833333333333334, 12.433333333333334, 11.033333333333333, 11.133333333333333, 10.733333333333333, 13.0, 10.033333333333333, 12.7]}