{"day": 6, "month": 7, "station_id": 154, "predict": [30.880160317417342, 31.786106551641478, 31.587018414114475, 30.178369090845393, 26.974743492781407, 28.11970412614851, 33.34704531018041, 35.0, 35.0, 35.0, 35.0, 35.0, 35.0, 35.0, 35.0, 30.753332888390524, 24.367673794713436, 20.831881103079233, 20.79467519919347, 20.712840502030424, 22.830676782929945, 19.889542699233406, 17.048593103982103, 17.184466994849263], "test": [31.0, 31.0, 31.0, 31.0, 31.0, 31.0, 31.966666666666665, 32.0, 32.233333333333334, 28.233333333333334, 29.766666666666666, 31.666666666666668, 34.2, 33.766666666666666, 34.36666666666667, 34.0, 34.233333333333334, 33.833333333333336, 33.56666666666667, 28.7, 29.526666666666664, 28.893333333333334, 27.266666666666666, 24.406666666666666]}