{"day": 6, "month": 7, "station_id": 95, "predict": [11.945657251253452, 11.502877724301031, 11.322855791908957, 11.310188349110796, 11.232268568855531, 11.597507191486201, 10.464171626311995, 9.00652158561106, 6.657528829790158, 4.711430447287935, 3.778879648629797, 4.293404311683906, 7.431849859409949, 7.086246299669782, 7.470870427893759, 7.445221871511347, 8.989037468298399, 10.731431763003412, 12.549345869340446, 13.793423476043712, 13.81439769185636, 13.407558904370775, 13.321959002462538, 12.539766052446657], "test": [10.166666666666666, 10.666666666666666, 9.0, 9.0, 10.4, 11.0, 11.0, 11.0, 11.0, 11.0, 10.966666666666667, 10.766666666666667, 11.133333333333333, 12.933333333333334, 11.1, 5.266666666666667, 9.666666666666666, 13.033333333333333, 10.566666666666666, 13.6, 12.8, 13.966666666666667, 13.666666666666666, 12.166666666666666]}