{"day": 4, "month": 2, "station_id": 18, "predict": [18.438290874672997, 19.635122379986125, 19.073309638929686, 18.810322603973376, 19.955779154518375, 20.356036657948195, 19.989571659583454, 18.841392935888067, 17.4376298057156, 13.52144632283237, 10.987690356262208, 9.884339513085969, 13.843587422714412, 13.609909417238699, 12.894679067224372, 12.502186083715356, 16.480808702567387, 18.98878184186294, 21.74019630916131, 23.83639521909191, 20.28963838545767, 21.623519628919745, 23.030210997269677, 24.790033235001665], "test": [22.866666666666667, 23.0, 23.0, 23.0, 24.7, 26.0, 25.833333333333332, 24.166666666666668, 20.6, 22.6, 19.6, 19.2, 25.933333333333334, 17.733333333333334, 14.633333333333333, 12.966666666666667, 14.133333333333333, 12.3, 6.466666666666667, 5.8, 6.533333333333333, 6.3, 7.799999999999999, 9.233333333333333]}