{"day": 1, "month": 11, "station_id": 564, "predict": [20.22222908391384, 19.09658922490054, 18.49517854400959, 18.476473021917567, 21.630868777460282, 26.031258969756294, 24.7727611925624, 24.593121830434782, 26.96218476134629, 23.522746083611054, 19.921030058052242, 19.134894774813805, 18.837726410193245, 18.50430871212661, 19.141638014471013, 16.46367340049704, 8.869006228664919, 8.551858047379772, 9.361899439670387, 9.098070994058965, 8.66652632667411, 10.209003502453594, 10.173518862633978, 12.679531664045555], "test": [25.0, 25.0, 25.0, 28.666666666666668, 38.0, 38.0, 37.6, 36.766666666666666, 30.9, 19.466666666666665, 13.7, 8.533333333333333, 6.266666666666666, 6.233333333333333, 6.0, 6.466666666666667, 9.0, 9.233333333333333, 9.033333333333333, 12.133333333333333, 29.2, 30.33333333333333, 32.0, 33.4]}