{"day": 5, "month": 6, "station_id": 66, "predict": [40.0, 40.0, 40.0, 40.0, 40.0, 40.0, 40.0, 40.0, 36.5966646705704, 33.586356425217474, 31.05299615239022, 29.915411160616557, 29.897502581831155, 28.14860098051174, 26.63570884824891, 27.061138214425114, 28.94767915127997, 34.13650384939048, 39.570719939952085, 40.0, 40.0, 40.0, 40.0, 40.0], "test": [40.0, 40.0, 40.0, 40.0, 40.0, 40.0, 40.0, 39.96666666666667, 38.7, 28.733333333333334, 28.533333333333335, 33.96666666666667, 31.466666666666665, 29.966666666666665, 28.0, 24.1, 24.0, 37.63333333333333, 36.2, 35.9, 33.833333333333336, 34.6, 35.0, 36.1]}