{"day": 6, "month": 11, "station_id": 579, "predict": [35.38405928412379, 35.701374942935594, 35.27259871875833, 35.709880134006866, 35.73301363667309, 36.0, 33.24109017211369, 28.47897008628177, 21.014084344733686, 18.34463404957781, 18.05184622221869, 19.76871752197353, 24.040977735733794, 23.474449672128074, 20.94005221557677, 22.18529160432541, 26.74795999099901, 35.503410056778556, 36.0, 36.0, 36.0, 36.0, 36.0, 36.0], "test": [36.0, 36.0, 35.8, 31.7, 31.466666666666665, 30.0, 30.0, 30.0, 30.0, 30.166666666666668, 28.333333333333332, 24.9, 25.433333333333334, 24.96666666666666, 23.1, 28.966666666666665, 33.56666666666667, 34.3, 34.666666666666664, 35.9, 35.8, 35.0, 34.93333333333333, 30.1]}