{"day": 4, "month": 11, "station_id": 361, "predict": [10.038136462369915, 7.264945346929329, 6.673312642028335, 9.392706287163483, 2.891016294729032, 2.5993535708360773, 6.1652781319066925, 21.731881218352907, 30.45895964048881, 27.340371782063702, 26.714505852151888, 24.4986823007994, 32.945251326591304, 36.79775602892341, 40.81327471593614, 39.26068509953331, 37.26915655947294, 34.43536776063438, 28.052573988488508, 18.4981726864134, 22.63204668979493, 26.867459641098304, 25.415644957835724, 23.38556548128843], "test": [0.0, 0.0, 0.0, 0.0, 0.0, 0.0, 0.3, 31.566666666666666, 52.733333333333334, 50.13333333333333, 50.06666666666667, 54.56666666666668, 55.00000000000001, 55.00000000000001, 55.00000000000001, 54.833333333333336, 33.56666666666667, 7.900000000000001, 1.3333333333333333, 1.7666666666666666, 12.633333333333333, 4.766666666666667, 1.6, 1.0]}