{"day": 5, "month": 10, "station_id": 95, "predict": [13.68790853376342, 13.494665963481545, 13.991427650851522, 14.002799932095277, 13.57610522354064, 12.802242649527088, 12.658465260835284, 10.623822545489345, 8.4660831296873, 6.299460472913125, 4.953200181021543, 4.535662219880562, 7.350109357732221, 7.686247461672596, 8.163648573563115, 8.876011316091983, 12.118773138718208, 13.281892577606198, 14.56963574885126, 15.0, 11.004804705747155, 10.533913689815078, 11.356702861900175, 11.678482549781197], "test": [12.666666666666666, 11.0, 11.8, 12.0, 12.0, 12.2, 13.0, 12.433333333333334, 12.133333333333333, 12.0, 13.3, 13.833333333333334, 12.2, 13.9, 14.8, 13.766666666666667, 5.033333333333333, 0.9333333333333333, 0.5333333333333333, 0.6333333333333333, 1.2333333333333334, 0.5333333333333333, 6.766666666666667, 12.066666666666666]}