{"day": 5, "month": 8, "station_id": 579, "predict": [29.853554649852864, 29.546206320493216, 31.96145200456844, 31.055903385903097, 20.93851918776696, 20.79300048559576, 15.69808988079982, 8.944947669397193, 5.922056319064527, 0.06859498261595753, 0.0, 1.5636816793480168, 9.91378227565281, 8.204630777157071, 4.793694539453335, 2.402257848904193, 9.421048108402942, 19.79628702779309, 27.762184302747706, 30.828455614831682, 26.76699629437787, 27.772556367504137, 26.63094165331701, 27.05243395084607], "test": [9.0, 9.0, 9.0, 9.0, 16.6, 27.566666666666666, 28.0, 28.133333333333333, 24.633333333333333, 20.8, 18.4, 12.7, 8.933333333333334, 15.1, 16.133333333333333, 13.1, 4.7666666666666675, 8.5, 12.1, 10.0, 10.766666666666667, 13.866666666666667, 14.933333333333334, 15.0]}