{"day": 4, "month": 2, "station_id": 340, "predict": [15.422375873830248, 16.0, 15.902143335603354, 16.0, 16.0, 16.0, 15.551421440000107, 11.617285000980957, 8.10851503250543, 7.612716817271536, 7.062429623595509, 7.640254567058587, 5.849562242995023, 5.577101493725209, 4.758178061827131, 4.667126153317139, 6.430031511107568, 7.202443082932922, 9.375168616508716, 12.1224002023795, 13.104337363742818, 13.33471019864864, 12.945663566134357, 13.159483499282716], "test": [16.0, 16.0, 16.0, 16.0, 16.0, 15.933333333333334, 12.366666666666667, 7.333333333333333, 6.266666666666667, 1.4666666666666666, 1.1, 2.4, 2.1666666666666665, 3.1666666666666665, 8.3, 8.6, 10.3, 8.033333333333333, 15.133333333333333, 14.966666666666667, 15.6, 15.466666666666667, 15.233333333333333, 16.0]}