{"day": 6, "month": 9, "station_id": 374, "predict": [12.978729418869957, 13.356819344202997, 13.215917379962438, 12.79228948145905, 8.26565170526933, 8.068982590073771, 10.830501301029535, 16.845098307267644, 21.36111308610189, 22.33963103885601, 19.702703309433428, 15.753270101009354, 8.617502405435651, 9.31818667500692, 10.886020268142754, 10.556265897694647, 7.922549717651222, 5.4832402337210215, 3.9828152995641943, 3.4676895024748178, 2.1189729450980823, 0.5511979259082036, 0.0, 0.0], "test": [6.933333333333334, 8.633333333333333, 9.233333333333333, 10.0, 9.0, 10.133333333333333, 12.0, 10.566666666666666, 9.866666666666667, 8.033333333333333, 5.799999999999999, 2.8666666666666667, 1.8333333333333333, 1.0, 1.4666666666666666, 0.2, 0.16666666666666666, 2.8666666666666667, 0.0, 0.8333333333333334, 0.13333333333333333, 1.6333333333333333, 1.4666666666666666, 3.3333333333333335]}