{"day": 5, "month": 2, "station_id": 541, "predict": [24.230305436179297, 24.013654260175294, 23.762216158938834, 23.156924824608485, 20.098389210406914, 20.050923517323287, 18.532019798281286, 14.929153693992546, 9.340076211753415, 4.944746708325517, 2.825787606765562, 3.6952775603339716, 10.843346136495887, 13.49251856517177, 14.490331213474377, 13.722116581269708, 18.620164128900043, 18.930555151699117, 21.277605704536562, 23.29092503783327, 22.228399780093056, 22.320312475665844, 22.8656118375281, 23.49500482217828], "test": [20.0, 20.0, 20.0, 19.8, 19.0, 19.633333333333333, 20.0, 18.6, 18.6, 18.066666666666666, 14.433333333333335, 17.966666666666665, 21.0, 24.2, 24.7, 27.366666666666667, 24.733333333333334, 11.466666666666667, 7.5, 8.133333333333333, 9.733333333333333, 10.433333333333334, 11.066666666666666, 12.766666666666667]}