{"day": 6, "month": 7, "station_id": 270, "predict": [18.459567275355262, 16.774051675708918, 17.89191379750311, 18.85269765902667, 16.537893847044952, 16.786319432845264, 18.335245318135286, 21.725879913114927, 23.809399879960186, 27.46556574053494, 28.61335111467235, 29.613577109852407, 24.390587178146298, 26.5667938193833, 25.645195366830453, 25.208866221579285, 18.570828642519565, 12.405744904996768, 8.847094296906546, 5.369331539480565, 11.487445621785632, 13.474864150113989, 14.325779358235765, 16.329347884470035], "test": [13.533333333333333, 13.766666666666667, 15.066666666666666, 18.0, 16.9, 16.0, 16.566666666666666, 16.6, 16.533333333333335, 17.133333333333333, 18.866666666666667, 18.0, 16.266666666666666, 16.666666666666668, 16.7, 16.066666666666666, 16.266666666666666, 16.966666666666665, 18.733333333333334, 21.0, 27.8, 29.066666666666666, 29.266666666666666, 29.633333333333333]}