{"day": 4, "month": 8, "station_id": 703, "predict": [23.47474387858695, 23.692518122065508, 22.64764106834502, 23.097548173969486, 23.52023313565332, 24.21887820259694, 19.739940587454203, 13.237951296247363, 10.094346984319607, 10.963174900673668, 11.545528788607239, 13.300187902493748, 12.721781535941219, 12.13036220731227, 11.278339171749717, 12.039163339436096, 14.044415670530796, 15.952834377374824, 19.479116265605207, 22.74933053606942, 23.29110958033108, 23.794312275467714, 24.3490777780747, 24.410420495412204], "test": [25.0, 25.0, 24.966666666666665, 23.433333333333334, 23.0, 23.0, 20.5, 16.266666666666666, 4.3, 0.06666666666666667, 8.733333333333333, 9.4, 9.4, 6.166666666666667, 8.6, 16.533333333333335, 22.866666666666667, 21.066666666666666, 21.366666666666667, 24.9, 24.766666666666666, 25.0, 25.0, 19.7]}