{"day": 4, "month": 10, "station_id": 64, "predict": [16.051685948476443, 17.25929060750196, 16.93032575207904, 17.01271873761984, 17.662167732476846, 18.363737030389583, 17.132380220311532, 15.763894527805222, 17.607969990211423, 18.696911657309794, 16.34228360921152, 12.358783259403191, 7.653739905428145, 7.390836392761785, 9.217074956708716, 7.880346507003283, 9.601255389243699, 7.343234395312476, 7.505726598599247, 8.193450733003798, 11.329991532561626, 14.64820850860412, 17.79372181607243, 20.29320792949117], "test": [18.766666666666666, 23.0, 24.466666666666665, 25.0, 25.0, 25.0, 24.333333333333332, 20.266666666666666, 15.566666666666668, 13.633333333333333, 13.76666666666667, 13.866666666666665, 15.866666666666667, 14.800000000000002, 12.133333333333333, 6.766666666666667, 12.333333333333334, 6.791666666666667, 12.866666666666667, 13.066666666666665, 9.3, 6.0, 5.133333333333334, 5.566666666666666]}