{"day": 5, "month": 2, "station_id": 71, "predict": [27.22062582934359, 27.2301479191709, 26.68421310416744, 26.788893967477915, 27.616356147843245, 26.478805969019202, 23.59265276410445, 19.512123203325306, 17.21281568823118, 15.767563865587563, 16.589393250967696, 17.605386599086764, 23.344455151276104, 20.703501340117988, 17.770415618446147, 17.168565248459476, 22.053001478721495, 26.72320403051064, 30.120207788374366, 32.09843475456736, 32.03135194341735, 32.786632214241656, 33.95208308912816, 34.0], "test": [28.0, 28.633333333333333, 28.0, 28.0, 28.0, 28.0, 28.0, 28.0, 28.9, 28.066666666666666, 29.333333333333332, 28.233333333333334, 28.4, 27.0, 24.53333333333334, 25.966666666666665, 25.566666666666666, 24.366666666666667, 26.733333333333334, 25.633333333333333, 25.6, 26.0, 28.466666666666665, 29.033333333333335]}