{"day": 1, "month": 9, "station_id": 154, "predict": [0.0, 0.0, 0.0, 0.0, 0.0, 0.3467110956352293, 6.664917853068355, 17.618821882851467, 23.172074490351836, 18.756889135427357, 20.459745698967435, 21.263157752855733, 24.95045887776814, 24.598008146820877, 23.106028858798425, 19.607096945337883, 16.731553171301275, 19.101588448125113, 15.988667606681632, 8.212935492540172, 6.568656770328087, 4.928715021658719, 6.220181589610932, 6.310904120014935], "test": [1.0, 1.0, 1.0, 1.0, 1.0, 1.0, 12.933333333333334, 14.533333333333333, 30.733333333333334, 32.0, 33.266666666666666, 34.63333333333333, 34.6, 34.06666666666667, 27.633333333333333, 21.2, 3.7333333333333334, 1.6333333333333333, 1.7, 1.5333333333333334, 0.0, 0.0, 0.0, 5.5]}