{"day": 4, "month": 12, "station_id": 246, "predict": [33.5864939068555, 33.96413184095026, 33.25968791099005, 32.582437468631134, 33.17754960128191, 33.87154112256452, 32.97764614119773, 34.581053150782544, 34.01974113598474, 27.902180931619224, 24.500208066918734, 22.90015431188357, 28.74954706533397, 28.773123810485004, 28.210948251079284, 27.52518241359673, 32.01508350132479, 33.88808429532822, 36.16651201139637, 37.103975416723394, 37.17481665848719, 38.35263951719048, 38.23746582419516, 38.3684255010522], "test": [34.6, 40.0, 40.0, 40.0, 40.0, 40.0, 40.13333333333333, 41.0, 40.86666666666667, 40.46666666666667, 41.0, 41.0, 40.8, 39.0, 39.43333333333333, 40.333333333333336, 34.46666666666667, 30.36666666666667, 31.266666666666666, 31.0, 31.733333333333334, 32.0, 32.0, 33.666666666666664]}