{"day": 4, "month": 7, "station_id": 703, "predict": [21.780708540040035, 22.569846830166384, 22.496292148046496, 22.2230359891115, 23.1162767503309, 22.553883787897902, 18.42461804677258, 12.542134688864238, 7.135358221893751, 5.830093786237835, 5.211219406056437, 6.723163368279613, 7.943020038309499, 8.563171112358313, 8.670839876774803, 9.541230375002021, 11.516249631363875, 14.10775029022411, 18.30031744517033, 21.94878327330686, 21.295979379942533, 22.031197858981923, 21.411954081423417, 22.392532617782603], "test": [25.0, 25.0, 25.0, 25.0, 24.133333333333333, 23.4, 13.666666666666666, 5.233333333333333, 5.633333333333334, 3.4333333333333336, 2.6666666666666665, 1.5333333333333334, 0.5333333333333333, 1.5333333333333334, 5.866666666666666, 7.933333333333334, 11.733333333333333, 12.3, 19.4, 23.2, 24.0, 23.4, 24.0, 24.0]}