{"day": 1, "month": 12, "station_id": 14, "predict": [13.876600065255822, 13.992204006868285, 13.91957779843693, 14.665718903788559, 22.63001255370685, 22.044052067524543, 21.434012229257267, 21.007517649575238, 30.46833519571183, 34.839933795973685, 39.168778492368034, 42.20635447536074, 44.975386298979494, 45.52363521932092, 45.21573964862939, 47.061688071941575, 45.30668450838742, 46.10789636322583, 45.71901241977347, 44.172755441597324, 36.302615809775034, 35.28903181931015, 33.68674338603111, 32.444119876159306], "test": [36.0, 36.0, 36.0, 36.0, 36.0, 36.0, 36.0, 36.733333333333334, 36.233333333333334, 36.13333333333333, 34.56666666666667, 45.93333333333333, 46.0, 31.666666666666664, 44.13333333333333, 44.233333333333334, 39.5, 34.266666666666666, 24.633333333333333, 14.233333333333334, 3.7, 1.1, 1.0666666666666667, 0.13333333333333333]}