{"day": 6, "month": 10, "station_id": 229, "predict": [18.128911431931936, 18.600619805174965, 18.7846403727322, 18.964391495032615, 19.23790735443658, 19.582806443679967, 18.652071880485966, 15.431214278935022, 12.756736135453748, 10.342934264549438, 9.415329670215028, 9.588002083887783, 10.804114997694102, 10.825786766226766, 10.926626981948168, 11.541018900821264, 13.375316186355521, 15.630351524904595, 17.099944089741857, 17.618248746134597, 16.019191493020443, 16.855354000955856, 19.141588241292567, 21.200184980403712], "test": [15.899999999999999, 16.3, 17.166666666666668, 18.0, 18.0, 18.0, 18.0, 17.3, 16.7, 16.0, 15.133333333333333, 15.0, 15.533333333333335, 14.233333333333334, 11.333333333333334, 7.933333333333334, 12.366666666666667, 12.033333333333333, 12.666666666666668, 14.566666666666666, 14.066666666666666, 15.033333333333333, 18.166666666666668, 19.0]}