{"day": 4, "month": 12, "station_id": 199, "predict": [22.47835878333082, 23.221452094873033, 22.94150621173293, 22.607554727025725, 23.27742830964324, 23.882835483017622, 22.90037079820529, 21.842260282981677, 17.917609836734847, 14.067438903930176, 12.256419649105503, 12.085049015770549, 12.751146724020428, 12.560849941954553, 11.490270836279358, 10.974439742657266, 11.249338257365034, 13.685255323966159, 16.444957314081638, 17.556829185797966, 16.420151743400886, 16.038037579919376, 15.40454713988446, 15.401142264206522], "test": [22.0, 22.0, 22.0, 22.0, 22.0, 22.0, 21.3, 19.0, 18.566666666666666, 16.066666666666666, 14.0, 15.0, 12.3, 10.833333333333334, 9.766666666666667, 12.26666666666667, 12.0, 9.3, 9.766666666666667, 16.066666666666666, 22.0, 21.066666666666666, 21.466666666666665, 20.033333333333335]}