{"day": 4, "month": 7, "station_id": 732, "predict": [17.423281526433257, 18.34495898857447, 18.131012473196098, 17.36962397949513, 16.660230962272337, 18.566659667470756, 17.4975114112868, 15.461248495317847, 13.074526521216374, 10.483071446498089, 6.857729388815817, 5.401486579077754, 5.757291455272229, 6.573546975050795, 5.933129896580587, 5.646178763614927, 5.574415437722653, 5.531560065307515, 7.968437970830406, 11.742729016352243, 10.769393559776525, 12.468214585509905, 12.789046836981461, 13.846068401470589], "test": [21.0, 20.066666666666666, 20.0, 20.0, 20.0, 20.366666666666667, 19.866666666666667, 17.533333333333335, 18.5, 9.766666666666667, 7.733333333333334, 8.933333333333334, 6.3, 5.533333333333333, 4.733333333333333, 5.4, 0.6666666666666666, 2.1666666666666665, 2.1333333333333333, 8.666666666666666, 10.1, 12.066666666666666, 12.466666666666667, 11.566666666666668]}