{"day": 3, "month": 11, "station_id": 195, "predict": [19.568961472523608, 22.130491124936512, 22.000363351100848, 21.629629496811972, 23.16664181855262, 23.610327953464086, 23.89378989282254, 23.3684734339574, 20.21247199958594, 14.044090605025655, 12.083715716733584, 13.014239486666822, 13.498554601685342, 13.050958171896278, 12.148632462334543, 10.82356353786891, 8.783177547441545, 15.883481194657186, 21.114777377844938, 23.386715691915402, 22.884624320124946, 23.19526045193083, 21.934472264802565, 21.646807580062323], "test": [26.8, 26.033333333333335, 27.0, 27.0, 27.0, 27.0, 27.0, 28.666666666666668, 25.066666666666666, 12.3, 6.266666666666667, 5.166666666666667, 5.8, 8.5, 6.966666666666667, 7.366666666666666, 6.5, 11.1, 18.833333333333332, 27.233333333333334, 28.366666666666667, 28.566666666666666, 28.733333333333334, 29.033333333333335]}