{"day": 3, "month": 1, "station_id": 214, "predict": [10.24411220548638, 9.71994148819685, 11.235088873289193, 11.19438437090252, 12.361536056698196, 11.626187592548039, 13.76616651147172, 17.27309234456248, 23.61942829997152, 22.44097915919273, 22.683496266484788, 20.674256469662556, 17.393141866418993, 18.899296696258226, 22.753667463308886, 22.984961698299607, 21.373820741491574, 18.8857982842402, 13.738973081183364, 10.957812824916594, 13.3017031215696, 13.612310750235594, 12.119459718748576, 10.312572963189371], "test": [16.0, 16.0, 16.266666666666666, 17.066666666666666, 18.0, 17.866666666666667, 9.766666666666667, 19.566666666666666, 30.6, 18.366666666666667, 16.8, 17.466666666666665, 15.633333333333333, 18.233333333333334, 20.233333333333334, 20.933333333333334, 17.633333333333333, 16.6, 3.5, 14.033333333333333, 18.466666666666665, 17.566666666666666, 14.466666666666667, 16.366666666666667]}