{"day": 6, "month": 12, "station_id": 193, "predict": [33.29846961194882, 35.218015458181625, 37.956266882369526, 36.109792290046066, 39.88902477085481, 40.796021555255045, 42.306802368213674, 39.70673524180311, 33.866527668147775, 27.46709934993314, 22.867733843002604, 19.95758288124277, 24.270709506798305, 25.847989177389387, 25.14539659449389, 25.193962615205365, 29.779462241574763, 28.123571448601574, 34.429758523427175, 36.761388849149434, 39.51527693904535, 40.03464584041337, 40.36235599217169, 41.3354859840707], "test": [40.0, 40.0, 40.0, 40.0, 40.0, 40.0, 40.0, 40.0, 40.0, 40.0, 39.06666666666667, 37.766666666666666, 38.0, 37.06666666666667, 34.1, 34.833333333333336, 36.2, 43.333333333333336, 46.0, 46.833333333333336, 47.0, 47.0, 47.0, 47.0]}