{"day": 1, "month": 8, "station_id": 703, "predict": [16.220883401409907, 16.227051923904504, 15.934215262066207, 15.877911101020798, 19.650621188968824, 19.35541659039131, 15.07936923395205, 8.41106941359579, 5.6763225954826355, 7.721093524323017, 8.123636538606743, 9.108151752427968, 10.368537818726423, 9.532200102828554, 8.857620919201722, 10.042072203190902, 15.832643187115067, 16.91299229681534, 20.60461902426234, 25.0, 23.48952698555028, 24.338337550917228, 21.970262544615267, 21.93285223567211], "test": [23.0, 23.0, 23.0, 23.0, 23.0, 22.566666666666666, 16.366666666666667, 9.233333333333333, 1.4, 5.366666666666666, 8.9, 20.566666666666666, 22.4, 21.366666666666667, 17.033333333333335, 3.7000000000000006, 7.666666666666668, 19.1, 17.6, 23.1, 24.8, 25.0, 23.933333333333334, 24.266666666666666]}