{"day": 4, "month": 9, "station_id": 73, "predict": [28.209038218698264, 28.45691123290095, 28.010272202034074, 26.976321887771682, 27.150658562154845, 27.79071712085648, 27.047448965950498, 26.021789567606085, 22.64772204783565, 13.910227408213586, 7.7196705218227, 4.892281295830038, 5.317250388831168, 6.791005269796474, 7.486726239651257, 7.175892049144501, 7.983219284809728, 13.517030698614928, 19.60357723227901, 22.954422873397696, 29.633810968300633, 30.367117202678873, 28.7517632183583, 29.20512739127882], "test": [32.2, 29.8, 29.033333333333335, 29.566666666666663, 30.0, 31.8, 29.633333333333333, 30.866666666666667, 25.966666666666665, 10.366666666666667, 4.933333333333334, 5.866666666666666, 6.799999999999999, 1.8333333333333333, 0.6000000000000001, 13.166666666666666, 20.0, 22.633333333333333, 33.46666666666667, 36.46666666666667, 33.13333333333333, 29.066666666666666, 25.133333333333333, 23.0]}