{"day": 6, "month": 11, "station_id": 541, "predict": [28.0, 28.0, 28.0, 28.0, 28.0, 28.0, 28.0, 28.0, 21.583418557888198, 17.033274286061225, 14.733135744259041, 14.07867413654688, 19.3015931639198, 17.406638579786268, 18.038892252443077, 17.100749553170598, 21.11095059159954, 24.929481682685402, 28.0, 28.0, 28.0, 28.0, 28.0, 28.0], "test": [27.0, 27.0, 27.0, 27.0, 27.0, 27.0, 27.0, 26.933333333333334, 26.0, 26.066666666666666, 26.3, 22.7, 21.2, 22.433333333333334, 16.766666666666666, 14.733333333333334, 15.466666666666669, 16.5, 18.766666666666666, 20.466666666666665, 24.866666666666667, 25.066666666666666, 26.4, 25.6]}