{"day": 3, "month": 12, "station_id": 101, "predict": [20.96204498789086, 21.103750565635472, 21.063914259108515, 20.965157267363942, 19.85453260536564, 19.9334055556643, 19.137073465630692, 13.504520985274988, 11.569684656054992, 13.075934907268808, 12.489258140603754, 12.625515446024641, 13.706472498077103, 13.909723032497315, 14.399182092684438, 15.142063495606207, 16.791113767055304, 14.640471983874853, 16.055567171412633, 20.11846756780739, 21.97984240543095, 22.0, 22.0, 22.0], "test": [18.533333333333335, 19.0, 19.0, 19.0, 18.1, 17.833333333333332, 16.366666666666667, 14.033333333333331, 9.366666666666667, 19.633333333333333, 19.833333333333332, 16.9, 15.400000000000002, 15.866666666666667, 14.999999999999998, 17.533333333333335, 18.5, 20.466666666666665, 21.333333333333332, 21.666666666666668, 22.0, 22.0, 22.0, 19.2]}