{"day": 3, "month": 12, "station_id": 55, "predict": [24.35564674746862, 25.743919436287936, 26.216550327735902, 25.93043208513919, 24.336775711453676, 24.99342898671126, 24.405245144951273, 23.60563161503123, 21.16819508544774, 18.286762601186744, 14.711796022292912, 12.613886211506243, 15.399357142213935, 16.304817690649305, 16.916773073536934, 16.563525729593323, 20.2986959273295, 18.4640540518373, 18.595165830645918, 20.135211569819297, 22.03827322612962, 24.325167005759337, 25.559631409494997, 27.69818972522689], "test": [22.0, 22.0, 22.0, 22.0, 22.0, 21.866666666666667, 21.066666666666666, 27.0, 26.866666666666667, 24.299999999999997, 24.0, 23.533333333333335, 22.5, 22.533333333333335, 21.166666666666668, 20.6, 22.566666666666666, 23.5, 26.033333333333335, 30.666666666666668, 31.0, 31.0, 31.0, 31.0]}