{"day": 6, "month": 1, "station_id": 703, "predict": [25.0, 25.0, 25.0, 25.0, 24.74796356884987, 25.0, 21.285585163818872, 17.939045076304282, 11.67356862301819, 10.225146587773997, 11.3624904291395, 13.823297939401732, 14.007290927988416, 14.017426163977884, 12.93471341768524, 13.463958286105266, 15.385357745994243, 19.87645860950412, 22.933721831928384, 24.321315717763785, 23.74061423363832, 25.0, 25.0, 25.0], "test": [24.833333333333332, 22.666666666666668, 16.0, 16.0, 16.0, 16.0, 16.0, 15.5, 14.066666666666666, 12.933333333333334, 12.0, 11.866666666666667, 11.7, 11.633333333333333, 13.533333333333333, 15.233333333333333, 16.533333333333335, 23.1, 22.666666666666668, 23.2, 23.0, 23.9, 24.0, 24.0]}