{"day": 5, "month": 12, "station_id": 213, "predict": [0.6919778160832311, 1.0667358982145823, 1.1375226095637607, 1.1091683041059657, 1.1663321318599522, 0.9308529984794286, 0.9046962799463614, 0.19474338364284344, 0.07750058599787722, 0.0, 0.0, 0.0, 0.17529396727982843, 0.34426606324579057, 0.45231908604359455, 0.20440619698140067, 0.0, 0.0, 0.06419350332629192, 0.4313524500801154, 0.34754051938289054, 0.5135435789633814, 1.4158248413062586, 2.143466599385405], "test": [0.0, 0.13333333333333333, 1.0, 1.0, 1.0, 1.0, 1.0, 1.0, 1.0, 1.0, 0.26666666666666666, 0.0, 0.0, 0.0, 0.03333333333333333, 0.16666666666666666, 0.36666666666666664, 0.0, 0.0, 0.2, 0.23333333333333334, 1.0, 2.6, 6.9]}