{"day": 6, "month": 7, "station_id": 192, "predict": [15.68980525863294, 14.538817765569584, 14.81209986593171, 15.171180306548367, 14.92406110939408, 14.498447362153897, 12.369712065575552, 9.725719369361201, 6.206396883320998, 3.848656073368117, 2.040192140866097, 2.3522435086285345, 5.070140508571802, 4.9574882328684335, 4.640398192864277, 4.963745035376437, 6.618064729005058, 7.475459536278727, 9.000842586935244, 9.877062172735956, 9.527507734496373, 11.102456248367684, 13.283428516961992, 14.80711511914288], "test": [14.6, 14.4, 14.266666666666667, 15.0, 15.0, 15.0, 14.566666666666666, 13.633333333333333, 13.0, 12.433333333333334, 12.1, 13.0, 11.733333333333333, 9.166666666666666, 5.466666666666667, 3.466666666666667, 3.466666666666667, 1.0666666666666667, 0.8, 1.5, 2.3, 2.8, 5.3, 14.066666666666666]}