{"day": 4, "month": 3, "station_id": 101, "predict": [12.250919380343433, 11.93134684058083, 11.384987607762834, 10.62316761009317, 12.650628540695037, 11.643938812472008, 9.961283286419285, 7.3868825450306455, 7.065713623005708, 3.902831243455382, 2.082678668527817, 1.9531927348863407, 7.260071873114271, 7.855304830120549, 7.871333425221328, 7.39868359996406, 10.246884703449128, 11.284183617138215, 13.056664414408635, 14.541552714900263, 16.905828939506396, 17.649533795807653, 17.74365456036203, 18.32816194231383], "test": [14.233333333333334, 16.2, 18.966666666666665, 19.033333333333335, 19.0, 18.7, 18.0, 17.133333333333333, 16.0, 16.533333333333335, 15.666666666666664, 12.366666666666667, 12.0, 11.9, 11.0, 11.0, 11.0, 11.3, 12.0, 12.0, 12.0, 10.266666666666667, 10.033333333333333, 11.733333333333333]}