{"day": 0, "month": 6, "station_id": 177, "predict": [20.662362634773842, 20.964126732200224, 21.928118998950797, 21.959075625252726, 18.139857151265808, 18.233419645307166, 19.12438169272449, 17.524281374431, 13.984735209399712, 14.781935159669843, 14.283090746033833, 14.529178743146504, 13.560928397611496, 12.665919375800888, 11.687859047266068, 10.742156275281863, 10.4583862020313, 8.510622306022597, 8.494081951638739, 10.110320282698492, 6.933325383024627, 7.349573364448475, 8.43063867521758, 8.732761622632285], "test": [14.000000000000002, 14.000000000000002, 14.000000000000002, 14.000000000000002, 14.000000000000002, 13.966666666666667, 14.066666666666666, 15.266666666666667, 10.266666666666667, 15.5, 11.333333333333334, 13.866666666666665, 14.73333333333333, 12.2, 15.299999999999999, 20.366666666666667, 9.233333333333333, 1.2666666666666666, 0.8333333333333334, 3.5666666666666664, 3.8, 6.7333333333333325, 11.466666666666667, 12.633333333333333]}