{"day": 5, "month": 2, "station_id": 66, "predict": [39.83130122871501, 39.99534849368645, 40.0, 40.0, 34.894825318482816, 34.51060429511557, 32.791165476185654, 29.22591689854209, 24.341895752939102, 20.01024686981607, 17.147088015590395, 15.868116408798244, 19.17965367246632, 17.152772017797986, 15.270363056823971, 15.14485828410697, 23.839352554537435, 29.750062782713055, 35.96636912876766, 40.0, 38.89089384019667, 39.03665548957062, 39.59026828814553, 40.0], "test": [32.0, 32.0, 32.0, 32.0, 32.0, 32.0, 32.0, 31.633333333333333, 28.733333333333334, 26.866666666666667, 26.1, 26.133333333333333, 26.4, 26.933333333333334, 26.066666666666663, 25.266666666666666, 26.366666666666667, 23.366666666666667, 24.433333333333334, 24.8, 26.466666666666665, 27.0, 27.0, 28.6]}