{"day": 1, "month": 2, "station_id": 703, "predict": [23.918645564304057, 24.310037394814838, 24.0012722199006, 22.665291568214503, 23.933006168533076, 23.74601247025935, 20.12427929257577, 17.223922489521566, 13.379129460031514, 10.443426878787424, 9.632465481979494, 9.8938993260984, 10.509109216747474, 9.973835517962522, 9.617320787075254, 10.006603886590245, 9.21499653709227, 12.117689201015805, 14.856443615697925, 15.86312247049877, 16.129509263565453, 18.313758608029996, 17.51852245981627, 17.780199612483077], "test": [24.0, 24.0, 24.0, 24.0, 24.0, 22.9, 17.633333333333333, 13.733333333333334, 11.033333333333333, 10.766666666666667, 4.9, 4.166666666666667, 8.533333333333333, 5.566666666666666, 5.033333333333333, 5.166666666666667, 6.766666666666667, 9.333333333333334, 22.266666666666666, 22.633333333333333, 19.266666666666666, 20.066666666666666, 21.233333333333334, 22.0]}