{"day": 3, "month": 4, "station_id": 703, "predict": [20.38641211957268, 21.178969155396608, 21.062385069986355, 20.821985988882034, 22.00032009536617, 21.68323960848913, 16.20571016067858, 11.096525966379097, 8.218517683983869, 8.314812016090025, 8.44622825071912, 9.928166087093656, 10.381896468451522, 8.813790563737047, 8.165011549259168, 8.650959782450101, 9.628884356119706, 12.418011307554819, 17.27569995496486, 20.2369914072358, 18.484615379284783, 19.822397574766036, 18.387532232196687, 19.243617097664195], "test": [25.0, 25.0, 25.0, 25.0, 25.0, 23.766666666666666, 12.766666666666667, 9.966666666666667, 1.6, 2.7, 0.0, 0.8, 0.4, 0.23333333333333336, 1.0, 1.3333333333333333, 3.6666666666666665, 14.23333333333333, 23.166666666666668, 24.0, 19.766666666666666, 13.0, 13.0, 13.0]}