{"day": 1, "month": 3, "station_id": 361, "predict": [30.025976233166844, 25.4551334589355, 27.1627154902299, 27.510193908207196, 28.285516876603673, 27.36545537391744, 30.125904852587116, 43.986562869042736, 46.86565910088429, 47.786400567412265, 48.961742047192196, 50.975726406014275, 52.734661159965846, 53.54904210595071, 54.0, 54.0, 47.12572135732986, 38.57438380199419, 38.55703047152615, 34.41926853031582, 34.962104068328706, 35.05780075704929, 30.89739276701225, 26.52340671083865], "test": [37.0, 37.0, 37.0, 37.0, 37.0, 17.833333333333332, 12.0, 12.766666666666667, 14.100000000000001, 28.166666666666664, 53.766666666666666, 53.86666666666667, 47.6, 48.46666666666667, 49.56666666666667, 52.43333333333333, 48.03333333333333, 22.933333333333334, 49.333333333333336, 47.0, 38.766666666666666, 33.233333333333334, 27.766666666666666, 21.833333333333332]}