{"day": 0, "month": 8, "station_id": 73, "predict": [32.57528831640563, 35.79626744813446, 37.0, 37.0, 37.0, 37.0, 37.0, 37.0, 26.822988825200056, 21.391460011050103, 16.209775913433326, 15.062626125462272, 12.653817801037206, 13.205755150730019, 13.868108681903125, 13.019736119782062, 16.094906800925397, 19.497334579569145, 24.679960480143077, 29.377500452281033, 32.58032367230108, 33.88463547232459, 34.836605230518025, 34.43507731717449], "test": [22.4, 24.83333333333333, 24.5, 24.2, 24.600000000000005, 24.766666666666666, 24.0, 24.0, 23.9, 22.366666666666667, 22.866666666666667, 21.733333333333334, 23.233333333333334, 21.6, 18.633333333333333, 20.53333333333333, 18.4, 24.033333333333335, 28.8, 29.6, 27.766666666666666, 29.666666666666668, 32.06666666666667, 32.56666666666667]}