{"day": 5, "month": 6, "station_id": 107, "predict": [18.046449138238142, 17.449647401186063, 16.906455159946304, 15.98665537429073, 12.98625809905992, 13.061703935264433, 13.219171950616529, 13.72244703048916, 11.280083472461369, 9.414903595207566, 6.996500698489282, 5.337650387169981, 7.597612059876458, 9.045890047120462, 10.307878288957406, 10.225509065909764, 11.222686217507206, 10.666259135627046, 10.876010429147149, 12.59027729818352, 16.23864890827413, 16.910833755053567, 15.905301799737435, 14.751860569360662], "test": [10.0, 10.833333333333336, 11.266666666666667, 11.533333333333333, 11.0, 11.0, 11.0, 11.0, 10.8, 11.6, 13.599999999999998, 18.733333333333334, 18.066666666666666, 19.366666666666667, 15.133333333333333, 16.833333333333332, 18.4, 19.433333333333334, 19.166666666666668, 12.366666666666667, 11.033333333333333, 8.466666666666667, 7.166666666666667, 5.633333333333334]}