{"day": 1, "month": 9, "station_id": 579, "predict": [31.811496515569594, 31.646905113197917, 31.04597564612395, 30.612135179874898, 32.98485621659521, 32.57866670748897, 28.47590564111009, 17.01443109678828, 10.956711875408066, 10.438248360228014, 11.048249082985473, 14.117649812122297, 15.710969237706752, 14.442071543773094, 11.938181196405333, 11.756780219852615, 12.583568476660616, 15.640191699736327, 21.71633303479489, 28.0399777992152, 28.36843379216058, 28.158581506286563, 29.98481778856889, 30.96930623034273], "test": [35.0, 35.0, 35.0, 35.0, 34.93333333333333, 34.0, 29.733333333333334, 14.933333333333334, 0.43333333333333335, 1.6, 16.066666666666666, 16.066666666666666, 11.7, 6.866666666666666, 2.533333333333333, 4.166666666666667, 6.1, 22.200000000000003, 35.53333333333333, 34.333333333333336, 28.7, 31.0, 31.0, 33.4]}