{"day": 3, "month": 9, "station_id": 214, "predict": [10.981523768399974, 11.303848714600509, 12.158790368828184, 12.374430089718786, 11.480595025619296, 11.67657970499509, 14.441112123850676, 20.91770104091414, 24.457537948354943, 24.399320627651743, 23.21028956496373, 20.94889847172764, 21.758468034533823, 22.846016241421886, 24.64539484788862, 24.35343717328667, 19.09367176435967, 15.028336661883657, 11.49034567693781, 10.101497548067748, 10.34899414117765, 11.706956622007638, 11.174483248715369, 8.971375248799921], "test": [12.0, 12.0, 12.0, 12.0, 12.0, 12.266666666666667, 12.733333333333333, 20.4, 26.766666666666666, 28.133333333333333, 30.7, 28.966666666666665, 22.366666666666667, 16.2, 17.833333333333332, 20.966666666666665, 27.333333333333332, 8.5, 1.0, 2.0, 3.9, 5.1, 4.833333333333333, 5.666666666666667]}