{"day": 3, "month": 9, "station_id": 579, "predict": [34.927236223120865, 34.868732140332824, 34.82335802107932, 34.78817271206039, 34.880912055206075, 34.03388681749433, 28.855481592394394, 16.053872376261303, 9.209289315133935, 5.4795633399283314, 8.844659213374836, 9.017932186809904, 4.052527604360625, 2.1865774105892144, 1.904855307075719, 2.9576923935730677, 20.783206136519894, 29.747073347798956, 33.954369359091785, 35.10480879186683, 33.92361225723787, 36.0, 36.0, 36.0], "test": [35.0, 35.0, 35.0, 35.0, 34.93333333333333, 33.2, 29.3, 19.433333333333334, 4.366666666666666, 4.166666666666667, 3.1333333333333333, 2.1333333333333333, 14.9, 24.633333333333336, 22.0, 21.333333333333332, 22.7, 29.5, 30.3, 33.666666666666664, 30.566666666666666, 34.93333333333333, 34.86666666666667, 35.0]}