{"day": 0, "month": 10, "station_id": 338, "predict": [16.71968666888116, 17.492262308681436, 17.638090255817158, 16.858154312134104, 21.63078684483471, 22.55803963383217, 22.407878443461506, 18.977473163992123, 16.68573073496154, 8.147767203911657, 3.4468251517795268, 2.862805829574021, 11.311917446106438, 12.348836874759655, 12.588419118117162, 10.375435894468321, 5.167487005823523, 7.343678881002557, 12.142788603063302, 16.090303619175703, 19.50645740065943, 20.865811004767423, 21.151222787047512, 21.327550918350106], "test": [22.0, 22.0, 22.0, 22.0, 22.0, 22.0, 22.0, 20.766666666666666, 21.066666666666666, 9.313333333333333, 4.926666666666667, 12.76666666666667, 7.566666666666666, 1.9, 2.033333333333333, 2.5, 6.066666666666666, 11.0, 11.866666666666667, 13.566666666666666, 14.533333333333331, 15.866666666666665, 18.066666666666666, 20.3]}