{"day": 2, "month": 2, "station_id": 64, "predict": [19.35755504686266, 19.772090393475942, 20.110316453718944, 20.38182898646212, 19.430039388815164, 19.672592861986956, 18.93689687005575, 18.651791012800388, 17.811266336768107, 14.48597609498868, 12.065047396036285, 9.472660203802445, 0.387329431837026, 0.18412202080703433, 0.0, 0.0, 3.619668290993326, 9.918807996025073, 8.13782146080458, 7.400673364952858, 3.8300947386437247, 10.81495054174733, 13.09424558526557, 14.34557756633765], "test": [19.0, 19.0, 19.0, 19.0, 19.0, 19.0, 18.9, 17.633333333333333, 9.366666666666667, 2.9666666666666677, 1.8000000000000003, 1.0333333333333332, 0.9999999999999996, 1.633333333333333, 3.033333333333333, 4.466666666666667, 5.866666666666667, 2.433333333333333, 0.966666666666667, 1.4333333333333336, 1.4666666666666661, 2.0000000000000004, 1.9999999999999991, 1.1666666666666659]}