{"day": 2, "month": 9, "station_id": 64, "predict": [25.0, 25.0, 25.0, 25.0, 25.0, 25.0, 24.779070359733183, 23.670663864725245, 20.018693413164588, 16.704125408685, 14.170622243380482, 14.170359065307014, 1.6066491598824895, 2.0706199534333667, 3.0277282677676336, 4.549635541789613, 8.887002318083534, 9.038814829199922, 3.258436900093494, 9.219524143886094, 8.243654797482238, 11.580206686684111, 17.8727652778509, 21.35014708453517], "test": [26.0, 26.0, 26.0, 26.0, 26.0, 26.0, 25.666666666666664, 24.066666666666666, 18.3, 13.866666666666665, 3.5666666666666664, 0.8000000000000007, 0.6000000000000005, 0.0, 0.16666666666666635, 0.13333333333333391, 5.633333333333335, 5.299999999999999, 0.16666666666666635, 2.6666666666666656, 21.433333333333334, 23.966666666666665, 23.766666666666666, 24.433333333333334]}