{"day": 2, "month": 11, "station_id": 18, "predict": [27.0, 27.0, 27.0, 27.0, 26.89707476713286, 26.80574397934059, 26.29509000085085, 24.396946096784514, 22.77178964131395, 16.719049463854045, 9.52504906717012, 7.320166843728393, 7.477801830426884, 5.036258933052078, 5.000005909646256, 5.457490897031078, 3.217332720226267, 14.082250454347296, 20.98154934866214, 19.376217606833354, 11.760872791350774, 14.670397207199823, 18.050833284105632, 20.35658855269555], "test": [27.0, 27.0, 27.0, 27.0, 27.0, 27.0, 27.0, 25.966666666666665, 19.366666666666667, 13.1, 9.933333333333334, 6.433333333333334, 5.833333333333333, 4.333333333333333, 4.633333333333334, 3.3666666666666667, 4.5, 8.033333333333333, 9.7, 8.6, 9.9, 11.6, 17.9, 17.966666666666665]}