{"day": 3, "month": 7, "station_id": 340, "predict": [15.795486762667332, 15.78012386183628, 15.752437206146288, 15.726023897381202, 15.888678586440324, 15.543099454057305, 12.273239491107237, 8.207028869875565, 0.12491739552887182, 2.100608729932218, 1.0857123014660803, 1.9724719953354495, 2.9716974263011533, 2.5819950821105713, 3.262565292355401, 4.06836927962599, 6.0379323689604085, 14.206271326237774, 14.771288066133117, 14.849051302695518, 15.162252548158948, 15.52087949224055, 15.17712917993343, 15.096909147073212], "test": [16.0, 16.0, 16.0, 16.0, 16.0, 15.7, 9.6, 5.933333333333334, 0.5666666666666667, 0.6333333333333333, 1.2666666666666666, 0.3666666666666667, 2.3333333333333335, 2.066666666666667, 3.3666666666666667, 5.433333333333334, 9.933333333333334, 14.966666666666667, 14.833333333333334, 14.3, 14.933333333333334, 15.0, 14.233333333333333, 14.466666666666667]}