{"day": 5, "month": 11, "station_id": 14, "predict": [5.190041443642539, 5.580191300180848, 5.536181340004822, 6.558494917408842, 6.199251672180399, 6.653680662693873, 5.93163880168814, 5.509780650300797, 10.200465566467425, 13.112216154155625, 11.293700731540957, 14.083453883874562, 16.4015624398046, 18.390361704788937, 20.073269454921622, 20.860679480719604, 3.7204153326705205, 2.9848194127059164, 4.050715953712949, 3.916872562516369, 10.038234485839483, 11.415551997985329, 11.26016452561657, 10.21953237214942], "test": [2.5000000000000004, 3.3, 5.633333333333334, 4.166666666666667, 1.9999999999999996, 1.9999999999999996, 3.2333333333333334, 5.1, 4.133333333333335, 3.8999999999999995, 5.166666666666667, 6.433333333333334, 10.4, 7.899999999999999, 1.1333333333333346, 1.200000000000001, 15.866666666666667, 16.9, 12.466666666666669, 9.0, 3.3999999999999986, 0.9999999999999991, 0.7000000000000002, 1.333333333333334]}