{"day": 4, "month": 8, "station_id": 341, "predict": [20.500543875922286, 20.67029655143284, 21.030109453996925, 19.19198575104816, 13.734512940876844, 8.111901336460942, 4.30980895740396, 6.9357300621304985, 11.226832520166994, 11.371182910933927, 11.732774317854139, 9.91503351930359, 3.1016386151382873, 5.436818802771619, 3.2971555887373833, 3.236998385214583, 3.8627387203410093, 4.560544686524152, 3.7898632456635295, 3.7048493698435645, 1.391773159892097, 2.763700808917693, 6.236338063666461, 8.829150549163318], "test": [18.533333333333335, 18.733333333333334, 18.666666666666668, 18.4, 1.3666666666666656, 1.8333333333333326, 2.1333333333333333, 4.966666666666667, 4.633333333333333, 4.333333333333332, 0.8666666666666671, 0.40000000000000024, 2.733333333333334, 9.9, 9.933333333333334, 4.666666666666667, 11.0, 15.033333333333335, 2.5, 0.20000000000000012, 0.0, 0.7999999999999998, 2.566666666666667, 15.5]}