{"day": 6, "month": 7, "station_id": 95, "predict": [7.88218144509894, 9.068993379108306, 9.483364094996416, 9.221286687691567, 9.652886288369373, 10.728684746591425, 10.569675305600287, 10.119194638740913, 10.682155680074539, 11.553329094541736, 11.872458030028444, 12.208702145028704, 11.449645996684396, 11.96148110248111, 12.460381710050381, 10.84395838630311, 7.680977111293497, 9.715028108923555, 10.881695179123128, 10.595519125359816, 14.877308380361226, 14.721588131159413, 12.544070869471705, 10.380671223268418], "test": [10.166666666666666, 10.666666666666666, 9.0, 9.0, 10.4, 11.0, 11.0, 11.0, 11.0, 11.0, 10.966666666666667, 10.766666666666667, 11.133333333333333, 12.933333333333334, 11.1, 5.266666666666667, 9.666666666666666, 13.033333333333333, 10.566666666666666, 13.6, 12.8, 13.966666666666667, 13.666666666666666, 12.166666666666666]}