{"day": 0, "month": 8, "station_id": 12, "predict": [39.94773932649211, 40.93585341125927, 41.83586652291453, 42.63847897658338, 39.92466197343343, 40.88981827690592, 41.77124799869932, 41.448655582891305, 37.513726238965646, 29.564095894954026, 16.344817982046127, 11.477512145693296, 19.361560071564433, 15.61394204548323, 13.673075925121294, 14.016434870432615, 17.372911209052628, 21.210859403887444, 32.985970604418036, 44.143273709996414, 39.54876092749055, 40.89109265709125, 42.12697874151783, 43.04824514573407], "test": [39.0, 39.0, 39.0, 39.0, 39.0, 39.0, 39.0, 39.0, 38.06666666666667, 35.7, 37.3, 22.383333333333333, 21.333333333333336, 18.475, 16.808333333333334, 17.391666666666666, 17.258333333333336, 32.03333333333333, 33.833333333333336, 36.733333333333334, 40.53333333333333, 44.86666666666667, 46.0, 46.0]}