{"day": 0, "month": 7, "station_id": 427, "predict": [40.58644048064804, 41.51081102687548, 41.94145974127394, 42.1846952939787, 39.14371120885334, 39.16023393141505, 36.69819132477411, 25.287873516948803, 2.0717667050361084, 0.9989637418250533, 1.4038873946834967, 3.555194755713087, 12.939160867904816, 11.211937066897852, 7.837042199427393, 13.810931783597333, 15.863676501859764, 30.043263586621848, 42.19392023916339, 40.719191220455286, 41.82155570207333, 38.59750260198774, 39.73829313090038, 40.71552791267709], "test": [39.53333333333333, 38.9, 36.96666666666667, 37.0, 37.0, 36.5, 36.5, 22.166666666666668, 3.533333333333333, 2.8333333333333335, 0.9333333333333333, 16.733333333333334, 17.133333333333333, 17.233333333333334, 15.766666666666667, 19.1, 21.066666666666666, 35.2, 38.46666666666667, 40.1, 42.266666666666666, 43.0, 43.0, 43.0]}