{"day": 2, "month": 1, "station_id": 193, "predict": [59.012577665996076, 58.1825958995632, 57.3283553841933, 56.612575667399305, 54.60988716011696, 54.19984323346522, 55.029904390687, 51.73187065879477, 46.59715707535928, 25.650558001579014, 16.802963573756532, 15.284318039927486, 13.904030826349365, 12.521803223084625, 11.8435670020422, 12.262904285554086, 11.867204478912862, 18.90233661319868, 32.639507743031956, 41.0641026347694, 53.076316268099994, 53.0785846875369, 56.76140398063705, 60.0], "test": [55.0, 55.0, 55.0, 55.0, 55.0, 55.0, 55.5, 54.7, 46.7, 28.733333333333334, 14.566666666666666, 12.366666666666667, 13.666666666666666, 11.466666666666667, 10.333333333333334, 9.866666666666667, 10.6, 16.633333333333333, 32.36666666666667, 47.43333333333333, 56.233333333333334, 58.96666666666667, 59.833333333333336, 60.0]}