{"day": 5, "month": 9, "station_id": 32, "predict": [42.75262898076504, 41.941893255908546, 42.427000245665816, 42.62370390752654, 42.114138740271244, 42.18569005397029, 42.34850655405792, 41.23051701355208, 38.87499848003179, 37.84303936014335, 37.219437794827286, 36.82292386224353, 32.37507855171123, 33.794325703855336, 35.750792016350154, 32.993195403914775, 35.993839205137085, 35.12169636097508, 32.33370228709688, 30.54223808859408, 21.550418834117437, 23.4783236634064, 23.868560824822236, 24.58073361006974], "test": [41.766666666666666, 42.9, 42.46666666666667, 42.0, 42.0, 42.0, 42.0, 41.766666666666666, 41.0, 40.166666666666664, 39.63333333333333, 33.86666666666667, 37.7, 33.13333333333333, 33.766666666666666, 33.7, 37.233333333333334, 39.1, 33.7, 20.9, 20.6, 21.1, 22.833333333333332, 24.0]}