{"day": 2, "month": 7, "station_id": 246, "predict": [37.896945221438195, 38.7908618155597, 39.044423551433304, 39.206895544709994, 39.85624843587273, 39.99003954250331, 39.91727655734584, 38.632669334759555, 33.3078780502012, 9.465320783282444, 3.9982116019861618, 6.914998647782952, 6.2921333700328965, 9.03421352671317, 12.581706841928945, 9.267150120595279, 8.492153228315201, 17.924728558130237, 31.05720816420387, 36.119811153514306, 40.17471959787831, 40.20126211303302, 39.93281586458751, 38.773824685312626], "test": [37.166666666666664, 36.46666666666667, 36.3, 39.733333333333334, 40.166666666666664, 41.0, 41.0, 40.233333333333334, 33.5, 11.4, 2.9, 3.066666666666667, 4.5, 5.533333333333333, 2.2333333333333347, 3.6333333333333337, 10.066666666666666, 21.966666666666665, 40.46666666666667, 39.96666666666667, 40.56666666666667, 41.0, 24.633333333333333, 24.433333333333334]}