{"day": 6, "month": 11, "station_id": 55, "predict": [27.262243991505258, 25.069874473030875, 23.339114828895823, 22.05964150867262, 30.072866162541786, 27.692929857989913, 25.57019972904261, 23.97956666674295, 32.202061671050565, 30.307848749275408, 27.87660119172827, 28.476137785261628, 30.74553071993103, 29.767590857623336, 29.291047250147702, 27.995271104899334, 29.258305851455543, 28.629883512767172, 28.527700864541217, 26.75049084199453, 30.00010010763694, 28.477555546125032, 27.753811531300236, 27.256363295718117], "test": [28.0, 28.0, 29.433333333333334, 32.0, 32.0, 32.0, 32.0, 32.0, 32.0, 32.63333333333333, 31.466666666666665, 31.666666666666668, 31.166666666666668, 31.4, 31.4, 30.6, 31.0, 31.0, 31.3, 31.0, 31.833333333333332, 32.0, 32.0, 32.0]}