{"day": 1, "month": 8, "station_id": 341, "predict": [13.913254240220281, 9.859664520972935, 13.413047025626083, 15.539989191963722, 7.6671290804105015, 2.989683379355976, 4.961500909944929, 10.298421664715436, 12.642808180477626, 13.332096930182832, 9.402253386782919, 5.3922357300678225, 10.791373240016632, 13.20613806419675, 13.040765158441495, 8.516562101282629, 3.7878623214880145, 9.594772776351505, 12.45639628576079, 15.009632220598375, 9.428995206665816, 14.248501834406783, 18.135369599786912, 16.909575465413763], "test": [4.033333333333334, 3.6666666666666665, 6.0, 5.066666666666667, 1.3333333333333341, 2.4999999999999996, 3.3666666666666667, 8.2, 16.366666666666667, 16.6, 16.666666666666668, 16.466666666666665, 8.2, 0.5666666666666664, 3.833333333333334, 1.6666666666666665, 2.1333333333333333, 15.033333333333335, 11.966666666666665, 7.433333333333334, 9.166666666666666, 16.666666666666668, 20.0, 20.0]}