{"day": 3, "month": 1, "station_id": 107, "predict": [12.498096715898551, 12.477071245914129, 12.213387211275377, 11.943835636970148, 12.717460573958705, 12.39607597748826, 12.710397528953258, 15.762151982009653, 18.76949393006671, 15.951823896974737, 15.64429777796786, 13.292736790337706, 14.25393155009411, 14.68952879091431, 13.274531098047149, 12.392341207324886, 16.465925553722634, 14.768483073914352, 14.544657291282274, 14.2997458861263, 18.626622418471484, 17.759434204802197, 16.472283856177466, 14.953301688064604], "test": [13.333333333333336, 13.0, 13.0, 13.0, 13.0, 13.0, 14.466666666666669, 16.3, 18.566666666666666, 17.0, 17.033333333333335, 17.666666666666668, 16.833333333333332, 15.033333333333335, 13.766666666666667, 15.566666666666666, 14.466666666666669, 12.833333333333334, 15.333333333333334, 17.2, 18.133333333333333, 18.766666666666666, 17.033333333333335, 16.966666666666665]}