{"day": 5, "month": 7, "station_id": 12, "predict": [39.25120319766762, 41.07700665512096, 42.59606361247004, 43.60192862143397, 39.53702614484868, 41.013397199092424, 42.25591692560336, 43.069631837912624, 39.291979082382035, 38.606711071428805, 37.060032556188546, 36.19148214773612, 34.2659972050374, 36.15328797225267, 36.23793073892237, 38.41973135565232, 26.03860126900035, 28.38875037670266, 31.01448625072511, 34.19022446338006, 17.752917244750627, 21.735156048985484, 24.925601496085477, 26.430630557839446], "test": [38.0, 38.0, 38.0, 38.0, 38.0, 38.0, 38.0, 37.93333333333333, 36.733333333333334, 36.0, 36.06666666666667, 33.7, 34.333333333333336, 31.33333333333333, 28.433333333333334, 25.566666666666666, 30.266666666666662, 25.36666666666667, 14.333333333333332, 14.933333333333335, 35.050000000000004, 35.46666666666667, 35.650000000000006, 34.7]}