{"day": 3, "month": 10, "station_id": 278, "predict": [12.922438172605572, 13.654486864052387, 12.38271638277362, 11.804732099758688, 12.896809307557648, 12.006473963342499, 11.894720779478734, 12.0579754092061, 15.33233991539543, 10.658577164433012, 10.795072393342434, 10.735140721516629, 16.166644658289584, 13.417382398336628, 13.488823836014246, 14.300615340411476, 10.162861994823812, 9.610960899967637, 8.69684168484864, 5.595205386074576, 0.8942299928995574, 3.2180119735967083, 8.730695676988619, 8.955658561522494], "test": [12.666666666666668, 13.0, 12.033333333333333, 12.866666666666667, 13.0, 13.0, 13.866666666666667, 15.733333333333333, 14.333333333333334, 13.833333333333334, 13.7, 14.266666666666667, 12.166666666666666, 13.433333333333334, 9.766666666666667, 10.633333333333333, 7.033333333333333, 3.3666666666666663, 4.966666666666667, 3.2666666666666666, 0.8, 3.2666666666666666, 7.033333333333333, 8.633333333333333]}