{"day": 4, "month": 5, "station_id": 73, "predict": [35.63061218624017, 35.20577948682219, 35.64539124983395, 36.27686997719442, 35.99179584824564, 36.09870928695377, 34.37251311059321, 32.71949058456422, 28.327548505275555, 10.153341597499706, 3.71007289074354, 3.140608924983728, 8.633068194248255, 7.894839229279837, 10.172091461513117, 9.438742958797219, 2.199304563341069, 5.982470329916404, 15.606028241064996, 17.34959828502321, 30.545442184471945, 31.50148893399914, 31.815207488347106, 31.166752203969068], "test": [35.266666666666666, 35.46666666666667, 34.13333333333333, 35.666666666666664, 35.0, 35.0, 33.6, 35.0, 31.533333333333335, 18.766666666666666, 14.266666666666664, 7.299999999999999, 1.833333333333333, 0.6000000000000001, 0.933333333333333, 1.166666666666667, 0.5666666666666671, 2.9666666666666672, 19.766666666666666, 28.300000000000004, 29.733333333333334, 28.1, 28.8, 29.26666666666667]}