{"day": 3, "month": 12, "station_id": 246, "predict": [26.748453673672824, 26.99699165231419, 26.981258562436654, 27.550865781141564, 37.79756356889423, 37.39205045927596, 36.17956888654264, 35.0966825065264, 37.85318459675515, 29.847547549215427, 29.028243340437136, 28.582702250022344, 33.966708196873014, 33.88177317761681, 32.951480718927165, 31.722344696011806, 30.798458369980757, 31.201069012226444, 33.783302088156624, 35.97276105095744, 27.677342259852647, 26.042487351191266, 24.088802705075043, 25.112694213144525], "test": [26.0, 34.0, 38.0, 38.0, 38.0, 38.0, 38.1, 39.46666666666667, 37.46666666666667, 38.733333333333334, 35.3, 35.666666666666664, 36.233333333333334, 36.56666666666667, 35.1, 33.43333333333333, 34.0, 28.866666666666667, 25.233333333333334, 26.566666666666666, 26.93333333333333, 27.1, 25.2, 24.06666666666667]}