{"day": 0, "month": 2, "station_id": 361, "predict": [28.56433177836067, 23.78654509143417, 20.058187306708778, 17.17185068972678, 12.418632764706283, 10.606425057601072, 12.494459208183972, 33.931077604801935, 43.54586295946653, 52.42687718485199, 48.58154639567583, 49.34059216264683, 52.34379006788883, 52.87562836907514, 52.78429307795759, 52.678047804248, 50.14545704046999, 30.913337831237413, 28.80085270365881, 27.571422182112283, 27.142047900996424, 23.853590529434634, 21.31065925912137, 19.319585977851176], "test": [30.833333333333332, 21.0, 21.0, 17.933333333333334, 7.599999999999999, 1.1333333333333329, 4.866666666666666, 34.766666666666666, 45.666666666666664, 52.266666666666666, 49.4, 51.0, 51.0, 52.266666666666666, 53.0, 53.0, 48.86666666666667, 34.36666666666667, 18.066666666666666, 26.7, 28.0, 27.96666666666666, 27.0, 27.0]}