{"day": 5, "month": 9, "station_id": 251, "predict": [25.266528084142006, 29.04962213708584, 31.347635464399296, 31.78144438386738, 30.347972749524914, 28.95731389395704, 28.245115575325638, 25.703757837182067, 22.446677110399634, 21.868239299554663, 22.354340532115703, 18.48196989402945, 11.878897709189902, 13.549016844564386, 12.198673817538921, 13.719917084125136, 24.63693700446094, 27.076762190077062, 22.944356375979712, 25.732236265847845, 21.24159407875386, 24.782824525921356, 26.412248820353007, 27.487022217728757], "test": [26.533333333333335, 30.0, 30.0, 30.0, 28.266666666666666, 28.0, 27.466666666666665, 24.833333333333332, 21.933333333333334, 21.366666666666667, 17.4, 8.9, 11.433333333333334, 21.533333333333335, 27.133333333333333, 27.466666666666665, 28.366666666666667, 21.7, 20.466666666666665, 18.633333333333333, 20.2, 19.8, 20.366666666666667, 24.166666666666668]}