{"day": 1, "month": 7, "station_id": 18, "predict": [25.243696354706465, 25.73388593138266, 25.90457854390096, 25.74092176103704, 25.373734626646243, 25.676655545462786, 25.62045395279576, 22.72969660973346, 19.186815041104882, 9.472037483647245, 4.53815325979222, 4.427161408660238, 3.7740633929585132, 6.568274212041077, 10.050792425926405, 11.034552002161172, 4.406670193041452, 16.815708249265434, 22.071919672194344, 23.461814658815094, 22.690132546665488, 23.997030872909065, 25.424071130525718, 25.974095136367044], "test": [25.0, 25.0, 25.0, 25.0, 25.0, 25.0, 24.633333333333333, 23.733333333333334, 22.566666666666666, 11.133333333333333, 1.9666666666666666, 2.1333333333333333, 0.8000000000000004, 0.6333333333333337, 1.8999999999999997, 0.43333333333333346, 0.9333333333333327, 19.173333333333336, 14.500000000000002, 19.3, 24.666666666666668, 25.0, 26.0, 26.0]}