{"day": 5, "month": 10, "station_id": 246, "predict": [33.78605362398896, 34.652056013697866, 35.1988152788748, 36.13868849233125, 32.652018234894534, 32.11475056399146, 33.32335853131721, 34.43015477198512, 34.052872338829, 33.11460590865349, 32.54294134765042, 33.53392502867535, 37.895952302453495, 39.12458906718771, 38.77626405719775, 38.595313337423725, 32.99659077203495, 31.370184737679537, 31.275236246666246, 32.768005006730235, 29.41122095149372, 30.34170930603765, 30.99833761241903, 31.258781835493867], "test": [31.0, 31.0, 31.0, 31.0, 32.2, 33.0, 33.0, 33.43333333333333, 34.46666666666667, 34.7, 38.333333333333336, 39.56666666666667, 30.533333333333335, 28.966666666666665, 28.266666666666666, 30.7, 30.933333333333334, 30.266666666666666, 30.133333333333333, 29.266666666666662, 29.533333333333335, 29.633333333333333, 29.0, 29.0]}