{"day": 5, "month": 8, "station_id": 229, "predict": [13.038698663663219, 12.38988250630986, 12.714559200117362, 14.309130058527874, 9.855338651014648, 11.112120911142641, 11.750048377141912, 12.016381749374899, 11.055013640358343, 10.932462520322975, 6.698075520340945, 6.070554577112329, 1.8103992976778347, 5.905936339941788, 1.6086188007700042, 0.0, 4.8734461126646345, 6.4485709086859115, 5.923870543418775, 2.928537820894944, 2.5915242144870736, 6.434695000015953, 10.56388036468793, 11.052473754985567], "test": [6.833333333333333, 11.7, 12.033333333333333, 9.0, 9.0, 9.0, 9.9, 9.8, 10.0, 11.633333333333333, 10.033333333333333, 2.733333333333333, 0.8333333333333337, 1.1666666666666665, 0.6333333333333331, 0.6, 0.2666666666666664, 1.9666666666666663, 1.1999999999999997, 0.9333333333333333, 1.3999999999999997, 8.533333333333333, 15.0, 17.2]}