{"day": 6, "month": 6, "station_id": 270, "predict": [1.3879061354106188, 2.7899404230734794, 4.161574970677443, 5.628042136441908, 5.355022259588732, 6.554067294840862, 7.338709940383386, 6.872630073236803, 4.477292408673876, 5.498491162939207, 4.260876599052869, 5.392130674575587, 0.0, 1.2513008941202943, 0.019568702535284893, 0.0, 6.386951366017643, 5.877050606324006, 5.56488940992545, 5.397179476743856, 5.258666351454811, 6.837449097980816, 9.34917444196332, 11.253713957610225], "test": [0.8333333333333335, 1.8000000000000003, 4.533333333333333, 4.933333333333334, 5.333333333333333, 5.0, 5.0, 4.966666666666667, 3.033333333333333, 0.03333333333333399, 0.40000000000000013, 0.36666666666666703, 6.233333333333333, 7.666666666666667, 6.6, 7.700000000000001, 3.566666666666667, 2.8, 4.366666666666666, 5.066666666666666, 5.333333333333333, 5.933333333333334, 4.566666666666666, 3.5333333333333328]}