{"day": 5, "month": 2, "station_id": 192, "predict": [12.257774627434452, 12.609378722301184, 13.127466584060944, 14.584101561980042, 13.218248365328158, 13.098579049852708, 12.608417008768411, 12.588871562807968, 11.981023677267196, 10.717958111570411, 8.666971636046407, 7.287418143258764, 7.764062917232309, 5.19142261963181, 4.007546732989111, 2.7285077905278374, 6.110271298556579, 7.245107042379733, 6.046073743998944, 5.496526767830904, 2.6198935813155657, 3.1577380891969273, 5.435682533933678, 8.057997564821422], "test": [11.3, 12.0, 12.0, 12.633333333333333, 13.0, 13.0, 12.133333333333333, 12.0, 12.0, 11.9, 11.0, 11.3, 9.433333333333334, 5.7, 1.2666666666666666, 4.766666666666667, 7.466666666666667, 5.4, 3.2, 3.1333333333333333, 3.5, 3.3, 4.0, 4.766666666666667]}