{"day": 5, "month": 3, "station_id": 229, "predict": [7.128479954792292, 6.840094042957462, 7.451818036907627, 7.771425656492033, 6.896747713950808, 7.56752274307533, 8.07020434580804, 8.460544714500745, 9.31695972786171, 10.685481142116974, 11.458094372694339, 11.74231936040148, 15.093734912998533, 12.985200990570064, 11.932862143206027, 6.48596512783349, 8.121045784923497, 12.39639532317452, 11.931843400113017, 11.085974213678039, 3.9298029829693943, 6.8954183413753105, 7.499014879459315, 9.140331842562489], "test": [7.0, 4.2, 3.8999999999999995, 5.7, 8.0, 10.0, 10.0, 10.0, 10.633333333333333, 10.433333333333334, 9.833333333333334, 14.2, 9.566666666666666, 8.7, 9.733333333333333, 2.7666666666666666, 1.9333333333333331, 3.7333333333333334, 5.800000000000001, 2.6999999999999997, 2.4333333333333327, 4.566666666666666, 5.000000000000001, 5.1000000000000005]}