{"day": 2, "month": 3, "station_id": 64, "predict": [18.193689160722837, 17.751846898664194, 17.390380767513893, 17.249658537022867, 22.18338813971568, 21.40843166885503, 20.642489706304396, 22.988701708271567, 16.763610416444365, 11.664275092009607, 12.23063168560426, 12.757749641171099, 18.248970699244666, 15.864823266336806, 12.029335837286103, 11.564021032073956, 17.101078377461548, 17.882921327812102, 12.591990261499342, 13.780150094412189, 19.3861626900861, 19.49723705265906, 19.18415851119751, 22.346164342354495], "test": [23.0, 23.0, 23.0, 23.0, 23.0, 23.0, 22.766666666666666, 19.1, 21.366666666666667, 16.633333333333333, 17.733333333333334, 19.766666666666666, 21.933333333333334, 22.0, 19.666666666666668, 19.633333333333333, 22.96666666666667, 22.799999999999997, 11.833333333333334, 12.9, 23.6, 25.16666666666667, 25.16666666666667, 25.0]}