{"day": 3, "month": 10, "station_id": 32, "predict": [42.177493731284905, 42.21315574585359, 42.1511761583426, 42.108183758160564, 42.0, 41.98888888888889, 41.211111111111116, 39.24444444444445, 28.21275470522273, 4.17599858676987, 0.9053033671666918, 0.9928360732937804, 9.074755356321594, 7.608742512143495, 8.503607732319379, 9.30141564008976, 6.081221347887998, 19.911293059667514, 34.9004984816869, 39.30039024685227, 32.03702161732854, 35.25004820221685, 37.26845602719023, 37.97561667934594], "test": [42.56666666666667, 42.0, 42.0, 42.0, 42.0, 42.4, 41.53333333333333, 40.03333333333333, 31.199999999999996, 13.0, 1.4666666666666666, 5.666666666666667, 8.633333333333333, 5.0, 4.766666666666667, 6.2, 3.933333333333333, 9.266666666666667, 21.566666666666666, 28.766666666666666, 31.8, 34.63333333333333, 40.03333333333333, 41.96666666666667]}