{"day": 6, "month": 6, "station_id": 64, "predict": [13.836384212096053, 13.23415401612215, 12.19072693889116, 10.252187768383381, 25.0, 24.98576070894729, 23.95130312370618, 21.875700598706587, 22.730583329607228, 22.572891966147, 20.766090035372628, 18.667371450852436, 17.61160876409236, 12.676145443048078, 12.288282319279489, 15.74482267516902, 8.696998405298437, 10.755133886691102, 11.317250482176389, 11.752917711347525, 21.468145047290882, 19.903144562739282, 18.407213365337785, 17.26339518954556], "test": [14.7, 16.466666666666665, 18.3, 17.333333333333332, 19.366666666666667, 20.0, 20.9, 21.0, 21.233333333333334, 22.233333333333334, 21.5, 20.733333333333334, 18.833333333333332, 13.366666666666669, 7.866666666666666, 10.266666666666667, 11.1, 19.7, 21.533333333333335, 21.433333333333334, 18.0, 14.266666666666666, 16.0, 16.1]}