{"day": 2, "month": 9, "station_id": 159, "predict": [37.5746605250712, 37.61487130733751, 37.70214187800509, 37.783641237262536, 38.0, 38.0, 37.833333333333336, 34.93333333333333, 28.148168626660734, 6.6637105236261895, 10.481397399051007, 9.33695694701519, 17.826866433042667, 14.38668571936125, 15.171009137200652, 13.188713687253003, 11.46577465369123, 22.04145338053563, 34.91636098960168, 37.459410778256014, 36.17027246053293, 37.15928064729245, 37.634792713975216, 36.90082944240281], "test": [38.0, 38.0, 38.0, 38.0, 38.0, 38.0, 38.0, 36.2, 28.233333333333334, 6.966666666666667, 1.2333333333333334, 16.866666666666667, 13.233333333333333, 8.333333333333334, 10.133333333333333, 10.766666666666667, 2.966666666666667, 7.2, 30.799999999999997, 36.6, 37.2, 38.0, 38.0, 38.0]}