{"day": 4, "month": 9, "station_id": 18, "predict": [25.408983275636587, 25.34054706435466, 25.5729218409484, 25.836522261984737, 26.044859034263123, 25.88182397233873, 25.69871564259092, 23.382924532345335, 21.378179428731244, 16.834935965605045, 13.118698342170065, 11.066547574364186, 7.3948630688599835, 8.609279470552247, 10.032258758444794, 11.211189990056138, 8.18556603386181, 12.675168337177473, 13.439019870127664, 14.30404886728621, 20.775971247128368, 21.0351376351444, 22.88517220889258, 24.74231366065782], "test": [25.033333333333335, 26.0, 26.0, 26.0, 26.0, 26.0, 25.3, 23.066666666666666, 16.233333333333334, 18.566666666666666, 8.7, 6.266666666666667, 4.0, 2.9333333333333327, 4.066666666666667, 6.633333333333334, 10.833333333333334, 23.2, 24.366666666666667, 23.533333333333335, 24.066666666666666, 25.6, 26.0, 25.666666666666668]}