{"day": 3, "month": 11, "station_id": 270, "predict": [8.230006785958238, 8.440399543998128, 8.95217212563695, 9.137609048532413, 9.87883819167985, 9.932891220591438, 10.520957295287777, 12.997324773043863, 12.36395712986466, 18.309305221743863, 19.884145317402297, 18.936608378968067, 23.645618448428497, 24.1694075083202, 23.82810145727322, 22.991743860882927, 23.821528274298416, 17.438216232504217, 13.892013611998964, 14.902330930530846, 0.0, 0.0, 0.0, 1.341360542814285], "test": [9.0, 9.0, 9.0, 9.0, 9.0, 8.966666666666667, 7.933333333333334, 9.833333333333334, 13.233333333333333, 21.933333333333334, 22.233333333333334, 23.4, 23.533333333333335, 25.833333333333332, 26.233333333333334, 25.1, 20.6, 15.3, 7.333333333333333, 1.1666666666666674, 0.33333333333333304, 1.0, 4.733333333333333, 7.566666666666666]}