{"day": 4, "month": 11, "station_id": 14, "predict": [2.4084522387514538, 3.278619294605221, 4.296274009185186, 6.109581023147832, 4.220508087244608, 4.428240568612539, 7.210862736723954, 15.923368321134568, 14.926584627979295, 9.505958298242415, 9.037996706062938, 16.606989881934368, 8.37423993564721, 16.02999773206311, 14.303029245153292, 7.603118989226862, 18.886756258112037, 25.961522156599827, 27.128846153561476, 13.76251757455804, 7.830467784289281, 6.938518897786162, 5.924399917952792, 4.854946695213287], "test": [0.9999999999999998, 1.5, 2.4666666666666672, 3.8, 4.0, 4.0, 5.7, 17.8, 15.5, 7.299999999999999, 6.666666666666667, 9.2, 11.166666666666666, 15.033333333333333, 16.3, 4.699999999999999, 28.1, 36.233333333333334, 33.2, 12.866666666666667, 10.8, 10.933333333333334, 8.133333333333333, 7.9]}