{"day": 0, "month": 4, "station_id": 251, "predict": [32.70092360358318, 32.543836983777474, 32.404468966277506, 31.688282227077327, 31.98957264046255, 31.62984495302953, 29.900889025404993, 22.11322809173092, 30.69659751728981, 25.67593745779083, 23.659894806245013, 21.565752607568967, 27.291920007450024, 23.998998063313756, 17.912201055279418, 16.9369279392173, 15.532011000636144, 24.754293481032366, 27.73586607274467, 32.294590834568815, 33.91805156762703, 33.750496479782534, 33.32730197602687, 33.36557425780167], "test": [33.96666666666667, 34.0, 33.03333333333333, 33.0, 33.0, 33.3, 33.4, 30.633333333333333, 22.7, 24.733333333333334, 32.7, 31.8, 33.46666666666667, 28.3, 13.0, 13.2, 15.566666666666666, 28.133333333333333, 25.766666666666666, 33.46666666666667, 33.2, 33.666666666666664, 32.7, 33.96666666666667]}