{"day": 4, "month": 1, "station_id": 107, "predict": [16.286846634835896, 15.573895405500204, 14.60261569601515, 13.973835270242134, 15.396872921838888, 14.993092187695689, 15.58418361721304, 19.2947882433583, 19.24777125126139, 16.355002057982894, 14.827676551700508, 16.283081144467232, 13.918253502886213, 11.909548123381484, 7.963310636841328, 8.29093543617003, 18.19447774015655, 16.693575253138548, 13.753019734539302, 12.958128311865435, 12.718148326421478, 13.165694006396347, 11.85199204017421, 11.414670509938762], "test": [16.466666666666665, 16.0, 16.0, 16.0, 16.0, 16.0, 17.066666666666666, 17.733333333333334, 18.666666666666668, 17.366666666666667, 16.766666666666666, 14.366666666666667, 14.266666666666667, 16.566666666666666, 18.533333333333335, 18.633333333333333, 17.866666666666667, 18.4, 16.9, 14.0, 11.899999999999999, 12.0, 11.433333333333334, 11.733333333333334]}