{"day": 0, "month": 1, "station_id": 73, "predict": [24.23327042916086, 24.519363983956353, 26.500619539649417, 26.81577121917007, 21.625563620755145, 25.260507122019636, 26.00812666224025, 25.049780903296654, 13.114885454358882, 4.373374401488328, 5.495301115601338, 10.950644625255647, 5.7617092650576165, 7.041050890125134, 9.942193831811643, 10.802053820901252, 18.880439279770435, 20.540120945015655, 28.72469502717047, 32.81232407999209, 34.396422784197455, 33.58192659358568, 33.82624209553049, 34.10328786936556], "test": [26.733333333333334, 26.433333333333334, 21.833333333333332, 21.0, 21.0, 21.0, 18.4, 15.133333333333333, 9.7, 4.6000000000000005, 1.833333333333333, 3.266666666666666, 23.433333333333334, 18.1, 18.433333333333334, 19.499999999999996, 22.366666666666667, 28.8, 33.7, 35.43333333333333, 35.8, 36.833333333333336, 37.0, 37.0]}