{"day": 2, "month": 2, "station_id": 32, "predict": [39.260748390665015, 39.167610959250986, 39.043237740654774, 38.92130840824086, 39.64716822393081, 38.89238745217557, 38.596359739616574, 37.636895771838326, 31.852863729934853, 11.484020722270055, 10.410038008641202, 11.054118023467343, 23.74895728603708, 26.226129050139154, 27.585913585218318, 25.52421782756652, 24.745087186874482, 26.9993442024253, 37.78208707846867, 41.12035048162943, 34.24685383191537, 34.027267702592546, 33.955602056653134, 33.92048339318685], "test": [39.733333333333334, 40.0, 40.0, 39.833333333333336, 39.0, 38.86666666666667, 39.9, 40.266666666666666, 39.43333333333333, 30.833333333333332, 25.733333333333334, 24.6, 24.4, 24.766666666666666, 25.2, 25.0, 27.800000000000004, 33.06666666666667, 35.36666666666667, 34.63333333333333, 33.666666666666664, 33.06666666666667, 33.0, 33.0]}