{"day": 0, "month": 10, "station_id": 229, "predict": [19.7212598152096, 20.302836117096184, 19.802071266927996, 19.471578403238468, 17.033910116640868, 17.37780097832265, 17.252828082174368, 15.063256428458986, 9.301324292397698, 2.1914850548186, 2.7596900029638003, 2.298795643920216, 0.8948405695241741, 0.4024263333424236, 0.947993751901846, 4.381348045975808, 5.560365444083137, 7.2488388039148415, 9.59504235549419, 14.054930121048177, 15.133289584818876, 15.896901596239875, 17.098931560058226, 19.928615530465027], "test": [17.3, 16.0, 16.0, 16.0, 16.0, 16.0, 15.400000000000002, 10.633333333333333, 2.9000000000000004, 0.4333333333333331, 0.0, 0.0, 0.10000000000000031, 1.5666666666666669, 0.466666666666667, 2.4666666666666672, 3.1000000000000005, 3.3666666666666667, 6.4, 12.26666666666667, 17.233333333333334, 18.7, 18.4, 17.5]}