{"day": 0, "month": 4, "station_id": 340, "predict": [15.016999062173191, 15.053442465204956, 15.515701929269369, 15.511684022231536, 15.883496303795317, 15.659268318161217, 13.026291498845051, 7.60445669629662, 4.960990906851188, 5.316904775958184, 7.085901941578636, 6.7280449754747345, 6.062461539685235, 6.365999698395991, 6.68095141103684, 7.627870492195785, 4.692980605652831, 8.652436098099296, 10.319051000850942, 11.593480171644874, 14.88467455652722, 14.420852905484203, 12.477502825378552, 13.231667446085538], "test": [15.1, 16.0, 16.0, 16.0, 16.0, 16.0, 14.4, 9.5, 2.566666666666667, 1.5, 8.7, 6.833333333333333, 3.3, 3.6, 3.1, 1.4000000000000004, 3.033333333333333, 12.0, 14.4, 14.8, 15.0, 15.0, 15.0, 15.0]}