{"day": 5, "month": 4, "station_id": 107, "predict": [9.197838699780366, 7.256502049461368, 7.207335935691129, 6.865709586555972, 11.530241633955718, 10.336128978183204, 9.54229559718506, 11.65967967882986, 13.973669772323323, 15.549097979361775, 12.791777110136069, 13.106684001127654, 16.452066208708217, 16.89154597231335, 15.945789065347657, 17.98540212432286, 8.618657070236125, 9.66804554481233, 10.657287235262185, 10.05826631901673, 13.915136856518334, 14.562044831622117, 13.676069939539133, 12.601307211103494], "test": [13.0, 13.0, 13.0, 12.866666666666667, 11.0, 11.0, 11.0, 11.0, 12.433333333333334, 15.166666666666666, 14.9, 16.333333333333332, 18.566666666666666, 18.9, 12.466666666666665, 10.533333333333331, 13.833333333333332, 15.033333333333335, 13.966666666666667, 14.6, 14.0, 14.966666666666665, 14.433333333333334, 13.0]}