{"day": 2, "month": 7, "station_id": 579, "predict": [35.21912174585943, 35.33852577593888, 35.33719419871685, 35.123610924669286, 34.45584268788445, 34.545654445168196, 29.78404430120613, 11.898811723867034, 5.965992049336826, 4.137439177533097, 2.874951088803432, 4.624774272944874, 7.373392815052636, 5.1209452522198955, 3.0370957982190228, 3.4587933923678857, 4.3214858751280705, 21.462510764378756, 32.05560111840036, 34.736146374577714, 33.62347873337412, 33.55745596875471, 33.933719407924215, 34.69669860526841], "test": [35.0, 35.0, 35.0, 34.1, 33.93333333333333, 33.86666666666667, 31.333333333333332, 16.0, 0.5333333333333337, 0.20000000000000004, 7.166666666666666, 10.633333333333333, 4.166666666666667, 2.566666666666667, 2.1333333333333333, 0.6333333333333333, 5.4, 21.03333333333333, 35.36666666666667, 32.6, 34.733333333333334, 35.0, 34.86666666666667, 35.0]}