{"day": 5, "month": 1, "station_id": 130, "predict": [20.002669181741233, 19.634798682378253, 19.517248642646976, 19.938499816372797, 19.647469050339364, 20.07245544328172, 20.37759604210188, 20.585995433869968, 19.05812568474714, 18.296548238767116, 17.25118749150262, 11.73556592540847, 8.91113980630324, 7.173276583711345, 7.255908949507591, 4.976650682446223, 9.896943346517771, 15.431165633000251, 17.10780602684217, 15.79425530549965, 20.814652757709105, 18.57809515493156, 16.480022189134147, 17.279504649181444], "test": [20.866666666666667, 23.0, 23.0, 20.0, 19.933333333333334, 20.0, 20.0, 19.933333333333334, 18.333333333333332, 15.333333333333336, 9.966666666666667, 9.066666666666666, 7.033333333333333, 7.966666666666667, 22.46666666666667, 10.225, 11.358333333333333, 23.133333333333333, 22.266666666666666, 21.933333333333334, 18.6, 19.0, 22.8, 23.866666666666667]}