{"day": 5, "month": 9, "station_id": 228, "predict": [39.999662461336136, 39.48221981985152, 38.650683870123686, 38.01029746009953, 39.023458670581086, 38.317486229719236, 37.93548990798327, 36.95087666391161, 35.10072527906795, 34.71952685212849, 31.529176662240523, 27.850763026396894, 27.60898529526815, 27.572522076749387, 23.5030630218508, 20.130883594612563, 15.43527981430168, 16.762833832304203, 20.718797184596763, 23.546422024659922, 25.913914382531836, 24.588947547348376, 25.561710017230336, 27.638488710138247], "test": [40.0, 40.0, 40.0, 39.8, 39.0, 39.0, 39.0, 38.03333333333333, 37.36666666666667, 35.333333333333336, 30.866666666666667, 31.299999999999997, 32.46666666666667, 26.9, 22.966666666666665, 16.9, 18.1, 23.433333333333334, 31.233333333333334, 26.833333333333332, 24.9, 26.0, 26.0, 27.933333333333334]}