{"day": 6, "month": 11, "station_id": 331, "predict": [26.649585689350555, 25.1881369549775, 23.81755999273366, 22.976936307736157, 25.01579112323826, 24.026673201327963, 23.181501034623412, 22.461886826779327, 26.409455355313735, 25.08385477669801, 22.21631661047542, 22.899085540679035, 23.25773057161356, 22.01639456081561, 23.465583467941034, 24.44842374727029, 16.934190561241348, 19.356131295829904, 20.84794774067926, 21.20528745022177, 22.706481045535327, 22.835175767804547, 23.24009873310399, 23.453754448629795], "test": [28.0, 25.9, 25.366666666666667, 26.266666666666666, 27.0, 27.0, 27.0, 27.0, 26.0, 24.4, 22.9, 22.733333333333334, 22.3, 20.8, 19.1, 18.2, 16.433333333333334, 20.766666666666666, 24.333333333333332, 23.0, 22.866666666666667, 22.4, 24.0, 24.0]}