{"day": 0, "month": 6, "station_id": 228, "predict": [40.0, 40.0, 40.0, 39.807272066104986, 37.70662554777807, 36.873717091916035, 35.30870334711765, 27.5432187926244, 12.14823879258692, 7.962870223685505, 6.395249484010793, 4.434390198539492, 4.145352911117882, 9.545372411932, 10.260117453532855, 11.167099732794055, 5.274398428008086, 15.399118799569433, 31.67822740847521, 37.05692270097572, 40.0, 40.0, 40.0, 40.0], "test": [37.3, 37.63333333333333, 38.0, 38.0, 38.0, 37.2, 34.06666666666667, 32.833333333333336, 12.366666666666667, 0.20000000000000018, 10.0, 1.3, 0.3999999999999998, 0.30000000000000027, 4.166666666666668, 6.833333333333334, 9.933333333333334, 25.06666666666667, 39.833333333333336, 40.0, 38.9, 31.466666666666665, 34.5, 38.96666666666667]}