{"day": 6, "month": 8, "station_id": 48, "predict": [11.37588026467487, 14.106285581236033, 14.907121426051367, 16.05727358313185, 11.055135487300262, 12.994364050390244, 14.731205743033277, 15.761355606081517, 11.84208877804543, 12.555030603337583, 12.501423973709565, 11.639987802433973, 13.120207174464968, 16.88859427309259, 18.20052674507448, 17.535496806639586, 11.864822479584843, 11.027228676550285, 12.50361709398525, 14.265890681912163, 11.790807938579478, 14.071629641296306, 16.84861456317949, 17.01319071989725], "test": [9.0, 8.0, 8.0, 8.0, 8.0, 8.0, 8.733333333333333, 9.0, 5.033333333333334, 6.133333333333335, 10.866666666666667, 10.5, 9.433333333333334, 10.0, 9.933333333333334, 8.0, 7.466666666666669, 7.5, 4.999999999999999, 10.066666666666666, 14.000000000000002, 13.933333333333334, 12.0, 12.466666666666667]}