{"day": 5, "month": 10, "station_id": 18, "predict": [23.123697466319427, 24.16267491781858, 24.60150400745555, 24.41873580291342, 21.319602428021252, 22.3497751400021, 23.436802206555537, 24.05515754048933, 18.637697527832053, 16.55857646913242, 12.85698764672312, 9.251473247966985, 13.786714718204754, 10.646957114642436, 8.073276899466567, 9.740482485681328, 16.259117254318003, 17.384032139807616, 16.163536555159958, 13.78940137063995, 9.092182136142833, 11.110278676806292, 13.961522054623568, 16.903244464733255], "test": [23.033333333333335, 20.5, 20.0, 20.0, 20.0, 20.0, 20.0, 20.0, 19.9, 19.266666666666666, 18.3, 14.933333333333335, 10.333333333333334, 7.799999999999999, 8.833333333333334, 12.766666666666667, 10.5, 9.433333333333334, 8.566666666666666, 6.0, 6.0, 5.933333333333334, 6.933333333333334, 10.166666666666666]}