{"day": 0, "month": 3, "station_id": 107, "predict": [8.225462871694068, 7.6341243247526, 7.1771859989558795, 6.825855929742621, 8.407067915868414, 7.8164200307549265, 8.564567216292584, 9.761816792161241, 12.823255510578043, 10.804760874931212, 7.08251724352591, 7.003095586384832, 9.342023861441628, 10.311929143228804, 9.673980138457825, 11.014883114459433, 4.533842118485747, 4.545676193531318, 8.106725108473626, 8.817041847767896, 10.23558839907424, 11.471807254112981, 13.21176942454651, 13.318007417135163], "test": [9.0, 9.0, 9.0, 9.0, 9.0, 9.0, 10.366666666666667, 11.3, 12.6, 10.166666666666666, 4.333333333333333, 5.633333333333334, 4.133333333333335, 3.2333333333333334, 2.833333333333333, 2.4333333333333327, 2.8000000000000003, 1.5000000000000002, 6.0, 10.1, 10.7, 16.4, 18.7, 18.3]}