{"day": 0, "month": 10, "station_id": 427, "predict": [40.85255418985317, 41.32992746431559, 41.839462424716096, 42.046457107239966, 40.59269106116904, 40.03756573521085, 38.39053802949112, 33.05661464646647, 14.071308899527153, 7.845771626772754, 7.393892326638781, 6.2167738773078, 4.868083355150288, 3.287373891880749, 1.3941108363243464, 3.076777574489286, 11.134888437041155, 29.07459181694226, 41.81121753391979, 41.68266698230171, 42.40701835915926, 39.84648948091769, 38.56694722728137, 38.88623287264203], "test": [40.0, 40.0, 40.0, 40.0, 39.63333333333333, 38.2, 36.9, 26.96666666666666, 2.066666666666666, 7.033333333333333, 2.599999999999999, 2.3666666666666663, 2.6666666666666665, 11.866666666666667, 13.766666666666667, 12.033333333333331, 9.933333333333334, 18.266666666666666, 39.43333333333333, 41.93333333333333, 37.46666666666667, 35.733333333333334, 34.1, 34.333333333333336]}