{"day": 4, "month": 1, "station_id": 66, "predict": [39.17270033835675, 38.572247871727974, 38.21163125489211, 37.93374600830291, 39.2841097206056, 38.46023288239745, 37.38902120702473, 33.16637112424381, 33.2438603783572, 14.93383646711115, 17.826889567769463, 12.223617032374552, 12.185937852139407, 10.127295463052178, 10.769010505349698, 13.872386709762148, 19.009722531266505, 29.77995622362148, 34.420317427037794, 32.60549762401785, 32.22717695085551, 29.820061021085525, 26.49684561980785, 30.652900452008133], "test": [40.0, 40.0, 40.0, 40.0, 40.0, 40.0, 40.0, 36.93333333333333, 26.9, 22.766666666666666, 3.2666666666666666, 10.7, 6.133333333333334, 3.866666666666667, 5.6, 11.033333333333333, 20.033333333333335, 16.933333333333334, 18.633333333333333, 37.333333333333336, 32.06666666666667, 28.1, 30.96666666666667, 31.366666666666667]}