{"day": 5, "month": 8, "station_id": 109, "predict": [34.6561119902758, 41.6284164546252, 45.70450562120574, 49.16867300689502, 32.70004711007611, 38.54521334292306, 43.019820409425016, 46.48401323225486, 32.275303713845666, 36.72087658857822, 42.18879429470159, 44.55282531556007, 26.23019710160346, 27.636472271750193, 31.2445022410568, 33.795424843511604, 24.6861849760734, 26.63577243476885, 24.604514648565086, 20.03801244957156, 16.66673414972743, 14.148561858394721, 17.976289106309892, 22.344007369752557], "test": [20.6, 23.766666666666662, 25.366666666666667, 27.0, 28.0, 28.0, 28.0, 28.0, 28.266666666666666, 28.033333333333335, 29.96666666666666, 26.7, 27.233333333333334, 28.2, 24.1, 23.333333333333332, 27.066666666666666, 29.1, 30.366666666666664, 21.533333333333335, 15.1, 15.800000000000002, 18.433333333333334, 19.633333333333333]}