{"day": 6, "month": 7, "station_id": 66, "predict": [36.51360409038907, 37.17867011115306, 37.15906449257779, 37.62739232967636, 35.00471341638706, 36.10550768288621, 36.89747917494727, 37.30477753034372, 35.23564339096434, 35.290609308193474, 34.592359902859926, 33.674280976200244, 33.48880162928102, 34.25989480097905, 35.27031086891161, 37.15246581137433, 33.66111097193642, 33.96966932618597, 37.02381334693259, 37.34594492502689, 33.297358762776454, 34.48319883249587, 36.10631849928608, 36.72839325341891], "test": [32.96666666666667, 34.0, 34.06666666666667, 33.0, 34.1, 34.0, 34.0, 34.0, 35.0, 35.0, 34.96666666666667, 34.833333333333336, 31.033333333333335, 29.133333333333333, 32.120000000000005, 32.88, 32.666666666666664, 23.0, 29.566666666666666, 31.066666666666663, 32.86666666666667, 34.46666666666667, 35.9, 36.0]}