{"day": 3, "month": 7, "station_id": 130, "predict": [22.99972937757789, 21.257267916601744, 19.49229348866428, 18.736393038300267, 22.20175937234957, 19.52246549020141, 17.662979785150693, 15.245692419558091, 15.437678433570534, 5.672172099850956, 6.742409386751734, 7.245244784934786, 1.6619113977274493, 4.000870301231729, 2.348609312201862, 2.593672757579247, 6.373002810043164, 14.729684618128434, 16.793371544750947, 14.704823753807176, 18.769950242868052, 20.77126829151146, 21.09337526366035, 21.626542122204697], "test": [22.1, 19.066666666666666, 21.433333333333334, 23.8, 24.0, 24.0, 23.566666666666666, 21.5, 18.566666666666666, 12.5, 8.033333333333333, 1.3666666666666665, 3.433333333333333, 2.166666666666667, 1.1, 0.9333333333333333, 2.0666666666666673, 4.833333333333332, 7.466666666666667, 13.166666666666664, 13.099999999999998, 14.833333333333334, 23.133333333333333, 21.566666666666666]}