{"day": 6, "month": 1, "station_id": 272, "predict": [19.286621557665857, 17.751979204714697, 16.781879833925544, 15.95075763900541, 16.09683707538157, 15.698709258320708, 14.965602231607399, 15.624647109137419, 9.57317090303927, 9.581160985349134, 9.619236447091774, 9.849989443816925, 8.657000450420952, 11.17901051414921, 11.840517677482726, 13.17328343553314, 11.745388365005876, 12.970322594017293, 14.278383562770875, 14.61650854833282, 5.128109636453955, 7.195942890856401, 8.400770318949329, 4.387814526118692], "test": [19.033333333333335, 20.933333333333334, 17.333333333333332, 16.033333333333335, 15.733333333333333, 6.966666666666667, 8.0, 8.033333333333333, 7.733333333333333, 6.833333333333333, 4.066666666666666, 7.833333333333332, 14.666666666666666, 11.433333333333332, 9.9, 10.966666666666667, 7.333333333333333, 5.033333333333333, 4.333333333333332, 3.0333333333333323, 2.000000000000001, 0.9333333333333345, 3.1333333333333337, 4.666666666666667]}