{"day": 1, "month": 11, "station_id": 195, "predict": [25.885924740391786, 25.84388472163377, 25.555652933569323, 25.304692747378457, 26.600454264668063, 26.215872948965796, 25.578622200507382, 23.68569610006155, 13.427252412870635, 3.1664196399665334, 1.6656270683016803, 2.225355391335983, 3.1092134842380013, 2.925163329363612, 3.435293315582779, 2.3578174190662278, 7.545528712949522, 11.868588952133525, 22.667232342544498, 25.643968576111988, 24.4961962206828, 17.960662402740418, 15.895445183355395, 15.144688502682254], "test": [26.033333333333335, 27.0, 27.0, 27.0, 27.0, 27.0, 26.666666666666668, 23.866666666666667, 17.633333333333333, 7.4, 0.3, 0.4000000000000001, 7.733333333333333, 10.233333333333333, 9.2, 7.566666666666667, 6.566666666666666, 10.533333333333333, 21.533333333333335, 27.233333333333334, 30.0, 29.966666666666665, 28.433333333333334, 28.0]}