{"day": 0, "month": 10, "station_id": 159, "predict": [35.982407165044975, 36.37572471054808, 36.195503436599864, 36.03891994003908, 37.693352082265775, 37.27152071318156, 36.85966290034737, 35.78664684734685, 34.78610215341487, 11.26016354576965, 10.656995267097622, 9.913131866235757, 0.0, 0.0, 0.0, 0.0, 12.220050599862123, 23.39170713463322, 37.88410776439994, 39.0, 38.35508525723697, 38.43551140748577, 38.75355811242944, 38.59247650083676], "test": [34.0, 34.3, 38.0, 38.0, 38.0, 38.0, 37.93333333333333, 36.733333333333334, 30.2, 3.2666666666666657, 0.33333333333333326, 0.0, 0.2333333333333336, 6.4, 8.9, 11.466666666666667, 13.4, 20.733333333333334, 32.3, 37.63333333333333, 38.46666666666667, 38.233333333333334, 39.0, 39.0]}