{"day": 1, "month": 8, "station_id": 331, "predict": [28.15121109698285, 28.049958833783805, 28.11451720280747, 28.16426259121334, 29.636864211657173, 29.306337351616488, 26.50962318463754, 19.29880218720773, 9.040775121985297, 5.372550449223303, 7.223185868753161, 7.426247762621772, 6.837418824719592, 10.320705295343943, 14.68937969676406, 11.100999281703622, 20.041233143621366, 25.622412703892422, 30.0, 30.0, 29.494883122171288, 29.61642702309307, 28.3163758005634, 27.605028621976732], "test": [29.933333333333334, 30.0, 30.0, 30.0, 30.0, 30.0, 27.2, 26.233333333333334, 11.366666666666667, 0.3, 0.36666666666666653, 1.1666666666666667, 0.666666666666666, 10.766666666666667, 20.633333333333333, 20.0, 9.8, 15.866666666666665, 26.766666666666666, 29.533333333333335, 29.633333333333333, 30.0, 30.0, 30.0]}