{"day": 1, "month": 10, "station_id": 66, "predict": [39.010117780080726, 38.984699097951946, 38.84800500313398, 38.750151576717585, 38.805728369185765, 38.17189960320796, 36.792172856419974, 33.225530190904195, 23.40871795372125, 25.94707515577767, 30.31888962426899, 29.90660808547969, 29.978497115997943, 27.798994791699325, 27.568755029961217, 27.44845616523312, 20.879127390299708, 12.732147941683465, 16.065791645808353, 35.84098229774944, 29.87722151895708, 32.102131625837714, 34.065091563827764, 36.087862239036724], "test": [39.0, 39.0, 39.0, 39.0, 38.93333333333333, 39.0, 37.8, 36.2, 11.966666666666669, 28.933333333333337, 32.3, 33.1, 31.6, 32.86666666666667, 27.3, 19.2, 18.133333333333333, 13.433333333333334, 10.066666666666666, 28.233333333333334, 37.766666666666666, 38.9, 39.0, 39.0]}