{"day": 0, "month": 10, "station_id": 195, "predict": [27.12859716439756, 26.630643511152638, 26.287562042751397, 25.773487191341523, 26.408883110820266, 25.98963739159364, 25.515353970075132, 25.653412669706388, 22.546986548177237, 21.261850166614703, 21.034400630400604, 20.29984805884006, 3.0650159309088476, 4.839408830888523, 4.3302774954283905, 3.338491916813611, 9.7872069314416, 15.985916362033151, 24.51566136911575, 27.230625476199055, 25.445894221157097, 25.098470319373533, 25.293172633004552, 24.90298918192827], "test": [27.0, 27.0, 27.0, 27.0, 27.0, 27.0, 27.366666666666667, 27.166666666666668, 26.266666666666666, 9.433333333333334, 2.6666666666666665, 1.1999999999999993, 6.133333333333334, 14.833333333333334, 14.033333333333333, 8.833333333333334, 8.266666666666667, 10.533333333333333, 22.766666666666666, 25.866666666666667, 25.533333333333335, 25.833333333333332, 24.433333333333334, 25.033333333333335]}