{"day": 5, "month": 7, "station_id": 703, "predict": [24.584341430666758, 24.711388256913615, 24.250052411668914, 23.645379029030007, 23.88130253232221, 24.22833454154691, 24.30328358213906, 24.55756434678198, 24.14083005799234, 23.355328031092558, 21.620991800492504, 18.250783597539566, 20.38587555042845, 19.290189526989536, 21.101873784625656, 21.270206592555926, 21.102686359372292, 22.878933489043526, 24.134441221049286, 23.273607185957328, 23.023812571248197, 23.44052418114724, 22.858881771698183, 22.59645002357463], "test": [24.0, 24.0, 24.0, 24.0, 24.0, 24.0, 24.0, 24.0, 23.4, 23.733333333333334, 20.3, 19.333333333333332, 23.0, 23.2, 21.533333333333335, 19.433333333333334, 15.666666666666664, 20.3, 21.9, 22.466666666666665, 23.0, 21.766666666666666, 21.9, 20.333333333333332]}