{"day": 4, "month": 7, "station_id": 541, "predict": [27.902144029877107, 27.672116382019674, 27.670551551684913, 27.687504664863738, 27.83774229069198, 27.735833286152292, 27.28957250195161, 24.483620292308313, 15.404269203201487, 10.678397369224054, 10.206088850839686, 9.413756461309042, 14.272615413240592, 13.625903542816076, 10.882365608779992, 9.913946921437955, 15.56817036533985, 22.996549897388597, 25.319697713553182, 25.79462628900572, 18.81224376715093, 23.879960257472394, 23.75799701545962, 23.0736974217587], "test": [27.933333333333334, 28.0, 28.0, 28.0, 27.933333333333334, 27.666666666666668, 25.866666666666667, 25.4, 19.4, 4.833333333333333, 3.4333333333333336, 9.7, 3.7333333333333343, 5.633333333333334, 12.733333333333333, 15.333333333333336, 21.0, 25.1, 16.233333333333334, 11.966666666666667, 15.333333333333336, 15.066666666666666, 16.166666666666668, 16.766666666666666]}