{"day": 6, "month": 10, "station_id": 213, "predict": [34.718972332413216, 33.60282533400087, 32.07939910157584, 30.592751659156534, 34.34014317076438, 34.295785422230466, 33.60480833529647, 33.08455983149865, 29.45605700425195, 29.136162862063212, 24.864525924674854, 24.43610684940095, 35.72718803239858, 36.0, 34.74970149624531, 33.88392481317578, 24.292717097332662, 25.456635885856432, 26.046681842911052, 28.036622906001853, 22.101715038121093, 23.733271145224325, 25.03602865686931, 26.16624415532659], "test": [34.0, 34.43333333333333, 35.0, 35.0, 34.1, 30.0, 30.0, 29.3, 29.0, 29.6, 29.0, 29.066666666666663, 34.4, 27.466666666666665, 17.866666666666667, 22.266666666666666, 25.433333333333334, 22.366666666666667, 21.2, 21.966666666666665, 20.0, 21.0, 21.0, 21.533333333333335]}