{"day": 6, "month": 3, "station_id": 361, "predict": [9.89225275833118, 10.951423570517113, 14.498856080105197, 17.477720960428726, 6.054113165821183, 7.920061746089068, 7.38857284942245, 10.298134325239475, 4.8490020749793485, 8.600754128337556, 12.139347363538072, 14.494974659292744, 5.134115732896, 7.492103175148556, 9.285353259280335, 12.651577636261498, 7.645340856613085, 4.634910953201342, 8.050319308464289, 6.778803693441007, 8.379190585983501, 10.069557448034187, 6.217153919783719, 2.2638950207878006], "test": [2.0000000000000027, 2.0000000000000027, 2.0000000000000027, 2.0000000000000027, 2.0000000000000027, 2.0000000000000027, 2.0, 2.0, 2.0, 2.1333333333333346, 3.0000000000000013, 3.0000000000000013, 4.2, 4.0, 2.6999999999999993, 3.0666666666666673, 3.866666666666668, 4.833333333333334, 6.299999999999999, 8.0, 8.0, 8.0, 8.0, 8.0]}