{"day": 1, "month": 7, "station_id": 12, "predict": [47.98044219128538, 48.128799363052224, 48.067887592444976, 48.016413938877754, 47.96427599680354, 47.930102918615376, 47.900967326050385, 46.509829565593726, 43.1060345704764, 33.46685273268264, 28.018518688218155, 22.92860848538501, 23.055306266150193, 22.297714234179768, 16.81692052944806, 16.562814427541973, 23.5909297789541, 37.02440514153772, 45.14948836130769, 49.0, 48.10271944354504, 44.99845054704268, 47.17000746662887, 47.912554693161084], "test": [48.0, 48.0, 48.0, 48.0, 48.0, 48.0, 47.8, 46.9, 45.5, 43.3, 29.6, 24.1, 22.933333333333334, 20.366666666666667, 22.266666666666666, 20.1, 23.233333333333334, 34.733333333333334, 47.56666666666667, 47.8, 46.63333333333333, 47.96666666666667, 48.0, 48.0]}