{"day": 3, "month": 5, "station_id": 194, "predict": [53.913597774319186, 54.093451195970054, 54.74855105375441, 54.61166820453515, 55.59559485624695, 54.80824227928621, 53.62406533125946, 53.97312250983129, 46.618981601539495, 34.48785742025461, 22.48362015799914, 16.703367236351276, 0.29444373381611966, 11.218008833530885, 9.96901487698386, 11.655139391634636, 21.929947243086083, 23.435411947275213, 24.02026824068261, 32.5897365499977, 20.11414938431337, 29.292342344636268, 34.823311919705816, 39.62684393252373], "test": [54.766666666666666, 55.0, 55.0, 55.666666666666664, 56.0, 55.53333333333333, 55.4, 51.46666666666667, 43.43333333333333, 21.1, 1.4666666666666677, 1.6333333333333337, 3.6999999999999993, 19.566666666666666, 23.333333333333332, 16.966666666666665, 17.066666666666666, 14.2, 15.7, 15.833333333333332, 12.433333333333334, 22.166666666666668, 40.7, 45.733333333333334]}