{"day": 3, "month": 5, "station_id": 32, "predict": [41.44040499474268, 41.21292759699639, 40.671551312750296, 40.48845708338408, 42.06284344808269, 41.95741625910883, 40.674291555316145, 40.95431556166714, 28.106919524601796, 8.274320307012456, 1.5207149418001775, 3.9307383746998568, 6.42349117249641, 7.84123794482554, 10.907438266232537, 11.787263986718314, 4.938657326461496, 16.749280707517972, 32.010427809744485, 35.421397521438436, 32.808459009636834, 34.39138759935136, 36.176875405209, 37.500388117769646], "test": [42.0, 42.0, 42.0, 42.666666666666664, 43.0, 43.0, 41.666666666666664, 40.13333333333333, 20.366666666666667, 3.2, 1.7, 1.2666666666666666, 2.566666666666667, 2.0, 0.7666666666666675, 2.0333333333333337, 1.6666666666666672, 8.366666666666667, 28.6, 31.033333333333335, 30.799999999999997, 32.9, 32.733333333333334, 34.53333333333333]}