{"day": 2, "month": 9, "station_id": 374, "predict": [1.4920454291618086, 2.3602766683765988, 3.036827172338236, 3.463186417842674, 1.868951098397055, 2.913413330376635, 5.372483072133017, 15.49916077116636, 28.818826262680222, 23.127776306291953, 18.751700433051095, 19.959544659430712, 12.176169365458412, 16.024797287339982, 15.207268851825926, 11.92752360417429, 15.906156577637814, 11.70352771136116, 3.8515840899457534, 9.308912299971437, 25.096263615657943, 21.02575854267962, 19.323698015976706, 14.374557268015499], "test": [0.0, 0.0, 0.0, 0.0, 0.0, 0.0, 1.8666666666666663, 19.6, 32.166666666666664, 26.733333333333334, 7.3999999999999995, 5.433333333333333, 6.099999999999998, 4.300000000000001, 2.566666666666667, 6.133333333333335, 23.133333333333333, 8.733333333333333, 3.4, 17.066666666666666, 19.233333333333334, 9.966666666666667, 4.733333333333333, 1.1]}