{"day": 4, "month": 8, "station_id": 195, "predict": [26.895678738507335, 27.08058366912809, 27.010893041495084, 27.173582326155934, 27.901255452316413, 27.885642728857906, 27.99157347572822, 26.03298901198345, 15.90711734723438, 2.355670044677089, 0.6747012128954668, 1.59157370313456, 1.9631265760132985, 3.572154545151118, 3.390241744521149, 1.4836684697804232, 8.952298378665859, 12.855510040347138, 18.460502592407174, 25.106351911576535, 20.27821475369831, 18.38222396787092, 21.065270643646084, 23.17199065334283], "test": [27.4, 27.4, 27.0, 27.7, 28.0, 28.0, 27.966666666666665, 25.3, 19.333333333333332, 5.1, 2.7666666666666666, 1.5666666666666667, 0.5333333333333334, 4.833333333333333, 4.033333333333333, 6.466666666666667, 6.433333333333334, 5.766666666666667, 12.466666666666667, 18.466666666666665, 24.066666666666666, 25.033333333333335, 26.4, 27.233333333333334]}