{"day": 4, "month": 7, "station_id": 199, "predict": [23.21945165632815, 23.2690049282821, 23.296892924160346, 23.312692166598122, 23.146425803954713, 22.738490403338634, 20.439952958459536, 16.04374725990061, 14.443506016358068, 11.193437832166207, 10.00358151657879, 8.663225218095384, 6.844042252564265, 9.187104098057922, 8.962728089235608, 17.05345065807312, 13.905938470249927, 19.57275544309244, 19.503640159714564, 20.91781070700668, 21.218505993905637, 23.193758914474845, 23.789252345535065, 23.52763467389668], "test": [23.0, 23.0, 23.0, 23.0, 23.0, 23.0, 22.166666666666668, 18.166666666666668, 20.533333333333335, 14.599999999999998, 8.4, 6.233333333333334, 8.466666666666667, 9.5, 2.766666666666666, 13.633333333333333, 15.458333333333336, 13.733333333333333, 19.966666666666665, 23.4, 22.6, 22.566666666666666, 22.066666666666666, 23.866666666666667]}