{"day": 2, "month": 1, "station_id": 564, "predict": [10.61667695349336, 14.865152296573866, 15.932804125295576, 17.0735225085749, 28.963967256070443, 29.55957469994636, 29.89355592437788, 28.73014149292409, 29.190075548975948, 20.536182547528053, 15.061062765685776, 12.26554473641599, 18.498516556433454, 17.43307408240559, 15.19937074630954, 14.737405925362301, 16.54675651397081, 16.859289517601862, 18.51411825948023, 25.433504548799934, 25.713963472547498, 26.527134087730353, 26.918572893376147, 31.27125313477422], "test": [8.999999999999998, 9.1, 25.5, 28.000000000000004, 29.466666666666665, 37.0, 36.53333333333333, 34.36666666666667, 31.066666666666666, 22.666666666666668, 21.233333333333334, 18.933333333333334, 18.0, 18.366666666666667, 16.366666666666667, 15.8, 15.266666666666667, 16.733333333333334, 20.966666666666665, 22.3, 24.166666666666668, 24.533333333333335, 27.033333333333335, 30.133333333333333]}