{"day": 2, "month": 8, "station_id": 14, "predict": [16.8471354554083, 18.156377677558346, 17.380374323034466, 16.86302856296797, 16.792257607109704, 16.6074442251273, 14.50720963160433, 20.934739054809686, 21.317357568697215, 28.174586263170475, 37.705275915324464, 38.87700412893271, 30.079631282161767, 30.613341506674885, 31.290216063223767, 28.56505016760226, 17.763200514583396, 20.71900391580186, 19.752064754647762, 14.986089131333763, 12.597181484713369, 10.914274986463289, 10.099077292971455, 5.404303746585867], "test": [17.0, 17.533333333333335, 19.2, 17.633333333333333, 18.0, 18.0, 21.266666666666666, 27.43333333333333, 10.3, 8.300000000000002, 27.93333333333334, 29.94666666666667, 9.76666666666667, 15.766666666666666, 19.266666666666666, 16.666666666666668, 34.63333333333333, 32.5, 32.4, 23.6, 18.733333333333334, 19.4, 21.033333333333335, 24.633333333333333]}