{"day": 6, "month": 3, "station_id": 251, "predict": [22.95333577664051, 22.565018418507883, 22.919640029582443, 23.81966609907837, 26.91021308461113, 26.379744237263733, 25.799904522863454, 25.12502359328073, 27.067118907445817, 26.719405454486363, 25.136116448420747, 25.686981070809807, 25.14076769669954, 24.871379546761585, 23.871655714684064, 22.471630482420586, 12.14377859820848, 16.967169224377944, 18.97572766656492, 20.486568872641566, 22.11479501248679, 25.19384062670847, 26.41842100223743, 27.983286867195726], "test": [23.766666666666666, 27.0, 27.933333333333334, 27.0, 27.0, 27.633333333333333, 28.0, 27.633333333333333, 25.133333333333333, 25.93333333333333, 25.833333333333332, 25.3, 22.533333333333335, 22.5, 16.766666666666666, 10.166666666666666, 24.166666666666668, 24.2, 21.666666666666668, 20.8, 24.233333333333334, 26.8, 26.533333333333335, 31.333333333333332]}