{"day": 6, "month": 8, "station_id": 541, "predict": [11.987431955617765, 15.187989788334674, 17.98701713441928, 18.453862243585952, 12.346332732575569, 14.141582766231316, 14.973899025122535, 15.379180005896208, 7.607466344038965, 8.925427284951862, 6.313491006565854, 6.7087791960122205, 10.952784995063027, 9.581050053535762, 9.518357366121657, 11.454800125630928, 17.8111569765911, 17.17031669897237, 20.371574652933415, 23.656127614753263, 12.321852228903758, 15.937230456190054, 20.338707585071322, 21.800490582548573], "test": [13.666666666666666, 14.500000000000002, 12.666666666666666, 8.966666666666667, 5.800000000000001, 5.266666666666667, 6.866666666666667, 5.133333333333334, 4.233333333333334, 2.266666666666668, 4.500000000000001, 12.5, 12.0, 12.0, 12.0, 11.066666666666666, 11.0, 11.0, 11.166666666666666, 11.466666666666667, 11.8, 12.0, 12.0, 13.833333333333334]}