{"day": 6, "month": 3, "station_id": 229, "predict": [8.541072632974513, 10.21111398942751, 11.94934270598651, 14.413776540345458, 6.492020981810779, 8.224326541745109, 9.833889482968159, 11.22642079790473, 6.906947471769661, 10.74803216281932, 11.803820821410188, 11.977573351449916, 5.265361964192512, 5.8733972860769565, 6.275034485917585, 8.224259166466512, 8.0222929620703, 7.853202669473278, 9.332743375644267, 9.857086473286044, 13.775624308420632, 14.070400948639989, 13.378623057268557, 13.84886212268973], "test": [5.000000000000001, 5.000000000000001, 3.1999999999999993, 3.7333333333333334, 4.833333333333332, 5.733333333333334, 6.0, 6.0, 6.533333333333333, 6.0, 4.4, 4.166666666666668, 1.4666666666666668, 3.533333333333334, 2.7666666666666675, 6.533333333333333, 1.8999999999999986, 3.3333333333333335, 10.533333333333333, 12.8, 13.866666666666667, 14.666666666666664, 17.0, 14.033333333333335]}