{"day": 6, "month": 10, "station_id": 427, "predict": [33.68111429324778, 34.45566633508789, 34.9499175629108, 35.90636037943627, 36.052249955741075, 36.37085515325112, 35.910957713060405, 35.909251446476695, 37.80260395157715, 39.40199809496332, 39.13471397253857, 39.31205345333033, 35.34352606334766, 34.13435909201054, 34.417977677049784, 37.41269259553551, 40.458061417505505, 40.8894134262649, 41.345810121980755, 41.25255292239699, 41.273367702408976, 41.81398815272423, 41.92524931697659, 41.94873156621426], "test": [32.733333333333334, 34.13333333333333, 36.0, 36.0, 36.0, 36.0, 36.0, 36.0, 36.0, 35.766666666666666, 35.53333333333333, 35.5, 33.63333333333333, 34.0, 37.666666666666664, 38.96666666666667, 40.5, 42.13333333333333, 41.96666666666667, 41.0, 40.666666666666664, 36.3, 39.46666666666667, 40.0]}