{"day": 2, "month": 5, "station_id": 331, "predict": [29.253160577962987, 29.2461094495745, 29.338750249175693, 29.497663573634487, 27.36846777915878, 28.11866652983907, 26.92927456002784, 24.49815540453795, 14.46212987958095, 1.9783627624663955, 5.13460412633347, 6.3346594880966824, 3.163281276115301, 7.227672967698947, 9.447880745015468, 10.769515621739876, 13.856271365483636, 21.0233467848277, 25.42707424273624, 28.076235015326915, 29.547678476066327, 29.683006449285454, 29.61594122602075, 29.76031183927346], "test": [26.0, 26.0, 26.0, 26.0, 26.0, 26.0, 24.466666666666665, 21.8, 19.566666666666666, 0.6000000000000001, 6.833333333333333, 2.966666666666667, 3.8666666666666667, 8.666666666666666, 6.366666666666666, 7.900000000000001, 10.533333333333333, 21.0, 28.466666666666665, 28.833333333333332, 28.733333333333334, 27.733333333333334, 29.0, 29.0]}