{"day": 1, "month": 7, "station_id": 107, "predict": [16.48985505669344, 15.712507437092691, 14.98988697362142, 13.928915129037978, 16.51570939715039, 15.625461009264141, 16.833843952855712, 20.0, 19.16013160326528, 14.308062406353484, 11.099281504921688, 9.634269689290903, 13.461032818074157, 13.162475110098569, 12.234474569507622, 12.799644166798789, 10.81971196827168, 10.962461469968483, 13.556503934120808, 15.697376190128063, 16.967119416433636, 18.47882601484497, 16.622655690045654, 15.593035649002216], "test": [17.4, 17.0, 17.0, 17.0, 17.0, 17.0, 19.833333333333332, 19.933333333333334, 15.833333333333336, 9.533333333333333, 12.333333333333334, 14.2, 17.166666666666668, 13.566666666666666, 11.366666666666667, 12.866666666666667, 15.4, 18.466666666666665, 18.533333333333335, 15.866666666666667, 19.033333333333335, 17.433333333333334, 16.166666666666668, 18.0]}