{"day": 4, "month": 4, "station_id": 340, "predict": [14.100283319964388, 14.44050922345906, 14.591099113548255, 14.701134434546045, 14.255297867815285, 14.454542577303044, 11.889806196695073, 5.0080334127884685, 6.020007758285402, 4.01006174457682, 3.725207129091743, 5.741022173398359, 2.889979661708873, 2.32529747339868, 2.9501488667054607, 4.362437124688486, 4.436426911074358, 11.457287314360958, 14.329709407190055, 14.565409908099728, 6.621589255570983, 7.861433976109854, 8.738413007317256, 9.78237568510292], "test": [14.0, 14.0, 14.0, 14.0, 14.0, 14.0, 12.8, 10.333333333333334, 4.633333333333334, 2.933333333333333, 5.6, 3.0, 1.4666666666666663, 0.3333333333333335, 1.166666666666667, 3.2666666666666666, 9.4, 15.333333333333334, 7.433333333333334, 3.466666666666667, 5.166666666666666, 5.799999999999999, 6.366666666666666, 6.0]}