{"day": 0, "month": 9, "station_id": 192, "predict": [14.996199411696454, 14.466940971009716, 14.06633574753868, 14.010219299240758, 14.0, 14.0, 13.366666666666667, 11.444444444444445, 8.876406641480354, 1.05032037515446, 2.760829721692389, 2.0764381100193914, 7.060903301724045, 6.233920703209488, 7.971586889122056, 9.03609729917969, 3.3912168953627795, 5.407127865088144, 11.582238357710876, 14.660341727406594, 14.658238150244012, 15.621283170833246, 15.407704266678651, 15.510883711728967], "test": [13.066666666666666, 13.866666666666667, 14.0, 14.0, 14.0, 14.0, 13.333333333333334, 11.933333333333334, 8.633333333333333, 0.8, 0.6333333333333333, 0.8, 0.4666666666666668, 0.7333333333333334, 0.9666666666666668, 3.366666666666667, 4.833333333333333, 6.333333333333333, 13.433333333333334, 15.3, 15.366666666666667, 16.0, 15.466666666666667, 15.666666666666666]}