{"day": 2, "month": 7, "station_id": 194, "predict": [52.66410818786551, 48.80351125188508, 50.46222103730493, 51.66003415644521, 54.88163613028582, 53.39247678298706, 52.07903884995706, 49.53681057069686, 44.37020289506285, 26.31832802253153, 16.705070619778553, 18.761352791137025, 4.031815733347806, 7.523360026187474, 12.846949795391689, 20.333987937205485, 36.34880731685918, 24.751748238984682, 22.14791174789992, 25.9365394479931, 51.59869275309167, 56.0, 56.0, 56.0], "test": [55.96666666666667, 56.0, 56.0, 55.86666666666667, 55.0, 54.266666666666666, 53.733333333333334, 52.03333333333333, 46.666666666666664, 25.633333333333333, 14.833333333333334, 5.666666666666667, 2.7999999999999994, 20.466666666666665, 41.6, 37.96666666666667, 47.03333333333333, 43.5, 49.233333333333334, 53.3, 51.1, 53.9, 55.1, 55.166666666666664]}