{"day": 2, "month": 6, "station_id": 195, "predict": [27.74140921842704, 28.108999094326137, 27.994254818213978, 27.909267119576768, 27.91794954607156, 28.09726184559799, 27.35994918942412, 25.84633484377696, 18.953777002186797, 5.631264184229323, 3.702962677430877, 2.4487527936683784, 3.023531825203635, 2.522323288984184, 3.4603552087152742, 4.860141294254828, 4.197246764978195, 17.624217450730253, 26.868926452317304, 27.07608229598751, 27.735110174054114, 28.047028761664972, 27.565697169809074, 28.408263510467354], "test": [28.0, 28.0, 28.0, 28.0, 28.0, 28.0, 28.5, 27.366666666666667, 19.866666666666667, 6.166666666666667, 6.133333333333334, 1.4333333333333333, 0.9333333333333336, 0.7666666666666666, 0.7666666666666666, 2.7, 8.133333333333333, 18.866666666666667, 28.433333333333334, 28.1, 27.733333333333334, 28.0, 28.366666666666667, 29.0]}