{"day": 2, "month": 1, "station_id": 32, "predict": [40.188044172149795, 40.434877956842264, 40.66587595668274, 41.22489641417995, 40.412799087927034, 40.87141737694266, 41.078435639635714, 40.483313288348256, 38.739115787850835, 12.950503799724595, 5.789471904475671, 11.88473929319966, 8.146393118321678, 12.300588295429735, 14.792728280544926, 15.407398917412236, 27.382691622469263, 34.199257640085094, 42.34680380656407, 43.0, 41.35569985517736, 41.481606626221726, 40.17555502894429, 40.61861785117364], "test": [40.0, 40.0, 40.0, 40.0, 40.0, 40.0, 40.06666666666667, 42.3, 35.333333333333336, 18.0, 5.0, 3.0000000000000004, 2.4999999999999996, 7.599999999999999, 27.800000000000004, 29.0, 29.53333333333334, 36.36666666666667, 41.03333333333333, 40.4, 41.5, 42.833333333333336, 43.0, 43.0]}