{"day": 2, "month": 4, "station_id": 228, "predict": [38.745982816361106, 39.012947714702264, 39.01984807802183, 38.91689782627616, 38.931472959397965, 38.17261976683143, 36.105602073251895, 31.81992922828668, 11.456186780477879, 5.463230810085938, 9.241861212300538, 6.537438156453569, 2.145035640318831, 5.422017727693644, 5.753240292264903, 7.223466150946608, 4.254198083717961, 10.609788612087332, 25.966692870221408, 31.366196103906425, 36.89995788381814, 37.696617789138635, 38.40930082444132, 38.377103526920735], "test": [39.0, 39.0, 39.0, 39.0, 39.0, 38.2, 34.03333333333333, 25.566666666666666, 5.733333333333334, 0.20000000000000018, 11.966666666666669, 4.866666666666666, 1.333333333333333, 3.8333333333333335, 0.43333333333333335, 1.1333333333333329, 5.700000000000001, 14.333333333333334, 33.166666666666664, 37.166666666666664, 37.93333333333333, 38.0, 38.0, 37.96666666666667]}