{"day": 2, "month": 10, "station_id": 213, "predict": [34.16834102846758, 34.02575780474443, 33.48982830755372, 32.68293589222532, 33.565962789789616, 32.902682856006074, 31.858804711321277, 29.587299883789107, 26.957480980200486, 17.32953869337988, 15.03264570027724, 15.30973837945701, 24.682600346924602, 24.798161873253445, 25.861099936937947, 28.857210599601725, 31.06341766539619, 32.12920831974927, 31.890966523359808, 33.27954532809038, 33.72754131690749, 34.36301948043584, 35.030168562093216, 35.88411844350044], "test": [34.0, 34.0, 34.0, 34.0, 34.0, 34.0, 34.0, 31.933333333333334, 25.133333333333333, 15.066666666666666, 12.933333333333334, 19.566666666666666, 26.6, 28.033333333333335, 33.3, 33.333333333333336, 32.53333333333333, 33.233333333333334, 32.06666666666667, 33.4, 32.233333333333334, 32.56666666666667, 31.066666666666666, 31.0]}