{"day": 1, "month": 11, "station_id": 12, "predict": [48.2829753965444, 48.34223626520589, 48.58577472145157, 48.740364427971755, 48.89822390365785, 48.543999262847834, 48.40158768028077, 46.80127768519977, 38.207594705312026, 24.399310254155854, 14.83767298670308, 6.538789214054633, 1.3689467053261797, 4.410765465319644, 5.243377652903596, 9.038801238002662, 13.00140877668713, 26.68429731524716, 36.01976135166307, 37.011789098253786, 28.755434420028134, 30.717509809543465, 34.564106275477904, 36.72084740700768], "test": [49.0, 49.0, 49.0, 49.0, 49.0, 49.0, 48.96666666666667, 47.0, 37.2, 15.4, 1.2999999999999994, 1.5333333333333332, 11.866666666666665, 12.7, 14.033333333333331, 10.533333333333333, 12.9, 18.666666666666668, 21.233333333333334, 27.733333333333334, 33.766666666666666, 38.46666666666667, 41.833333333333336, 41.9]}