{"day": 0, "month": 10, "station_id": 703, "predict": [22.08135855181669, 22.546683743410043, 22.908244024196573, 23.17877732201605, 22.55383805645911, 22.69606069996783, 15.076194867202744, 12.929826561623514, 0.6900188817578451, 0.11819851304330983, 3.5289648583568143, 6.78847164163088, 8.463382883862337, 7.524307060851308, 6.415746857741189, 6.573830029727586, 11.441746984988924, 19.361307321186505, 23.02050294183225, 22.988498313340937, 18.61193887254295, 20.487233918279422, 22.41005194801817, 22.8518154519623], "test": [22.0, 22.0, 22.0, 22.0, 22.0, 21.733333333333334, 16.0, 3.633333333333333, 3.6666666666666665, 4.666666666666667, 11.133333333333333, 10.433333333333334, 11.666666666666666, 10.8, 11.266666666666667, 9.1, 7.233333333333333, 12.466666666666667, 22.133333333333333, 19.419999999999998, 19.833333333333332, 24.3, 25.0, 25.0]}