{"day": 2, "month": 6, "station_id": 199, "predict": [22.626571029609895, 22.897006022181294, 23.065233902363637, 23.168562467147762, 22.528938856181618, 23.116184545413645, 21.51799572524147, 18.335208561029315, 5.991513621151112, 4.490361576380328, 2.049836114520317, 1.3813545499019986, 8.534764186562574, 12.452536055604991, 14.410265432890547, 15.52493100202565, 19.462071568952624, 23.55559291103343, 21.01813566834719, 23.41659990941801, 19.024249063590894, 21.21658200443175, 22.18702685981819, 22.598886582696398], "test": [22.0, 22.0, 22.0, 22.0, 17.9, 17.5, 14.066666666666666, 14.2, 8.933333333333334, 0.09999999999999964, 0.6999999999999998, 3.666666666666666, 11.233333333333333, 9.4, 13.3, 17.466666666666665, 15.26666666666667, 18.133333333333333, 21.566666666666666, 16.5, 23.8, 22.533333333333335, 20.766666666666666, 24.0]}