{"day": 6, "month": 8, "station_id": 159, "predict": [29.208641647725866, 28.137642418471565, 28.144474052473953, 29.201523342048343, 23.732160021560997, 25.054531316588008, 25.861214982823885, 26.436030235993993, 22.014839369328175, 27.747308906699498, 31.213017091923504, 29.804998757094506, 25.73586812812975, 24.76909953089146, 23.75961926147394, 22.34603811380361, 23.497379410072007, 25.970849760047475, 28.337916251505106, 30.73301685236453, 30.575193749071605, 31.93837882296014, 32.41522379880887, 32.72026399693326], "test": [27.866666666666667, 25.000000000000004, 22.8, 22.0, 22.0, 22.0, 22.0, 22.0, 22.0, 22.0, 22.0, 23.766666666666666, 24.0, 24.0, 23.566666666666666, 23.0, 23.0, 22.63333333333333, 25.766666666666666, 27.0, 27.666666666666668, 28.0, 25.3, 24.66666666666667]}