{"day": 1, "month": 2, "station_id": 703, "predict": [23.959466922624443, 23.801843960112468, 23.8467821067532, 23.88220229927445, 24.0, 23.666666666666668, 16.82222222222222, 13.277777777777777, 6.1851865038885405, 2.6040406037222343, 3.039391839018315, 3.2824243080070756, 10.62292225105573, 8.75393561295916, 9.420518138451259, 8.576344605803987, 6.428415759722479, 12.240464796972516, 21.174126876349856, 22.245355644917325, 22.469066261319004, 21.31208264986825, 23.215492641887348, 23.75346264580115], "test": [24.0, 24.0, 24.0, 24.0, 24.0, 22.9, 17.633333333333333, 13.733333333333334, 11.033333333333333, 10.766666666666667, 4.9, 4.166666666666667, 8.533333333333333, 5.566666666666666, 5.033333333333333, 5.166666666666667, 6.766666666666667, 9.333333333333334, 22.266666666666666, 22.633333333333333, 19.266666666666666, 20.066666666666666, 21.233333333333334, 22.0]}