{"day": 4, "month": 12, "station_id": 331, "predict": [21.253877051395534, 21.95557319879028, 22.578562829884124, 23.203780690024868, 22.934518877966774, 23.242091101054957, 22.95878869487553, 19.97879812359191, 16.627095847489706, 11.17792180799585, 7.925939472729181, 6.10256320934609, 13.861928238888366, 14.353046151812773, 14.920953117645633, 16.30870367007092, 18.776720922313622, 23.25758945993153, 22.832465804587716, 23.62349257459937, 25.138463141707753, 26.446182346474643, 26.73163086920315, 26.049235135484093], "test": [20.0, 20.9, 23.0, 23.0, 23.0, 23.0, 23.0, 21.8, 18.933333333333334, 15.633333333333333, 14.533333333333333, 14.566666666666666, 12.733333333333333, 11.733333333333333, 14.0, 15.500000000000002, 17.733333333333334, 22.733333333333334, 24.5, 23.966666666666665, 22.266666666666666, 20.833333333333332, 21.0, 21.0]}