{"day": 5, "month": 7, "station_id": 73, "predict": [32.06375702849073, 33.52615890317394, 31.45044999597355, 32.47721717400484, 37.0, 36.60859611579368, 36.160342609069126, 37.0, 32.713304788516695, 32.14324123632078, 31.825484929708747, 29.45798490067647, 33.690523745453866, 30.388405719827073, 28.81331443068193, 28.546886184815502, 34.40615728360536, 30.991828228285673, 27.03738550732934, 27.840103725719636, 13.635173871842747, 16.06401764149183, 19.662876344133903, 19.415440464830006], "test": [33.266666666666666, 36.333333333333336, 37.0, 36.9, 35.0, 32.733333333333334, 33.03333333333333, 32.93333333333333, 32.266666666666666, 30.366666666666667, 27.8, 31.833333333333332, 34.43333333333333, 35.56666666666667, 36.0, 34.86666666666667, 35.3, 31.9, 19.633333333333333, 10.566666666666666, 7.900000000000001, 19.408333333333335, 20.0, 18.641666666666666]}