{"day": 2, "month": 11, "station_id": 331, "predict": [27.726110043526404, 27.881858255327522, 27.91262762587431, 27.95573983869183, 27.951331280984753, 27.940084118455662, 27.453922993818075, 24.70640170185272, 18.420608968818758, 5.479110069481756, 2.4532887738942626, 2.7881943458041705, 10.92173817817827, 15.635681873994159, 13.601772868192402, 9.00123777778751, 8.985153934571118, 19.469426108400235, 21.039574802927774, 25.824180402106443, 20.726244422684303, 21.501736621631082, 21.644710666536756, 22.419790765137783], "test": [26.133333333333333, 26.766666666666666, 27.2, 28.0, 28.0, 28.0, 27.6, 26.933333333333334, 10.266666666666667, 1.3333333333333335, 2.2666666666666666, 8.5, 8.633333333333333, 6.6, 6.433333333333334, 6.033333333333333, 6.966666666666667, 14.966666666666667, 16.2, 17.7, 25.5, 29.3, 29.933333333333334, 30.0]}