{"day": 3, "month": 3, "station_id": 331, "predict": [27.52644173946298, 27.54459757567369, 27.605976515022906, 27.688991210913645, 28.930822195100998, 28.876113481336397, 26.872921871226946, 17.794056088963867, 18.836595258783046, 9.347431476356784, 6.759617940697332, 5.733244244758931, 2.930978707681588, 7.182155753709054, 7.374703526157333, 7.185804818508723, 9.98010711772749, 14.841598217549, 20.269349401279236, 21.160896037427726, 21.127736560122795, 26.52590334124403, 27.09327660050791, 26.971560095412134], "test": [28.666666666666668, 29.0, 29.0, 29.0, 29.0, 29.0, 28.766666666666666, 24.5, 22.166666666666668, 11.066666666666666, 3.433333333333333, 2.7333333333333334, 11.2, 11.733333333333333, 11.9, 11.6, 13.433333333333334, 13.333333333333334, 17.966666666666665, 20.066666666666666, 21.733333333333334, 25.2, 25.566666666666666, 25.066666666666666]}