{"day": 0, "month": 10, "station_id": 214, "predict": [6.071909281642513, 4.050220735720958, 3.2750898357767677, 3.3141841635712006, 8.703720351931889, 7.920951683374451, 8.393595344028416, 17.228639428534848, 30.35128524279838, 26.832074425738636, 16.679392026932003, 15.235520776654269, 17.629520228635883, 16.880257989390763, 15.941296152020556, 15.705904634978705, 14.82200380751756, 13.23080890093688, 10.924971705259946, 15.024543969984544, 11.846710298838957, 13.083981438245551, 10.587647807068556, 11.62927982165971], "test": [10.0, 10.0, 10.0, 10.0, 10.0, 10.266666666666667, 10.8, 22.5, 23.8, 19.266666666666666, 19.333333333333332, 19.4, 14.666666666666666, 11.466666666666667, 8.533333333333333, 17.4, 14.133333333333333, 18.0, 16.866666666666667, 9.3, 9.233333333333333, 10.0, 10.6, 9.566666666666666]}