{"day": 6, "month": 6, "station_id": 270, "predict": [1.1465501554975477, 2.333372178163148, 3.5662558157297584, 4.919032738548616, 3.0241113837192666, 3.726469322791756, 4.3168580781324835, 3.7170252717682986, 3.1857947094039116, 3.7112293790655833, 2.167592272009682, 3.081968897723575, 2.312664078367102, 3.744161180622536, 1.9336044004891544, 0.3927399517093197, 0.0, 0.0, 0.0, 0.0, 0.0, 0.0, 2.464390850735216, 4.586003864100688], "test": [0.8333333333333335, 1.8000000000000003, 4.533333333333333, 4.933333333333334, 3.2138888888888872, 2.880555555555554, 2.880555555555554, 2.847222222222221, 2.213888888888888, -0.7861111111111109, -0.41944444444444473, -0.45277777777777783, 9.247222222222222, 10.680555555555555, 9.613888888888889, 10.713888888888889, -4.541666666666668, -5.3083333333333345, -3.741666666666668, -3.0416666666666687, -1.0527777777777794, -0.45277777777777783, -1.8194444444444449, -2.8527777777777787]}