{"day": 2, "month": 4, "station_id": 71, "predict": [34.0, 34.0, 34.0, 34.0, 33.45796450482936, 33.787624164498176, 30.686134600425785, 26.50949759334183, 10.147338533376452, 5.113871717185436, 9.704271942073223, 11.201961591924475, 14.587484896065668, 17.246265053178867, 15.108591104864075, 17.281937870772907, 8.640655279810103, 18.777791944097228, 24.19902199398134, 23.016327759158663, 29.801673710179337, 31.467830441479848, 31.808964696311186, 32.13448647518279], "test": [33.666666666666664, 33.0, 33.0, 33.03333333333333, 34.0, 33.4, 27.766666666666666, 19.266666666666666, 6.700000000000001, 3.466666666666667, 13.733333333333333, 13.466666666666667, 13.0, 12.466666666666669, 9.966666666666667, 7.333333333333334, 13.8, 19.533333333333335, 30.066666666666666, 25.166666666666668, 31.966666666666665, 32.0, 32.0, 32.0]}