{"day": 0, "month": 2, "station_id": 95, "predict": [12.008505732614406, 13.894097895070873, 13.237696913689824, 12.740421135439599, 13.343671273803881, 10.146692036299164, 9.296169847639158, 10.392625832991097, 9.228373443601901, 4.572813837830048, 5.293283570677331, 6.3673339189265326, 8.114069555360384, 7.7864768213033635, 7.825987248900981, 6.427426883280928, 8.79117651388464, 10.998270202895299, 12.58255528540414, 15.0, 15.0, 15.0, 15.0, 14.782388696415387], "test": [14.0, 14.0, 14.0, 14.0, 14.0, 13.1, 11.8, 11.933333333333334, 10.633333333333333, 2.7666666666666666, 1.7666666666666664, 7.133333333333334, 9.0, 9.333333333333334, 9.7, 8.766666666666667, 8.433333333333334, 11.966666666666667, 12.433333333333334, 14.766666666666667, 14.933333333333334, 15.0, 13.366666666666667, 12.0]}