{"day": 5, "month": 10, "station_id": 48, "predict": [16.997372935452915, 17.522008930291108, 18.372131977636506, 18.53277616493834, 18.936775198868627, 19.192922330605445, 19.22669755712888, 18.97213855647758, 20.588907567796326, 19.666307134222123, 17.149837390142736, 18.826647281508052, 16.416580486416006, 13.136594355049832, 11.5610850519074, 11.634802140695742, 13.928311283095473, 16.70624434909428, 18.999905638661687, 17.973185378241954, 19.162209582043527, 19.07759447712522, 18.8207606232889, 18.445233142494555], "test": [20.0, 20.0, 19.2, 19.0, 20.0, 20.0, 20.0, 20.066666666666666, 21.0, 21.0, 20.9, 17.5, 17.2, 16.266666666666666, 15.333333333333336, 17.266666666666666, 19.833333333333332, 21.566666666666666, 21.0, 18.866666666666667, 19.0, 19.4, 23.266666666666666, 25.0]}