{"day": 1, "month": 2, "station_id": 340, "predict": [15.676546228404918, 15.715450697560971, 15.765888296320824, 15.714184032012735, 15.83985692418491, 15.682344625153299, 12.068955898777068, 6.244259440563203, 7.155664500637391, 7.162833115238135, 5.09149492407223, 4.500185957781746, 3.1798403154464774, 4.363416052344087, 4.6093098285099545, 3.3755457931209256, 2.486083229982756, 6.3046375615157535, 13.214026656719243, 14.800846290523022, 16.0, 16.0, 16.0, 16.0], "test": [16.0, 16.0, 16.0, 16.0, 16.0, 16.0, 15.333333333333334, 12.766666666666667, 10.2, 8.033333333333333, 3.3333333333333335, 1.4, 2.2333333333333334, 2.066666666666667, 1.6333333333333333, 1.1, 5.0, 9.3, 13.9, 15.566666666666666, 16.0, 15.933333333333334, 11.166666666666666, 11.766666666666667]}