{"day": 6, "month": 2, "station_id": 55, "predict": [23.14229703636863, 22.623766935568643, 22.15892104945299, 21.952925556627672, 25.10729258696563, 24.537832173608866, 23.91993159518952, 23.22758507433058, 25.674488328734714, 23.826818704260113, 22.209664411287847, 21.26383403154128, 27.498545062315547, 25.60234867534417, 24.874148089924358, 24.35186106765475, 27.19365971292755, 26.101533749741602, 25.769669053638804, 23.52613157341319, 28.07785124405116, 33.0, 33.0, 33.0], "test": [24.0, 24.9, 25.366666666666667, 26.0, 26.0, 26.0, 26.0, 26.0, 26.1, 26.0, 26.866666666666667, 29.366666666666667, 30.6, 29.199999999999996, 29.0, 28.6, 29.266666666666666, 28.0, 27.2, 26.666666666666668, 26.866666666666667, 27.066666666666666, 28.266666666666666, 29.0]}