{"day": 0, "month": 1, "station_id": 541, "predict": [22.9768591454829, 23.764956146748165, 23.68580526964279, 24.54616589421721, 24.384940811068795, 24.53215129730379, 24.467401740555392, 23.08856908296399, 14.547808945756884, 8.66614403054107, 10.885265041058085, 14.052267563174386, 9.136828544317886, 13.288497921503227, 16.12204250480055, 16.772832955268917, 9.841840464274336, 12.201601609661692, 17.65106355499257, 20.690202684761957, 26.642624144309455, 25.093770282996317, 24.060657119324162, 24.53860429358953], "test": [23.3, 24.0, 24.0, 24.0, 24.0, 24.0, 22.3, 18.766666666666666, 9.933333333333334, 7.1, 9.533333333333333, 8.033333333333333, 7.966666666666667, 7.6, 9.033333333333333, 9.3, 10.3, 12.7, 24.266666666666666, 26.533333333333335, 26.466666666666665, 26.966666666666665, 26.266666666666666, 27.0]}