{"day": 4, "month": 2, "station_id": 199, "predict": [24.0, 24.0, 24.0, 24.0, 23.857661419257433, 23.440799381492276, 21.029790830507743, 16.06246024965129, 15.663288543909083, 6.53182388677406, 11.324885426910758, 14.032502907377049, 6.2594494893874035, 7.011256933275295, 7.522934583644158, 8.21979489388253, 11.766689700393615, 15.901527382171661, 19.48602808346493, 18.959193055419163, 14.65999439552924, 14.576893265096418, 15.796996790407876, 17.862006851178954], "test": [24.0, 24.0, 24.0, 24.0, 24.0, 24.0, 22.6, 19.666666666666668, 18.866666666666667, 7.266666666666666, 1.6333333333333329, 4.666666666666666, 7.033333333333333, 2.9000000000000004, 2.6, 12.3, 10.566666666666666, 6.966666666666667, 10.433333333333334, 14.833333333333334, 15.400000000000002, 15.333333333333336, 14.833333333333334, 15.5]}