{"day": 3, "month": 2, "station_id": 32, "predict": [35.495126592025315, 35.61327485749514, 35.634707318158284, 35.493480162525756, 36.08428426703843, 36.14582027612652, 36.12352813145153, 36.33073493887917, 32.72665294162683, 13.831334944368237, 5.503331423393908, 3.944282903927185, 12.641917243277351, 13.707276007253578, 12.602622528783254, 11.652121718415952, 12.888052645865013, 19.680500278367102, 27.823109054979952, 30.4736766198898, 43.0, 43.0, 43.0, 43.0], "test": [34.0, 36.0, 36.0, 36.0, 36.0, 36.0, 36.13333333333333, 38.333333333333336, 28.9, 4.8, 8.033333333333333, 12.533333333333333, 13.4, 14.100000000000001, 14.3, 14.433333333333335, 19.033333333333335, 26.666666666666668, 38.43333333333333, 42.03333333333333, 42.1, 43.0, 42.9, 42.53333333333333]}