{"day": 0, "month": 8, "station_id": 154, "predict": [30.34046948510782, 25.87615464010186, 20.771872646659844, 17.77633011702487, 26.03855596167572, 26.206565675516135, 30.12007174390789, 33.87381733844005, 33.35488448855565, 28.33545462090876, 30.779754356396758, 33.70341920479236, 34.0444664450602, 31.831918942920137, 30.212880948588882, 25.035341844423325, 18.006834511659804, 18.440357458426774, 24.21590354831239, 7.596739240801985, 6.761171713252122, 5.613636949350756, 4.109225701027832, 2.4411690175958656], "test": [30.0, 30.0, 30.0, 30.0, 30.0, 30.0, 30.099999999999998, 31.166666666666668, 32.666666666666664, 33.0, 33.43333333333333, 33.36666666666667, 35.0, 35.0, 33.233333333333334, 33.86666666666667, 16.575, 17.783333333333335, 29.233333333333334, 10.683333333333334, 8.633333333333333, 8.775, 17.166666666666668, 13.333333333333334]}