{"day": 0, "month": 9, "station_id": 195, "predict": [12.837127837907968, 13.482372780157734, 13.889297558396947, 14.180026992170454, 21.69365715385326, 21.182986255866624, 20.78418059923707, 21.41496657981245, 15.421739043064797, 6.3489288228432015, 5.045787406097835, 4.923789934038744, 3.3174608819817606, 3.6783254759723842, 1.8824633385890626, 1.1245114482865932, 6.483176025985975, 13.68069120974296, 28.102379821970786, 29.975683923745486, 27.685605340136817, 26.495449704638222, 27.066562213432857, 27.594506717047487], "test": [21.666666666666668, 23.0, 22.033333333333335, 22.0, 22.0, 22.0, 21.266666666666666, 18.8, 9.133333333333333, 2.3, 1.9333333333333333, 3.3333333333333335, 3.6333333333333333, 10.3, 4.5, 2.3, 3.4, 11.233333333333333, 24.833333333333332, 28.366666666666667, 27.8, 26.833333333333332, 28.166666666666668, 28.0]}