{"day": 5, "month": 7, "station_id": 246, "predict": [40.347162108038155, 39.51624742230379, 38.99761783442908, 38.614523018871246, 39.59750659716599, 39.47085693185519, 39.523627805742194, 39.88068859749496, 39.2033143469785, 38.83786110758304, 38.1231452712212, 33.67324196853193, 41.0, 41.0, 39.301463664883485, 40.48831746613234, 38.99976890876125, 37.27983915210643, 29.745317703816138, 29.983282043641335, 37.32491155030656, 35.96517632989532, 31.039585711578976, 30.090710693384054], "test": [40.0, 39.2, 39.0, 39.0, 39.0, 39.0, 39.0, 39.0, 38.46666666666667, 39.53333333333333, 39.733333333333334, 39.63333333333333, 37.6, 34.9, 37.766666666666666, 38.43333333333333, 39.666666666666664, 37.46666666666667, 37.53333333333333, 37.0, 38.43333333333333, 38.93333333333333, 38.96666666666667, 39.06666666666667]}