{"day": 2, "month": 6, "station_id": 340, "predict": [15.475996345661464, 15.61447147915629, 15.627134406371255, 15.636863081315333, 15.54994185737049, 14.475853033192378, 11.19872337806714, 5.62163753388844, 1.613257544760037, 0.1966538872983205, 0.9756415092761637, 2.1540027971265703, 2.3162746615886576, 2.4089112243332447, 4.27980859751651, 5.0714149693351125, 7.764854303019114, 14.216150854453863, 14.534079249335702, 15.009266622390857, 15.305580247452312, 15.130835068511947, 15.215916055410323, 15.233796940951558], "test": [16.0, 16.0, 16.0, 16.0, 16.0, 15.633333333333333, 11.766666666666667, 4.166666666666667, 1.2666666666666666, 0.09999999999999998, 1.6333333333333333, 0.7666666666666666, 2.9, 1.1, 2.8666666666666667, 6.1, 6.1, 12.966666666666667, 14.6, 15.4, 15.166666666666666, 16.0, 15.666666666666666, 15.666666666666666]}