{"day": 2, "month": 5, "station_id": 192, "predict": [15.017296529781326, 15.08968948011127, 14.491270208426467, 14.241063607564742, 14.344921580515157, 14.23732978377803, 13.864978101545114, 12.91438853050478, 11.192205243514781, 5.055004836019676, 1.0536456344591054, 0.92120740664525, 5.243118458756633, 8.251682125868758, 5.942066102794281, 6.5971649455991255, 4.521005827235378, 4.945334727743809, 9.013673057625534, 7.4708762350744635, 11.465724598885394, 12.559271223488334, 14.048108936029715, 15.321134677292054], "test": [14.0, 14.0, 14.0, 14.0, 14.0, 14.0, 14.0, 13.166666666666666, 14.133333333333333, 7.8, 1.6333333333333333, 1.0666666666666667, 3.2666666666666666, 0.833333333333333, 2.8666666666666667, 4.433333333333334, 4.2, 3.466666666666667, 13.3, 10.4, 4.633333333333334, 14.133333333333333, 15.0, 14.933333333333334]}