{"day": 4, "month": 2, "station_id": 18, "predict": [25.689022947036456, 25.249353587622345, 25.20746419753797, 25.15769889556708, 23.31734614637773, 23.59046768647642, 23.618523487057974, 22.128945244234604, 22.562891696297566, 17.893156836119857, 12.517170350917109, 11.213669996785487, 19.743589740486552, 18.9898499804665, 15.65045579691666, 15.783416679574882, 12.752966463325086, 15.529974122337867, 17.078030236324533, 15.026469926777647, 10.337033244735187, 13.253424296347106, 15.756671322646854, 17.310438723333544], "test": [22.866666666666667, 23.0, 23.0, 23.0, 24.7, 26.0, 25.833333333333332, 24.166666666666668, 20.6, 22.6, 19.6, 19.2, 25.933333333333334, 17.733333333333334, 14.633333333333333, 12.966666666666667, 14.133333333333333, 12.3, 6.466666666666666, 5.799999999999999, 6.533333333333333, 6.3, 7.799999999999999, 9.233333333333333]}