{"day": 5, "month": 8, "station_id": 213, "predict": [23.314562907378182, 24.60215685281499, 25.299418395792788, 27.506049599615867, 28.11023571227371, 28.57922826550331, 28.611847112285364, 28.537116008298394, 27.659886657852507, 26.281109833030428, 27.36817693945533, 26.23786875424999, 31.549879655335268, 31.048450663835467, 29.441237114378193, 31.535186644553345, 22.577814825519084, 22.671487499716843, 25.202239880683607, 25.053802434678826, 24.45737849523417, 21.78544928613003, 22.65762637374841, 23.667498881611543], "test": [27.0, 27.0, 27.0, 27.0, 27.0, 27.0, 27.0, 27.033333333333335, 26.0, 25.8, 26.33333333333333, 30.4, 32.43333333333333, 33.03333333333333, 23.533333333333335, 21.366666666666667, 28.4, 29.533333333333335, 29.866666666666667, 30.766666666666666, 29.366666666666667, 21.43333333333333, 20.366666666666667, 23.233333333333334]}