{"day": 4, "month": 11, "station_id": 14, "predict": [1.4262492680475818, 1.770778086645354, 2.5844882645498775, 4.371075433234411, 3.6695238874914695, 3.5233709360878533, 6.131251229352434, 14.786292868819718, 14.514004381165115, 8.762363400562617, 8.164075281444763, 15.711523054600558, 9.428251050196732, 18.394252773122858, 17.330821091532403, 10.801304273402106, 19.52523852493146, 27.51251799970604, 29.136688165171464, 15.887865548897459, 8.024694753114762, 6.930750569384442, 5.607071488590783, 4.288775659640793], "test": [0.9999999999999998, 1.5, 2.4666666666666672, 3.8, 4.0, 4.0, 5.7, 17.8, 15.5, 7.299999999999999, 6.666666666666667, 9.2, 11.166666666666666, 15.033333333333333, 16.3, 4.699999999999999, 28.1, 36.233333333333334, 33.2, 12.866666666666667, 10.8, 10.933333333333334, 8.133333333333333, 7.9]}