{"day": 1, "month": 2, "station_id": 195, "predict": [26.931153061697668, 27.0923608304017, 26.769705174752108, 26.438106719906266, 28.440127984508017, 27.98027683323637, 27.701604475927, 27.665833067119856, 19.206559095668595, 2.952374863372248, 2.1886788728968813, 3.351561922471254, 12.882826976336984, 16.481044589126007, 13.894858758525496, 11.872861285914459, 8.375165971162943, 18.732840580384085, 26.24006989100071, 25.96943150763569, 29.804546457402665, 29.22846160339547, 30.0, 29.983460945119774], "test": [28.0, 28.9, 29.0, 29.0, 29.0, 28.966666666666665, 28.466666666666665, 27.9, 23.833333333333332, 5.366666666666666, 4.766666666666667, 7.866666666666665, 11.366666666666667, 11.7, 8.833333333333334, 8.566666666666666, 7.1, 16.733333333333334, 27.6, 29.466666666666665, 28.566666666666666, 28.0, 28.0, 28.0]}