{"day": 4, "month": 7, "station_id": 341, "predict": [21.304240747747944, 17.050730167581037, 18.749793443043274, 19.398880680889654, 15.376812372352049, 15.078124319778524, 14.720315715117522, 16.905948833333337, 9.262088216737766, 7.74618554361425, 3.054958597905642, 2.359707328908854, 5.351713824922168, 6.145096004083729, 5.417347366263247, 7.958155523807774, 16.785768166401862, 10.843723321617237, 11.162614730326343, 16.145565112749207, 19.630463360790213, 19.08222042039812, 18.567351856197053, 16.940771606015442], "test": [21.6, 8.4, 14.933333333333335, 21.466666666666665, 12.2, 11.866666666666667, 5.266666666666666, 7.0666666666666655, 12.666666666666666, 9.533333333333333, 7.966666666666667, 2.166666666666666, 0.29999999999999954, 0.13333333333333341, 5.3, 14.4, 5.266666666666666, 2.8, 15.966666666666665, 19.133333333333333, 21.666666666666668, 17.066666666666666, 12.066666666666668, 2.5333333333333323]}