{"day": 2, "month": 7, "station_id": 272, "predict": [17.88082641644081, 16.55810842800631, 16.128973910208277, 15.270283849229468, 19.197940961997418, 17.291895131744692, 13.855786494662281, 13.992605256170979, 18.41689348456982, 15.713938640687495, 13.934080844387362, 13.90087539167518, 15.263379824337626, 14.525249269333957, 12.761424792112347, 14.691260141253505, 11.682985956034159, 3.3273731692534585, 5.291712493451711, 7.5077131205084, 4.26070307496882, 7.221419875637587, 8.512130221847057, 10.377721239552992], "test": [21.0, 21.0, 21.0, 21.0, 21.0, 21.0, 20.533333333333335, 19.333333333333332, 14.533333333333335, 13.73333333333333, 14.999999999999998, 15.333333333333334, 18.733333333333334, 16.866666666666667, 10.2, 8.066666666666666, 15.366666666666667, 5.7666666666666675, 1.5666666666666669, 2.2666666666666666, 2.433333333333333, 6.833333333333333, 8.533333333333333, 17.666666666666668]}