{"day": 0, "month": 4, "station_id": 331, "predict": [29.01711602988956, 29.067943347690214, 28.563115058135978, 27.98870932754461, 28.55439643583358, 28.278876188738725, 26.988339695271737, 23.327515155179093, 22.99536927848984, 20.808577128057102, 21.421403170728556, 22.14479852650762, 22.381447063477705, 21.198859551281156, 20.419004978460322, 19.876307469862205, 24.212402826081977, 27.496507720965973, 29.81568329436704, 30.0, 28.833872403472952, 28.903109051639365, 28.7391373545607, 28.275133674310627], "test": [29.866666666666667, 29.0, 29.0, 29.0, 29.0, 29.0, 28.233333333333334, 25.633333333333333, 23.933333333333334, 23.3, 25.0, 25.0, 25.0, 25.1, 24.066666666666666, 23.066666666666666, 26.1, 29.0, 28.633333333333333, 28.066666666666666, 28.933333333333334, 29.0, 29.0, 29.0]}