{"day": 5, "month": 11, "station_id": 130, "predict": [17.70559273345193, 17.37582503487355, 17.099303739782883, 17.542891137473518, 19.26955739854099, 18.42687285095201, 17.956057994259684, 17.789517155516727, 17.841547443913868, 13.716855613215522, 9.179579045734794, 7.12083787158936, 7.604371835748584, 5.381957591576651, 8.060207114891965, 6.4323660203596145, 19.56166920905691, 16.07186228934554, 14.649467842577526, 13.290018702353517, 4.692674178886896, 4.75848511774786, 4.556910595724684, 5.396739573691635], "test": [18.3, 19.9, 20.0, 20.0, 20.0, 20.0, 19.2, 19.0, 18.2, 15.600000000000001, 11.0, 10.8, 13.5, 17.866666666666667, 18.866666666666667, 18.6, 13.0, 10.733333333333333, 5.866666666666666, 6.300000000000001, 5.333333333333333, 6.166666666666668, 8.333333333333334, 10.0]}