{"day": 3, "month": 7, "station_id": 14, "predict": [25.174512946692616, 22.897967792707302, 20.52213275528149, 12.018098572678582, 22.258537439884552, 18.455681908703674, 19.910794679099347, 24.970146890986804, 18.6768891995485, 27.264251318532423, 37.01276048507923, 25.2862026127681, 36.81950138740298, 33.90824365666288, 29.957106717894888, 22.22506683010828, 26.07755411872848, 29.850487383472654, 36.1841996607872, 24.2409387720613, 26.51082425558179, 24.610166702140262, 21.72616972835779, 16.763713583788274], "test": [28.7, 29.0, 30.0, 29.9, 11.766666666666667, 10.9, 14.066666666666666, 19.866666666666667, 24.96666666666666, 36.96666666666667, 40.9, 43.06666666666667, 43.166666666666664, 41.9, 25.3, 21.766666666666666, 25.866666666666667, 24.266666666666666, 31.166666666666668, 34.43333333333333, 29.233333333333334, 30.2, 26.366666666666667, 29.6]}