{"day": 3, "month": 2, "station_id": 107, "predict": [0.8965793731363503, 1.4651528294014815, 2.2668802605868414, 2.773560041542576, 0.677665630807045, 1.2902508177632221, 3.98807876120268, 5.709869368899218, 6.654696159297384, 7.379156535059531, 5.089467494110371, 5.334606302712819, 14.580176761259134, 16.39456432612279, 16.924929370732233, 18.06334555919138, 15.323970712372308, 14.278849439904386, 14.281043867424192, 13.623936850760982, 12.454416853780208, 14.048664348909154, 12.612248326895285, 10.519609220104563], "test": [0.0, 0.0, 0.0, 0.0, 0.46666666666666634, 1.0666666666666669, 2.7, 5.133333333333335, 10.5, 11.833333333333334, 15.766666666666666, 16.5, 13.733333333333333, 18.366666666666667, 19.933333333333334, 15.066666666666666, 11.066666666666666, 10.9, 7.966666666666667, 11.6, 14.033333333333333, 14.233333333333334, 12.133333333333333, 11.166666666666668]}