{"day": 0, "month": 2, "station_id": 270, "predict": [15.57111061893101, 15.125124101797544, 15.266905779060204, 15.276117815054333, 15.549572458718915, 15.782169442576313, 18.243084658590895, 22.479379060920113, 27.21215525818326, 31.0, 30.901141178440277, 31.0, 30.776442637905106, 30.454234362125714, 30.280800535637546, 29.611673932160002, 26.358967969603356, 16.65965497015724, 9.225585197366723, 4.085433721485428, 3.7281624981749624, 3.299244897676786, 3.354321310578785, 4.207098050968534], "test": [16.03611111111111, 16.369444444444444, 16.369444444444444, 16.369444444444444, 15.547222222222222, 15.280555555555555, 16.51388888888889, 20.447222222222223, 32.05833333333334, 38.35833333333334, 39.55833333333334, 40.125, 30.125000000000004, 31.125000000000004, 31.39166666666667, 30.858333333333338, 25.591666666666672, 16.491666666666667, 8.125000000000004, 3.258333333333336, 3.8472222222222228, 5.180555555555555, 3.947222222222223, 5.247222222222223]}