{"day": 2, "month": 10, "station_id": 338, "predict": [23.0, 23.0, 23.0, 23.0, 23.0, 23.0, 21.79624376527901, 18.35027624852739, 18.65427564075384, 4.7554019780993695, 1.619558141276805, 1.6070391408112012, 0.9770537861912311, 0.5826739715697439, 1.1326911713929477, 2.618181376563752, 5.85398193549202, 7.828361629318314, 13.397652874361198, 15.019068010766341, 8.0372197386995, 10.777554548608695, 14.36049437005873, 16.46219468062372], "test": [23.0, 23.0, 23.0, 23.0, 23.0, 23.0, 22.966666666666665, 21.3, 20.933333333333334, 6.68, 11.133333333333333, 2.1666666666666665, 2.933333333333333, 2.7666666666666666, 0.5666666666666667, 6.299999999999999, 6.833333333333333, 3.466666666666667, 2.0333333333333328, 5.3, 8.2, 10.6, 16.666666666666668, 20.966666666666665]}