{"day": 0, "month": 11, "station_id": 95, "predict": [11.818390131990117, 11.770783207768527, 11.509022523316151, 11.292955494244897, 12.81539120664132, 12.397203864608322, 10.978948378981203, 10.817216445319904, 11.138736126478747, 6.140278095076111, 4.0642011662817, 3.727438640140413, 6.7585378365751465, 6.139493516343093, 7.605992140982295, 7.618956813191636, 4.305710567546688, 6.5233491852424335, 10.460824732332512, 12.92977380196713, 10.625615520017703, 10.040306830162057, 10.60715445932199, 11.45532111646623], "test": [12.2, 13.0, 13.0, 13.0, 13.166666666666666, 14.0, 12.566666666666666, 11.766666666666667, 9.1, 9.2, 3.6333333333333333, 5.166666666666667, 2.5, 2.1333333333333333, 3.533333333333333, 6.766666666666667, 7.599999999999999, 12.266666666666667, 10.7, 10.3, 14.0, 14.333333333333334, 14.266666666666667, 13.3]}