{"day": 0, "month": 7, "station_id": 109, "predict": [36.61656102130059, 41.32208858687029, 43.2138632232926, 45.046407159298774, 36.61005439339899, 38.54518997893994, 39.67993478228292, 38.83062845185811, 40.619037285166584, 32.48810670098177, 25.524407587185834, 27.58425754325557, 40.42609258728347, 41.42672905216273, 39.59900164609769, 39.299880225273654, 19.66715498545052, 14.555280135623168, 4.755003610867001, 31.795557807512747, 37.83398658423021, 43.101880117646324, 45.01937894555409, 46.27910328929084], "test": [32.1, 33.86666666666667, 34.0, 33.96666666666667, 33.0, 43.333333333333336, 51.0, 48.53333333333333, 40.06666666666667, 39.7, 40.53333333333333, 40.1, 36.8, 34.266666666666666, 32.733333333333334, 27.766666666666666, 31.399999999999995, 32.03333333333333, 20.133333333333333, 19.5, 43.7, 53.86666666666667, 56.43333333333333, 57.0]}