{"day": 3, "month": 9, "station_id": 340, "predict": [15.234129436656128, 15.163742682270495, 15.10041332426638, 15.045139574419094, 15.689298080674256, 13.984512155683138, 8.684566914964204, 4.6732729932057975, 0.1657989369428931, 0.28513948641339143, 2.3385784106904652, 3.8107167669007915, 3.596869780861932, 2.5538923785205556, 3.952118163452434, 5.629333726226717, 5.495104570660173, 7.604255816266332, 11.584614990887788, 13.074502291886489, 13.720047225213696, 15.130125487100095, 15.314255081854858, 15.32514320677618], "test": [16.0, 16.0, 16.0, 16.0, 15.866666666666667, 15.0, 14.133333333333333, 4.3, 1.1666666666666667, 0.6666666666666666, 0.3999999999999999, 0.06666666666666687, 2.5, 5.033333333333333, 6.1, 4.0, 4.333333333333333, 14.0, 12.5, 13.766666666666667, 14.3, 15.733333333333333, 16.0, 16.0]}