{"day": 6, "month": 5, "station_id": 73, "predict": [19.114999993893015, 18.602695553319748, 18.644290608740395, 19.46672236044382, 26.237725518076207, 25.37297158761098, 24.68765681456875, 24.601727025904115, 27.692895184156253, 25.631548671547982, 23.802024840206396, 23.051783159143334, 29.251095027598044, 26.51698545452366, 24.635542227003597, 28.334763030313944, 36.977162906330605, 36.76282204593255, 35.455004374521714, 35.09005752527758, 27.332316811603082, 28.269407294740116, 29.703732993959804, 29.970559768630512], "test": [19.533333333333335, 24.333333333333332, 25.5, 26.133333333333333, 28.0, 28.0, 28.0, 28.966666666666665, 29.0, 28.300000000000004, 27.033333333333335, 28.266666666666666, 31.633333333333336, 33.63333333333333, 34.06666666666667, 32.93333333333333, 31.633333333333336, 31.5, 27.366666666666667, 26.066666666666666, 27.166666666666668, 26.733333333333334, 28.266666666666666, 25.866666666666667]}