{"day": 2, "month": 12, "station_id": 229, "predict": [6.511845310093147, 6.133302042364241, 6.251100798411698, 9.816098840806355, 15.273203275163002, 16.79620265487905, 18.395621098884387, 18.916562043704584, 15.388020882686085, 16.197129251784865, 17.07610651335162, 17.92814956617238, 8.624588390885439, 9.377637625748374, 7.33023794172827, 6.539667594099509, 7.221205259808662, 6.162794563832882, 7.517642166944899, 8.143327575595347, 9.125160908115241, 9.267068049406532, 10.324451633725577, 11.720335148223725], "test": [0.7000000000000002, 6.4, 2.7999999999999994, 11.333333333333334, 21.4, 21.0, 19.1, 15.3, 14.0, 9.8, 8.0, 7.466666666666667, 6.033333333333333, 6.0, 5.466666666666667, 4.0, 3.9000000000000004, 3.0, 4.433333333333334, 9.2, 2.166666666666666, 0.0, 5.033333333333333, 11.666666666666666]}