{"day": 4, "month": 9, "station_id": 159, "predict": [38.04167721458093, 38.11839812702628, 38.1819011855277, 38.220612516226865, 38.10341283957025, 38.19062741099671, 38.23895225002257, 37.270958070219436, 32.71810673562515, 17.115173812171157, 11.04317758259008, 9.31611132074557, 20.88526312724994, 22.8306348501277, 20.52467093778032, 16.662361111118134, 13.361546251985741, 19.64957079251676, 25.412995874568036, 28.165490806524904, 23.538017824260187, 25.7419535408713, 28.766847090490856, 32.70030758773233], "test": [38.0, 38.0, 38.0, 38.0, 38.0, 38.56666666666667, 38.833333333333336, 36.833333333333336, 32.96666666666667, 16.833333333333332, 13.366666666666667, 24.133333333333333, 19.6, 13.433333333333334, 11.066666666666666, 11.166666666666666, 10.333333333333334, 18.633333333333333, 24.86666666666667, 21.333333333333332, 21.0, 19.266666666666666, 19.0, 19.5]}