{"day": 6, "month": 2, "station_id": 213, "predict": [27.079685343685746, 27.544168666916473, 27.917074918358285, 27.81137755083142, 28.62595554021774, 28.971349902523798, 29.281194759278044, 29.38738657653403, 27.404474451148854, 28.23015014866082, 25.7902690135033, 27.927447516744284, 36.0, 36.0, 36.0, 36.0, 25.312335298358303, 21.239009191406417, 20.5867269354209, 16.420054332361318, 19.088452607230565, 20.367738221557662, 20.87043624283085, 21.590680066802385], "test": [27.933333333333334, 28.0, 27.966666666666665, 28.0, 28.0, 28.0, 28.0, 27.933333333333334, 27.033333333333335, 31.766666666666666, 29.966666666666665, 30.4, 32.8, 35.0, 29.9, 26.633333333333333, 26.733333333333334, 26.266666666666666, 23.733333333333334, 20.333333333333332, 21.0, 20.266666666666666, 20.0, 20.0]}