{"day": 6, "month": 11, "station_id": 228, "predict": [25.5716912639987, 24.071704723904226, 22.674062550350442, 21.493773684496947, 27.92748353084483, 26.149965056344495, 24.624457703982962, 22.958849526759693, 27.577752520799592, 25.08863123911116, 21.669336238789842, 22.08310557581239, 23.755195415230965, 26.060587278349452, 23.13492753401841, 22.254107611827415, 15.870494917955213, 14.928995778308408, 16.230983639568667, 16.42188956115917, 24.586692697492065, 24.1437860252937, 23.47782439903863, 23.586186299033088], "test": [27.5, 29.133333333333333, 30.0, 30.0, 30.0, 30.0, 30.0, 29.333333333333332, 29.0, 28.03333333333334, 24.066666666666666, 22.833333333333332, 22.933333333333334, 21.5, 19.466666666666665, 18.533333333333335, 19.8, 19.233333333333334, 20.7, 24.066666666666666, 25.0, 25.0, 27.233333333333334, 33.0]}