{"day": 3, "month": 3, "station_id": 278, "predict": [16.387877146202662, 16.197666986862167, 15.870231548023327, 15.497724483586895, 15.954721540062627, 14.39817461796874, 12.368067153628067, 10.903945173519677, 11.377607588794607, 8.331021113387571, 6.362886921033242, 4.808431693653004, 1.5134835997673057, 3.920133186748682, 4.259805335506358, 4.766084891558838, 8.858708096940092, 8.928948229509793, 9.399134793074664, 10.495872198964722, 2.3606165309574094, 3.7914018832393968, 7.098952659319702, 8.492889772414953], "test": [16.0, 16.0, 16.0, 16.0, 16.0, 15.166666666666666, 14.033333333333333, 11.033333333333333, 7.633333333333334, 3.1000000000000005, 0.16666666666666702, 0.5000000000000001, 12.633333333333333, 11.4, 11.1, 9.666666666666666, 10.733333333333333, 13.633333333333333, 13.3, 3.4333333333333327, 2.4666666666666672, 2.6999999999999997, 5.566666666666666, 7.133333333333334]}