{"day": 3, "month": 12, "station_id": 541, "predict": [28.0, 28.0, 28.0, 28.0, 28.0, 28.0, 28.0, 27.404259267707886, 24.303352785327355, 18.352020950268212, 23.944699288926536, 17.96804586119004, 16.03254516409086, 13.520810097060775, 12.878636265959196, 17.42110599204427, 19.80863296644962, 20.68686102933915, 23.65686558866664, 27.24461002910877, 28.0, 27.447678508867277, 28.0, 28.0], "test": [28.0, 28.0, 28.0, 28.0, 28.0, 27.7, 27.1, 28.0, 26.766666666666666, 23.366666666666667, 21.566666666666666, 16.733333333333334, 16.133333333333333, 21.1, 20.2, 19.333333333333332, 19.3, 15.233333333333333, 20.933333333333334, 27.2, 26.966666666666665, 27.133333333333333, 27.3, 26.5]}