{"day": 0, "month": 1, "station_id": 217, "predict": [8.77988690686936, 9.282889963325458, 9.780299759538503, 10.48127203928562, 9.741790497166079, 9.979022366636363, 9.353708454045789, 10.188197186793046, 10.94602998960687, 5.170627811652609, 3.9038180260984525, 6.96348298980933, 1.8452572764701793, 3.1156884279402277, 3.451681403489508, 3.8979068809264272, 1.7824485489769222, 2.1689417416668144, 3.6996446330906263, 7.4241236714550425, 12.860508698246345, 13.179797118873209, 12.73245622373434, 12.293197027553843], "test": [8.766666666666667, 9.0, 9.0, 9.0, 9.0, 8.8, 8.366666666666667, 12.666666666666666, 12.066666666666666, 1.5333333333333332, 0.7333333333333334, 1.0, 2.5, 1.6333333333333329, 0.0, 0.0, 4.6, 2.333333333333334, 1.7999999999999998, 10.133333333333333, 15.666666666666666, 15.6, 16.0, 16.0]}