{"day": 6, "month": 1, "station_id": 732, "predict": [4.736066918764213, 6.7996926311321655, 7.468864734134822, 7.405088245560312, 8.686371125466744, 9.571553999405802, 9.955838311382097, 10.193888643557711, 4.490043159229954, 3.9581966592997153, 3.2019194595561533, 2.5538729005716316, 11.000400527483835, 12.23881521249178, 11.481638550509018, 11.613607853917543, 12.950662541198598, 11.965531188746176, 12.070640596087799, 11.047269928854597, 17.388757873140747, 16.30416366288172, 15.488267777984259, 15.035627684558397], "test": [3.9000000000000004, 5.166666666666667, 6.9, 8.0, 8.033333333333333, 4.566666666666666, 4.0, 4.0, 3.333333333333333, 2.9000000000000004, 10.4, 12.9, 10.0, 9.0, 8.866666666666667, 12.933333333333334, 12.3, 16.2, 17.4, 17.933333333333334, 15.8, 14.0, 13.366666666666669, 12.9]}