{"day": 6, "month": 5, "station_id": 246, "predict": [36.88528777395712, 36.56858280778752, 36.56706682086851, 36.574905245790525, 38.81546750636994, 38.80711364841092, 38.47240905431348, 38.284015111882695, 39.364130230863736, 39.259594187543584, 40.0408989179984, 40.26173238111169, 39.51539920711782, 39.655055436648574, 40.62158012210906, 41.0, 38.15268272402186, 38.54838379894025, 38.15279530936187, 37.930095894105946, 34.89537911394595, 34.46201386013928, 34.11352176489147, 34.988498955430465], "test": [38.56666666666667, 39.0, 39.0, 39.0, 39.63333333333333, 40.0, 40.0, 40.03333333333333, 40.266666666666666, 39.233333333333334, 37.96666666666667, 38.6, 38.1, 36.0, 39.43333333333333, 40.233333333333334, 39.36666666666667, 36.233333333333334, 35.3, 34.0, 35.63333333333333, 31.833333333333332, 30.933333333333334, 30.0]}