{"day": 6, "month": 5, "station_id": 251, "predict": [20.065708655963533, 24.292693328626935, 28.994634383333533, 31.054136173097948, 20.78597242688376, 23.290571427847027, 25.161560572903053, 25.790441714702386, 12.397314532768625, 13.724258086617969, 12.471744765808019, 13.185124037421174, 3.9711550535385496, 0.4016472593389301, 1.5150299583797295, 7.411294518481468, 21.905387611325636, 21.893224377044064, 24.727142810536648, 28.821053203755582, 32.62474997536077, 33.28661050842774, 33.053772492393065, 33.24011852925682], "test": [14.866666666666667, 16.0, 16.333333333333332, 17.733333333333334, 18.0, 18.566666666666666, 13.566666666666666, 10.000000000000002, 10.6, 10.266666666666667, 7.133333333333335, 1.266666666666666, 1.8000000000000012, 11.966666666666667, 13.533333333333333, 19.966666666666665, 23.6, 21.366666666666667, 22.2, 33.233333333333334, 32.03333333333333, 32.46666666666667, 26.0, 26.766666666666666]}