{"day": 3, "month": 2, "station_id": 251, "predict": [31.380913138776727, 31.16961523929249, 31.09432131813534, 31.154451347240993, 33.58330689423332, 34.0, 32.983162110276226, 29.82545448055997, 11.499586537911812, 6.542683374963856, 4.022615098472573, 1.2762763876676702, 11.206180103366373, 19.76834596265808, 17.927065226672475, 16.494597499650634, 8.514206913675238, 11.556535721559872, 18.107803872896387, 23.415415971619094, 30.959029940461352, 32.581771228302834, 34.0, 34.0], "test": [32.766666666666666, 33.86666666666667, 34.0, 33.9, 34.0, 33.06666666666667, 29.666666666666668, 22.433333333333334, 7.633333333333334, 12.666666666666668, 13.3, 8.533333333333333, 8.733333333333333, 6.666666666666668, 6.033333333333333, 7.4, 11.0, 11.0, 23.033333333333335, 28.8, 15.566666666666666, 20.1, 24.0, 25.633333333333333]}