{"day": 5, "month": 4, "station_id": 251, "predict": [23.715425745488872, 25.90315232519713, 26.699510640228265, 26.095779069543084, 26.809504210527066, 26.6900420454653, 26.301413712241672, 26.0472738933075, 25.11031942330926, 26.28751533857637, 23.061361796803816, 20.45454492405079, 16.72271820023048, 14.22124474677496, 15.04236386678027, 15.869359846017968, 19.16031501184472, 19.86772121292258, 21.601619044174974, 19.72102324447707, 26.89759109905994, 26.21907300846301, 24.679882612385015, 25.24860512279482], "test": [22.6, 24.3, 25.0, 25.566666666666666, 25.333333333333336, 25.0, 25.0, 24.566666666666666, 24.5, 24.866666666666667, 21.5, 19.066666666666666, 13.366666666666667, 7.766666666666667, 4.633333333333334, 6.233333333333334, 29.0, 29.3, 29.0, 27.233333333333334, 27.766666666666666, 27.433333333333334, 31.0, 31.666666666666668]}