{"day": 5, "month": 8, "station_id": 116, "predict": [19.61399092834434, 20.37035722959854, 20.139211381785465, 20.491085663925517, 20.68146097651319, 20.181440460341474, 20.105808394310092, 19.48162986385714, 18.74233633386563, 16.58503146422102, 15.321736659920926, 13.083732716837394, 7.586520196509444, 4.411559610083411, 4.053129682984105, 3.5267663030944276, 3.3749911718642283, 6.308731582640317, 13.07951092789784, 13.919253618349213, 7.845502701629816, 9.530667088169649, 10.800933446721498, 11.276603776015408], "test": [20.666666666666668, 21.0, 21.0, 21.0, 21.0, 21.0, 21.0, 20.9, 18.866666666666667, 14.266666666666667, 12.233333333333333, 10.633333333333333, 5.466666666666667, 2.966666666666667, 1.233333333333333, 2.466666666666667, 2.1, 4.633333333333334, 4.966666666666667, 6.333333333333333, 8.6, 11.26666666666667, 11.933333333333334, 12.333333333333334]}