{"day": 0, "month": 2, "station_id": 251, "predict": [26.86313504386779, 27.482808940931186, 27.87441958259136, 27.891467296640677, 34.0, 34.0, 34.0, 29.998812506808424, 9.646689824292373, 8.748173578563453, 6.010639839985904, 3.248745966295914, 21.766517558998178, 18.604484757573715, 15.813224048415373, 12.205913077559948, 4.884385536127905, 11.724132508515144, 26.814247487689137, 32.31829923740963, 32.39205619863062, 30.568002769847098, 30.686164329467754, 30.87097890915078], "test": [32.4, 32.4, 33.0, 33.0, 33.0, 33.0, 29.333333333333332, 20.633333333333333, 17.166666666666664, 15.7, 14.366666666666667, 16.733333333333334, 13.133333333333333, 7.5, 5.433333333333334, 5.1, 5.233333333333333, 12.733333333333334, 28.133333333333333, 32.06666666666667, 33.0, 31.8, 31.0, 31.733333333333334]}