{"day": 1, "month": 11, "station_id": 251, "predict": [31.403319450443753, 31.265498985486303, 31.15549055427983, 30.763442504332858, 26.235152648935326, 27.08261037073875, 25.32642343312543, 21.19543845901627, 9.02569467643986, 1.246017230979052, 7.652368921762242, 13.535228965637883, 6.3376163763153635, 5.329893765969938, 4.374890626752328, 5.626437089540978, 9.276714524036791, 20.09304992835795, 31.24623449220067, 32.24042203841947, 31.24318439426077, 31.729585338380105, 32.210600405262205, 32.50481984690492], "test": [31.0, 26.833333333333332, 26.0, 25.566666666666666, 25.266666666666666, 26.3, 24.233333333333334, 20.166666666666668, 6.333333333333334, 2.1666666666666665, 4.066666666666666, 6.866666666666666, 3.033333333333334, 10.6, 9.3, 9.066666666666666, 15.066666666666666, 23.9, 29.233333333333334, 31.166666666666668, 32.53333333333333, 31.933333333333334, 30.0, 30.333333333333332]}