{"day": 0, "month": 10, "station_id": 107, "predict": [10.059029857548264, 9.336881097130362, 8.964509986187227, 8.678206290236727, 11.263747000543422, 10.826175267076488, 12.3277112277162, 15.713639398371527, 20.0, 15.106565283310761, 13.103136615388376, 12.472867356726528, 8.652590422857736, 8.19737849466755, 7.4613305098581915, 7.624022024367505, 15.776493399735488, 15.32429483263336, 16.87137972564152, 12.684930458481043, 17.279554593093827, 17.830234883152276, 18.46160091969856, 16.76992761374806], "test": [12.0, 12.0, 12.0, 12.0, 12.0, 12.0, 13.8, 17.966666666666665, 18.866666666666667, 14.5, 14.399999999999999, 13.733333333333333, 13.466666666666667, 13.0, 16.933333333333334, 17.4, 19.566666666666666, 18.066666666666666, 19.233333333333334, 16.966666666666665, 18.333333333333332, 13.100000000000001, 10.766666666666666, 9.0]}