{"day": 3, "month": 10, "station_id": 71, "predict": [33.97574961648778, 34.0, 33.966934750844054, 33.9034356398257, 33.81082564532477, 33.748491174716335, 30.603374185733184, 26.38436852572715, 14.221801619604985, 8.211771081247225, 11.60036676975132, 8.446568467265507, 14.54252686632039, 11.265056328534143, 11.275218837386488, 11.794840791787527, 3.750536099274385, 17.024888941360537, 26.32017312634466, 22.319406018541063, 31.823855420234054, 32.082006092146315, 32.56331907295231, 33.01808414298855], "test": [34.0, 34.0, 33.833333333333336, 34.0, 34.0, 33.9, 29.033333333333335, 26.199999999999996, 19.233333333333334, 19.933333333333334, 25.866666666666667, 21.833333333333332, 9.741666666666665, 10.799999999999999, 14.366666666666667, 4.866666666666666, 9.166666666666666, 18.6, 25.766666666666666, 25.0, 31.933333333333334, 33.43333333333333, 33.86666666666667, 34.0]}