{"day": 5, "month": 1, "station_id": 213, "predict": [24.536165771021075, 25.39271616400824, 25.846561335967152, 26.875750657246154, 27.054573765131405, 27.09208163410233, 27.051995901640545, 27.155955248930994, 27.100343735874112, 27.198466831370734, 28.424400506217935, 29.9465986910325, 30.711801888818698, 33.4385984013511, 33.34446711439047, 34.55560190214343, 35.08099859699271, 32.83965430294246, 31.818030417872713, 30.191719035925907, 29.729878954282253, 29.15044743285623, 29.134483118851872, 29.45441389642541], "test": [24.125000000000007, 24.125000000000007, 24.125000000000007, 24.125000000000007, 26.56944444444445, 26.56944444444445, 25.60277777777778, 25.56944444444445, 26.71388888888889, 24.58055555555556, 24.947222222222223, 15.013888888888891, 35.9138888888889, 38.88055555555556, 39.51388888888889, 33.04722222222223, 33.38055555555556, 35.647222222222226, 39.78055555555556, 39.84722222222223, 29.625, 28.125, 27.291666666666668, 27.858333333333334]}