{"day": 6, "month": 9, "station_id": 732, "predict": [17.72057485932475, 17.904019534618747, 16.966751874838476, 16.583528754513175, 19.020508267801848, 18.157506466499143, 16.885272454275572, 15.298528833607817, 14.035979670228102, 12.634236545239315, 10.43292335765103, 10.134997824276482, 13.983214043742553, 12.808447578675874, 11.708739791124065, 12.225526653613212, 15.238991730862624, 14.987646210305076, 12.489530806984494, 10.495878849462345, 7.312994824450805, 9.123345850773855, 11.684691095324453, 14.030360678414768], "test": [15.433333333333334, 19.533333333333335, 20.0, 20.0, 18.766666666666666, 12.5, 13.0, 13.433333333333335, 14.466666666666667, 15.166666666666666, 15.533333333333335, 16.0, 14.166666666666666, 11.466666666666669, 15.899999999999999, 13.26666666666667, 11.833333333333334, 5.1, 5.6, 7.533333333333333, 2.966666666666667, 11.166666666666666, 12.466666666666667, 15.0]}