{"day": 2, "month": 12, "station_id": 17, "predict": [24.812107283604764, 24.488153856263324, 24.546299972486484, 24.809060651926124, 24.93283575803427, 24.647379502198152, 24.639258816305002, 24.80874521487298, 18.843049313369438, 6.06193121132773, 3.004854733010905, 5.389330919094884, 4.813268341289591, 3.7106350639235948, 7.051389415910863, 7.4207482774141145, 8.01146455679296, 13.894806227241208, 19.86069428688798, 20.417758065411636, 21.49354871203243, 20.991429028126653, 21.835113903824087, 22.560432984866754], "test": [27.05555555555555, 27.05555555555555, 27.05555555555555, 27.05555555555555, 24.933333333333334, 25.0, 25.933333333333334, 25.933333333333334, 24.900000000000006, 26.800000000000004, 26.800000000000004, 26.800000000000004, 5.311111111111113, 4.311111111111112, 3.8777777777777778, 5.411111111111113, 10.222222222222223, 5.122222222222222, 5.722222222222225, 6.122222222222224, 20.522222222222222, 19.52222222222222, 20.055555555555557, 20.522222222222222]}