{"day": 4, "month": 7, "station_id": 579, "predict": [36.0, 35.94360000441706, 36.0, 36.0, 36.0, 35.972959878956644, 32.42295551410663, 24.377725684033322, 12.412438217954993, 6.710492954961663, 2.2278177223889264, 5.593221522508542, 9.253048618961355, 10.454559155212257, 6.563262453536925, 5.612236426784111, 9.423858959296913, 23.103620478358927, 34.84922190152013, 35.97863033060678, 31.412480031788377, 32.86376849783925, 33.937402934963075, 34.4062116662027], "test": [35.96666666666667, 36.0, 36.0, 36.0, 36.0, 35.9, 32.666666666666664, 22.733333333333334, 12.0, 1.666666666666667, 0.3333333333333333, 2.2, 3.533333333333333, 7.5, 7.666666666666667, 10.133333333333333, 12.133333333333333, 11.100000000000001, 27.300000000000004, 29.883333333333333, 20.166666666666668, 30.133333333333333, 34.266666666666666, 35.0]}