{"day": 5, "month": 5, "station_id": 107, "predict": [16.94105654118065, 16.66094885303258, 15.98669956666177, 15.091134487982083, 12.195697048286844, 10.899272308365981, 10.82336510621353, 10.921900277416508, 11.984409047448903, 12.897953632884008, 10.788959983635223, 15.14704629914085, 9.1304950752702, 8.048178254148379, 8.830361379515885, 10.199722579111665, 18.625559885792395, 18.903745889780787, 17.898638732601558, 15.047573646326615, 17.932463637010517, 17.762111463247912, 16.50998779339516, 15.19561856289734], "test": [15.9, 12.9, 12.0, 12.0, 11.2, 11.0, 11.0, 11.333333333333332, 10.3, 10.0, 8.833333333333334, 5.700000000000001, 9.433333333333334, 11.533333333333333, 14.3, 16.8, 19.966666666666665, 18.933333333333334, 16.733333333333334, 17.266666666666666, 18.833333333333332, 19.0, 18.266666666666666, 16.0]}