{"day": 6, "month": 12, "station_id": 154, "predict": [21.862134758630432, 21.226009840284576, 21.270923229442694, 22.602886435400304, 25.36285302055162, 28.461253834623577, 29.669401321984143, 29.82362801777825, 28.63691636664286, 29.013186678276355, 30.109772925588903, 30.82364505910253, 31.927362990542996, 32.63414163962842, 32.613096672666494, 33.193968088270935, 28.238097413398204, 27.35983009200106, 27.241413917545408, 27.496868042302868, 27.801231877158383, 31.31736420738524, 32.56457895147083, 33.338924619370566], "test": [23.033333333333335, 24.5, 24.966666666666665, 20.9, 22.947222222222223, 23.01388888888889, 24.71388888888889, 25.147222222222222, 28.558333333333334, 28.558333333333334, 26.75833333333333, 25.15833333333333, 30.74722222222222, 30.913888888888888, 30.913888888888888, 30.913888888888888, 33.15833333333334, 33.15833333333334, 33.15833333333334, 33.15833333333334, 27.247222222222224, 27.08055555555556, 27.513888888888893, 27.513888888888893]}