{"day": 5, "month": 7, "station_id": 199, "predict": [23.710391381593915, 24.0, 24.0, 24.0, 23.883599482766087, 23.816390981124403, 23.74467723412569, 22.96751919911841, 22.78533762680061, 20.154711527140133, 20.06798024839387, 19.177165278521457, 22.504602639311695, 23.127295242396613, 21.682429687846334, 21.121803950322192, 21.70868489895745, 20.65665347320236, 20.064255727768405, 17.495547020643265, 18.38031675071391, 18.72889270167883, 19.07607421957944, 16.785321549563673], "test": [24.0, 24.0, 24.0, 24.0, 24.0, 24.0, 24.0, 23.966666666666665, 21.433333333333334, 15.233333333333333, 18.766666666666666, 22.333333333333332, 21.233333333333334, 18.633333333333333, 22.666666666666668, 20.266666666666666, 12.866666666666667, 18.1, 16.958333333333332, 15.433333333333334, 19.1, 20.066666666666666, 23.0, 22.833333333333332]}