{"day": 4, "month": 9, "station_id": 73, "predict": [34.65156485086038, 34.386126517679905, 35.29506410658596, 35.775565967455215, 30.278062246035343, 30.546624866941443, 29.4181032227331, 26.471671980171735, 26.52914122906772, 8.91614260802579, 2.9945682446595137, 3.3422790705436376, 5.518375246413631, 5.388425263426378, 3.5037237861008173, 5.867472493938164, 14.876391777724454, 15.871918560446328, 20.868050876267205, 26.250363708929303, 37.0, 35.70413962043149, 34.90815041312777, 35.364748838494805], "test": [32.2, 29.8, 29.033333333333335, 29.566666666666663, 30.0, 31.8, 29.633333333333333, 30.866666666666667, 25.966666666666665, 10.366666666666667, 4.933333333333334, 5.866666666666666, 6.799999999999999, 1.8333333333333333, 0.6000000000000001, 13.166666666666666, 20.0, 22.633333333333333, 33.46666666666667, 36.46666666666667, 33.13333333333333, 29.066666666666666, 25.133333333333333, 23.0]}