{"day": 1, "month": 11, "station_id": 17, "predict": [25.640515492492483, 26.0, 26.0, 26.0, 25.220439551592104, 25.403308636335844, 25.803219886384525, 25.690730733564017, 19.24447312545434, 5.96781037197032, 3.3106573274831996, 4.24535597816165, 12.337393161832736, 8.695752576621224, 8.473393472654472, 5.27309651088313, 6.156145610275641, 14.208697424581114, 14.514469054125804, 15.411056740950942, 21.503002495908987, 22.343036959477594, 22.556944682657196, 22.287242840817697], "test": [25.233333333333334, 25.0, 25.0, 25.0, 25.0, 25.0, 25.0, 25.666666666666668, 19.666666666666668, 4.1, 0.5, 1.8333333333333333, 4.5, 3.8666666666666667, 6.5, 6.800000000000001, 8.633333333333333, 13.833333333333334, 18.633333333333333, 21.766666666666666, 22.733333333333334, 25.2, 25.7, 26.0]}