{"day": 1, "month": 8, "station_id": 193, "predict": [56.67908956093211, 56.93592958994147, 56.73129984495508, 56.54918942040846, 56.2719117091764, 56.36317847779886, 55.382739653249025, 50.7928518552862, 46.544833210266276, 22.20910676445404, 10.037889391866635, 11.562023684763691, 17.130689163463583, 20.395465183954183, 18.037282836270997, 15.993385131591722, 13.127962419432022, 16.84925204982016, 41.14780635683621, 49.784352016483794, 42.42218330192274, 42.92807815448769, 43.15988616491739, 44.1430185355836], "test": [55.53333333333333, 56.0, 56.0, 56.0, 56.0, 56.0, 55.43333333333333, 53.0, 40.9, 20.366666666666667, 16.433333333333334, 17.866666666666667, 15.366666666666667, 17.533333333333335, 13.866666666666667, 11.933333333333334, 12.366666666666667, 20.666666666666668, 35.86666666666667, 44.43333333333333, 48.53333333333333, 49.166666666666664, 47.43333333333333, 47.0]}