{"day": 4, "month": 2, "station_id": 341, "predict": [12.713005757920266, 14.610979411358832, 13.975885791917896, 12.674815091329306, 8.171768608964046, 4.902419024630222, 4.8431027015938195, 7.155256328912749, 9.923777675523498, 7.24215171635726, 6.122701889536843, 7.6114823358531325, 9.822665510790465, 12.758913288372389, 13.98927642221647, 13.963651239569366, 13.450667147648517, 11.524124241495077, 9.174972334691896, 7.007670057635248, 6.570016445488075, 7.123096421204698, 14.243136173036882, 16.388556400671995], "test": [10.755555555555555, 9.78888888888889, 10.355555555555554, -1.3444444444444437, 10.966666666666663, 10.966666666666665, 11.266666666666666, 14.799999999999999, 9.566666666666666, 11.166666666666664, 6.799999999999999, 5.933333333333334, 10.1, 8.233333333333333, 9.933333333333332, 10.399999999999999, 5.51111111111111, 5.644444444444443, 4.71111111111111, 8.411111111111111, 11.933333333333332, 11.666666666666664, 10.833333333333332, 12.066666666666665]}