{"day": 2, "month": 2, "station_id": 270, "predict": [5.968936266573228, 6.191399672957417, 6.3044002547774465, 6.315469339903324, 6.6296250548407265, 6.706704927659139, 7.777974519330601, 10.229509855508201, 14.73099356638429, 24.749376196690577, 25.527385180370334, 24.345046533813417, 23.620437185488008, 24.816678703839628, 23.047066738225542, 22.82132453685402, 20.57195606528449, 14.388574230594262, 14.080082260791592, 15.580605115562863, 11.157035461417955, 11.019129900791203, 15.330962317576617, 13.054379022183074], "test": [6.102777777777779, 6.102777777777779, 6.102777777777779, 6.102777777777779, 6.547222222222222, 6.547222222222222, 7.480555555555555, 7.947222222222223, 14.213888888888892, 21.747222222222224, 26.313888888888894, 24.213888888888892, 22.913888888888888, 22.580555555555556, 22.84722222222222, 23.047222222222224, 20.425, 17.925000000000004, 19.891666666666673, 22.191666666666666, 15.733333333333338, 16.36666666666667, 17.633333333333333, 7.025000000000002]}