{"day": 6, "month": 10, "station_id": 17, "predict": [14.305180474886944, 15.171286523784438, 14.90452515666659, 14.671685470278891, 9.199882726727967, 10.933809758204392, 12.069405109153577, 12.963537480698646, 8.875500224890095, 11.8054611720164, 18.317773734668762, 20.07181859490912, 12.325148273790532, 14.00267985258943, 14.6415556187947, 15.515997102644489, 9.653506431100837, 11.030997262198971, 14.175765176570488, 14.932994203552893, 18.463799701390972, 18.582701237831543, 19.829535613138034, 19.399552924583777], "test": [12.0, 12.0, 11.033333333333333, 7.0, 7.0, 7.0, 7.0, 7.0, 7.466666666666666, 8.0, 7.466666666666666, 8.133333333333333, 6.5, 6.666666666666669, 6.999999999999998, 5.500000000000001, 19.408333333333335, 5.0, 4.966666666666667, 17.891666666666666, 5.0, 13.533333333333335, 21.0, 23.3]}