{"day": 3, "month": 12, "station_id": 192, "predict": [4.024788188740658, 5.262277373165874, 6.884277161665697, 8.780869462117947, 6.312806319303322, 7.852583377806929, 8.750816605514581, 8.987536983174476, 4.502912665363963, 2.5525803056677745, 0.0, 0.7864228284210419, 15.566659235248927, 12.199125956824062, 10.781779354383936, 8.892234540414336, 6.9513771773565525, 7.925311526846006, 9.832450848166465, 9.848813883650541, 7.412573155254156, 6.731845505407679, 8.409024919642883, 12.539860131931297], "test": [5.566666666666666, 5.0, 5.0, 5.0, 5.0, 5.7666666666666675, 5.2666666666666675, 4.0, 4.0, 9.633333333333333, 13.0, 14.866666666666667, 13.266666666666667, 5.2, 1.0333333333333332, 4.133333333333334, 2.466666666666667, 11.6, 10.866666666666667, 7.3, 4.9, 3.933333333333333, 5.0, 6.233333333333333]}