{"day": 2, "month": 8, "station_id": 107, "predict": [16.14783290723266, 16.34491839962029, 16.99573027013762, 16.756731426129747, 17.546220401051457, 17.398621286797862, 18.462143171015764, 19.497360433019157, 14.711166055410096, 12.48603140530021, 11.655414010408496, 11.447072177271602, 2.935538946288406, 5.553484402265689, 9.42459817927743, 11.627391329473205, 16.81968954301113, 17.548620419548257, 18.76306857693124, 18.54574396613436, 17.216520724576416, 17.930015184578384, 18.621345317188677, 18.424179248678318], "test": [17.0, 17.0, 17.3, 17.466666666666665, 16.566666666666666, 16.0, 16.9, 16.5, 14.506666666666666, 12.293333333333331, 11.126666666666667, 3.633333333333333, 2.3, 2.5, 3.0000000000000004, 13.046666666666667, 14.933333333333334, 7.0666666666666655, 12.633333333333333, 17.133333333333333, 17.966666666666665, 19.2, 19.033333333333335, 18.4]}