{"day": 3, "month": 12, "station_id": 116, "predict": [12.01372479550075, 13.814669691494538, 15.001332142039761, 15.979514321631369, 12.548026767769699, 13.848655104520734, 14.724188889953588, 14.136540528941238, 6.322968187062458, 2.417803695244869, 5.5610552767734465, 6.124630551322117, 7.602615296872566, 7.452134721586624, 7.195763997395349, 7.6026492661902845, 8.969803681831346, 12.018134162586577, 15.265136587255487, 18.1617240697912, 2.368537443350295, 3.733113362110992, 4.811233853933059, 7.469200273877198], "test": [10.0, 9.099999999999998, 10.8, 11.233333333333333, 12.0, 11.933333333333334, 11.0, 10.2, 8.5, 7.6, 7.366666666666666, 7.333333333333333, 7.233333333333333, 6.633333333333335, 5.9, 6.4, 2.833333333333334, 2.2333333333333325, 0.1999999999999993, 0.2333333333333325, 3.1333333333333337, 3.7333333333333343, 3.3666666666666663, 6.533333333333333]}