{"day": 3, "month": 1, "station_id": 541, "predict": [26.83880885915665, 27.313739410131518, 27.32247208891571, 27.2201191680826, 26.876391755272575, 26.746234107311302, 26.677541889211195, 25.8371444608447, 16.052402166915286, 9.04029978555158, 13.573376537278813, 14.102066580814725, 0.585057547337579, 7.264926160862975, 11.058831072565315, 14.55046786788882, 10.270454930522803, 13.767145616727575, 20.738175440104175, 27.831343721393793, 27.052126044024924, 27.960170475629223, 27.791138753181237, 27.944494892251708], "test": [27.0, 27.0, 27.0, 27.0, 27.0, 27.0, 26.333333333333332, 23.333333333333332, 9.2, 10.833333333333334, 4.833333333333333, 1.1666666666666672, 2.833333333333334, 14.466666666666669, 15.333333333333336, 17.066666666666666, 18.8, 19.233333333333334, 25.366666666666667, 26.366666666666667, 26.166666666666668, 27.0, 27.0, 26.2]}