{"day": 1, "month": 8, "station_id": 217, "predict": [13.595482334028475, 13.903418834120565, 13.899659946751123, 13.637419242747521, 13.359127781098117, 13.023192510102557, 12.191863064903565, 10.400485671557234, 8.157266565185388, 5.627152646287729, 4.305999278581033, 4.5861337656182695, 5.522013552271104, 6.459005479291546, 6.397150453675332, 5.687536806162737, 4.234842136204155, 5.130500745834297, 7.074693108843182, 9.1382154721212, 11.11225214671789, 11.44446965876951, 11.452177847484085, 11.726854243396467], "test": [14.3, 13.366666666666667, 13.0, 13.566666666666666, 13.933333333333334, 14.0, 11.366666666666667, 12.2, 7.966666666666667, 5.166666666666667, 3.433333333333333, 3.066666666666667, 2.1333333333333333, 0.7666666666666667, 1.2, 2.433333333333333, 2.6, 5.8, 13.3, 13.4, 14.733333333333333, 14.366666666666667, 14.466666666666667, 14.0]}