{"day": 4, "month": 7, "station_id": 130, "predict": [20.76863414186016, 21.270881498219104, 21.006676715495672, 20.711550324026724, 22.309522808357848, 22.924268222937933, 22.749080268065438, 20.721454124459115, 16.070146673090502, 11.890939779565453, 9.025772023289473, 8.052282279628773, 7.489990659888514, 7.736898296891776, 7.778346282665829, 8.216556408818558, 8.713626372173364, 11.505348610339349, 14.612893389128526, 16.77286642993227, 14.922606223191327, 15.070214125275404, 15.454263231553849, 16.34668489985373], "test": [23.433333333333334, 24.0, 24.0, 23.033333333333335, 22.366666666666667, 22.0, 22.0, 20.333333333333332, 14.933333333333334, 6.4, 10.0, 9.666666666666666, 14.666666666666664, 13.099999999999998, 3.4, 2.0, 2.5, 3.833333333333334, 2.533333333333333, 7.1, 12.633333333333333, 13.900000000000002, 11.7, 7.066666666666666]}