{"day": 4, "month": 7, "station_id": 272, "predict": [15.980242191671373, 16.58336790566548, 16.437673105227148, 15.483484164331893, 14.709329560415645, 13.732378183050187, 13.88732804347039, 14.888486415674993, 13.83894193631539, 13.513588051088686, 12.275077696533112, 11.103006840259372, 10.636657541337328, 12.03753413351806, 13.6265219889024, 14.141483495810297, 10.626621546535144, 8.891639726973407, 7.234047609423631, 6.529792969635749, 7.075663769738729, 8.187482576903488, 9.640850074502158, 11.195455855022102], "test": [21.666666666666668, 22.0, 22.0, 10.0, 7.0, 6.733333333333334, 6.766666666666667, 9.533333333333333, 18.6, 6.9, 3.8666666666666667, 4.966666666666667, 6.233333333333333, 4.766666666666667, 3.2000000000000006, 2.7333333333333334, 4.166666666666667, 14.8, 8.766666666666667, 6.266666666666667, 15.100000000000001, 12.966666666666665, 13.3, 12.800000000000002]}