{"day": 0, "month": 7, "station_id": 193, "predict": [60.0, 59.731397500101004, 57.461676868738905, 55.23110666419769, 57.45780782356971, 58.97261464643401, 58.940119646985515, 54.25691963642676, 44.109421933888385, 33.65951765578488, 26.213163173397387, 23.416898901161247, 20.335288888120655, 20.353494501222837, 19.11289549012922, 18.78814447914017, 20.110296739954705, 28.471961502930913, 38.33113290914527, 45.56307425176844, 50.65629025883424, 50.31091566664075, 49.99473455119067, 51.47896166198909], "test": [58.0, 58.0, 58.0, 58.4, 60.0, 60.0, 59.56666666666667, 58.53333333333333, 52.0, 26.7, 9.833333333333334, 6.566666666666666, 7.266666666666667, 12.933333333333334, 19.666666666666668, 14.566666666666666, 17.2, 29.7, 51.93333333333333, 59.766666666666666, 59.93333333333333, 59.4, 60.0, 60.0]}