{"day": 1, "month": 12, "station_id": 14, "predict": [15.076792366426027, 14.422715008146271, 13.729060559716034, 13.269843754085182, 18.825324250002193, 19.138277282235777, 19.87317247568833, 21.168960696381532, 30.36989582424109, 33.37372855462042, 36.41261985692337, 38.54387154666529, 43.19312784793184, 43.11295016146342, 43.21202490741374, 44.43952262012608, 44.629182602123464, 46.30027762326032, 46.25189020886491, 44.09017765442413, 35.039377451774286, 31.984099950292517, 30.17457028495231, 29.472672300797864], "test": [36.0, 36.0, 36.0, 36.0, 36.0, 36.0, 36.0, 36.733333333333334, 36.233333333333334, 36.13333333333333, 34.56666666666667, 45.93333333333333, 46.0, 31.666666666666664, 44.13333333333333, 44.233333333333334, 39.5, 34.266666666666666, 24.633333333333333, 14.233333333333334, 3.7, 1.1, 1.0666666666666667, 0.13333333333333333]}