{"day": 4, "month": 5, "station_id": 541, "predict": [28.0, 28.0, 28.0, 28.0, 28.0, 28.0, 28.0, 27.698801159516023, 21.964359531743373, 17.18819759422353, 14.477539843292915, 14.289896048514821, 14.202018928618713, 15.48086685791765, 16.332680055596583, 17.440606575628518, 18.19364200650141, 21.621459829284042, 25.144804885601225, 27.501289019383226, 26.812474641266473, 26.836827958925674, 27.03584390701455, 27.759161623049955], "test": [27.8, 27.766666666666666, 28.0, 28.0, 28.0, 28.0, 28.0, 27.0, 19.9, 13.166666666666666, 10.466666666666667, 9.933333333333334, 9.6, 7.5, 9.766666666666667, 11.933333333333334, 12.666666666666666, 11.766666666666667, 20.633333333333333, 26.4, 26.933333333333334, 26.066666666666666, 26.533333333333335, 27.5]}