{"day": 1, "month": 9, "station_id": 214, "predict": [9.653441914819133, 9.855082787934444, 10.2656896451461, 9.954395451342663, 6.537539917967577, 6.599208096465383, 8.729145899520434, 12.695131464899431, 14.075993016073095, 15.466652128835491, 13.973178749160386, 11.422784252884426, 12.00674763530984, 12.68630569790703, 13.820779892180518, 12.975782313874962, 13.850334984174426, 8.774652464577432, 4.928674358490916, 3.8535766657969095, 6.6241071005496535, 7.801800873284048, 7.712498512210473, 6.6379214211501365], "test": [4.0, 4.0, 0.7, 0.0, 0.0, 0.5666666666666667, 2.8, 12.166666666666666, 19.666666666666668, 25.0, 20.333333333333332, 21.833333333333332, 24.4, 22.266666666666666, 22.366666666666667, 21.433333333333334, 13.766666666666667, 9.333333333333334, 3.5, 12.5, 11.633333333333333, 11.0, 11.0, 12.233333333333333]}