{"day": 4, "month": 10, "station_id": 14, "predict": [10.563485026185214, 9.092648326529883, 7.577581282401795, 7.3712550683646, 6.75312262735934, 8.234485091212278, 9.701665774460768, 11.495068885659245, 13.882694170700375, 17.87160694508824, 21.80832056981027, 23.85130717617297, 22.98012211361132, 21.17156855089438, 19.998109273576233, 20.48782209190374, 24.454046234124018, 24.386011481429946, 21.69421790771084, 17.362582868530186, 14.394354502138405, 13.471714440623753, 15.002923158086888, 16.979249191292887], "test": [5.933333333333334, 6.433333333333334, 6.1, 5.966666666666667, 4.666666666666667, 3.666666666666666, 4.033333333333333, 12.666666666666668, 14.433333333333334, 9.8, 15.5, 29.700000000000003, 34.53333333333333, 30.266666666666666, 30.633333333333333, 26.56666666666667, 30.366666666666667, 31.46666666666667, 23.5, 4.966666666666667, 8.666666666666666, 11.3, 11.433333333333334, 19.1]}