{"day": 0, "month": 6, "station_id": 12, "predict": [49.0, 49.0, 49.0, 49.0, 49.0, 49.0, 49.0, 49.0, 45.37167169732319, 38.76221014516641, 31.67648926901314, 26.105765306177478, 17.077606296229145, 16.01327435571792, 16.391947177582942, 18.38481586491371, 18.9029570648165, 25.28669915488518, 31.876097682047924, 36.629942617229545, 36.89662373975689, 36.55647538032921, 35.70655540793656, 35.734312234187826], "test": [49.0, 49.0, 49.0, 49.0, 49.0, 49.0, 49.0, 48.03333333333333, 42.5, 26.166666666666668, 6.633333333333333, 3.0, 1.9333333333333336, 3.7, 7.1, 9.233333333333333, 13.766666666666667, 16.666666666666668, 31.166666666666668, 42.93333333333333, 47.0, 47.0, 47.0, 46.93333333333333]}