{"day": 5, "month": 7, "station_id": 193, "predict": [43.68219485859177, 44.62157386777089, 43.51757661472077, 42.138641153349504, 35.32788751372135, 38.25957390949727, 39.51591735386653, 35.590189116188945, 19.113680517443342, 8.412982039351265, 0.6889248533606596, 0.0, 0.0, 0.41392703556211274, 0.0, 0.40576426204942506, 11.043533808063648, 20.015236891209, 30.972238482673717, 39.59960007794825, 51.04273253689921, 51.740364691803336, 52.395780426091825, 54.66957196743229], "test": [30.433333333333334, 13.366666666666667, 11.0, 11.0, 11.0, 11.0, 11.0, 10.933333333333334, 9.9, 9.466666666666667, 9.9, 22.9, 26.933333333333334, 27.3, 29.0, 34.733333333333334, 36.733333333333334, 42.2, 46.733333333333334, 50.03333333333333, 55.766666666666666, 58.5, 58.0, 58.333333333333336]}