{"day": 6, "month": 1, "station_id": 64, "predict": [17.193482530767564, 17.018184373033623, 17.07684024817498, 17.76358373619477, 18.592821437664334, 18.500382184843584, 17.190037258187456, 15.170426948402902, 16.72352424909598, 15.481691014106232, 14.517885048860505, 13.548990136316538, 15.218760932242741, 14.90858805176968, 15.25658763402954, 15.805160731908597, 14.881135841415743, 13.649521945426137, 12.32765081913827, 12.17533879427565, 9.454010670386888, 12.667746928527846, 15.946162114419332, 18.003107536749198], "test": [17.433333333333334, 6.066666666666666, 23.633333333333333, 25.0, 25.0, 25.0, 25.0, 25.0, 20.266666666666666, 18.6, 18.0, 18.266666666666666, 17.633333333333333, 20.166666666666668, 17.066666666666666, 11.166666666666666, 5.366666666666666, 4.6, 3.7000000000000006, 4.433333333333334, 3.033333333333333, 17.6, 22.0, 21.933333333333334]}