{"day": 3, "month": 7, "station_id": 213, "predict": [36.0, 36.0, 36.0, 36.0, 36.0, 36.0, 36.0, 36.0, 33.03063205176546, 28.846303372720783, 27.385441347564356, 29.29656306990338, 29.58342222392768, 32.34974400174375, 33.05318316053728, 32.331285284803364, 24.06742116768434, 25.168877989978522, 27.136878929687274, 28.699295176271605, 25.249991798086292, 24.946078003406953, 24.8844708374808, 25.45392746551525], "test": [36.0, 36.0, 36.0, 36.0, 36.0, 36.0, 35.43333333333333, 32.86666666666667, 27.233333333333334, 22.833333333333332, 16.733333333333334, 16.433333333333334, 19.6, 13.9, 5.133333333333334, 3.633333333333333, 3.566666666666667, 11.966666666666667, 24.133333333333333, 32.733333333333334, 34.93333333333333, 34.06666666666667, 34.8, 35.0]}