{"day": 1, "month": 5, "station_id": 199, "predict": [22.149766060113176, 22.031101051687, 21.74302742224808, 21.87219085178406, 22.786279393470497, 22.69761146126291, 20.91721218809956, 17.211791617340424, 13.12053482341647, 9.802663331313827, 8.887585166046904, 10.017858894816051, 9.863461497714162, 11.203824384244674, 11.789501473496106, 12.543429483275197, 15.722827382296266, 18.30209942436851, 20.554563551027147, 21.613890501196735, 22.322163748961554, 21.983408352013388, 22.301354039847965, 23.153735238912002], "test": [24.0, 24.0, 24.0, 24.0, 24.0, 24.0, 23.433333333333334, 20.9, 11.633333333333333, 2.8333333333333335, 0.1, 0.8999999999999999, 7.226666666666667, 17.833333333333332, 18.633333333333333, 18.366666666666667, 18.866666666666667, 23.1, 22.833333333333332, 20.8, 19.266666666666666, 22.5, 22.433333333333334, 23.0]}