{"day": 0, "month": 6, "station_id": 427, "predict": [43.0, 43.0, 43.0, 43.0, 43.0, 43.0, 43.0, 37.80462678394727, 25.362422899035316, 19.3274290743165, 17.913815273072103, 18.972376266378323, 13.071550883565992, 11.684004948064377, 10.571913926257496, 12.879242383082364, 19.59175854944276, 28.193634776517673, 34.66533581444705, 37.101146618990974, 37.76385800622294, 36.90011108037725, 37.24503178907454, 38.090256006862006], "test": [43.0, 42.7, 42.9, 43.0, 42.9, 41.266666666666666, 38.266666666666666, 31.5, 2.8666666666666667, 3.1333333333333333, 8.966666666666667, 8.666666666666666, 7.666666666666667, 10.2, 15.8, 17.4, 4.566666666666666, 30.266666666666666, 40.63333333333333, 42.53333333333333, 34.4, 39.766666666666666, 38.6, 42.93333333333333]}