{"day": 6, "month": 5, "station_id": 579, "predict": [34.91905140960715, 34.202035477973475, 33.39974881015818, 33.44760103295186, 35.035278083818355, 34.375957025017925, 30.41699864614516, 23.44360678470208, 16.75246163277141, 12.469262403411664, 12.25349123433299, 14.192868626340154, 18.55383690607566, 16.807160849705276, 14.269456293834615, 13.989299639358899, 19.528100712124868, 26.097898290716547, 32.58579002254605, 36.0, 36.0, 36.0, 36.0, 36.0], "test": [32.0, 32.5, 33.0, 33.0, 33.0, 33.0, 32.93333333333333, 33.0, 33.0, 32.13333333333333, 29.0, 28.166666666666668, 23.3, 19.966666666666665, 26.466666666666665, 21.266666666666666, 22.166666666666668, 20.6, 25.8, 29.2, 33.7, 32.93333333333333, 34.833333333333336, 36.0]}