{"day": 5, "month": 11, "station_id": 246, "predict": [25.77280280621976, 25.988300660395883, 25.168804139990552, 24.116181035000857, 26.238651565587514, 27.69452532451005, 28.799138994687016, 27.428062968908964, 24.038752817107397, 18.62164833306849, 14.810196706073985, 14.075663131153465, 19.675353057897826, 20.570072917302255, 20.040547722867043, 19.081309811250897, 24.03798542257906, 27.539460264652426, 33.06208952482592, 38.0813978205702, 40.965388749328774, 41.0, 41.0, 41.0], "test": [27.96666666666667, 26.5, 26.0, 26.0, 26.533333333333335, 27.1, 29.433333333333334, 30.099999999999998, 29.966666666666665, 30.2, 29.433333333333334, 29.8, 29.0, 28.76666666666667, 31.2, 34.63333333333333, 34.5, 31.433333333333337, 30.566666666666666, 29.0, 29.0, 28.9, 28.000000000000004, 29.766666666666666]}