{"day": 0, "month": 10, "station_id": 55, "predict": [25.94474280708906, 26.416792708085698, 26.462564932621117, 26.448948556196594, 24.036254314520036, 24.516004203804034, 24.006161553761878, 21.535274195883463, 15.23566033719069, 10.532404577861008, 7.364771825682249, 6.847960616910823, 7.030410579509718, 8.683881211388949, 8.956064576950746, 7.598419178072128, 3.3005627948878744, 2.4558909821869856, 3.387648467479161, 5.529113827574271, 7.37013615441396, 8.913485764426122, 9.722216454311248, 10.10655505039134], "test": [17.0, 17.0, 17.0, 17.466666666666665, 18.0, 18.0, 19.233333333333334, 15.666666666666666, 11.033333333333333, 1.5333333333333334, 0.4666666666666667, 9.066666666666666, 8.3, 5.2, 2.7666666666666666, 5.033333333333333, 5.366666666666666, 0.7, 2.6, 6.133333333333334, 12.3, 14.0, 14.266666666666667, 15.0]}