{"day": 5, "month": 11, "station_id": 361, "predict": [18.8587475184741, 20.264245883940607, 21.425888381564167, 20.866836248349344, 14.679337631521436, 16.3788580055077, 23.40888484320564, 34.2798986612428, 37.444472428897775, 41.36798369629953, 39.73225296483551, 36.46075580094003, 32.79290332385265, 35.557886805586584, 38.03598684172652, 35.9244650542432, 34.29849045724814, 24.958798690340014, 18.387564513469915, 16.84325675462369, 30.648092445607556, 31.95298831215841, 31.214312626861897, 29.59943961477993], "test": [2.2666666666666666, 5.266666666666667, 6.0, 6.766666666666667, 7.0, 7.0, 7.0, 7.0, 12.433333333333334, 25.166666666666668, 37.13333333333333, 42.6, 44.93333333333333, 45.4, 47.06666666666667, 48.1, 49.166666666666664, 51.86666666666667, 54.0, 54.599999999999994, 55.00000000000001, 55.00000000000001, 55.00000000000001, 55.00000000000001]}