{"day": 3, "month": 4, "station_id": 427, "predict": [36.477731348997644, 36.49279316856821, 35.935085912837145, 35.89996115776405, 38.05985443662743, 37.561287975258466, 33.80043627730083, 26.435872281063816, 19.28743954638481, 13.581816380697722, 12.568438326847346, 14.850501760424217, 14.660562809367526, 14.511565607038067, 12.960604294896163, 13.304310921433347, 17.111484678152145, 24.79415918232084, 32.09912782848869, 35.92606893714927, 37.56502848064785, 36.14991854700239, 35.80000379358601, 36.89821815399028], "test": [42.833333333333336, 43.0, 43.0, 43.0, 43.0, 42.8, 42.166666666666664, 33.1, 2.533333333333333, 3.366666666666667, 4.9, 14.066666666666666, 12.4, 11.533333333333333, 7.933333333333334, 8.4, 14.7, 32.06666666666667, 41.03333333333333, 42.46666666666667, 43.0, 43.0, 35.233333333333334, 34.266666666666666]}