{"day": 5, "month": 11, "station_id": 32, "predict": [43.0, 43.0, 43.0, 43.0, 43.0, 43.0, 43.0, 42.22099977659056, 33.01609127549373, 23.89525128570191, 18.71873427864764, 19.04552143980069, 27.57463639137347, 30.315112951765087, 31.044134719215272, 31.60584026849043, 39.72002274956818, 43.0, 43.0, 43.0, 43.0, 43.0, 43.0, 43.0], "test": [39.56666666666667, 41.06666666666667, 41.53333333333333, 42.36666666666667, 42.233333333333334, 42.0, 42.0, 42.0, 41.0, 39.1, 36.9, 37.6, 37.96666666666667, 39.96666666666667, 42.4, 40.833333333333336, 42.56666666666667, 41.06666666666667, 39.0, 38.2, 37.5, 36.166666666666664, 35.733333333333334, 36.96666666666667]}