{"day": 0, "month": 4, "station_id": 66, "predict": [40.0, 40.0, 40.0, 40.0, 39.206196363756106, 39.56528368303421, 39.00745860947669, 36.507353323774566, 32.732452465639085, 28.613884799113407, 25.972993073727157, 24.887310343237434, 25.210359436870647, 24.102498206126654, 22.796688714087118, 22.890858079925263, 27.176101185484526, 32.30408108431162, 37.386716273785055, 40.0, 38.923238762177434, 38.171686148238166, 37.93874628375516, 38.8801886322627], "test": [39.0, 39.0, 39.0, 39.0, 39.0, 39.0, 39.03333333333333, 38.166666666666664, 30.866666666666667, 26.866666666666667, 29.3, 28.866666666666667, 29.699999999999996, 29.5, 26.7, 26.633333333333333, 16.033333333333335, 32.3, 37.6, 37.333333333333336, 33.833333333333336, 33.43333333333333, 38.86666666666667, 39.0]}