{"day": 4, "month": 12, "station_id": 213, "predict": [2.4116485904762874, 2.4250247705490215, 2.2137980349885433, 1.9236083647023607, 1.1912861115425337, 0.8917160635614024, 0.4606156311319287, 0.0, 0.0, 0.0, 0.0, 0.0, 0.0, 0.0, 0.0, 0.0, 0.0, 0.0, 0.0, 0.0, 0.0, 0.0, 0.2223139565981342, 0.7759438045839325], "test": [2.0, 2.0, 2.0, 2.0, 2.0, 1.9666666666666666, 2.0, 2.1333333333333333, 2.566666666666667, 2.0, 2.0, 1.9666666666666666, 0.23333333333333334, 0.43333333333333335, 0.13333333333333333, 0.03333333333333333, 0.03333333333333333, 0.0, 0.0, 0.0, 0.0, 0.0, 0.0, 0.0]}