{"day": 6, "month": 11, "station_id": 55, "predict": [22.064274950706743, 23.034432119732593, 23.654836644722003, 24.078936640079316, 26.36760516017657, 27.257079701701706, 27.820987248243227, 26.90168558351928, 23.96270450242302, 19.537471025069145, 15.709423239842923, 14.188531596626161, 20.705874782458807, 22.92848342422391, 24.50725475827316, 24.51595206976737, 27.834201603472902, 27.613018916744235, 29.03890600674045, 31.878793633037763, 33.0, 33.0, 33.0, 33.0], "test": [28.0, 28.0, 29.433333333333334, 32.0, 32.0, 32.0, 32.0, 32.0, 32.0, 32.63333333333333, 31.466666666666665, 31.666666666666668, 31.166666666666668, 31.4, 31.4, 30.6, 31.0, 31.0, 31.3, 31.0, 31.833333333333332, 32.0, 32.0, 32.0]}