{"day": 3, "month": 3, "station_id": 73, "predict": [37.0, 37.0, 37.0, 37.0, 37.0, 37.0, 37.0, 34.710026014492264, 25.27484955098953, 18.40001968912457, 13.697116740440126, 12.406967987111582, 13.675872035462266, 14.428566676223525, 13.885480789365344, 12.860704876708548, 18.48096889623536, 21.234968801875628, 25.285005973730176, 28.64729190671914, 28.72543843237552, 28.737750853511265, 28.632599124686394, 29.252795376841263], "test": [36.0, 36.0, 36.0, 34.36666666666667, 32.0, 32.0, 31.3, 30.6, 24.666666666666668, 8.8, 17.166666666666668, 22.233333333333338, 18.733333333333334, 18.333333333333332, 19.499999999999996, 22.866666666666667, 21.433333333333334, 18.233333333333334, 18.833333333333336, 22.333333333333332, 25.133333333333333, 26.766666666666666, 25.9, 29.466666666666665]}