{"day": 5, "month": 2, "station_id": 541, "predict": [21.295918761175678, 21.067715343164895, 20.486507285192843, 20.125451400498243, 19.96173521520005, 20.274031722377433, 19.483071314081528, 16.567346262938607, 10.341558150191128, 5.573417320575887, 3.1526436844058248, 3.7716461257418628, 12.02533080931852, 14.496196288613373, 15.405886798384518, 15.120948644102864, 18.791390480301164, 20.089152574466688, 22.448973135074898, 24.788305999103564, 22.490181379468368, 23.156627363240418, 23.616960994581493, 24.31546995143589], "test": [20.0, 20.0, 20.0, 19.8, 19.0, 19.633333333333333, 20.0, 18.6, 18.6, 18.066666666666666, 14.433333333333335, 17.966666666666665, 21.0, 24.2, 24.7, 27.366666666666667, 24.733333333333334, 11.466666666666667, 7.5, 8.133333333333333, 9.733333333333333, 10.433333333333334, 11.066666666666666, 12.766666666666667]}