{"day": 1, "month": 12, "station_id": 66, "predict": [29.865631199013723, 29.799564990714245, 29.944033426729536, 29.828261581591946, 25.25742638772531, 23.722936928876003, 21.81847936109747, 19.77440485766943, 19.424758372453752, 17.457425840771425, 15.79311918398162, 14.66306732669805, 18.827987600164967, 18.28472128017465, 17.22618864717601, 15.549919120582556, 19.91897933339299, 19.264161264542466, 20.44555036519016, 23.19086844772075, 31.45049191881046, 33.96844887352558, 35.09957301062424, 35.34380231726619], "test": [22.800000000000004, 22.766666666666666, 23.0, 23.0, 23.0, 23.0, 23.0, 24.333333333333332, 24.5, 24.533333333333335, 25.8, 27.166666666666668, 27.633333333333333, 34.53333333333333, 38.833333333333336, 30.233333333333334, 18.6, 25.366666666666667, 33.63333333333333, 39.1, 37.833333333333336, 39.13333333333333, 34.266666666666666, 32.13333333333333]}