{"day": 0, "month": 1, "station_id": 361, "predict": [3.8919734460654825, 3.573690087648864, 2.7586352947684714, 0.0, 0.0, 0.0, 0.0, 7.431661053304262, 18.21503342584282, 21.214176593159955, 19.87253610074266, 17.518636904889878, 25.406284973464288, 27.939320995286014, 29.756679992605854, 27.443438253867917, 20.238888315012066, 12.706868652184545, 8.32149314885576, 8.066596668836922, 8.598035396146384, 8.5764171091447, 6.277906522687643, 3.5135796339496754], "test": [1.0333333333333334, 1.0, 1.0, 1.0, 1.0, 1.0, 2.933333333333333, 18.166666666666668, 44.0, 53.93333333333333, 48.63333333333333, 29.63333333333333, 32.7, 32.96666666666667, 32.833333333333336, 31.366666666666664, 29.666666666666668, 4.966666666666667, 16.066666666666666, 1.8333333333333333, 0.0, 0.0, 0.0, 0.0]}