{"day": 5, "month": 7, "station_id": 564, "predict": [32.61357836617537, 34.02441990478644, 34.82644462197088, 35.242060847071365, 29.438173069802115, 30.149686711447682, 29.932848081729684, 27.427912862011365, 17.747472259635607, 10.886142306835712, 4.45709996532999, 0.3953350393041216, 1.7513788820025127, 1.487610034019854, 0.9824809095186808, 0.0, 0.0, 0.0, 2.3912547625831757, 7.01597061331858, 12.16713143690788, 15.195649396998265, 16.811388016008152, 17.619651222506576], "test": [14.800000000000002, 16.666666666666668, 17.833333333333332, 17.0, 17.0, 16.133333333333333, 16.0, 15.1, 15.633333333333333, 16.266666666666666, 17.533333333333335, 13.0, 16.9, 2.8666666666666667, 0.0, 0.0, 0.1, 1.0, 1.0, 5.433333333333334, 2.2666666666666666, 14.400000000000002, 13.366666666666667, 4.333333333333333]}