{"day": 5, "month": 6, "station_id": 270, "predict": [0.0, 0.0, 0.0, 0.0, 2.6855159232572454, 2.1421779055557977, 3.1933405893451914, 6.318058569775606, 14.944954356301432, 18.24620420076765, 19.67843011979585, 19.624750697270866, 15.39789377885252, 16.070376715351284, 16.75072700665161, 15.77278341883157, 5.319317323311337, 0.0, 0.0, 0.0, 0.0, 0.0, 0.0, 0.0], "test": [10.0, 10.5, 11.7, 12.366666666666667, 12.3, 12.166666666666666, 13.0, 13.5, 10.466666666666667, 8.333333333333334, 8.0, 2.1666666666666665, 0.3, 0.4, 0.2, 0.2, 1.9, 2.1666666666666665, 2.3, 1.5666666666666667, 3.6, 6.2, 8.066666666666666, 5.866666666666666]}