{"day": 2, "month": 10, "station_id": 541, "predict": [28.0, 28.0, 28.0, 28.0, 28.0, 28.0, 28.0, 26.668835944076456, 18.783711903342724, 15.040014134784329, 13.750657440102815, 14.49518869236578, 12.831896213881432, 13.170317412233743, 12.609299280661068, 12.536101104342265, 10.850485079015025, 14.294954839814569, 17.532152567979175, 19.15266744344463, 19.684731257791345, 19.01664536686191, 18.742189393857174, 19.079945543320537], "test": [26.0, 26.0, 26.0, 26.0, 24.0, 22.0, 22.0, 20.166666666666668, 14.500000000000002, 2.2666666666666666, 0.7333333333333333, 1.3666666666666667, 0.5333333333333333, 0.1, 0.5666666666666667, 3.2666666666666666, 9.4, 17.966666666666665, 24.1, 22.4, 24.8, 25.0, 25.0, 25.766666666666666]}