{"day": 3, "month": 6, "station_id": 246, "predict": [37.77853658990677, 38.43059357984836, 37.12199438499178, 35.59716149922892, 36.055960241394764, 38.343156699478804, 39.21406811626598, 35.32141311925578, 26.94546889911015, 17.373123644721556, 11.711617046078016, 11.912959600662575, 14.253946739146935, 17.253182593853147, 17.328070004952117, 16.357035853135745, 17.229641082479205, 22.79459984108473, 30.265356311440346, 35.60066306434916, 36.4407945033332, 34.452450637160794, 32.91266757910404, 33.590121330624925], "test": [38.86666666666667, 39.0, 39.0, 39.0, 39.0, 39.0, 38.46666666666667, 37.4, 30.099999999999998, 5.866666666666665, 5.9, 4.966666666666667, 5.6, 12.566666666666666, 11.4, 11.066666666666666, 12.8, 23.05, 38.333333333333336, 37.13333333333333, 37.06666666666667, 38.06666666666667, 33.2, 35.8]}