{"day": 2, "month": 3, "station_id": 193, "predict": [48.755895168804116, 49.487465531533054, 49.00317627573, 48.475887890906876, 51.42425429492457, 53.34517715803952, 54.624743340727925, 52.541848624718554, 48.77426860392456, 40.390475527473285, 34.04413890094803, 31.755045772092316, 37.9240067810232, 39.216952645106836, 39.6488906403951, 40.24660026756632, 42.76943492594476, 49.07869036135151, 56.96753883942777, 60.0, 60.0, 60.0, 60.0, 60.0], "test": [60.0, 60.0, 60.0, 60.0, 60.0, 60.0, 59.666666666666664, 58.96666666666667, 54.233333333333334, 47.4, 46.0, 46.1, 46.9, 45.266666666666666, 46.766666666666666, 20.025, 52.36666666666667, 57.4, 59.733333333333334, 59.7, 59.666666666666664, 59.46666666666667, 60.0, 60.0]}