{"day": 0, "month": 12, "station_id": 270, "predict": [23.13332140654228, 23.328573124087917, 23.818753932682004, 24.324210217173334, 23.95910496993581, 23.97756134422647, 24.350210289920817, 25.514027877096716, 25.201399266748215, 26.72727360663763, 27.485327255834065, 27.324112224064717, 25.82255348966175, 25.52894864325505, 25.650813110846897, 25.70466249512996, 21.11449557063704, 19.71060271267235, 18.141171721782904, 17.21398173882945, 13.019041616759987, 13.657012019902696, 14.239988895266105, 14.36748257238878], "test": [24.7, 23.8, 22.033333333333335, 21.633333333333333, 24.0, 24.0, 23.366666666666667, 22.066666666666666, 20.8, 22.2, 22.266666666666666, 25.166666666666668, 23.233333333333334, 17.3, 13.333333333333334, 11.666666666666666, 10.833333333333334, 8.733333333333333, 10.833333333333334, 10.366666666666667, 12.033333333333333, 13.0, 14.866666666666667, 14.866666666666667]}