{"day": 5, "month": 5, "station_id": 199, "predict": [24.0, 24.0, 24.0, 24.0, 24.0, 24.0, 23.581414583644786, 19.548230098595926, 14.543132981548762, 10.987526592984652, 10.069292385513357, 11.418896802018551, 15.382658080861567, 16.52540984300513, 17.007899821087765, 17.880680979992192, 20.86201964804839, 23.783591623884995, 24.0, 24.0, 24.0, 24.0, 24.0, 24.0], "test": [24.0, 24.0, 24.0, 24.0, 24.0, 24.0, 23.833333333333332, 22.966666666666665, 21.733333333333334, 18.8, 18.466666666666665, 18.9, 18.2, 17.133333333333333, 22.166666666666668, 21.333333333333332, 19.666666666666668, 18.233333333333334, 20.566666666666666, 15.3, 12.8, 16.866666666666667, 22.566666666666666, 23.0]}