{"day": 6, "month": 7, "station_id": 732, "predict": [16.796863285000697, 17.550772138705696, 17.66926001697618, 17.38424161850885, 14.269492726517791, 14.564168528142469, 14.497839106484422, 13.050667176156779, 7.249627760657802, 3.118671662913407, 0.0, 0.0, 0.0, 0.09434114550122058, 0.19885167543837945, 0.0, 1.2181990968096572, 1.7804170616535062, 3.433466282994066, 5.464964932385177, 11.19861488576041, 11.825609338715099, 12.146251005934893, 12.643969942698034], "test": [6.466666666666667, 8.0, 7.233333333333333, 8.0, 8.0, 8.0, 7.6, 6.6, 5.0, 5.0, 5.6, 4.066666666666666, 4.1, 3.1666666666666665, 4.933333333333334, 17.0, 18.8, 20.466666666666665, 17.8, 16.833333333333332, 12.1, 9.1, 9.9, 10.233333333333333]}