{"day": 1, "month": 6, "station_id": 159, "predict": [33.61998230607552, 34.05468375398186, 33.29119851373794, 32.51841207323142, 33.897029096333604, 35.11867302718881, 34.9104966284814, 30.978116783354253, 23.066744295864314, 14.699576635031695, 9.35080662295376, 8.225616337910248, 9.34231699862458, 10.233970127612912, 9.739632308389032, 9.676717926203123, 12.296088317637436, 19.31356622762423, 27.528069880441464, 33.47466544320654, 36.33617253396594, 35.687426804388146, 34.9992394293326, 35.76620183897323], "test": [35.0, 35.0, 35.0, 35.0, 35.0, 35.0, 34.03333333333333, 30.633333333333333, 21.866666666666667, 5.366666666666666, 14.5, 12.9, 13.433333333333334, 9.733333333333333, 6.866666666666666, 6.566666666666666, 5.1, 20.199999999999996, 38.1, 37.4, 37.8, 38.6, 38.6, 39.0]}