{"day": 0, "month": 1, "station_id": 541, "predict": [26.734215695007343, 26.80064822172952, 26.65358958260965, 26.608948061016502, 27.177668775618773, 27.457403716477035, 26.750632669254344, 24.524152646342614, 19.521934500969692, 16.508107366272082, 14.9419224289834, 15.054696676741639, 12.154608762082907, 12.701443859592008, 12.508577871458078, 12.183038282584317, 11.37396987205997, 13.016312105910652, 15.313840360308884, 17.246313148295897, 19.894144372269636, 19.910270896778577, 19.745623393166937, 19.838490416651986], "test": [23.3, 24.0, 24.0, 24.0, 24.0, 24.0, 22.3, 18.766666666666666, 9.933333333333334, 7.1, 9.533333333333333, 8.033333333333333, 7.966666666666667, 7.6, 9.033333333333333, 9.3, 10.3, 12.7, 24.266666666666666, 26.533333333333335, 26.466666666666665, 26.966666666666665, 26.266666666666666, 27.0]}