{"day": 2, "month": 5, "station_id": 192, "predict": [13.243034772678131, 13.408833285486402, 12.90371211571048, 12.558192800568902, 12.826979920753693, 13.415807850227502, 13.24518415888733, 11.544904138832251, 8.883080022765341, 5.915986975758543, 4.0963552878005185, 3.613555837301604, 3.9288969169873544, 3.8607737441308494, 3.3652974330027225, 3.0638519225969043, 3.6884063570229326, 5.057919861517467, 6.436878291370773, 7.20873499524026, 8.29998752041883, 8.757143773401905, 9.973832333731785, 11.709361476505885], "test": [14.0, 14.0, 14.0, 14.0, 14.0, 14.0, 14.0, 13.166666666666666, 14.133333333333333, 7.8, 1.6333333333333333, 1.0666666666666667, 3.2666666666666666, 0.8333333333333334, 2.8666666666666667, 4.433333333333334, 4.2, 3.466666666666667, 13.3, 10.4, 4.633333333333334, 14.133333333333333, 15.0, 14.933333333333334]}