{"day": 2, "month": 11, "station_id": 246, "predict": [27.692813965211805, 27.701634182383835, 26.779141505154193, 25.690744048170924, 29.030924917186717, 30.259659730017482, 31.159111690941526, 29.6571266771786, 28.49244973594691, 22.97382155748027, 18.98382566920312, 17.936609962474694, 14.638213677345162, 15.13706154740469, 14.037336326189829, 12.347087134041177, 8.428131783708764, 11.086546470614568, 15.826088770681498, 20.14992856887072, 19.510942786692514, 19.15320127068758, 18.30868977546939, 18.252799635265617], "test": [37.86666666666667, 38.0, 38.0, 38.0, 38.0, 38.0, 38.333333333333336, 37.63333333333333, 32.06666666666667, 12.566666666666666, 2.433333333333333, 2.2, 1.9666666666666666, 2.7666666666666666, 3.833333333333334, 2.7, 3.066666666666667, 6.9, 11.100000000000001, 16.033333333333335, 17.5, 16.133333333333333, 15.833333333333332, 17.233333333333334]}