{"day": 5, "month": 11, "station_id": 55, "predict": [18.71397353830703, 19.21462589011275, 19.35033995266325, 19.20329489767783, 16.854911934123276, 17.315784387365426, 17.39771111644766, 15.908530367795167, 10.50625685058458, 5.652592305484502, 1.3993393839032604, 0.0, 2.3858156078825714, 4.528338247872698, 5.9393694585175805, 5.742521986372933, 5.672170346538898, 5.410245139706573, 7.1026112714110035, 10.405942673364285, 14.749436740803487, 17.381859569556408, 19.058929263705735, 20.252470179505938], "test": [13.0, 13.0, 12.766666666666667, 12.0, 12.0, 12.0, 12.0, 12.0, 11.7, 11.0, 11.0, 10.666666666666666, 8.366666666666667, 7.666666666666667, 7.066666666666666, 7.566666666666666, 7.9, 9.0, 8.833333333333334, 8.633333333333333, 9.0, 9.0, 21.633333333333333, 28.0]}