{"day": 1, "month": 4, "station_id": 14, "predict": [15.058811565539727, 13.940188375006297, 12.910012219588289, 12.410743765397115, 9.353439547558354, 9.033048921688005, 8.619273569595858, 8.742560933907882, 12.106540022145069, 14.239455250183287, 15.925357575467967, 16.237796473676873, 19.608683133561424, 18.57957312739228, 18.687006590755527, 19.844602364337938, 23.850866607640352, 22.606706423177016, 19.03195688708466, 14.395388813738887, 7.588446366302335, 5.531652473221979, 5.053658314625837, 4.8711230066004285], "test": [9.5, 10.9, 10.866666666666667, 10.0, 10.0, 9.766666666666667, 10.533333333333333, 16.1, 18.466666666666665, 27.1, 34.8, 23.666666666666668, 22.533333333333335, 21.2, 23.733333333333334, 26.066666666666663, 34.93333333333333, 19.966666666666665, 15.333333333333336, 0.13333333333333333, 0.26666666666666666, 0.36666666666666664, 0.6, 2.0]}