{"day": 2, "month": 11, "station_id": 194, "predict": [36.53942805800218, 35.45155364065278, 34.11168946755329, 33.67706921310735, 41.228287592903165, 41.89541229372138, 41.089917751685014, 38.0642425175473, 38.46030826922543, 33.183475672640846, 28.219660930268645, 24.212002369319112, 25.113692535442812, 23.915742109737007, 24.341462395225204, 26.25363244440043, 30.813574092610104, 33.78947266932476, 36.06218118912736, 37.94666396139806, 33.25501556551404, 36.70968327100709, 40.789963421039545, 44.19544039820448], "test": [51.1, 51.96666666666667, 51.0, 50.3, 49.93333333333333, 51.8, 51.0, 46.86666666666667, 42.46666666666667, 32.166666666666664, 22.933333333333334, 32.93333333333333, 31.366666666666667, 28.333333333333332, 24.766666666666666, 25.666666666666668, 22.166666666666668, 20.266666666666666, 21.2, 24.5, 47.6, 51.56666666666667, 52.233333333333334, 52.733333333333334]}