{"day": 2, "month": 3, "station_id": 12, "predict": [49.0, 49.0, 49.0, 49.0, 47.02219997216824, 48.83032848428794, 49.0, 49.0, 43.78089608040475, 36.16943651655873, 29.090160271472623, 24.683994800205703, 22.824522141226236, 22.608755708194806, 22.908387122082225, 24.168025478323855, 25.06959855476924, 31.223345457161507, 38.07605528777969, 43.16162446257996, 45.77453907418459, 45.63813736421812, 45.23005236004091, 45.96988576945311], "test": [47.0, 47.0, 46.3, 46.0, 47.0, 46.1, 46.0, 46.0, 44.86666666666667, 41.63333333333333, 19.866666666666667, 12.933333333333332, 13.0, 13.200000000000001, 13.9, 14.566666666666665, 21.1, 29.86666666666667, 41.1, 45.8, 46.0, 46.0, 46.0, 46.0]}