{"day": 0, "month": 6, "station_id": 48, "predict": [23.853715491918532, 23.466927079662938, 23.184598280831466, 23.619110380017585, 25.0, 25.0, 24.11035279261089, 20.21754403799424, 13.60121491159193, 10.116490683547015, 9.345872377087467, 10.839740405607563, 12.045172178454852, 13.207395578091536, 13.053336926471411, 12.755712345670853, 10.783971584974264, 13.026786859500469, 15.456895536042344, 17.042012649984027, 18.418757732955193, 18.54155512546871, 18.83613015058297, 19.223308184058286], "test": [24.0, 24.0, 24.0, 23.333333333333332, 23.0, 22.266666666666666, 19.9, 16.333333333333332, 9.866666666666667, 0.9666666666666667, 7.566666666666666, 13.366666666666669, 6.633333333333334, 12.283333333333331, 1.866666666666667, 5.266666666666667, 11.033333333333333, 12.0, 21.233333333333334, 18.366666666666667, 23.0, 21.2, 22.866666666666667, 22.233333333333334]}