{"day": 6, "month": 10, "station_id": 101, "predict": [19.145037059016065, 19.22623745379739, 19.256388855792327, 19.211073870941327, 18.697270844102988, 17.908760571510573, 16.10717366291236, 13.27992562676091, 8.17127389158448, 5.540363390904663, 4.4668642867405675, 4.892389379436198, 8.340847633772716, 9.230054069569773, 9.708695656068413, 10.307810315573125, 12.682942478796626, 15.166212948091577, 18.08169403933602, 20.490065453424798, 22.0, 22.0, 22.0, 22.0], "test": [13.266666666666666, 13.0, 14.999999999999998, 14.999999999999998, 14.999999999999998, 14.999999999999998, 14.999999999999998, 14.999999999999998, 14.999999999999998, 14.999999999999998, 14.999999999999998, 14.833333333333336, 15.833333333333334, 16.6, 13.566666666666666, 12.0, 14.433333333333335, 18.8, 19.5, 20.0, 20.0, 19.8, 18.0, 18.0]}