{"day": 1, "month": 2, "station_id": 199, "predict": [21.532173184940774, 21.72584435364338, 21.57140000091271, 21.635573893174236, 21.884976091464388, 21.58906618802039, 19.512084156402445, 15.512576263797248, 11.161280898919312, 8.117563767644494, 7.623316066108364, 8.94735081396445, 9.285725648291518, 9.253327711977018, 8.412677268013319, 8.2636357975279, 10.843167053172728, 14.155181597068896, 17.500849525939746, 19.399817993264577, 19.863047728623336, 19.48856501615162, 19.614919081975142, 20.481587398785248], "test": [23.0, 23.0, 23.0, 23.0, 23.0, 23.0, 19.7, 14.866666666666667, 12.26666666666667, 7.4, 1.7999999999999998, 7.866666666666667, 8.233333333333333, 7.199999999999999, 7.1, 10.766666666666667, 11.166666666666666, 16.5, 18.3, 21.366666666666667, 21.0, 21.0, 22.0, 22.0]}