{"day": 2, "month": 8, "station_id": 95, "predict": [14.266262067227592, 14.577777678171632, 14.614279517861481, 14.581672333612055, 14.81649884557524, 15.0, 15.0, 14.027968552795041, 11.262696664011983, 9.188110606931183, 8.203413791811137, 8.61173240734295, 9.450595072171314, 10.04006150862003, 9.544321499484731, 8.617284900870839, 7.025758433407945, 8.522092445935488, 10.889762673206347, 12.925389526266505, 14.023611143905889, 13.849419056247879, 13.369297914662075, 13.27939712377373], "test": [15.0, 15.0, 14.333333333333334, 14.0, 14.0, 14.0, 12.866666666666667, 10.5, 8.6, 6.066666666666666, 6.3, 6.3, 7.5, 6.533333333333333, 5.133333333333334, 4.433333333333334, 5.833333333333333, 7.433333333333334, 13.6, 14.666666666666666, 15.0, 14.466666666666667, 14.966666666666667, 15.0]}