{"day": 5, "month": 6, "station_id": 159, "predict": [39.0, 39.0, 39.0, 39.0, 39.0, 39.0, 39.0, 38.36241313734413, 29.683124060568865, 21.292227862323752, 15.878516092496868, 14.705926787023646, 19.541242819302475, 20.184253406822183, 19.60912732538604, 19.73395757964146, 24.716054125404177, 31.820285228194468, 39.0, 39.0, 39.0, 39.0, 39.0, 39.0], "test": [39.0, 39.0, 39.0, 39.0, 39.0, 39.0, 39.0, 39.0, 37.233333333333334, 33.36666666666667, 29.066666666666666, 29.7, 27.6, 21.0, 22.566666666666663, 26.2, 26.9, 36.266666666666666, 37.43333333333333, 37.766666666666666, 34.43333333333333, 33.56666666666667, 34.06666666666667, 36.93333333333333]}