{"day": 3, "month": 9, "station_id": 32, "predict": [38.17036092602882, 38.53480351680058, 37.29958321257855, 36.28316940295778, 37.329190096447164, 39.53271851524326, 39.74531429030578, 34.97719025531359, 26.647885846348572, 16.486966235338283, 10.206970779924728, 9.615776368447186, 11.18415953753528, 14.095620221974839, 15.151205997035191, 15.771522363347895, 16.33041155406505, 22.224756259109544, 28.962562132552417, 33.37608480169104, 35.69206153996168, 34.399154668769974, 33.904173561657956, 35.303211437628086], "test": [42.0, 42.0, 42.0, 42.0, 42.0, 42.0, 41.13333333333333, 41.166666666666664, 30.700000000000003, 6.166666666666667, 0.3, 1.2333333333333334, 1.5, 1.4333333333333333, 1.4666666666666666, 2.966666666666667, 9.166666666666666, 24.433333333333337, 39.333333333333336, 40.666666666666664, 41.53333333333333, 41.233333333333334, 41.166666666666664, 41.96666666666667]}