{"day": 3, "month": 5, "station_id": 213, "predict": [28.786615139219496, 29.424081639357787, 29.34301465890524, 29.23091700866731, 30.2212043603541, 31.250373721225998, 31.515859313728654, 29.491555291989926, 27.8365639076221, 23.108666671276342, 20.805760239068942, 22.246387859077934, 27.889593664598646, 32.14258040099444, 34.81374378226688, 35.801456364497774, 36.0, 36.0, 36.0, 36.0, 35.53255265072743, 35.00145762646425, 34.714028714132155, 35.19183840939536], "test": [34.5, 35.0, 35.0, 35.0, 35.0, 34.4, 34.13333333333333, 34.63333333333333, 32.6, 24.133333333333333, 21.366666666666667, 23.466666666666665, 23.199999999999996, 30.83333333333333, 32.733333333333334, 32.4, 32.0, 28.0, 20.866666666666667, 30.533333333333335, 33.56666666666667, 33.96666666666667, 33.86666666666667, 34.0]}