{"day": 0, "month": 6, "station_id": 195, "predict": [26.857452232462844, 27.148002879194586, 26.461894556159326, 25.751190767409902, 26.280626697679562, 27.31457093436828, 27.33155065739218, 24.690166147039694, 19.27401731753005, 13.846199295923938, 10.737825809935018, 10.687982088824135, 9.215266811500934, 10.457306960881152, 10.345342786759677, 10.265675776687843, 11.177234440969372, 15.795109955820134, 20.822455755529187, 23.86733819094562, 24.06867246058071, 22.65505410999327, 21.779458814345034, 22.41319310915248], "test": [26.866666666666667, 27.0, 27.0, 27.0, 27.0, 27.0, 26.7, 26.166666666666668, 17.366666666666667, 0.6, 0.0, 1.0666666666666667, 0.9333333333333333, 5.6, 4.133333333333334, 5.433333333333334, 5.533333333333333, 10.133333333333333, 25.8, 26.933333333333334, 26.166666666666668, 26.566666666666666, 26.433333333333334, 28.766666666666666]}