{"day": 3, "month": 11, "station_id": 246, "predict": [16.621153545950133, 16.614289744356853, 15.635878677789284, 14.460848033251239, 15.385489863521967, 16.482345587079248, 17.059271610984997, 15.130162406751078, 14.920022046091292, 9.48075167526724, 5.4920218369025955, 4.402242001586896, 6.270776930568956, 6.9215445236656565, 6.031744208467557, 4.551361191462623, 4.592730914466754, 7.141900159847671, 11.671915010666622, 15.831583814896655, 19.545060890983837, 19.32120528524655, 18.612556647997604, 18.673301665829225], "test": [19.0, 19.0, 19.5, 20.0, 20.0, 20.0, 20.433333333333334, 25.866666666666667, 22.366666666666667, 5.966666666666667, 8.266666666666667, 10.266666666666667, 4.166666666666667, 5.533333333333333, 8.8, 9.9, 9.8, 11.966666666666667, 18.733333333333334, 26.166666666666664, 27.5, 29.666666666666668, 30.66666666666667, 30.166666666666668]}