{"day": 0, "month": 10, "station_id": 361, "predict": [17.561147466158864, 17.633738512427012, 17.511248831951594, 15.979412794670095, 16.464566637190174, 17.074834791274267, 22.713819301993198, 32.18366808641738, 42.332160162272324, 47.55165668551106, 48.36505737180107, 47.55525316968326, 51.67165056143234, 54.0, 54.0, 54.0, 49.96575810622287, 43.926052626337146, 39.717622919014275, 38.36803518108534, 33.864538573532606, 32.853212258684614, 30.08555980249743, 26.876165369504754], "test": [29.000000000000004, 29.000000000000004, 29.000000000000004, 28.033333333333335, 16.433333333333334, 9.833333333333334, 13.533333333333333, 52.833333333333336, 54.533333333333324, 54.366666666666674, 55.00000000000001, 55.00000000000001, 55.00000000000001, 55.00000000000001, 55.00000000000001, 55.00000000000001, 52.3, 51.06666666666667, 14.133333333333333, 6.900000000000001, 0.16666666666666666, 0.0, 0.0, 0.16666666666666666]}