{"day": 0, "month": 8, "station_id": 109, "predict": [30.162328807521842, 31.18452380957605, 31.608518638165688, 31.684188978061677, 29.98948544276961, 30.791129572427124, 30.879818528528947, 29.10191837862033, 23.725470216128716, 19.134512874254078, 15.289406908700723, 13.41921426701672, 11.273791534341624, 10.725014697715816, 8.682273288743978, 5.399799367293007, 0.8909077580098641, 0.5537612015745277, 3.35756183675479, 8.084298958082327, 22.260023565254777, 25.177985923305442, 27.179021832359535, 28.88679788411893], "test": [23.6, 23.7, 24.5, 22.6, 21.566666666666666, 20.733333333333334, 20.0, 21.6, 21.033333333333335, 21.5, 16.2, 13.533333333333333, 10.2, 5.266666666666667, 2.466666666666667, 1.7666666666666666, 5.033333333333333, 15.566666666666665, 41.6, 54.53333333333333, 55.6, 53.96666666666667, 55.266666666666666, 56.0]}