{"day": 4, "month": 2, "station_id": 55, "predict": [30.25891128559105, 29.90481844896741, 29.48916820918761, 29.335604745604, 31.393058238048397, 32.02285065507897, 31.873255859640413, 29.940655000499564, 26.16640339691479, 21.526166496373218, 17.61978054207934, 15.903979867132476, 15.075231577547756, 16.9993730162263, 18.34107046484204, 18.424691852797615, 14.546489869915316, 14.60885136371342, 16.217028738468443, 19.136866671353303, 20.45578324459701, 22.78386145677564, 23.961065727978216, 24.284587091066278], "test": [31.0, 31.0, 31.0, 31.0, 30.83333333333333, 30.0, 28.966666666666665, 24.266666666666666, 26.433333333333334, 17.433333333333334, 7.7, 5.9, 7.833333333333333, 11.6, 12.2, 13.7, 12.3, 7.766666666666667, 7.5, 17.7, 21.233333333333334, 21.366666666666667, 22.6, 22.0]}