{"day": 0, "month": 11, "station_id": 579, "predict": [36.0, 36.0, 36.0, 36.0, 36.0, 36.0, 36.0, 33.53330818671594, 22.58616964623886, 20.139721646626107, 20.938316572806542, 22.987624130412783, 20.727356734079308, 19.085155685867175, 16.50798841114826, 15.846908443362917, 17.991717804306553, 23.51588734997926, 28.803732940916763, 31.847291106693888, 31.601995387685328, 31.449503642421128, 31.47854977801304, 31.782848706127282], "test": [30.933333333333334, 31.0, 31.0, 31.0, 30.933333333333334, 30.0, 25.766666666666666, 21.9, 12.933333333333334, 9.633333333333333, 17.5, 15.600000000000001, 14.8, 12.433333333333334, 12.6, 12.666666666666668, 9.166666666666666, 20.03333333333334, 33.266666666666666, 34.0, 34.2, 35.0, 35.0, 35.0]}