{"day": 4, "month": 12, "station_id": 154, "predict": [35.0, 35.0, 33.42848859434582, 32.22762034785371, 30.29458254369989, 30.03419487621654, 29.035430826488724, 27.198051933572735, 17.618381137856375, 16.791472229332655, 17.058550792664565, 17.76393401701216, 11.391669339500796, 10.603903215550908, 9.435553588498472, 9.109547953319101, 6.166231243006997, 9.312155645681122, 13.189058478563641, 16.68151955826304, 17.166611116253122, 18.435782968631155, 18.798970906862515, 18.218676902574938], "test": [30.6, 31.633333333333333, 30.9, 22.6, 13.333333333333334, 3.666666666666667, 2.0, 2.0, 2.0, 2.0, 2.0, 2.0, 2.6666666666666665, 3.0, 3.0, 3.0, 3.0, 4.033333333333333, 14.366666666666667, 30.0, 26.833333333333332, 32.9, 34.7, 34.53333333333333]}