{"day": 0, "month": 8, "station_id": 270, "predict": [4.050245264553342, 4.6626609418755445, 5.55040869519641, 6.435123455391505, 9.196536127777875, 9.805494098030499, 11.219779083662273, 13.950504445008104, 17.834134379552562, 20.772309441674114, 21.915153622970514, 21.34694884543984, 20.377946581465658, 20.19315170496978, 20.71538114242283, 20.655853549374694, 16.225653988263073, 12.06341047226065, 7.155912086330735, 3.4731321696169504, 2.841508398917926, 3.0884021084421174, 3.8616654949000093, 4.187586593717967], "test": [8.033333333333333, 8.933333333333334, 10.5, 11.0, 11.4, 11.933333333333334, 11.0, 10.533333333333333, 6.633333333333334, 23.26666666666667, 23.408333333333335, 21.525, 20.64166666666667, 20.75, 21.65, 7.466666666666667, 11.066666666666666, 11.5, 10.066666666666666, 11.033333333333333, 15.833333333333332, 16.833333333333332, 19.4, 20.9]}