{"day": 5, "month": 12, "station_id": 159, "predict": [31.513538717368892, 32.348922613797974, 32.21197968607927, 31.859800017759042, 30.330311967738297, 31.693562913013857, 32.34078140777014, 30.632884900446886, 22.97000153766765, 17.607246487826515, 13.517541714804699, 12.099269103583758, 15.427800837149439, 16.344584775416934, 16.622111059971814, 16.545970017608276, 18.365784721699903, 20.709537766769863, 24.168387012440363, 27.35446847206204, 27.306427673894504, 27.888921100654212, 28.406686296453586, 29.414212333102775], "test": [24.733333333333338, 25.000000000000004, 25.000000000000004, 25.000000000000004, 25.233333333333334, 26.0, 25.666666666666668, 25.000000000000004, 24.66666666666667, 24.0, 24.0, 21.9, 19.433333333333334, 18.133333333333333, 16.066666666666666, 15.1, 19.233333333333334, 22.133333333333333, 21.766666666666666, 24.4, 26.633333333333333, 24.566666666666666, 21.8, 24.0]}