{"day": 0, "month": 8, "station_id": 251, "predict": [33.28915613514849, 33.6536208970934, 33.63205616234172, 33.41629421309415, 32.95348465153988, 31.786330585536952, 29.465143540534264, 26.35957585283694, 23.185565818609845, 21.378651668202053, 20.56747260687442, 19.711327971850192, 17.091735928810788, 14.462510489919849, 12.537745906496042, 13.003561381899617, 17.872476120408386, 22.69133256436002, 27.004588700537063, 29.282215869215342, 32.13294188247158, 31.442208445868694, 31.17468309912686, 31.64310243409861], "test": [29.0, 29.366666666666667, 30.133333333333333, 31.0, 30.5, 30.0, 31.433333333333334, 30.4, 26.533333333333335, 24.66666666666667, 21.733333333333334, 19.466666666666665, 20.8, 18.033333333333335, 15.833333333333334, 21.066666666666666, 29.1, 31.8, 30.533333333333335, 28.866666666666667, 28.0, 30.2, 31.466666666666665, 31.733333333333334]}