{"day": 4, "month": 7, "station_id": 159, "predict": [38.67386722656183, 38.88065179957403, 37.66392196256098, 36.931438350411895, 38.41998235532824, 39.0, 39.0, 34.61292625200505, 25.71103455027616, 17.123451108202367, 12.454260008312913, 12.025406893903059, 13.158862909828766, 12.614751202410169, 10.605824826177859, 10.030160365774538, 12.884504787613773, 21.183746552070126, 30.366516938996572, 36.44049362990921, 34.939241226327, 34.4710178051559, 34.43298799248654, 35.86859664733507], "test": [38.0, 38.0, 38.0, 38.0, 38.0, 37.93333333333333, 38.0, 37.03333333333333, 35.43333333333333, 18.733333333333334, 6.300000000000001, 3.1000000000000005, 8.9, 10.066666666666666, 10.066666666666666, 14.733333333333333, 15.8, 17.733333333333334, 13.866666666666667, 14.466666666666667, 13.1, 15.666666666666664, 21.166666666666668, 30.766666666666666]}