{"day": 6, "month": 7, "station_id": 228, "predict": [40.0, 40.0, 40.0, 40.0, 40.0, 40.0, 40.0, 36.11994034047117, 25.276014438598054, 18.019140570408613, 15.316014839741698, 16.650375149333613, 21.455075519097445, 20.921929382529846, 18.80936280512462, 18.339684499825992, 24.35290385336749, 32.17741501063657, 40.0, 40.0, 40.0, 40.0, 40.0, 40.0], "test": [34.9, 35.0, 35.0, 35.0, 35.0, 35.0, 35.0, 34.13333333333333, 34.0, 34.0, 33.46666666666667, 33.666666666666664, 33.233333333333334, 31.9, 24.666666666666668, 22.7, 17.233333333333334, 20.166666666666664, 21.733333333333334, 20.766666666666666, 18.766666666666666, 31.766666666666666, 35.06666666666667, 35.0]}