{"day": 4, "month": 9, "station_id": 64, "predict": [16.957945869271825, 16.73282548601435, 16.77422263630336, 17.55886118336317, 21.812002315820063, 22.3217537890404, 21.624432145266553, 19.77925100462822, 17.350274338387752, 14.654801039907777, 12.245547793748274, 10.279208794024669, 8.866242248544284, 8.323517842865085, 8.590176949881853, 9.139539471542117, 8.348160225891665, 7.924439266324621, 7.475865604388426, 8.071097669401508, 8.60740454711064, 12.238256371895952, 15.911465828332183, 18.329096728971507], "test": [26.0, 26.0, 26.0, 26.0, 26.0, 25.933333333333337, 24.333333333333332, 23.133333333333333, 17.8, 12.933333333333334, 10.566666666666666, 10.566666666666666, 6.3, 1.866666666666667, 4.066666666666666, 1.6, 2.9, 5.733333333333333, 2.533333333333333, 0.2, 0.26666666666666666, 1.3, 0.0, 1.2]}