{"day": 3, "month": 12, "station_id": 32, "predict": [43.0, 43.0, 43.0, 43.0, 40.384533321838106, 41.70880122235903, 42.0904603836483, 39.440605688132415, 31.528197972899548, 24.4469328970513, 19.40311051129346, 18.16565734343034, 25.00606236795586, 26.976118681074556, 27.848582593945803, 27.90648112510973, 35.04562882897979, 37.54587461961163, 41.29039794688195, 43.0, 43.0, 43.0, 43.0, 43.0], "test": [36.0, 36.0, 36.0, 36.0, 36.0, 36.0, 36.0, 35.233333333333334, 36.3, 38.0, 36.53333333333333, 36.2, 39.333333333333336, 40.63333333333333, 40.7, 40.0, 40.53333333333333, 41.43333333333333, 39.36666666666667, 38.333333333333336, 37.86666666666667, 35.0, 35.0, 35.333333333333336]}