{"day": 3, "month": 4, "station_id": 579, "predict": [31.137206603241946, 31.27930017238959, 31.318922594361197, 31.994167419283666, 34.59089513448982, 33.88387870457007, 29.849279740576236, 22.831063035053653, 13.886033508958219, 10.08682004525876, 10.773284715861985, 13.817532493066075, 11.729609939146314, 10.934501012849946, 8.601072108427111, 8.139399978518602, 9.6281612477177, 16.506227459839383, 23.28325798812599, 27.132691198879083, 28.981441857473254, 28.111131907951982, 27.732022551516557, 28.2256061695467], "test": [35.0, 35.0, 35.0, 35.0, 35.0, 34.93333333333333, 30.666666666666668, 7.833333333333333, 1.1, 0.0, 0.0, 0.3, 0.16666666666666666, 0.5666666666666667, 2.1, 4.533333333333333, 6.633333333333334, 19.533333333333335, 32.0, 34.96666666666667, 35.0, 35.0, 30.7, 34.166666666666664]}