{"day": 6, "month": 6, "station_id": 71, "predict": [34.0, 34.0, 34.0, 34.0, 34.0, 34.0, 33.961161583911895, 27.810639339504085, 22.13279716630454, 18.399028084638676, 18.59584964188906, 20.9183278859419, 24.857840046933294, 23.72656566514991, 21.4946662362396, 21.073350426289505, 26.42100345399263, 31.968989361282627, 34.0, 34.0, 34.0, 34.0, 34.0, 34.0], "test": [34.0, 34.0, 34.0, 33.46666666666667, 33.0, 33.0, 33.8, 34.0, 33.9, 33.46666666666667, 31.2, 25.06666666666667, 25.033333333333335, 24.466666666666665, 29.833333333333332, 31.9, 33.733333333333334, 32.733333333333334, 28.266666666666666, 33.1, 34.0, 33.7, 33.2, 33.0]}