{"day": 4, "month": 11, "station_id": 107, "predict": [11.198041640852976, 11.21474556856844, 11.089560249463231, 10.509624342364122, 11.039333408657832, 11.211648915834589, 12.49325488645388, 14.324350158935022, 16.601430206720906, 16.354148217764745, 14.869747232555506, 13.327510240076597, 10.766320519502674, 11.47398540760852, 12.41385870165644, 12.642341147772186, 6.9685141287924495, 6.015790911001341, 5.587612946947159, 5.721117582781831, 3.8098452099674422, 3.243075199212649, 2.0775985851288494, 0.9205882550967446], "test": [9.066666666666666, 11.133333333333333, 13.0, 13.0, 13.0, 13.2, 15.8, 18.466666666666665, 19.9, 12.23333333333333, 0.8999999999999999, 2.3666666666666667, 4.733333333333333, 2.7333333333333334, 2.9, 2.9, 2.033333333333333, 1.2666666666666666, 1.2666666666666666, 0.43333333333333335, 1.7666666666666666, 4.833333333333333, 2.7666666666666666, 1.6999999999999997]}