{"day": 1, "month": 4, "station_id": 107, "predict": [8.656863401499566, 8.80378471762961, 8.837501375899617, 8.648706363707465, 13.80468419733031, 14.56713014426548, 16.140986848970456, 17.91269007341605, 20.0, 20.0, 20.0, 20.0, 16.127923755544998, 16.834071839986237, 17.370887073553256, 17.667208939588907, 13.849914264978992, 14.96647722285739, 16.476011485073986, 17.75786741211791, 12.831887415648367, 12.489349363004173, 11.712959983448794, 11.20858588130601], "test": [17.566666666666666, 19.0, 19.0, 19.0, 19.0, 19.0, 18.666666666666668, 18.533333333333335, 17.366666666666667, 8.133333333333333, 8.4, 9.0, 7.833333333333333, 3.1666666666666665, 3.7666666666666666, 3.466666666666667, 1.9333333333333333, 2.4, 1.2333333333333334, 2.7666666666666666, 5.433333333333334, 9.666666666666666, 13.366666666666667, 17.533333333333335]}