{"day": 6, "month": 6, "station_id": 199, "predict": [24.0, 24.0, 24.0, 24.0, 24.0, 24.0, 24.0, 21.184561140651873, 12.832543816094597, 8.171799260885633, 5.619709973123294, 5.397113721590854, 7.9164588299102725, 8.902852290415774, 9.794803703584611, 11.405681693743379, 15.928902911833688, 19.577356471546516, 22.317475239210985, 23.146745035512307, 22.649720935903307, 21.66591673473954, 21.6640380316602, 22.610824869046866], "test": [24.0, 23.966666666666665, 24.0, 24.0, 20.033333333333335, 15.0, 14.266666666666666, 14.0, 13.866666666666667, 12.466666666666669, 11.733333333333333, 12.066666666666666, 8.5, 6.233333333333334, 7.966666666666667, 20.533333333333335, 22.666666666666668, 20.666666666666668, 21.5, 21.8, 13.733333333333333, 14.3, 20.066666666666666, 22.0]}