{"day": 5, "month": 5, "station_id": 564, "predict": [27.1974155049709, 29.015126324726943, 29.53733780072091, 29.527336527421625, 32.74191496044794, 33.436464925455056, 33.479782401311105, 31.50216695987821, 31.40453592443234, 25.84006239003252, 21.02945878803826, 18.1755815568787, 22.27797868161749, 21.449962130585362, 20.490168624791753, 19.596075545534912, 22.24243094350042, 24.107248658757047, 27.437035007939794, 31.26213198594426, 29.775766459420854, 33.07216485255577, 36.38643921139515, 39.864473467315854], "test": [24.966666666666665, 37.6, 39.0, 39.0, 39.833333333333336, 41.0, 41.0, 40.96666666666667, 41.0, 41.0, 41.0, 41.0, 37.53333333333333, 30.933333333333334, 27.066666666666666, 23.666666666666668, 21.93333333333333, 18.1, 13.233333333333333, 17.166666666666668, 19.2, 25.466666666666665, 27.766666666666666, 28.1]}