{"day": 6, "month": 12, "station_id": 177, "predict": [19.420301649074347, 19.60228200776351, 20.032411252893944, 20.41125878311304, 20.39308606319591, 20.276441107430234, 20.32499891187682, 20.71336665982391, 20.37507069935161, 20.656478870785918, 20.403018914859004, 19.86510546933495, 17.396486910048452, 17.710578141556937, 18.343041923836438, 18.712596036261388, 16.76501145438978, 16.253865558008503, 15.975947560184867, 16.41986102096829, 17.329390238517124, 18.525576991135374, 19.232865987867896, 19.39670163136364], "test": [21.0, 21.0, 21.0, 20.6, 17.0, 17.0, 17.0, 17.0, 17.0, 16.1, 14.666666666666666, 12.466666666666667, 10.0, 12.733333333333333, 14.133333333333335, 14.499999999999998, 15.4, 18.6, 19.8, 18.566666666666666, 18.566666666666666, 18.0, 18.533333333333335, 19.0]}