{"day": 6, "month": 1, "station_id": 194, "predict": [53.550559813260826, 55.46087895285178, 56.0, 56.0, 56.0, 56.0, 56.0, 56.0, 54.7988073640408, 50.942973049605, 46.79192622689722, 43.54794716833908, 38.70286763362723, 37.999282867189415, 37.82923350405468, 37.67930392428216, 32.28618144694409, 32.46347293321315, 33.60810907881724, 36.01659427023961, 37.26175392822015, 41.644707040025274, 46.37773448419958, 50.53633550972182], "test": [55.6, 53.1, 53.8, 52.8, 49.4, 50.0, 50.3, 49.4, 46.63333333333333, 45.53333333333333, 38.96666666666667, 31.1, 24.866666666666667, 33.1, 28.0, 19.566666666666666, 30.66666666666667, 29.8, 28.566666666666663, 30.733333333333334, 31.766666666666666, 33.733333333333334, 34.0, 34.0]}