{"day": 2, "month": 6, "station_id": 17, "predict": [22.122624637754456, 21.97383990807711, 21.26688754222292, 21.148313320153104, 22.973031256348083, 24.413414727835708, 24.333133083400423, 21.364970800102405, 16.090686378647476, 11.479880371249099, 9.444441951266686, 10.113841488743468, 11.269958219342172, 11.90370670674817, 11.421764158968003, 11.395333456623105, 13.282891741031825, 17.435389995055985, 21.807050018233607, 24.360035788504455, 23.919249324082166, 23.067161445391573, 22.847262382962825, 23.716270278078674], "test": [24.0, 23.666666666666668, 22.333333333333332, 23.0, 23.0, 23.0, 23.366666666666667, 21.6, 14.999999999999998, 15.6, 4.233333333333333, 3.1666666666666665, 4.9, 8.9, 15.6, 10.033333333333333, 3.966666666666667, 12.8, 25.433333333333334, 25.433333333333334, 25.766666666666666, 25.333333333333332, 25.333333333333332, 26.0]}