{"day": 6, "month": 3, "station_id": 154, "predict": [11.837903048013894, 12.25674842412609, 11.12898905072976, 9.831113886002504, 9.666476781340249, 13.317554479048054, 19.070449263628053, 24.652807427223067, 25.581828540653, 27.347465296546662, 28.291807595734657, 28.9134798834766, 24.677980490019287, 22.82897416097738, 18.880754159412934, 14.312841055222208, 8.78873357016061, 7.614128298722388, 6.900454339218842, 4.997787873875571, 0.3391722513726149, 0.0, 0.0, 0.0], "test": [11.0, 11.0, 11.0, 11.0, 11.0, 11.0, 11.0, 10.433333333333334, 9.0, 8.966666666666667, 8.9, 8.333333333333334, 7.766666666666667, 9.333333333333334, 9.366666666666667, 9.5, 10.4, 9.5, 8.433333333333334, 8.066666666666666, 9.4, 10.7, 11.866666666666667, 12.0]}