{"day": 0, "month": 7, "station_id": 199, "predict": [22.750580581435056, 22.484864068585246, 22.248689615746983, 22.499414905955483, 22.560068863452692, 22.160622827674665, 19.92206379749523, 16.0132907238765, 11.830232992954809, 8.86733454727373, 7.802193754394362, 8.086811783032068, 7.950934799020066, 8.325506611469851, 8.929269108899033, 10.503053028881274, 13.951568109222888, 16.701218964396386, 18.567560326960333, 19.10652462274808, 19.688785583250763, 19.531347452640187, 19.98816183324102, 20.712186612002892], "test": [21.0, 21.0, 21.0, 21.5, 22.0, 22.6, 20.033333333333335, 16.5, 8.0, 0.06666666666666667, 7.166666666666666, 9.1, 11.566666666666666, 8.733333333333333, 12.533333333333335, 12.899999999999999, 17.133333333333333, 22.1, 22.066666666666666, 23.0, 23.0, 21.933333333333334, 22.433333333333334, 22.7]}