{"day": 2, "month": 7, "station_id": 71, "predict": [29.271265382630396, 28.878339219594352, 28.52719922444624, 28.99985004025932, 30.78074105070923, 30.008189714200014, 26.30085737601978, 20.09787173853353, 14.032036967643544, 10.810435415966204, 11.477628974272834, 14.163641802772286, 14.828347456451532, 14.68063307513423, 13.515369406088707, 13.87609223342611, 17.458480015982104, 22.564194456858562, 26.775654745222866, 28.36098403239813, 27.56452280996559, 26.676009999363274, 26.77893050111518, 27.662662627117836], "test": [32.36666666666667, 32.833333333333336, 33.0, 32.7, 33.0, 32.63333333333333, 29.4, 15.1, 0.8666666666666667, 3.8, 5.266666666666667, 16.633333333333333, 18.4, 21.133333333333333, 17.4, 7.9, 5.6, 25.033333333333335, 28.533333333333335, 28.066666666666666, 30.733333333333334, 31.366666666666667, 33.0, 32.766666666666666]}