{"day": 0, "month": 9, "station_id": 193, "predict": [60.0, 60.0, 60.0, 60.0, 60.0, 60.0, 60.0, 59.44392517633201, 49.55735770130481, 39.528151631306564, 32.77072925244783, 30.58243427669337, 22.361578603806425, 22.620159294538233, 21.13533759298219, 20.012385832469864, 13.353678779934958, 20.12706659534985, 28.182877175828256, 33.84222666895274, 36.65715115266864, 35.5487956363346, 34.404846039038986, 34.723802012661984], "test": [59.0, 59.0, 59.0, 59.0, 59.0, 59.0, 58.46666666666667, 55.266666666666666, 45.666666666666664, 15.3, 2.2, 1.0666666666666667, 0.6333333333333333, 0.4, 0.7666666666666667, 0.0, 0.36666666666666664, 3.8666666666666667, 40.34166666666666, 46.741666666666674, 30.633333333333333, 34.733333333333334, 33.666666666666664, 32.4]}