{"day": 2, "month": 2, "station_id": 130, "predict": [19.950824345163063, 20.15888237321853, 19.7026369420722, 19.328492889093184, 19.709467897064265, 20.682526758994207, 20.919355663047224, 19.272360733383316, 15.807113562763597, 11.998019561237795, 9.299907371844649, 8.265668917855903, 10.533641853518638, 10.360348239559208, 9.425094190209037, 8.625590849032987, 9.75255267844365, 12.08870071745287, 15.192579835191834, 17.603143569524867, 20.66237202963645, 20.926666556057427, 21.188975790793435, 21.89318102944963], "test": [20.0, 20.0, 20.0, 20.0, 20.0, 20.0, 20.0, 19.366666666666667, 17.666666666666668, 15.2, 13.099999999999998, 12.0, 12.0, 11.6, 12.033333333333333, 12.933333333333334, 14.633333333333333, 16.333333333333332, 15.3, 16.266666666666666, 16.0, 16.0, 16.0, 16.0]}