{"day": 4, "month": 11, "station_id": 732, "predict": [6.556222285648248, 7.4395529660532445, 7.65441894485365, 7.489307452750981, 7.40452926799735, 8.64317302427891, 10.452487651221778, 11.715043316133096, 10.655579105246172, 8.922067466615857, 6.750813719051209, 5.390479141779281, 6.22635615705105, 6.818831866580846, 7.068262025225574, 6.606561745617664, 3.946113905839078, 3.60145884327446, 3.9460055940359147, 4.658683248790424, 4.518062049264713, 4.909273116679513, 5.362260955164992, 6.114692078611403], "test": [8.0, 8.0, 8.0, 8.0, 8.3, 9.3, 10.6, 12.033333333333333, 6.433333333333334, 3.7666666666666666, 5.833333333333334, 9.7, 4.0, 0.3333333333333333, 0.0, 0.43333333333333335, 1.3333333333333333, 1.1666666666666667, 4.8, 2.2, 1.2333333333333334, 0.6, 0.03333333333333333, 0.6]}