{"day": 5, "month": 3, "station_id": 14, "predict": [18.400254989005184, 17.9838501231108, 16.961464664463932, 16.26533603245492, 15.882375677765648, 16.48925818901116, 17.2613097139177, 18.31111603359896, 18.157024804196197, 20.723664987658438, 23.81385717500155, 26.40273949884934, 26.852529745083217, 27.392101821948632, 27.950999691673825, 28.935329621013345, 26.229842776081107, 25.449238265172735, 22.3007867587651, 17.59965329481434, 10.83538726984563, 8.58803821189462, 8.616847287431415, 9.727916309543971], "test": [16.4, 15.5, 15.0, 15.8, 15.733333333333334, 15.0, 15.0, 15.26666666666667, 18.466666666666665, 19.0, 19.166666666666668, 20.3, 19.966666666666665, 19.3, 20.8, 13.333333333333334, 14.266666666666666, 15.966666666666665, 16.333333333333332, 13.366666666666667, 12.0, 15.633333333333333, 31.93333333333333, 32.53333333333333]}