{"day": 1, "month": 7, "station_id": 564, "predict": [31.820881075072446, 33.17521520298789, 34.2729991166099, 35.22430377656501, 39.08521758558477, 40.16858277536451, 40.57527526140384, 39.23481376507753, 35.18912836322998, 29.971887977724677, 25.0095595108648, 21.88268693630896, 20.2407754263943, 20.618835284519875, 20.72679048347767, 20.157366708379218, 11.319911457253127, 12.228858745331324, 15.330983129336033, 19.936644468713016, 19.742283957075923, 23.200127629159578, 25.246399829209007, 26.288670079939052], "test": [41.0, 41.0, 41.0, 40.166666666666664, 40.0, 40.0, 40.0, 40.733333333333334, 35.666666666666664, 25.366666666666664, 17.633333333333333, 15.333333333333336, 5.966666666666667, 0.26666666666666666, 0.2, 0.0, 0.03333333333333333, 0.3, 5.966666666666667, 10.966666666666665, 15.533333333333333, 18.933333333333334, 30.433333333333334, 40.86666666666667]}