{"day": 1, "month": 8, "station_id": 109, "predict": [39.187404046661236, 40.0663431715342, 40.52811790977977, 40.808593530485325, 46.28023125961277, 47.04940309327508, 47.41019675119622, 46.19123691444649, 48.551964090222064, 44.56793618390341, 41.50430613784014, 40.41680426215297, 34.053660128310504, 33.8658573848263, 31.966101791694594, 28.83717041550453, 25.02062763440473, 25.604414667996522, 28.960980531437023, 33.678477606815626, 37.99806919458092, 41.01095547325854, 42.46404717083414, 43.38723875015499], "test": [55.96666666666667, 54.86666666666667, 54.0, 54.0, 54.0, 54.96666666666667, 55.0, 52.53333333333333, 48.93333333333333, 35.3, 26.666666666666668, 28.1, 24.833333333333332, 25.6, 30.900000000000002, 31.066666666666666, 10.9, 4.666666666666667, 23.233333333333334, 45.4, 52.333333333333336, 53.9, 53.766666666666666, 54.0]}