{"day": 3, "month": 11, "station_id": 278, "predict": [9.882383548603435, 10.186490612193799, 10.298871045434334, 10.335902330278211, 11.289971907595346, 11.13684132834096, 10.629120703162625, 9.880068371701483, 8.180753217093724, 7.790364944486277, 7.768095395012484, 7.939569087033299, 6.884324983609104, 6.672222959496394, 6.397118416248663, 6.1842800619363185, 5.144649674308375, 4.9991234857480045, 4.791729052999098, 4.598815870986801, 3.318015029740663, 3.635473082015852, 4.215593972278722, 4.781559398036184], "test": [11.0, 11.0, 11.0, 11.0, 11.0, 10.266666666666667, 9.0, 10.333333333333334, 9.633333333333333, 5.4, 4.433333333333334, 2.2, 3.7666666666666666, 2.8, 3.3666666666666667, 0.23333333333333334, 0.9666666666666667, 2.3, 1.2, 0.6666666666666666, 1.6333333333333333, 2.6666666666666665, 4.966666666666667, 6.0]}