{"day": 1, "month": 7, "station_id": 177, "predict": [17.999041779644873, 18.209570560462456, 18.34558130643643, 18.542073754874128, 19.575613103851758, 19.557638228630392, 19.25376663574787, 18.532591174968715, 17.373511628759783, 15.884966783363538, 14.654346571643906, 13.936398225507629, 13.601808293601781, 13.460101857314696, 13.245879177587433, 12.631615248992203, 9.417149195036485, 8.663687774733352, 8.408046464997705, 9.02634140309343, 10.698446535768793, 12.587152805724966, 14.307013070497849, 15.549641938845632], "test": [22.0, 22.0, 22.0, 22.0, 22.0, 21.566666666666666, 21.533333333333335, 19.9, 20.2, 20.8, 21.766666666666666, 5.333333333333333, 3.933333333333333, 1.5, 1.0666666666666667, 1.4666666666666666, 0.9333333333333335, 1.3, 2.9, 12.4, 17.6, 17.533333333333335, 19.766666666666666, 19.633333333333333]}