{"day": 5, "month": 1, "station_id": 195, "predict": [27.24098751142686, 27.66890027307224, 27.039774447894878, 26.63431626547616, 27.235115943079013, 29.05397999733148, 29.668679803431544, 27.299476113497608, 21.7775295436669, 16.410944415072922, 13.292055771138154, 13.229814768705724, 20.25263094485035, 21.722676827335764, 22.533227271869738, 23.855046780519835, 27.081453522216528, 30.0, 30.0, 30.0, 30.0, 30.0, 30.0, 30.0], "test": [26.8, 27.0, 26.233333333333334, 26.0, 26.0, 26.0, 26.866666666666667, 27.0, 28.433333333333334, 29.9, 27.2, 26.0, 24.4, 23.933333333333334, 20.766666666666666, 20.0, 19.466666666666665, 20.0, 18.566666666666666, 14.533333333333333, 11.5, 11.166666666666666, 11.0, 11.3]}