{"day": 4, "month": 3, "station_id": 278, "predict": [9.692379546191027, 9.86753970054818, 9.801195714084175, 9.576294449496128, 7.741763596027317, 7.093871547888094, 6.01031011871411, 4.446670610909372, 2.7077754693348357, 0.9577317712621527, 0.0, 0.0, 0.0, 0.30154248364795805, 0.8524225244715755, 1.5053643846410816, 3.49073122297409, 4.020012205847575, 4.464218825112947, 4.855838123413832, 6.684594311251056, 7.388429190544449, 8.28727449552428, 9.229462175977218], "test": [7.7, 6.933333333333334, 6.033333333333333, 5.533333333333333, 5.0, 5.0, 5.0, 3.533333333333333, 3.0, 2.3, 0.0, 6.533333333333333, 7.133333333333334, 7.533333333333333, 7.0, 6.666666666666667, 7.466666666666667, 7.766666666666667, 7.466666666666667, 5.933333333333334, 5.0, 3.2, 3.7, 5.333333333333333]}