{"day": 0, "month": 6, "station_id": 338, "predict": [23.0, 23.0, 23.0, 23.0, 22.01102018032798, 22.65117685696102, 22.14760585198741, 19.96944769845326, 15.473741371980388, 11.366092716120148, 7.874053814401219, 5.535093876069938, 0.17548062584480534, 0.0, 0.0, 0.0, 2.8205996603835595, 4.714614710958886, 6.657303688914932, 8.28357951375535, 11.885320843172588, 12.883510605989699, 13.960458333288093, 15.037606598996097], "test": [11.6, 13.566666666666666, 12.999999999999998, 12.999999999999998, 20.066666666666666, 21.133333333333333, 22.0, 18.066666666666666, 14.300000000000002, 1.2, 2.7, 2.3666666666666667, 0.46666666666666673, 0.6333333333333333, 0.6666666666666666, 0.8333333333333334, 2.033333333333333, 3.566666666666667, 15.2, 20.433333333333334, 22.133333333333333, 20.133333333333333, 21.833333333333332, 23.0]}