{"day": 3, "month": 7, "station_id": 272, "predict": [13.770297864957463, 14.13159137275619, 14.03899807716748, 13.34959043186829, 13.09496352289049, 12.284776805900563, 12.401507934828349, 13.197506238099006, 10.569161096606011, 10.038385764767376, 8.573856742879753, 7.191540210457694, 9.128844363331106, 10.107023248070554, 11.581835758208554, 12.179348340113476, 13.280571451976835, 11.050824471741874, 8.963424691432119, 8.113031851549161, 9.673817927822647, 10.963513949775276, 12.376093639006932, 13.594599750956927], "test": [19.866666666666667, 21.0, 21.0, 7.233333333333333, 2.0, 2.0, 1.8666666666666667, 1.9333333333333333, 11.866666666666667, 17.2, 17.866666666666667, 19.833333333333332, 17.566666666666666, 17.233333333333334, 15.733333333333333, 17.533333333333335, 14.166666666666666, 5.0, 16.5, 15.400000000000002, 15.100000000000001, 19.133333333333333, 20.433333333333334, 21.666666666666668]}