{"day": 5, "month": 7, "station_id": 18, "predict": [26.211677571759928, 26.51084175732883, 25.89780521580223, 25.415542790798956, 27.0, 27.0, 27.0, 26.915077137072394, 20.315060206952264, 14.87943122216518, 11.116897069474133, 9.951035723554666, 12.533498269009772, 13.109476182845926, 13.617192872580535, 14.804877148161196, 18.439168844842477, 22.620351463916187, 26.909744008744667, 27.0, 25.066329195158154, 25.20736956715156, 25.489114143116446, 26.34385298332676], "test": [26.166666666666668, 25.966666666666665, 26.0, 26.0, 26.0, 26.0, 26.0, 25.0, 25.0, 25.9, 25.266666666666666, 22.7, 17.2, 8.2, 14.0, 19.866666666666667, 11.233333333333333, 11.266666666666667, 2.033333333333333, 4.133333333333334, 6.766666666666667, 13.599999999999998, 19.966666666666665, 24.0]}