{"day": 0, "month": 7, "station_id": 251, "predict": [28.857536353691827, 29.97870205074465, 31.39308341203618, 32.34413119820873, 33.05241941347896, 31.352680038024367, 28.916941368764203, 26.740648739325238, 24.761205724863782, 23.995374654339468, 23.280780148277117, 22.03893825108949, 16.988114431912635, 15.553683830152432, 15.143965521783729, 16.113524591675997, 20.39323869295248, 23.092167813499405, 25.6288372254515, 27.74369431591863, 31.11001801827549, 32.1692144042544, 32.77505862296151, 33.112943529744044], "test": [32.1, 31.366666666666667, 32.46666666666667, 33.0, 32.766666666666666, 32.0, 29.0, 19.9, 9.666666666666666, 13.333333333333334, 15.5, 13.766666666666667, 16.566666666666666, 18.7, 19.533333333333335, 28.633333333333333, 27.466666666666665, 31.1, 31.566666666666666, 31.733333333333334, 30.833333333333332, 31.666666666666668, 31.633333333333333, 31.733333333333334]}