{"day": 3, "month": 12, "station_id": 18, "predict": [27.0, 27.0, 27.0, 27.0, 27.0, 27.0, 27.0, 27.0, 24.345836923028575, 21.552721212753767, 19.48970088701935, 18.283372506257994, 17.084809095941, 16.042219224432902, 15.271915744490972, 15.390680898216537, 18.424341762737036, 20.579819171943974, 22.815000248742166, 24.422280742588317, 25.567991516281403, 26.515816744256007, 27.0, 27.0], "test": [27.0, 27.0, 27.0, 27.0, 27.0, 27.0, 27.0, 26.966666666666665, 26.1, 23.5, 20.466666666666665, 19.3, 21.4, 21.466666666666665, 17.433333333333334, 15.800000000000002, 14.833333333333334, 18.7, 23.0, 24.0, 23.3, 25.766666666666666, 24.066666666666666, 24.733333333333334]}