{"day": 2, "month": 4, "station_id": 228, "predict": [32.79263563533145, 32.912732177979265, 32.59696506426682, 32.73923423292134, 35.50318653361373, 35.730165883190516, 33.81620050664043, 28.91200428631121, 22.218453102136753, 16.539739355842535, 14.262692590815039, 15.021833939257672, 13.87228610820586, 13.786225822007342, 12.1724264143577, 11.20797615799253, 10.61907903063962, 15.664805842964562, 21.58545472517464, 25.910060632608754, 29.47490036616232, 29.477177796285332, 29.61649161643027, 30.46979712410782], "test": [39.0, 39.0, 39.0, 39.0, 39.0, 38.2, 34.03333333333333, 25.566666666666666, 5.733333333333333, 0.2, 11.966666666666669, 4.866666666666666, 1.3333333333333333, 3.8333333333333335, 0.43333333333333335, 1.1333333333333333, 5.700000000000001, 14.333333333333334, 33.166666666666664, 37.166666666666664, 37.93333333333333, 38.0, 38.0, 37.96666666666667]}