{"day": 4, "month": 6, "station_id": 338, "predict": [21.684692540415384, 22.156941786487657, 22.268923211150696, 22.535453841434823, 22.46742734807158, 23.0, 22.71271864621232, 20.387389061970836, 15.971404030733071, 11.50874281756515, 7.894642673302753, 5.801788037479186, 3.126304205260546, 2.8076160431301393, 2.727414191817248, 3.1211797545771756, 5.353078201219855, 7.629665927460885, 10.403724064254861, 12.906189341078527, 17.060381888401718, 18.39437910471905, 19.670127481779712, 21.0005142012615], "test": [20.0, 19.9, 21.333333333333332, 23.0, 23.0, 22.966666666666665, 22.0, 18.2, 16.8, 4.1, 0.3333333333333333, 0.3333333333333333, 0.5, 2.9, 5.3, 5.833333333333332, 12.033333333333333, 19.1, 17.533333333333335, 19.8, 17.7, 17.433333333333334, 21.0, 24.0]}