{"day": 3, "month": 12, "station_id": 48, "predict": [19.487829536702986, 19.89577673698097, 19.587414428953885, 19.29685245306084, 20.608803781401484, 21.087953475427692, 20.71208185039428, 18.706588816850715, 16.418823049701363, 13.207707312060347, 11.389877359594985, 11.127314176673115, 12.401016019760643, 12.222131685309906, 11.461199526531887, 10.919018014147229, 12.203995644145108, 13.97329956232118, 16.214413899101658, 17.860771461949703, 20.03977417284471, 20.478323555833363, 21.383638272916787, 22.769360763892614], "test": [18.2, 23.0, 23.0, 23.0, 23.0, 23.833333333333332, 24.0, 24.0, 22.633333333333333, 22.666666666666668, 15.6, 14.499999999999998, 14.966666666666667, 11.833333333333334, 14.766666666666667, 13.466666666666665, 20.466666666666665, 21.6, 23.866666666666667, 14.166666666666666, 12.0, 15.533333333333331, 24.0, 23.2]}