{"day": 1, "month": 11, "station_id": 73, "predict": [35.353200724340226, 35.6566202684088, 35.352226774197284, 35.05834061542945, 34.66966534479524, 34.87629610839758, 33.814778327575766, 30.02182718483059, 25.841894863712987, 18.77492007874305, 13.96500993792926, 12.54540741290524, 10.652106231173969, 11.913227537485689, 12.198828841776814, 12.135685853421707, 11.946782985832002, 15.450593765628945, 20.07886280567111, 23.8940306135897, 24.705744960033726, 24.788132122858965, 24.473510070157772, 24.757126394649795], "test": [36.0, 36.0, 36.0, 36.0, 36.0, 36.0, 35.3, 33.6, 23.933333333333337, 7.466666666666667, 1.0666666666666667, 2.2333333333333334, 6.7, 7.9, 7.7, 6.7, 6.266666666666667, 9.9, 23.333333333333332, 25.733333333333334, 31.133333333333333, 33.43333333333333, 34.53333333333333, 35.0]}