{"day": 5, "month": 7, "station_id": 14, "predict": [16.9632215750551, 16.53160441101968, 14.953829195622966, 12.6497851805946, 11.898020628263117, 11.554300468511272, 13.416378849396812, 17.091786352923805, 24.97554227963044, 28.667092146889296, 30.684665257366117, 30.89820047159356, 29.481691817382426, 28.681556498971414, 28.672543530233717, 29.72323650443961, 31.445048124073942, 33.30400911666635, 33.8169137460054, 32.79396466057142, 27.63402497093855, 26.18921698954835, 25.56397307745322, 25.77192000252129], "test": [17.866666666666667, 17.0, 17.466666666666665, 19.0, 21.066666666666666, 21.966666666666665, 21.0, 21.7, 19.533333333333335, 19.3, 28.833333333333332, 35.4, 37.766666666666666, 30.466666666666665, 28.433333333333334, 25.06666666666667, 21.6, 26.56666666666667, 26.633333333333333, 25.666666666666664, 23.666666666666668, 17.266666666666666, 17.9, 18.4]}