{"day": 2, "month": 4, "station_id": 48, "predict": [16.25151030335268, 16.26117103014581, 15.901332792943315, 15.9473238785864, 17.143227537205178, 17.450915001991497, 16.121569271090163, 12.565296900364725, 10.05254088913327, 6.509116464609424, 5.879789246010052, 7.53846977118642, 8.269826203445012, 8.295080626283879, 6.876644773602671, 5.993016264812017, 5.7561519768058265, 9.73260150042066, 14.111269259946738, 16.76930054963369, 18.544930852899906, 17.677373372141794, 17.28137115996975, 17.856471797119706], "test": [17.0, 17.333333333333332, 21.0, 21.1, 22.133333333333333, 23.0, 21.866666666666667, 20.1, 11.833333333333334, 0.6333333333333333, 0.4333333333333333, 0.7333333333333333, 1.633333333333333, 0.6333333333333333, 2.033333333333333, 2.8666666666666667, 7.633333333333334, 12.7, 23.766666666666666, 18.2, 16.133333333333333, 20.433333333333334, 23.233333333333334, 25.0]}