{"day": 2, "month": 10, "station_id": 95, "predict": [12.803396886952552, 12.702517211350699, 12.557080909390635, 12.60501642218365, 13.184330920190579, 13.25493292301706, 12.794408421918478, 11.517460201676975, 9.730543962787259, 7.75602564088666, 6.5305671747697716, 6.267991469496108, 5.6808408103417785, 6.370129465062668, 6.918865208187348, 7.39791016951146, 7.961094367716363, 8.877183789766836, 9.946946773704626, 10.893758628871208, 11.020685425604174, 11.504949834432004, 11.919011450483232, 12.297041584520548], "test": [15.0, 15.0, 15.0, 15.0, 15.0, 14.966666666666667, 14.066666666666666, 12.166666666666666, 6.466666666666667, 2.1333333333333333, 0.8333333333333334, 0.16666666666666666, 0.8333333333333334, 8.466666666666667, 6.833333333333333, 6.333333333333333, 5.3, 9.766666666666667, 8.433333333333334, 6.4, 6.9, 9.433333333333334, 12.933333333333334, 11.466666666666667]}