{"day": 2, "month": 3, "station_id": 361, "predict": [23.546591925088915, 23.976308416000833, 24.096290458638105, 22.251731759338117, 13.861212776947104, 14.01995008432725, 18.646731389397328, 26.60239726920969, 28.56619374348449, 32.83018445471778, 33.24778789805045, 32.852963831308266, 24.92538043825155, 28.478338907497378, 30.624238982782394, 28.655829530711774, 21.989465264631214, 15.835496583901037, 12.529456935059919, 12.349806843869802, 17.36497023373326, 15.470464518183547, 11.079229571308472, 6.753279366078199], "test": [4.066666666666666, 0.0, 0.0, 0.0, 0.0, 0.0, 0.0, 6.6, 1.5333333333333334, 0.26666666666666666, 4.033333333333333, 18.0, 18.666666666666668, 35.733333333333334, 36.8, 33.8, 18.133333333333333, 2.6666666666666665, 16.166666666666668, 54.66666666666667, 55.00000000000001, 54.866666666666674, 31.933333333333334, 22.166666666666668]}