{"day": 6, "month": 3, "station_id": 130, "predict": [10.618195598418765, 10.50335112675907, 9.968795918369349, 9.181926198201413, 11.750383679345013, 11.725052048004034, 11.483689376522968, 10.202034066561358, 10.594209938769819, 7.565612902891465, 5.12744409218834, 4.099762320804877, 4.094877135800676, 4.4609356112590675, 4.252650436862586, 3.6480304578448672, 2.410082128094672, 3.7126410822195366, 6.241093323032026, 8.954102393935457, 10.548813685699379, 11.142082758665053, 11.066126369482665, 11.05183511393899], "test": [13.333333333333334, 15.0, 15.0, 15.0, 15.0, 15.0, 15.0, 15.0, 14.73333333333333, 13.0, 6.300000000000001, 0.16666666666666666, 0.4, 6.2666666666666675, 6.9, 5.166666666666667, 6.566666666666666, 7.1, 3.4, 10.333333333333334, 8.266666666666667, 11.266666666666667, 10.733333333333333, 13.6]}