{"day": 2, "month": 4, "station_id": 541, "predict": [27.656621000545545, 27.709157192273818, 27.684316639560798, 27.722098047006632, 28.0, 28.0, 27.573098830159495, 26.269403769818897, 23.876326502877095, 17.096975179284268, 15.758946813782899, 14.842993336944062, 16.08041411038309, 15.500301775045848, 13.470292243055217, 12.098962847218965, 23.38209913927546, 26.55358517072035, 28.0, 28.0, 24.40680037063316, 27.30341777810199, 26.934170855351134, 26.96920470784305], "test": [28.0, 28.0, 28.0, 28.0, 28.0, 28.0, 28.0, 28.0, 28.0, 9.1, 9.3, 14.333333333333336, 12.2, 14.766666666666667, 17.166666666666668, 16.633333333333333, 17.3, 23.866666666666667, 25.133333333333333, 23.2, 25.666666666666668, 26.0, 26.0, 26.0]}