{"day": 0, "month": 8, "station_id": 107, "predict": [11.98430249430337, 11.369775962778041, 11.115131605837982, 10.861167649908802, 9.290928806053698, 9.2530193016545, 9.534233795570838, 12.429531775571101, 11.809458956646202, 11.447569310593819, 11.45890426929885, 9.998665648893834, 11.580121301472115, 12.302293424401539, 11.352922036020423, 11.99429378898715, 14.999466723355104, 14.780636394812348, 15.903254729324921, 19.078778733695433, 17.802731823148843, 19.72877880095578, 19.83878150539871, 19.24700902614201], "test": [10.566666666666666, 9.566666666666666, 9.0, 9.0, 9.0, 9.0, 9.0, 9.2, 9.9, 8.0, 6.3, 11.866666666666667, 17.833333333333332, 17.6, 16.866666666666667, 14.533333333333333, 16.066666666666666, 16.466666666666665, 14.433333333333334, 15.866666666666667, 16.433333333333334, 18.566666666666666, 18.2, 16.033333333333335]}