{"day": 3, "month": 9, "station_id": 71, "predict": [34.0, 34.0, 34.0, 34.0, 32.458031179171435, 32.214079012797484, 24.97177176296152, 24.953797178263326, 10.081173053542809, 6.3471647203270685, 12.215773700668395, 13.826634275530544, 8.27925596100349, 6.560024718211654, 5.056021735317741, 5.445435441144042, 16.763440760252983, 21.54911581176041, 28.79866519118801, 31.455286169776105, 32.23002564968019, 32.59587922617152, 33.97019317486574, 34.0], "test": [33.0, 33.0, 33.0, 32.53333333333333, 33.0, 32.86666666666667, 29.833333333333332, 20.2, 5.533333333333334, 0.06666666666666643, 8.1, 10.466666666666667, 11.6, 7.366666666666666, 8.366666666666667, 13.3, 20.3, 29.3, 30.966666666666665, 30.933333333333334, 30.233333333333334, 25.266666666666666, 27.866666666666667, 30.766666666666666]}