{"day": 1, "month": 9, "station_id": 154, "predict": [0.9185290288236614, 0.9705388012015537, 1.5607254807494961, 1.6248965515750036, 1.3415378649470118, 1.6157429526962346, 15.57220724620174, 31.869435948995726, 14.785960185164587, 29.447457459060306, 28.745207718384062, 26.47521090933211, 35.0, 35.0, 34.78493439915812, 29.16739358830147, 13.023882047347813, 15.361357934680644, 0.0, 0.0, 0.012460519441345255, 0.0, 0.0, 0.33883474568856853], "test": [1.0, 1.0, 0.9999999999999999, 0.9999999999999999, 0.9999999999999999, 0.9999999999999999, 12.933333333333334, 14.533333333333333, 30.733333333333334, 32.0, 33.266666666666666, 34.63333333333333, 34.6, 34.06666666666667, 27.633333333333333, 21.2, 3.7333333333333343, 1.6333333333333342, 1.7, 1.5333333333333334, 0.0, 0.0, 0.0, 5.5]}