{"day": 4, "month": 10, "station_id": 193, "predict": [39.24099768476188, 40.3646547837512, 41.08248069486227, 41.54642585441564, 40.430510639104114, 41.705110282220154, 45.147213976453656, 37.14187193343191, 34.328336283897954, 14.9054766589838, 2.0666188173251676, 0.0, 10.086729876447096, 7.524043507969845, 1.8036990873412724, 0.15716335503266987, 12.33037926401374, 13.112117347185167, 19.220318647830442, 24.777368056253977, 45.44715559999435, 21.93937020393009, 22.12248299142327, 23.81929651602478], "test": [40.0, 40.0, 40.0, 40.0, 40.0, 43.46666666666667, 43.7, 43.43333333333333, 36.3, 16.5, 9.566666666666666, 9.9, 10.966666666666667, 12.833333333333334, 12.033333333333333, 11.0, 14.833333333333334, 25.600000000000005, 36.86666666666667, 43.0, 42.03333333333333, 41.43333333333333, 41.666666666666664, 42.0]}