{"day": 2, "month": 3, "station_id": 66, "predict": [39.98582833051379, 39.89274367975528, 39.98435439141116, 39.93339096449456, 38.97426058046784, 38.98129467054567, 40.0, 37.78030601749541, 30.65483737244723, 23.552464850184073, 21.993426977037018, 16.84264778059568, 26.27419492971547, 22.39139081841155, 22.753426733526094, 20.638511945049316, 17.220586604821335, 34.22888891872277, 37.302706495154005, 27.4876251941975, 35.02916909310606, 36.92985188192223, 37.91930328537403, 38.602507961961386], "test": [39.0, 39.0, 39.0, 39.0, 39.0, 39.0, 39.0, 36.333333333333336, 32.0, 28.733333333333334, 23.1, 21.0, 16.566666666666666, 10.366666666666667, 11.833333333333334, 13.0, 17.8, 26.299999999999997, 37.8, 28.33333333333333, 28.533333333333335, 34.1, 36.4, 38.4]}