{"day": 6, "month": 1, "station_id": 703, "predict": [25.0, 25.0, 25.0, 25.0, 15.98968365983694, 16.16138118014026, 16.06766759830146, 15.846195585686257, 14.758221777809755, 14.37749411285283, 13.757387504649646, 15.678701664584166, 11.222036531572254, 10.618692305378566, 11.13929548744146, 10.254532460669672, 18.81281718024259, 20.570544080428135, 20.912097398752714, 21.253803451366373, 23.328077140755365, 24.258792679677693, 24.27204121463392, 23.785488043304436], "test": [24.833333333333332, 22.666666666666668, 16.0, 16.0, 16.0, 16.0, 16.0, 15.5, 14.066666666666666, 12.933333333333334, 12.0, 11.866666666666667, 11.7, 11.633333333333333, 13.533333333333333, 15.233333333333333, 16.533333333333335, 23.1, 22.666666666666668, 23.2, 23.0, 23.9, 24.0, 24.0]}