{"day": 2, "month": 9, "station_id": 109, "predict": [55.48632975125151, 56.389368440417975, 55.88648796814356, 56.99365170224961, 55.49324360297964, 55.36988896579784, 57.0, 50.15410357668635, 46.26798057484683, 43.59070402664893, 46.967041619779856, 44.88896392519364, 42.299154483428026, 40.04397640711172, 41.10079154171967, 40.29297810078177, 14.086242408739661, 4.41880696581151, 0.0, 8.929442241820615, 21.53318933183058, 36.3702881800691, 38.34181305499955, 37.4155128743991], "test": [55.0, 55.0, 55.0, 55.0, 55.0, 55.0, 55.0, 54.166666666666664, 44.5, 42.733333333333334, 39.03333333333333, 44.96666666666667, 41.233333333333334, 32.36666666666667, 25.066666666666666, 22.1, 18.566666666666666, 13.066666666666666, 6.033333333333333, 3.9333333333333336, 7.033333333333332, 41.050000000000004, 21.799999999999997, 38.0]}