{"day": 2, "month": 4, "station_id": 101, "predict": [20.15908640039305, 20.033364557173115, 19.55663330717023, 19.33514135021726, 20.873962624193833, 20.159473882889916, 18.36781647094629, 4.637141176367657, 1.841377468219394, 2.9686109179062505, 2.7245367162877434, 3.6444917133045465, 4.142345296077153, 7.494160523934388, 8.519772030138157, 7.756372017423978, 6.993317484189643, 0.2735778698968657, 8.92906520061285, 20.076834894539047, 20.84386683033025, 20.864625424820897, 21.00147102991052, 20.590150368688477], "test": [19.0, 19.533333333333335, 20.333333333333332, 20.0, 20.0, 18.833333333333332, 16.133333333333333, 5.933333333333334, 0.8666666666666661, 7.733333333333333, 7.733333333333333, 3.7, 2.5666666666666673, 7.0, 7.566666666666666, 8.733333333333333, 5.633333333333335, 8.933333333333334, 17.8, 20.466666666666665, 20.466666666666665, 20.9, 20.466666666666665, 20.966666666666665]}