{"day": 3, "month": 7, "station_id": 14, "predict": [25.653342864097173, 25.253701288010177, 24.36602097298255, 17.55417307188735, 25.94296931652004, 25.417468036399946, 29.89410757189409, 35.13401600836576, 18.821022656677837, 32.23689085798139, 41.441398400263196, 28.55694433002503, 41.83003481492179, 42.169305269106204, 40.65314495844086, 34.893749573266746, 28.119231194826313, 28.929884920495766, 36.00876020004327, 28.647742099958876, 28.40214616821353, 27.145522239589734, 24.762105816912303, 20.09213345749475], "test": [28.7, 29.0, 30.0, 29.9, 11.766666666666667, 10.9, 14.066666666666666, 19.866666666666667, 24.96666666666666, 36.96666666666667, 40.9, 43.06666666666667, 43.166666666666664, 41.9, 25.3, 21.766666666666666, 25.866666666666667, 24.266666666666666, 31.166666666666668, 34.43333333333333, 29.233333333333334, 30.2, 26.366666666666667, 29.6]}