{"day": 6, "month": 4, "station_id": 199, "predict": [22.498534149005483, 23.38399383287096, 23.663316712966733, 22.707693827943125, 15.941328843516796, 16.199182137393894, 9.574156059061815, 9.008432405580145, 15.22875388796372, 15.066938863293435, 14.516606320134667, 10.793325843337858, 17.785555200395518, 17.807972088268794, 20.369152196039252, 23.5831135447151, 19.417915285323865, 19.33126417141077, 18.45775219046474, 17.460935293167857, 21.427313038826703, 17.44778628482179, 18.165568216113964, 18.242907260142857], "test": [22.233333333333334, 15.466666666666669, 16.0, 16.233333333333334, 17.0, 17.0, 16.166666666666668, 16.0, 16.0, 14.233333333333334, 20.533333333333335, 18.533333333333335, 15.2, 13.366666666666667, 21.0, 21.066666666666666, 21.7, 21.766666666666666, 20.666666666666668, 20.633333333333333, 20.633333333333333, 20.433333333333334, 19.466666666666665, 19.666666666666668]}