{"day": 3, "month": 7, "station_id": 17, "predict": [25.97390873441087, 26.0, 25.9396488730452, 25.71686898931565, 25.295601013133727, 25.501038068057618, 25.391497046071674, 22.377850325706216, 15.145140696534302, 11.875694474284852, 9.293260339458326, 7.5846337005960365, 0.5670094752823785, 5.212908358549397, 5.852713708687017, 5.197193911187812, 6.894132995636175, 9.447535337747826, 19.87183167280004, 23.00778541849342, 25.37016517173191, 24.902390571150754, 24.486856029276524, 24.042747711078977], "test": [26.0, 26.0, 25.033333333333335, 25.533333333333335, 26.0, 26.0, 26.0, 23.1, 11.666666666666666, 6.833333333333334, 1.3666666666666663, 0.7666666666666668, 4.066666666666666, 8.0, 9.266666666666667, 9.166666666666666, 1.5333333333333337, 10.833333333333334, 24.7, 25.833333333333332, 25.533333333333335, 25.566666666666666, 25.566666666666666, 25.5]}