{"day": 4, "month": 10, "station_id": 48, "predict": [25.0, 24.652358398397833, 24.788691427316245, 25.0, 25.0, 25.0, 25.0, 23.750746013167976, 10.478437650506098, 6.517907433659806, 6.217601365674977, 5.9475406463491005, 9.642344169451256, 9.366693287823887, 10.409340132954686, 9.942609754712391, 2.1780553927141844, 6.962523302293351, 14.600133225054906, 12.17986785122436, 16.076081071593787, 24.991971304694896, 24.30754956395441, 22.954665976436097], "test": [24.766666666666666, 25.0, 25.0, 25.0, 25.0, 25.0, 23.966666666666665, 20.8, 7.533333333333333, 4.733333333333333, 8.466666666666667, 7.400000000000001, 3.166666666666666, 2.9, 1.4333333333333336, 0.4666666666666666, 3.1, 9.7, 15.299999999999999, 13.033333333333333, 13.900000000000002, 14.866666666666667, 15.0, 18.866666666666667]}