{"day": 0, "month": 12, "station_id": 101, "predict": [22.0, 22.0, 22.0, 22.0, 19.055541696942527, 18.436060124953666, 16.69697447126404, 11.523706381033533, 10.015163395234012, 11.15785949571063, 10.658900464948086, 10.27674538873457, 3.8419660274426186, 4.543149298380746, 4.695566454280017, 4.148245196738166, 16.76657579412464, 16.991471139675614, 22.0, 22.0, 21.4219964018874, 19.291805695291888, 19.167653797342684, 19.091254825446075], "test": [19.0, 19.0, 19.0, 19.0, 19.0, 19.0, 19.0, 16.866666666666667, 10.133333333333333, 3.366666666666667, 1.8, 2.8666666666666667, 2.2666666666666666, 3.566666666666667, 7.233333333333333, 13.366666666666665, 15.299999999999999, 19.533333333333335, 19.833333333333332, 21.4, 21.2, 20.233333333333334, 21.433333333333334, 17.666666666666668]}