{"day": 6, "month": 12, "station_id": 32, "predict": [13.459711373384653, 12.460142529363381, 9.401282554629276, 12.097111930419382, 13.770200103288275, 14.524999006484826, 12.51715642177899, 12.524262499916354, 14.068841516262413, 13.523982099140811, 13.486180788306726, 17.79690676431655, 14.518154791033009, 15.303513888363442, 15.071544094537659, 15.42818679232144, 14.13850424889221, 13.429547891792904, 14.235865002539704, 13.822037232979227, 17.029769800256428, 17.849673275022553, 17.709080402065393, 17.955005203151664], "test": [13.0, 13.833333333333334, 14.000000000000002, 13.333333333333334, 13.433333333333334, 14.000000000000002, 14.000000000000002, 14.000000000000002, 14.000000000000002, 13.633333333333333, 13.166666666666666, 13.533333333333333, 15.300000000000002, 15.833333333333332, 12.633333333333333, 14.5, 15.033333333333333, 16.866666666666667, 17.0, 17.433333333333334, 18.033333333333335, 17.0, 17.0, 17.066666666666666]}