{"day": 6, "month": 10, "station_id": 340, "predict": [5.687817204690319, 5.975146993191146, 6.768161529552237, 11.191395786040028, 0.9389973586275886, 0.8785937751023294, 2.727869709444775, 2.141683399997814, 0.5484020064350288, 0.0, 0.0, 0.0, 8.182285891581772, 8.399863060884726, 8.960893202747387, 10.051328425249672, 9.382414301238825, 10.695605774782788, 12.037450484635816, 13.469809654751147, 11.247272934095918, 12.18118781119105, 12.353010141443313, 12.775857657926629], "test": [5.466666666666667, 5.633333333333334, 1.666666666666667, 1.0, 1.0, 1.0, 1.0, 1.0, 1.0, 1.0, 6.233333333333333, 6.5, 4.566666666666666, 6.866666666666666, 7.0, 8.733333333333333, 9.3, 10.166666666666666, 10.2, 10.633333333333333, 9.0, 9.0, 9.0, 9.233333333333333]}