{"day": 3, "month": 6, "station_id": 541, "predict": [27.215843403319738, 27.471157743462246, 27.774226538297572, 27.991950498001536, 27.734953319347966, 27.48753008749693, 27.135322948348982, 23.498436867914926, 12.963666281623542, 7.04216966685702, 4.279752720512791, 8.040611138665849, 2.4989864927452756, 5.17435839438075, 6.250730282171404, 5.08105257234991, 25.535636659528315, 25.380712863673825, 27.371287126035494, 28.0, 27.336467022938567, 25.929815235613393, 26.93644579945402, 27.24354963958796], "test": [28.0, 28.0, 28.0, 28.0, 28.0, 27.9, 27.466666666666665, 22.333333333333332, 9.9, 6.9, 0.766666666666667, 2.1000000000000005, 4.533333333333333, 11.566666666666666, 21.166666666666668, 21.9, 25.2, 27.1, 27.733333333333334, 27.966666666666665, 28.0, 28.0, 28.0, 26.5]}