{"day": 3, "month": 8, "station_id": 101, "predict": [21.951861431773082, 22.0, 22.0, 22.0, 21.971274632245212, 21.45769159779501, 18.657247412100048, 9.23013599412446, 4.755329916119172, 5.50610503318201, 4.781772898906559, 5.262415333767913, 0.8526956861888942, 1.208920157037856, 2.5471585010843305, 5.712570754797398, 2.8603510327201973, 1.6980344819241562, 11.547010788456832, 15.041693176308334, 20.387359572447536, 22.0, 22.0, 22.0], "test": [22.0, 22.0, 22.0, 22.0, 22.0, 21.2, 17.366666666666667, 9.7, 2.5, 6.0, 4.266666666666667, 0.8666666666666667, 2.5, 4.166666666666667, 4.9, 4.3, 8.9, 6.833333333333333, 20.166666666666668, 20.666666666666668, 21.4, 21.733333333333334, 22.0, 21.9]}