{"day": 5, "month": 10, "station_id": 374, "predict": [5.107216445316595, 7.9309797040016194, 7.150884643042469, 7.594028646572747, 0.25429338306967164, 3.0937106557981036, 0.5878994673116291, 0.0, 2.6179483479605254, 4.847805125719502, 5.608733437911581, 4.145979671372905, 8.686971168145092, 9.851049226392906, 9.45885094485324, 7.882730961199728, 17.085356496751423, 14.594688547746696, 12.255726450008538, 13.311428765756583, 18.515713712261828, 17.534101335579695, 20.282670482930026, 21.945326466225033], "test": [0.8666666666666669, 1.0000000000000004, 1.8999999999999992, 2.000000000000001, 2.000000000000001, 2.000000000000001, 2.000000000000001, 1.966666666666667, 9.0, 18.0, 15.033333333333333, 8.6, 6.033333333333335, 18.366666666666667, 22.733333333333334, 20.933333333333334, 23.233333333333334, 23.9, 21.4, 17.8, 14.366666666666667, 14.866666666666667, 13.6, 13.0]}