{"day": 4, "month": 11, "station_id": 341, "predict": [4.483151873407476, 5.262395568313776, 9.083665688960462, 10.2615165970507, 4.2124060400712295, 3.9536445073032374, 4.335474291795479, 11.065707962738307, 11.931579775399989, 8.600481589154567, 8.01212356544717, 6.073796356788372, 7.803267013020445, 5.34657572496888, 4.568025944091048, 3.8602118040283884, 3.6203524259614297, 0.8385008819273478, 0.0, 2.6111325664247227, 1.792893764679954, 3.6341610110933797, 4.624538317604631, 9.58155434783592], "test": [1.5666666666666669, 4.133333333333333, 5.466666666666668, 5.6, 4.999999999999999, 4.9, 4.033333333333333, 9.166666666666666, 17.166666666666668, 18.3, 14.266666666666667, 10.866666666666667, 9.566666666666666, 6.699999999999999, 3.2333333333333334, 0.3333333333333332, 0.23333333333333284, 0.10000000000000006, 0.1666666666666666, 0.5, 0.033333333333333354, 5.4, 8.0, 9.733333333333333]}