{"day": 4, "month": 1, "station_id": 14, "predict": [7.990817855110848, 9.431838921061152, 10.523744560618537, 11.33603417000824, 9.433024663360516, 6.787963855680935, 8.257549569261123, 15.776198236368831, 9.348662152218669, 6.909558163132749, 6.368511514887886, 8.530868585460386, 23.66756121436091, 23.54137976407516, 19.649477575289716, 22.32819115304417, 37.0541861490438, 34.229759565186356, 34.61889266996952, 25.6452287300249, 16.056461713869517, 13.677248180533343, 15.08895359502244, 13.83165308619935], "test": [7.0, 7.133333333333333, 8.7, 9.766666666666667, 13.166666666666664, 12.400000000000002, 5.966666666666667, 11.0, 13.333333333333334, 9.933333333333334, 16.766666666666666, 24.03333333333333, 26.766666666666666, 24.800000000000004, 27.066666666666666, 18.933333333333334, 38.2, 39.833333333333336, 31.733333333333334, 22.5, 17.266666666666666, 15.600000000000001, 20.0, 22.5]}