{"day": 5, "month": 11, "station_id": 703, "predict": [18.346492008820388, 18.984739587272745, 19.1100153728237, 19.36522190276408, 22.957326558442432, 23.435817605561766, 17.242021482756492, 16.770447654938845, 16.384260579818722, 15.343210526561228, 14.638522459434746, 13.901874230031396, 22.598806604248708, 22.54224450079475, 25.0, 25.0, 24.353484482191604, 25.0, 25.0, 25.0, 20.739432014740306, 24.224967373891232, 24.781101947534008, 25.0], "test": [23.0, 23.0, 23.0, 23.0, 23.0, 22.566666666666666, 22.0, 22.0, 22.0, 22.0, 21.53333333333333, 23.7, 10.908333333333333, 10.758333333333333, 22.766666666666662, 23.433333333333334, 23.0, 23.0, 22.6, 20.0, 20.0, 20.0, 20.866666666666667, 21.0]}