{"day": 0, "month": 6, "station_id": 229, "predict": [20.91124788560684, 20.417898329986237, 19.973641622207964, 20.244787933215047, 24.0, 24.0, 23.712954731667885, 21.198317430978292, 14.131563973125921, 4.513517436493327, 2.235910289975662, 2.41619520002559, 0.20628680927623066, 0.09370161389204992, 0.3276851049488543, 5.654046441818812, 4.595362924709358, 8.635898890550758, 16.63422454179756, 19.617698753388716, 21.18762786472942, 20.790435087417972, 20.41302066426321, 21.971635934994474], "test": [22.766666666666666, 23.0, 23.0, 23.0, 23.0, 23.0, 22.4, 19.266666666666666, 16.933333333333334, 1.5, 0.19999999999999996, 0.0, 0.5333333333333333, 0.6333333333333333, 0.0333333333333333, 3.2333333333333334, 12.033333333333333, 19.066666666666666, 20.366666666666667, 22.7, 21.7, 15.733333333333334, 22.066666666666666, 21.366666666666667]}