{"day": 2, "month": 6, "station_id": 154, "predict": [8.726202011151381, 8.483041095631085, 8.656525806947126, 8.565837874068219, 9.592873105433176, 10.237863432046456, 26.14616819600589, 35.0, 35.0, 26.00458683356491, 25.431547637699147, 24.280814744772666, 32.1311065547681, 29.952607017459986, 27.280657138778793, 21.72697425015002, 0.0, 16.28872812335935, 17.505599614382714, 1.4989865992233287, 15.805893957004349, 15.064433595309458, 15.099587403023955, 13.796000259486457], "test": [10.0, 10.0, 10.0, 10.0, 10.0, 8.8, 9.366666666666667, 31.966666666666665, 30.9, 32.06666666666667, 31.8, 31.833333333333332, 31.6, 25.36666666666667, 23.666666666666668, 10.3, 3.566666666666667, 8.233333333333334, 15.966666666666667, 17.833333333333332, 5.266666666666667, 2.1666666666666665, 1.3333333333333333, 2.0]}