{"day": 2, "month": 2, "station_id": 214, "predict": [11.822678974404855, 15.196541827338253, 15.781426255589551, 17.894060688974793, 11.770830547208014, 11.955458015483256, 14.256589892504929, 22.165403370608598, 15.215539982498324, 16.047326145037502, 9.69503619675803, 10.38713591299578, 19.28479428549683, 21.944373411153045, 24.964580217379332, 25.459407686718997, 22.08694399517669, 16.121034510299275, 8.317376385008235, 17.346015869208298, 14.49141416317313, 13.977047095961225, 9.142267634618042, 7.903970231960563], "test": [10.0, 10.0, 10.0, 10.0, 10.0, 10.0, 10.166666666666666, 11.066666666666666, 16.233333333333334, 20.2, 22.1, 21.4, 20.0, 20.0, 19.733333333333334, 19.166666666666668, 18.233333333333334, 15.733333333333333, 13.2, 10.766666666666667, 10.233333333333333, 10.233333333333333, 10.633333333333333, 9.833333333333334]}