{"day": 4, "month": 5, "station_id": 73, "predict": [35.53323589066531, 35.108037491449956, 35.5378733565636, 36.085220298767446, 35.55326269632794, 35.606799409630696, 36.067307274644826, 35.44232306177582, 27.990121654357978, 8.687281798449934, 2.2086968297858873, 1.8530518392786914, 10.759300490597104, 11.18603703674874, 13.918793743513014, 13.091529411977746, 0.6549562919901369, 1.8545268120369363, 11.395967668474764, 13.747841126511222, 29.453857893349184, 23.748053964331465, 24.912197363394657, 25.269839531762422], "test": [35.266666666666666, 35.46666666666667, 34.13333333333333, 35.666666666666664, 35.0, 35.0, 33.6, 35.0, 31.533333333333335, 18.766666666666666, 14.266666666666664, 7.299999999999999, 1.833333333333333, 0.6000000000000001, 0.933333333333333, 1.166666666666667, 0.5666666666666671, 2.9666666666666672, 19.766666666666666, 28.300000000000004, 29.733333333333334, 28.1, 28.8, 29.26666666666667]}