{"day": 5, "month": 5, "station_id": 101, "predict": [14.143849829881148, 14.723183513185864, 14.996532958821101, 15.262610535530069, 21.90407597425255, 21.980252913140966, 22.0, 20.505862486950267, 19.173651741470117, 19.19341880036348, 20.024291838883528, 21.561179023380458, 14.560061056957274, 13.665050714821618, 14.265823226468283, 15.683612660856245, 17.336928133331856, 17.582920832858647, 18.334595304137288, 17.847087335158978, 21.06123581540307, 21.079367029204338, 18.21576014806624, 17.543412839900533], "test": [22.0, 22.0, 22.0, 22.0, 22.0, 22.0, 22.0, 21.3, 19.7, 20.0, 18.033333333333335, 15.866666666666667, 17.933333333333334, 18.966666666666665, 18.0, 18.033333333333335, 19.733333333333334, 21.033333333333335, 21.3, 20.566666666666666, 20.533333333333335, 20.066666666666666, 22.0, 22.0]}