{"day": 3, "month": 2, "station_id": 217, "predict": [14.627363536393515, 14.382112452925842, 14.51100075448095, 15.022497500724288, 14.545223891851784, 14.063245884642283, 13.336476436728406, 12.770632122137606, 13.101489998476147, 9.544639877031186, 9.371514267083324, 9.107729845120204, 9.17470533744416, 7.8378513054045715, 3.771718086583485, 4.351520433204708, 9.84508691146052, 4.896881533479508, 5.1203253291921635, 8.389354430505488, 10.864719328406837, 11.301857841782192, 11.9010920759912, 12.857051952288302], "test": [15.0, 15.0, 15.0, 15.0, 15.0, 15.0, 14.666666666666666, 14.366666666666667, 12.166666666666666, 9.233333333333333, 10.3, 11.366666666666667, 9.5, 11.266666666666667, 10.933333333333334, 8.433333333333334, 4.066666666666666, 1.4, 4.3, 8.1, 11.0, 12.533333333333333, 12.866666666666667, 11.833333333333334]}