{"day": 4, "month": 10, "station_id": 361, "predict": [0.0, 0.0, 0.0, 0.0, 2.639960122931433, 2.13004150548467, 3.417434636565036, 37.86495767206759, 16.23166061997561, 40.08378322732251, 45.455705035421914, 51.19034014148267, 25.724035630788816, 27.929847274862144, 32.3473616511334, 35.94923407790027, 24.384149157564828, 20.427264026720493, 16.636480951389295, 8.656704649189024, 51.01317133766685, 41.620064980256956, 35.30305001072107, 30.74070076097339], "test": [2.433333333333333, 2.0, 2.0, 2.0, 2.0, 2.0, 2.0, 3.7666666666666666, 32.20833333333333, 8.733333333333334, 17.533333333333335, 21.099999999999998, 24.0, 25.9, 30.1, 42.6, 45.36666666666667, 50.70000000000001, 46.766666666666666, 50.233333333333334, 46.93333333333333, 43.53333333333333, 36.233333333333334, 33.06666666666667]}