{"day": 5, "month": 5, "station_id": 17, "predict": [18.81265890351397, 19.70134955106186, 19.543906901073818, 19.64404073401088, 17.5693069871198, 18.561959211481078, 18.675769424849488, 19.603171396925674, 19.774516463239216, 20.893381260343517, 21.315918507510794, 19.93756002019623, 23.06113074261022, 22.99572517420743, 23.167039789755265, 22.973218822019792, 21.86166020596024, 21.39933019678585, 20.384513811825347, 19.433360295097796, 23.442584643674074, 18.888690072807194, 17.986542881223322, 18.25350918403847], "test": [20.333333333333332, 20.333333333333332, 19.533333333333335, 18.266666666666666, 19.0, 19.0, 19.0, 19.166666666666668, 20.1, 20.633333333333333, 21.7, 24.2, 24.966666666666665, 22.933333333333334, 22.033333333333335, 22.433333333333334, 23.466666666666665, 23.833333333333332, 23.633333333333333, 22.3, 22.4, 22.4, 20.333333333333332, 23.0]}