{"day": 1, "month": 6, "station_id": 12, "predict": [48.34196412582193, 48.54928424674297, 49.0, 49.0, 47.09393117053429, 47.162121971740575, 46.246525553801334, 44.91101887792471, 42.96680576757602, 32.68888666544065, 18.420809651942665, 14.832982885368232, 11.652782979436047, 8.773732201451114, 7.404040200906214, 8.672591551447711, 11.312085794299652, 23.89223763019777, 35.2006732362201, 41.83949616183386, 40.949633174031305, 46.144304418470234, 46.847347789453586, 47.141537796671855], "test": [46.96666666666667, 47.0, 47.0, 47.0, 47.0, 47.0, 46.766666666666666, 45.2, 40.6, 28.1, 17.8, 13.466666666666665, 9.633333333333333, 10.766666666666667, 8.4, 7.633333333333335, 14.433333333333334, 31.600000000000005, 27.866666666666667, 38.56666666666667, 44.233333333333334, 47.9, 46.266666666666666, 46.166666666666664]}