{"day": 5, "month": 6, "station_id": 270, "predict": [7.266070326873894, 8.454099364723232, 7.341897763354454, 8.221676273725326, 11.982250253199023, 12.099245908474302, 10.807733308116248, 11.048457070835678, 11.465501750564304, 10.175064374822002, 11.510293439739065, 13.931845950360294, 2.7506876567536924, 4.3238848943449675, 5.390004286288746, 4.399321998149405, 0.0, 0.0, 0.0, 0.0, 0.2880902193291814, 0.5152085962372847, 0.042142802768882645, 0.0], "test": [10.0, 10.5, 11.700000000000001, 12.366666666666667, 12.3, 12.166666666666666, 13.0, 13.5, 10.466666666666667, 8.333333333333334, 8.0, 2.1666666666666665, 0.29999999999999993, 0.3999999999999993, 0.2000000000000005, 0.2000000000000005, 1.8999999999999997, 2.1666666666666665, 2.3, 1.5666666666666667, 3.6, 6.2, 8.066666666666666, 5.866666666666666]}