{"day": 2, "month": 3, "station_id": 55, "predict": [32.57609047668215, 32.49078461392388, 32.33018387212053, 32.26162726735887, 31.999214471145695, 31.20982465495395, 32.18822844151795, 29.02021428872649, 28.386669953427287, 18.668514130851598, 11.716707400647053, 14.004167776917932, 26.397992871823508, 24.59917783487249, 22.26353120751713, 26.09075156084853, 25.08323771351158, 14.120049276372795, 19.288129963619713, 28.49069552271709, 33.0, 30.675120657013046, 33.0, 33.0], "test": [33.0, 33.0, 32.46666666666667, 32.0, 32.0, 32.0, 32.4, 28.766666666666666, 27.566666666666663, 26.633333333333333, 26.233333333333334, 26.566666666666666, 26.766666666666666, 26.0, 25.366666666666667, 24.2, 22.633333333333333, 27.633333333333333, 30.266666666666666, 31.533333333333335, 32.233333333333334, 32.4, 33.0, 33.0]}