{"day": 0, "month": 11, "station_id": 73, "predict": [31.463655059586785, 32.817477381198785, 34.155609835465825, 37.0, 35.082545092435666, 35.91623635722993, 37.0, 36.406579067121235, 21.795367406338773, 8.55982783757035, 9.10650406545498, 10.369125918252571, 11.213257322815299, 9.59086985954948, 12.391314019177402, 14.430368594668122, 13.670714901365116, 19.20597484133273, 25.790254218198946, 35.53362849853629, 37.0, 37.0, 37.0, 37.0], "test": [34.0, 34.266666666666666, 36.0, 36.0, 36.0, 36.0, 34.8, 30.2, 22.1, 2.8, 6.2, 11.23333333333333, 10.666666666666666, 11.8, 11.166666666666666, 13.633333333333333, 15.3, 24.733333333333334, 35.4, 36.3, 36.03333333333333, 36.36666666666667, 37.0, 36.3]}