{"day": 3, "month": 9, "station_id": 199, "predict": [23.169696577066446, 23.167439376350515, 23.254316392182137, 23.173485260958607, 21.81281685832529, 21.668497481119644, 22.423680775786877, 17.18967393622603, 5.0203936617297105, 0.29513323017971704, 0.9683867797690853, 1.974570755252175, 23.966274562524955, 24.0, 22.597393998956907, 23.760955485644345, 13.940683774607447, 21.45995681138296, 24.0, 21.942460958684997, 21.35275550179155, 22.20012645594271, 22.943725951752835, 22.762012366597656], "test": [24.0, 24.0, 24.0, 21.733333333333334, 20.0, 19.433333333333334, 18.733333333333334, 18.8, 6.766666666666667, 0.8333333333333334, 10.533333333333333, 16.666666666666668, 14.333333333333332, 11.266666666666667, 10.5, 10.6, 15.26666666666667, 19.666666666666668, 22.466666666666665, 22.833333333333332, 23.833333333333332, 23.533333333333335, 23.033333333333335, 24.0]}