{"day": 5, "month": 3, "station_id": 48, "predict": [13.511253554181257, 14.870695770142731, 15.533208806015658, 15.519179086246265, 11.785803300288446, 12.067072945034171, 11.834422076128238, 11.474538381788376, 11.951311270862279, 11.307935936524222, 12.778396945325996, 14.35410520759607, 4.6434971705337835, 5.691643258555761, 5.195383759330732, 6.050416330252068, 5.9304702888673955, 4.016058154112204, 2.307701226503034, 1.983113967937014, 2.6460519049298985, 3.391356711175432, 3.957988753625219, 3.660094309191882], "test": [11.0, 11.9, 12.0, 12.0, 12.666666666666664, 13.0, 13.0, 12.8, 11.4, 9.5, 7.6, 4.633333333333334, 2.2999999999999994, 1.7666666666666664, 5.366666666666667, 6.5, 1.4333333333333336, 0.5666666666666653, 1.5666666666666662, 1.8000000000000003, 1.933333333333334, 3.0, 2.0333333333333328, 0.9999999999999996]}