{"day": 6, "month": 4, "station_id": 228, "predict": [17.98573732580018, 18.20001515360212, 18.44063573392422, 18.72933408771301, 23.470231296130855, 23.386062725282414, 25.056305101881577, 27.481565361681852, 24.342478417590165, 25.064267338973746, 29.60687149579703, 30.130489730480644, 20.318178147185193, 17.678156662549164, 9.453866006262658, 8.128064607776382, 12.779182739206467, 17.892532002083925, 24.076598533448553, 30.72513844049766, 32.35973585638962, 38.32543842031373, 38.937304963413155, 39.262077854978074], "test": [21.0, 21.833333333333332, 23.0, 23.133333333333333, 25.0, 24.333333333333332, 24.0, 23.533333333333335, 23.03333333333334, 23.0, 21.53333333333333, 20.53333333333334, 19.8, 18.433333333333334, 14.399999999999999, 12.8, 9.6, 23.966666666666665, 25.666666666666668, 32.13333333333333, 37.0, 35.13333333333333, 35.0, 37.766666666666666]}