{"day": 1, "month": 5, "station_id": 541, "predict": [26.041686397358976, 25.92111276276814, 25.548031244672288, 25.054028708016364, 14.155772338328507, 14.4058947604053, 14.074768510713676, 11.31455899372717, 0.0, 0.0, 0.0, 0.0, 7.358837639272156, 7.286965782267488, 10.309462982024622, 11.572527657219085, 3.0129549490350236, 7.90968133437737, 15.25962522398078, 21.330559918639953, 16.404189782599826, 10.826825258526704, 10.980420026059887, 12.088154262500742], "test": [11.000000000000002, 13.8, 14.0, 14.0, 14.0, 14.0, 11.900000000000002, 9.933333333333334, 3.9333333333333336, 0.9333333333333333, 15.3, 8.333333333333334, 6.766666666666667, 3.9333333333333336, 3.333333333333334, 3.966666666666667, 4.2, 6.833333333333333, 11.033333333333333, 14.966666666666667, 14.833333333333334, 16.5, 20.433333333333334, 23.233333333333334]}