{"day": 3, "month": 5, "station_id": 194, "predict": [52.94416500446954, 53.73392698425053, 54.69902285996771, 55.101829355952255, 55.904466673591166, 56.0, 54.51777559683134, 53.59325432407823, 47.321481418068494, 37.9941136239113, 27.007978553400697, 21.480648302514243, 0.0, 5.933836964807705, 2.7904156959764883, 3.953536359141731, 22.44589554893026, 22.511429865369248, 22.56363727821679, 31.737057977956326, 18.517896649643653, 25.65870255327209, 29.337768593155616, 33.08848980779024], "test": [54.766666666666666, 55.0, 55.0, 55.666666666666664, 56.0, 55.53333333333333, 55.4, 51.46666666666667, 43.43333333333333, 21.1, 1.4666666666666677, 1.6333333333333337, 3.6999999999999993, 19.566666666666666, 23.333333333333332, 16.966666666666665, 17.066666666666666, 14.2, 15.7, 15.833333333333332, 12.433333333333334, 22.166666666666668, 40.7, 45.733333333333334]}