{"day": 4, "month": 9, "station_id": 177, "predict": [15.990421069519334, 17.361158565407692, 18.145390940187955, 18.82979449980904, 21.911060975867912, 22.495778507540052, 21.83008838062812, 25.0, 22.62262575775395, 21.181142193677623, 20.355496662634042, 23.526503864122432, 20.721538035910857, 17.415213644533374, 14.832029608975375, 14.36639645123597, 18.3304518855614, 16.769282228954015, 14.882711013604705, 12.242280729496107, 1.9006129408988408, 0.9688803486298692, 0.6879705257614145, 0.053952017070313385], "test": [21.766666666666662, 21.999999999999996, 22.000000000000004, 22.000000000000004, 22.000000000000004, 22.0, 22.000000000000004, 22.133333333333333, 24.466666666666665, 22.933333333333334, 20.066666666666666, 20.6, 23.9, 24.36666666666667, 21.566666666666666, 19.033333333333335, 14.2, 3.5000000000000004, 0.36666666666666653, 1.4333333333333333, 3.833333333333334, 4.8, 3.7000000000000006, 3.3000000000000003]}