{"day": 5, "month": 9, "station_id": 270, "predict": [0.5223823760750188, 0.0, 0.0, 0.0, 0.05356915409489754, 0.0, 0.30235665193707467, 0.0, 5.26948589741914, 7.1385355156953345, 9.052668594680771, 9.281847589940213, 2.3798652461248664, 4.678211534169734, 7.2144635421357926, 8.413872204814757, 0.0, 0.0, 0.0, 0.0, 1.2727875951607115, 0.1469580193163015, 0.0, 0.5353199949359797], "test": [3.5666666666666664, 2.733333333333334, 1.3666666666666663, 0.9999999999999991, 1.8999999999999997, 4.5, 5.0, 4.3, 2.6333333333333337, 3.5666666666666664, 3.7, 4.233333333333333, 2.8, 1.1000000000000003, 3.033333333333333, 0.2666666666666668, 0.5999999999999999, 0.9333333333333337, 1.4333333333333333, 3.2333333333333334, 2.5333333333333337, 3.433333333333333, 4.866666666666666, 0.7666666666666664]}