{"day": 3, "month": 8, "station_id": 228, "predict": [38.92761765497648, 38.884829338652764, 39.243328031127724, 39.850286119349974, 39.64578584943752, 38.53976809384687, 35.20344793318934, 32.3776610024956, 24.049431873858957, 10.558432607663896, 11.957768756969651, 14.16795321151059, 21.79318112750945, 21.991242047657103, 22.705434032408178, 21.918070189864327, 25.596451904956314, 36.30182826618578, 40.0, 40.0, 40.0, 40.0, 40.0, 40.0], "test": [40.0, 40.0, 40.0, 40.0, 39.56666666666667, 39.0, 38.63333333333333, 36.03333333333333, 25.233333333333334, 2.0333333333333323, 1.333333333333333, 21.266666666666666, 18.966666666666665, 21.133333333333333, 22.033333333333335, 25.53333333333334, 22.0, 32.3, 38.833333333333336, 39.93333333333333, 40.0, 38.56666666666667, 40.0, 40.0]}