{"day": 1, "month": 10, "station_id": 101, "predict": [21.57723327115596, 21.588633517470047, 21.633498062448737, 21.601206486628552, 22.0, 20.703271520501545, 17.012007197663575, 5.384260175069198, 0.0, 3.553551527272281, 3.215602157741472, 4.223750797259378, 0.8710018067053882, 0.596202437754227, 0.27967858019104797, 1.998711194636629, 0.0, 0.0, 7.9461875151438095, 16.405817604304584, 20.867362102062533, 21.000862737069006, 21.26961535401074, 21.14769404475189], "test": [22.0, 22.0, 22.0, 22.0, 21.9, 20.466666666666665, 19.3, 7.466666666666667, 0.20000000000000007, 1.0, 0.2333333333333333, 0.26666666666666655, 0.3666666666666666, 2.0, 4.0, 0.6000000000000002, 0.26666666666666655, 9.666666666666666, 18.233333333333334, 20.633333333333333, 17.466666666666665, 9.533333333333333, 11.333333333333332, 15.366666666666667]}