{"day": 6, "month": 9, "station_id": 109, "predict": [12.149492854206349, 17.118598768632577, 19.45798216198656, 20.325451801315328, 14.740907738066515, 15.253299933068275, 15.311950116785487, 14.628201375390203, 16.16454814050046, 19.788678994509546, 18.89569405505286, 14.857606160256225, 31.549923964596797, 31.402776226090037, 30.47617015796272, 28.782053495077175, 17.71942410198635, 18.328507203273592, 21.117809065356134, 23.880650291595522, 29.692096555938605, 29.92786942778399, 31.238514856082915, 33.24961848402785], "test": [9.466666666666669, 11.666666666666666, 12.333333333333336, 13.466666666666669, 15.0, 15.0, 15.0, 15.0, 21.0, 34.03333333333333, 32.733333333333334, 30.7, 30.433333333333334, 33.06666666666667, 25.4, 21.333333333333332, 24.6, 27.433333333333334, 27.2, 27.833333333333332, 29.03333333333334, 30.866666666666667, 35.63333333333333, 36.833333333333336]}