{"day": 0, "month": 7, "station_id": 71, "predict": [29.566932713363098, 31.116401858978836, 31.04788667014339, 31.411676244243417, 26.781005403622974, 25.729159325467005, 22.815790260779746, 10.261421840525683, 11.186417210741725, 8.942914594167325, 11.607309638720393, 18.29860415024076, 15.709307088050293, 16.555862056050348, 20.400988258798527, 18.033875631464184, 18.82234830823822, 31.70306292899718, 34.0, 34.0, 29.141993156147542, 18.939680831078835, 19.734356463911485, 20.722909759486647], "test": [26.833333333333332, 27.0, 27.0, 27.0, 27.0, 26.133333333333333, 21.666666666666668, 22.566666666666666, 12.133333333333333, 7.2, 17.83333333333333, 14.940000000000001, 15.613333333333335, 27.566666666666666, 24.866666666666667, 26.9, 21.8, 29.266666666666666, 32.8, 31.4, 33.233333333333334, 33.86666666666667, 34.0, 34.0]}