{"day": 5, "month": 4, "station_id": 246, "predict": [26.67867489742177, 29.25527170167871, 29.150409623977346, 30.31141568798699, 26.378967002145178, 26.576243476058654, 26.475998752406547, 26.475036129728508, 27.191231102405343, 27.006292109275613, 28.345961449133704, 29.493567476335144, 29.098431813041316, 30.06443730370457, 30.78125768694261, 31.56204157052554, 28.105529559218187, 26.106153945270353, 23.396005125000446, 24.375835718790483, 33.700453304190226, 29.15263516936294, 32.49298250204144, 32.10987081475205], "test": [23.7, 26.0, 26.0, 26.0, 26.0, 26.0, 26.0, 26.633333333333333, 26.0, 26.533333333333335, 26.166666666666664, 27.0, 27.96666666666667, 28.76666666666667, 28.2, 28.03333333333334, 29.8, 30.9, 35.166666666666664, 36.733333333333334, 35.766666666666666, 36.166666666666664, 37.0, 37.13333333333333]}