{"day": 4, "month": 4, "station_id": 116, "predict": [21.0, 21.0, 21.0, 21.0, 21.0, 21.0, 20.625475734524173, 18.265365936291598, 13.319989377080628, 8.84037206973184, 6.119961965082949, 5.156037055690385, 13.14638511472447, 11.360737562631355, 8.110954725261768, 8.353107220400203, 11.212403113705788, 15.93350436276829, 17.96546398143229, 15.98161432036743, 21.0, 13.894523551573728, 15.474201588768349, 16.33216363670922], "test": [21.0, 21.0, 20.9, 21.0, 21.0, 21.0, 20.633333333333333, 20.0, 18.133333333333333, 15.766666666666666, 14.9, 15.766666666666666, 12.7, 12.966666666666667, 11.8, 8.833333333333334, 11.166666666666666, 17.5, 20.4, 20.4, 20.166666666666668, 19.2, 19.0, 19.0]}