{"day": 3, "month": 4, "station_id": 213, "predict": [35.245559231109326, 35.181023599714116, 35.00834698539027, 34.93416968442091, 35.96052185521568, 35.2988170497263, 36.0, 36.0, 29.09628624197684, 21.08365253130135, 22.21242992640509, 25.407746087327787, 35.70416286862745, 33.018675604334284, 32.41333025950323, 32.33879657501823, 34.321263565964706, 36.0, 36.0, 36.0, 30.34667437512956, 36.0, 36.0, 36.0], "test": [36.0, 36.0, 36.0, 36.0, 36.0, 35.86666666666667, 35.733333333333334, 34.3, 32.13333333333333, 26.933333333333334, 23.56666666666667, 23.933333333333334, 31.5, 34.93333333333333, 30.2, 32.93333333333333, 34.766666666666666, 30.966666666666665, 28.433333333333334, 30.7, 32.46666666666667, 34.333333333333336, 35.766666666666666, 34.0]}