{"day": 4, "month": 10, "station_id": 251, "predict": [34.0, 34.0, 34.0, 34.0, 33.761158241208165, 32.22225163896859, 30.270934358065396, 24.649247550825333, 21.930063277173964, 21.698369333592535, 20.306137959992874, 18.546875420317747, 22.775419506261375, 10.893780849182999, 8.87151956157296, 8.072586276316784, 6.3672867907453075, 12.619990772322149, 19.23982294029808, 20.24233814646862, 27.775775589739133, 34.0, 34.0, 34.0], "test": [33.733333333333334, 34.0, 34.0, 34.0, 34.0, 32.93333333333333, 30.166666666666668, 21.933333333333334, 6.633333333333333, 7.199999999999999, 16.666666666666668, 12.833333333333332, 12.899999999999999, 12.0, 9.6, 2.933333333333333, 8.033333333333333, 16.133333333333333, 26.066666666666663, 26.066666666666663, 31.7, 33.666666666666664, 30.7, 29.433333333333334]}