{"day": 6, "month": 2, "station_id": 14, "predict": [5.7911398868176285, 7.5794443053247, 9.436375083578117, 10.238032664110666, 12.232803460920474, 11.558108745752893, 10.526700037311365, 10.582202829698332, 16.283576991392984, 13.670677365878928, 15.192295196016236, 15.124874010390112, 20.692197247749363, 22.622437376758537, 23.079687576990096, 21.963947063171023, 15.01354698511437, 9.593292589869677, 7.462006602538597, 9.699646389091443, 9.384929907675092, 9.995856137549874, 13.050238606625246, 15.615192716053365], "test": [1.6999999999999993, 1.0333333333333323, 0.9999999999999991, 10.933333333333334, 12.666666666666668, 18.0, 17.566666666666666, 17.1, 16.6, 16.733333333333334, 15.566666666666666, 20.166666666666668, 19.366666666666667, 17.433333333333334, 16.866666666666667, 16.466666666666665, 14.366666666666667, 12.366666666666667, 10.066666666666666, 8.600000000000001, 8.066666666666666, 7.666666666666666, 10.433333333333334, 10.999999999999998]}