{"day": 6, "month": 11, "station_id": 278, "predict": [2.3022806200726462, 2.2969434252728544, 2.270363901218185, 2.4750943284994076, 3.7300746823474844, 3.9043402802648295, 3.6869997806099435, 5.043947216502414, 4.949311764659714, 5.721875641455253, 5.898989589464246, 4.017947259151927, 12.437537231593575, 11.58402089123011, 8.772791976560477, 8.892686120364175, 9.885000172033457, 13.191613511860297, 13.53062270698601, 13.055325828182882, 2.9054373955945074, 5.818395544500089, 5.7913843799515865, 5.709930658988023], "test": [2.0, 2.466666666666667, 3.0, 3.0, 3.0, 3.0, 3.0, 3.0, 2.8, 3.2, 8.5, 14.433333333333335, 16.4, 15.466666666666667, 10.666666666666666, 8.733333333333333, 6.0, 3.6666666666666665, 0.3666666666666663, 2.733333333333334, 5.5, 1.4666666666666672, 1.0000000000000002, 0.5000000000000001]}