{"day": 5, "month": 3, "station_id": 564, "predict": [30.984007156472078, 31.033709750280394, 31.74988929857663, 32.439957294337795, 33.16971068589004, 35.23077213527274, 35.79767261091783, 35.916431254483676, 30.8599377243542, 31.325427298968044, 29.90763340236535, 27.95518378097422, 30.082166212657036, 29.644542644320463, 29.89133650734721, 31.698879100339365, 27.244263876675383, 26.642863390635355, 29.11380881673305, 33.636883701551604, 25.375279582897612, 23.907780689635256, 25.967622681672342, 27.186918806286233], "test": [32.0, 32.0, 32.0, 32.0, 32.0, 32.0, 32.0, 31.0, 31.566666666666666, 32.0, 31.866666666666667, 30.933333333333334, 29.9, 29.533333333333335, 28.76666666666667, 26.899999999999995, 28.133333333333333, 26.166666666666664, 24.733333333333334, 25.2, 22.666666666666668, 24.0, 24.0, 24.0]}