{"day": 4, "month": 7, "station_id": 341, "predict": [22.454420964793776, 17.905381674951897, 19.355318785898483, 19.827613246028555, 17.210826109744914, 16.00398300518372, 15.910841291435949, 16.391594528476197, 10.138448201704882, 10.217396854473531, 5.685412893339176, 4.805878992740593, 4.4787361144134605, 5.378966034397998, 4.973394724588912, 7.573755966576957, 16.82032906933714, 9.224252015246956, 8.938273918720705, 14.346281305612512, 19.345356726209353, 18.762916340749122, 18.147343238518587, 16.525415739946837], "test": [21.6, 8.4, 14.933333333333335, 21.466666666666665, 12.2, 11.866666666666667, 5.266666666666666, 7.0666666666666655, 12.666666666666666, 9.533333333333333, 7.966666666666667, 2.166666666666666, 0.29999999999999954, 0.13333333333333341, 5.3, 14.4, 5.266666666666666, 2.8, 15.966666666666665, 19.133333333333333, 21.666666666666668, 17.066666666666666, 12.066666666666668, 2.5333333333333323]}