{"day": 0, "month": 1, "station_id": 193, "predict": [43.2149927710747, 44.00361240449798, 43.747529370759906, 44.147746774239174, 43.13811944922983, 43.543753637774586, 43.69244317398263, 48.52620400146066, 34.17837406616425, 18.78479871654642, 7.144982021253526, 3.5358336763869995, 12.793701715894182, 16.412099899949773, 12.402445499648353, 10.738781360145662, 15.438963400303532, 21.54429394239939, 38.465968464207606, 41.50268452088044, 50.54223544761959, 49.31676180302049, 48.66094691852497, 47.7536377678136], "test": [43.0, 43.0, 43.0, 43.0, 43.0, 43.0, 43.0, 40.1, 29.4, 0.9999999999999998, 0.7999999999999985, 13.133333333333333, 16.933333333333334, 16.466666666666665, 13.4, 14.166666666666666, 14.9, 17.3, 35.1, 49.36666666666667, 55.53333333333333, 57.0, 57.0, 57.0]}