{"day": 5, "month": 12, "station_id": 579, "predict": [30.90652837648091, 32.39522105027419, 33.05425157306638, 33.46448388866557, 33.29541898136965, 33.63769266700136, 33.82789810301631, 34.173253760612205, 32.16289056454847, 32.387627074343506, 31.641079829115746, 29.293581865012293, 24.102253065961747, 23.32161843917165, 23.096334099607937, 23.219031289522448, 23.317824073859562, 24.46941254986813, 25.34136660125484, 26.165482155457894, 31.89093817239597, 32.99703148112802, 32.84309153914701, 32.36533948589026], "test": [32.0, 32.0, 32.0, 32.6, 33.0, 33.0, 33.0, 33.0, 30.43333333333333, 29.966666666666665, 27.433333333333334, 25.266666666666666, 21.333333333333332, 20.0, 20.533333333333335, 21.6, 22.5, 22.0, 24.9, 29.7, 26.6, 24.833333333333332, 24.0, 23.16666666666667]}