{"day": 6, "month": 9, "station_id": 340, "predict": [11.016028863468474, 12.04861911726275, 14.279940776089253, 14.185906469636613, 16.0, 16.0, 16.0, 16.0, 15.947213058835263, 15.763566000111316, 14.259358686026497, 14.168258844412936, 10.655134727330058, 12.397996320992306, 11.963961045004273, 10.873077257766209, 14.708165052405306, 14.907444789952898, 15.971477961768448, 15.9229487519555, 7.134213123111237, 15.357374088077702, 16.0, 16.0], "test": [12.2, 12.5, 12.433333333333334, 16.0, 16.0, 16.0, 16.0, 16.0, 16.0, 14.633333333333333, 12.5, 11.066666666666666, 10.166666666666666, 9.966666666666667, 9.866666666666667, 14.666666666666666, 12.966666666666667, 13.233333333333333, 11.333333333333334, 7.2, 7.533333333333333, 11.133333333333333, 14.0, 15.8]}