{"day": 5, "month": 5, "station_id": 541, "predict": [24.789273062364376, 25.821974131974066, 27.502189872489616, 27.90552212332718, 28.0, 27.697635774011566, 27.963376108080176, 27.46832782301971, 26.549118347704166, 21.927545492268898, 20.765946097009337, 19.153499653740482, 11.714683293685354, 9.007081002998635, 8.047211339911668, 10.62297210781291, 8.019032934842741, 3.8077062137645674, 4.770689291161828, 4.993834054460222, 28.0, 23.470597939583282, 25.16764566291254, 25.76646981483333], "test": [28.0, 28.0, 28.0, 28.0, 28.0, 28.0, 28.0, 27.9, 26.866666666666667, 27.633333333333333, 20.6, 12.766666666666667, 7.166666666666668, 1.3333333333333333, 6.433333333333334, 3.9333333333333336, 12.166666666666666, 16.433333333333334, 22.266666666666666, 26.766666666666666, 20.466666666666665, 15.8, 17.4, 17.5]}