{"day": 6, "month": 10, "station_id": 66, "predict": [35.38435559417075, 35.2978508318188, 35.021438930911756, 33.552773601075046, 29.75328269357047, 29.52793688347141, 27.892991407674717, 27.41913503525374, 29.16606118502014, 29.721635064282662, 30.157737883829263, 30.65440503694576, 27.544272833386387, 28.36875377205922, 30.316658557079155, 30.390857737805383, 32.82534353498377, 33.23506942680562, 33.331782777978624, 34.73037550810836, 37.54479784679268, 34.14529826765901, 34.43527083904173, 34.21193867638779], "test": [25.0, 25.466666666666665, 29.0, 29.066666666666666, 29.633333333333333, 29.0, 29.0, 29.0, 28.533333333333335, 28.0, 27.366666666666667, 28.566666666666663, 28.933333333333337, 28.766666666666666, 30.666666666666668, 31.733333333333334, 32.46666666666667, 35.46666666666667, 36.8, 36.93333333333333, 36.0, 35.03333333333333, 35.0, 36.0]}