{"day": 3, "month": 3, "station_id": 130, "predict": [22.729305177866017, 22.790891022739412, 22.77281715839524, 22.923808712374566, 24.0, 24.0, 24.0, 23.747833304996874, 16.64615776127738, 11.17183012133316, 8.20059203227245, 8.35289045938722, 13.659265434376902, 12.935425058860513, 14.866783855358964, 15.175775455837819, 10.076606344995023, 13.617871641634597, 18.353811631914915, 20.92178782497382, 20.277612389935207, 20.494880780691048, 20.442318259506823, 21.91836755351825], "test": [24.0, 24.0, 24.0, 24.0, 24.0, 24.0, 23.633333333333333, 19.566666666666666, 14.0, 0.4333333333333331, 8.2, 15.0, 11.2, 9.933333333333334, 10.933333333333334, 9.066666666666666, 11.333333333333334, 13.033333333333331, 13.066666666666666, 19.133333333333333, 23.333333333333332, 23.866666666666667, 24.0, 24.0]}