{"day": 6, "month": 4, "station_id": 278, "predict": [3.3355101520318815, 2.7646114666298205, 2.9327859551273687, 5.252913230000429, 7.004804651560123, 8.821598719217262, 9.342381761142507, 8.304567374598518, 4.006556699485974, 3.2781179503454188, 2.7295585246399416, 2.485310015458838, 4.921239254777581, 6.479917178127898, 6.7784866078887225, 6.652204563359573, 0.9613618156514825, 4.540102285462144, 2.654686225163726, 4.159530457901703, 0.0, 2.051868827775485, 4.162883082136229, 5.5422647563502085], "test": [9.8, 6.966666666666667, 6.0, 6.0, 6.533333333333333, 7.0, 6.733333333333333, 6.2666666666666675, 6.200000000000001, 4.566666666666666, 5.0, 6.066666666666666, 4.133333333333334, 4.633333333333334, 1.7666666666666662, 1.0333333333333334, 0.5333333333333333, 1.0333333333333334, 4.2, 0.7666666666666668, 6.433333333333334, 12.466666666666669, 11.933333333333334, 9.766666666666667]}