{"day": 3, "month": 2, "station_id": 246, "predict": [34.70051876482587, 34.70948951679738, 34.95331008117271, 34.334844479477134, 41.0, 41.0, 41.0, 41.0, 35.70999812979077, 15.817974111516804, 6.8139253020961, 9.10900503359705, 19.851047729194985, 20.620403292620015, 22.37551339219527, 24.211902224923694, 13.775064230437197, 20.304209029577414, 30.13646429226113, 26.97767427839169, 39.4524114204649, 41.0, 41.0, 40.70558846137309], "test": [41.0, 41.0, 41.0, 41.0, 41.0, 41.0, 41.0, 40.766666666666666, 36.2, 19.266666666666666, 11.666666666666666, 12.466666666666667, 12.533333333333331, 13.466666666666665, 13.066666666666665, 13.266666666666667, 13.8, 21.5, 31.899999999999995, 38.3, 36.0, 33.63333333333333, 32.06666666666667, 31.633333333333333]}