{"day": 2, "month": 9, "station_id": 427, "predict": [42.50363767771255, 42.405271497096315, 42.363538341323064, 42.295650760939736, 41.9564360618195, 41.15640553820555, 36.94826605509491, 31.771590983696957, 14.577050311281148, 8.20994249686772, 6.375706359608743, 9.162531216524464, 21.619008903012578, 21.830040162121087, 21.926968772591167, 25.105174097941457, 7.724209381001822, 30.341102651150877, 41.78777409738575, 33.54226527846116, 29.250128809490292, 39.1134125293167, 39.56019629766062, 39.46381255288654], "test": [41.13333333333333, 42.0, 42.0, 42.0, 41.93333333333333, 41.0, 40.733333333333334, 31.8, 20.3, 1.3333333333333333, 6.533333333333333, 15.833333333333332, 10.966666666666665, 5.699999999999999, 3.6333333333333337, 8.266666666666667, 10.333333333333334, 20.933333333333334, 39.93333333333333, 29.766666666666666, 38.766666666666666, 42.666666666666664, 42.733333333333334, 42.766666666666666]}