{"day": 0, "month": 9, "station_id": 251, "predict": [27.521594316722343, 28.968751257773913, 30.46526214634941, 30.320584424630923, 32.04586729054973, 31.16718706322957, 32.02842226804307, 22.23343323933165, 23.14358704442517, 23.618970674598184, 22.63632310325701, 21.405023448027492, 26.960790015180734, 20.906477328553983, 20.256580489810027, 19.65566135506307, 5.996364674919533, 17.710130038342168, 28.96161782285804, 31.97790250518736, 31.886306331901768, 31.326716612179506, 32.430037628560534, 33.007716187417046], "test": [32.4, 33.4, 33.7, 33.0, 33.0, 33.233333333333334, 31.733333333333334, 19.4, 22.633333333333333, 24.166666666666668, 26.233333333333334, 28.7, 27.933333333333334, 11.1, 8.833333333333334, 7.633333333333334, 14.633333333333333, 30.633333333333333, 32.43333333333333, 31.766666666666666, 33.0, 32.833333333333336, 33.56666666666667, 33.63333333333333]}