{"day": 6, "month": 1, "station_id": 101, "predict": [16.004736311870957, 15.427177002928307, 15.306576841048336, 14.90963833624032, 18.06704375020064, 17.83265540684421, 17.630520907870487, 17.441912517772625, 17.373052603916875, 17.990633361885642, 18.9014531516995, 17.303200670011762, 10.343758696636803, 10.077578908933791, 10.262078435114882, 10.134282078223741, 13.509300512673924, 14.687368343676802, 15.893236762175343, 15.623144272296273, 19.720453979438584, 20.445436968004476, 20.94493101567752, 21.210061307463082], "test": [17.0, 17.0, 17.766666666666666, 18.166666666666668, 19.0, 19.0, 19.0, 18.166666666666668, 18.0, 18.0, 14.0, 11.366666666666667, 11.0, 11.233333333333334, 12.0, 12.966666666666665, 14.133333333333335, 14.1, 19.2, 20.0, 19.4, 19.0, 19.0, 19.0]}