{"day": 2, "month": 12, "station_id": 228, "predict": [38.2393216374406, 37.060454115027454, 35.81241405936139, 34.814659060827644, 38.94393984258571, 38.77504450837394, 36.6941980300756, 32.48253534168568, 28.271144312773096, 19.84571513503626, 24.179891874676898, 24.017797502236043, 30.022904009128048, 23.41028496685681, 18.59901094612257, 16.685593505906304, 26.0984548927126, 31.63993717770918, 38.19689905261916, 40.0, 29.58760190678316, 29.881257884432696, 30.366347482297193, 32.08540793000531], "test": [40.0, 40.0, 40.0, 40.0, 40.0, 40.0, 40.0, 40.0, 40.0, 38.86666666666667, 37.0, 37.0, 36.5, 34.6, 31.96666666666666, 26.733333333333334, 22.166666666666668, 21.933333333333334, 24.066666666666666, 25.733333333333334, 29.93333333333333, 33.9, 36.6, 35.6]}