{"day": 0, "month": 1, "station_id": 278, "predict": [0.8125555694429107, 0.0, 0.0, 0.0, 0.0, 0.39468629206530265, 1.3239425445074247, 0.0, 0.0, 0.0, 0.23527163894879494, 0.14138016319949387, 2.6449174252028493, 0.8211940205802584, 1.584018916492883, 0.054551198767200104, 5.198330922213125, 6.06840580878274, 7.258600532927494, 6.945440216076762, 8.827564828060078, 11.865357571699626, 13.225557161478752, 13.698876247918143], "test": [0.0, 0.0, 0.0, 0.0, 0.0, 0.0, 0.0, 0.3666666666666663, 4.733333333333333, 6.866666666666666, 0.9333333333333338, 1.8000000000000003, 12.333333333333336, 9.4, 8.166666666666666, 6.1, 4.733333333333333, 5.766666666666667, 10.3, 8.133333333333333, 1.5000000000000004, 11.266666666666667, 14.433333333333334, 15.0]}