{"day": 6, "month": 9, "station_id": 177, "predict": [2.036095195007463, 2.4278498831761883, 3.3668847753553175, 2.905696906135227, 0.2209215885119284, 0.18791901840741754, 0.6158789557550239, 0.5181034940612408, 2.49027898805808, 5.2825699315700785, 5.034003064103968, 3.4494990865941184, 16.66976920059794, 18.07735451636971, 20.904450796555867, 19.960935901368654, 23.86690455916997, 24.041656375661436, 23.83065960445415, 23.44686313569592, 25.0, 25.0, 25.0, 25.0], "test": [0.9999999999999996, 0.9999999999999996, 0.9999999999999996, 0.9999999999999996, 0.9999999999999996, 0.9999999999999996, 1.1000000000000003, 2.0000000000000004, 0.7333333333333331, 5.233333333333333, 18.8, 16.8, 16.566666666666666, 19.233333333333334, 23.266666666666666, 25.0, 25.0, 20.766666666666666, 23.866666666666664, 22.766666666666666, 22.0, 21.533333333333335, 21.0, 21.0]}