{"day": 0, "month": 8, "station_id": 73, "predict": [26.211279486065667, 28.592711825328987, 28.412499883613165, 28.395561004783463, 24.31006333606806, 24.832097400385766, 20.730498454544186, 19.39943040592741, 16.86820360793143, 0.4306267853895185, 0.0, 0.0, 18.871334654909095, 21.97730666927738, 22.55265108390622, 23.129970262144173, 21.013936868073152, 27.571792255628868, 37.0, 37.0, 31.245934455620862, 31.266228079277944, 31.92026508152259, 32.02926480272815], "test": [22.4, 24.83333333333333, 24.5, 24.2, 24.600000000000005, 24.766666666666666, 24.0, 24.0, 23.9, 22.366666666666667, 22.866666666666667, 21.733333333333334, 23.233333333333334, 21.6, 18.633333333333333, 20.53333333333333, 18.4, 24.033333333333335, 28.8, 29.6, 27.766666666666666, 29.666666666666668, 32.06666666666667, 32.56666666666667]}