{"day": 5, "month": 1, "station_id": 195, "predict": [18.182342031301037, 18.68495150121462, 18.666406339903308, 18.91559563098466, 25.530192019537072, 25.24248093676493, 24.127027858237376, 24.629346026771803, 27.98247224627034, 30.0, 30.0, 30.0, 26.293991626899093, 23.69376941893004, 23.416904099972, 24.021806179934018, 20.83446728873573, 20.336313757872304, 19.688115658272046, 19.222082567794242, 12.280279535625805, 12.434588266646562, 12.431104707117882, 12.28884891971378], "test": [26.8, 27.0, 26.233333333333334, 26.0, 26.0, 26.0, 26.866666666666667, 27.0, 28.433333333333334, 29.9, 27.2, 26.0, 24.4, 23.933333333333334, 20.766666666666666, 20.0, 19.466666666666665, 20.0, 18.566666666666666, 14.533333333333333, 11.5, 11.166666666666666, 11.0, 11.3]}