{"day": 6, "month": 12, "station_id": 217, "predict": [1.8359805918418903, 2.0437788166376283, 2.6313448597724065, 3.9614245728394355, 0.5072071346874463, 0.6801257648162995, 1.9900632605712723, 2.70174834495522, 2.449980056278097, 0.2938858839202405, 1.3771675089150595, 3.3084252952537003, 1.3485061717587676, 1.442022568218226, 1.6861676010693891, 1.8144198822194753, 8.691056372618924, 10.520649313756088, 11.373363818024549, 11.672838177979646, 14.468714937092802, 12.515484159013445, 11.975658786839814, 11.38523756112456], "test": [2.0, 2.0, 2.0, 0.5666666666666664, 1.0, 1.3666666666666671, 3.0666666666666664, 2.7, 0.40000000000000036, 1.0, 1.0, 1.4333333333333336, 4.833333333333333, 8.533333333333333, 9.6, 7.866666666666666, 8.233333333333333, 7.266666666666667, 7.2, 13.4, 15.0, 15.0, 15.0, 15.0]}