{"day": 0, "month": 11, "station_id": 193, "predict": [54.307918331995374, 54.50016140443171, 54.769692213804284, 54.8083433405701, 55.50131681527826, 55.55372064664602, 55.68902555038329, 51.16789376827709, 49.56811380109576, 19.324866527358736, 15.989607804495032, 15.253514752416164, 13.50984799934878, 15.733569450656528, 16.60929960905718, 17.92639438618266, 23.174817244276483, 29.192034314485692, 35.09605221170255, 40.641785444312454, 59.32392405161346, 58.6768787264645, 57.82500028605122, 56.162088402438506], "test": [56.0, 56.0, 56.0, 56.0, 56.0, 56.0, 56.0, 53.56666666666667, 43.53333333333333, 22.7, 12.7, 12.933333333333334, 24.666666666666668, 21.366666666666667, 18.1, 16.633333333333333, 24.666666666666668, 35.43333333333333, 50.266666666666666, 57.53333333333333, 54.166666666666664, 53.0, 53.0, 53.0]}