{"day": 2, "month": 2, "station_id": 177, "predict": [8.844623173596359, 8.98131216499, 9.009967156233067, 9.208837220579918, 10.927462141572088, 10.658796424821626, 11.21322372298228, 10.21237257522261, 13.653428756326317, 16.587179824874852, 12.723047721764551, 14.002609644528743, 20.8172107225558, 19.505541289595797, 17.94099121512423, 17.970200143471576, 22.74806178647622, 20.444489416730693, 19.70787679884066, 23.86649286105233, 22.413821255678723, 22.47348926867566, 23.91712808302987, 25.0], "test": [11.0, 11.0, 11.0, 11.0, 11.0, 11.0, 11.533333333333333, 12.266666666666667, 16.466666666666665, 18.366666666666667, 20.733333333333334, 23.133333333333333, 22.066666666666666, 21.866666666666667, 22.433333333333334, 22.966666666666665, 21.666666666666668, 19.1, 19.73333333333333, 19.2, 18.0, 18.0, 18.6, 20.0]}