{"day": 1, "month": 3, "station_id": 229, "predict": [20.367514266706912, 20.20282686878016, 19.765973528895252, 19.72488279948518, 19.954272570982397, 19.755442355484316, 18.77965904563098, 13.60475930464647, 14.672130034062237, 1.1811897306524415, 1.497062449417287, 5.345195923751814, 1.4771895798575536, 5.713519475082558, 6.688231273791832, 8.102286272315485, 12.765818143558215, 13.461034080649853, 14.044567943427744, 16.990790421734562, 19.418501051188883, 18.765168446795155, 19.492495755192994, 20.164414340307008], "test": [22.0, 20.466666666666665, 20.0, 20.0, 20.0, 20.0, 19.633333333333333, 19.233333333333334, 19.7, 7.666666666666668, 1.3666666666666665, 1.6333333333333329, 2.766666666666666, 3.599999999999999, 6.5, 10.0, 9.4, 14.166666666666668, 21.333333333333332, 19.9, 20.666666666666668, 21.8, 21.033333333333335, 20.0]}