{"day": 0, "month": 6, "station_id": 541, "predict": [24.552051352203073, 24.912455862887537, 25.419858245782468, 25.596036491970516, 25.211717067291815, 25.354879173015213, 24.638740335046666, 22.776564289446906, 13.673590086515052, 3.5925161351521577, 13.967038117485604, 5.829982573078183, 9.173987507169556, 17.140993413192763, 18.967867105313044, 17.745134327496764, 7.4557704752238285, 10.867178924221871, 14.937732146377165, 19.569844478424333, 26.51968841483201, 26.557327626109913, 27.94436040631645, 28.0], "test": [24.333333333333332, 25.0, 25.0, 25.0, 25.0, 25.0, 24.666666666666668, 20.233333333333334, 12.1, 0.06666666666666643, 3.7666666666666657, 9.533333333333333, 8.133333333333333, 8.6, 5.733333333333333, 7.033333333333333, 5.033333333333334, 15.366666666666667, 23.4, 26.933333333333334, 25.633333333333333, 26.9, 26.2, 26.933333333333334]}