{"day": 0, "month": 7, "station_id": 579, "predict": [20.88645816497557, 18.91441165226642, 25.15980722224939, 26.21698843023605, 31.860334107623594, 35.253935646652785, 29.84977923888445, 5.108023954622544, 0.7780747545123696, 0.0, 0.10981960526841161, 0.0, 1.1013826351263227, 2.2373085381439077, 2.047638622479518, 3.1789541898955234, 13.554586492221965, 23.842461582406056, 36.0, 36.0, 33.505460163969154, 32.6862414167239, 33.8741180574667, 34.55027579675842], "test": [23.0, 23.0, 23.7, 31.333333333333332, 30.0, 28.666666666666664, 24.233333333333334, 8.966666666666667, 1.4666666666666666, 7.633333333333334, 0.3666666666666667, 0.7666666666666668, 1.3333333333333333, 5.173333333333334, 13.066666666666666, 13.0, 15.433333333333334, 23.0, 33.4, 34.5, 35.46666666666667, 33.666666666666664, 30.533333333333335, 34.56666666666667]}