{"day": 2, "month": 11, "station_id": 251, "predict": [30.72380940604686, 30.815254235085273, 31.69954823093807, 31.642701019130186, 32.058200956263505, 31.727804408022642, 30.979592325588225, 26.077897922898615, 13.072473233939817, 7.486651964104497, 0.5153934843176244, 0.2880526466271097, 12.955732278255013, 10.023724138468847, 7.87734076719926, 11.112104024496972, 9.790325526593346, 22.59209239440803, 32.89992132072609, 34.0, 29.33569089413913, 28.72382990302856, 29.02903378291315, 29.207177517532156], "test": [31.0, 31.0, 31.466666666666665, 32.0, 29.633333333333333, 29.0, 27.833333333333332, 20.466666666666665, 16.333333333333332, 11.3, 6.6, 11.833333333333334, 13.033333333333331, 12.1, 10.0, 8.233333333333333, 7.5, 17.266666666666666, 27.333333333333332, 28.6, 28.466666666666665, 29.066666666666666, 31.633333333333333, 31.733333333333334]}