{"day": 3, "month": 1, "station_id": 64, "predict": [18.118890287103653, 18.335266104102875, 18.361124138836015, 18.724060830861667, 11.777219550014248, 14.139752490262397, 20.231163318983487, 20.736435490111017, 17.35794582661966, 11.187243302892059, 11.007718539184012, 11.615178469321375, 14.48279955295251, 12.879730214533414, 13.975277794745121, 14.27593081969179, 6.967243249667919, 7.034478660519206, 0.5404656186262485, 0.0, 23.75962443144646, 25.0, 25.0, 25.0], "test": [8.9, 9.433333333333334, 10.0, 10.0, 16.333333333333332, 24.133333333333333, 20.4, 18.7, 18.066666666666666, 11.0, 12.366666666666667, 14.6, 12.8, 9.066666666666666, 10.366666666666667, 5.433333333333333, 0.9000000000000008, 8.4, 19.266666666666666, 20.766666666666666, 19.9, 19.166666666666668, 20.733333333333334, 23.066666666666666]}