{"day": 0, "month": 5, "station_id": 12, "predict": [35.35146964610864, 35.12452618319728, 35.149736535959505, 34.96067568387526, 32.2459042061943, 32.049299064400195, 34.94205166012132, 34.151569078164805, 32.92386766909475, 21.441570964309243, 5.582415573877151, 0.08650148847985359, 30.52747496580138, 30.65530437567911, 29.868594637463985, 33.0200543056615, 30.362496142493626, 38.88611983550751, 49.0, 49.0, 45.315489616263996, 37.13042854549929, 37.320127905090224, 36.86415328905857], "test": [31.999999999999996, 31.999999999999996, 31.999999999999996, 31.999999999999996, 31.999999999999996, 31.999999999999996, 31.999999999999996, 31.999999999999996, 31.400000000000002, 30.83333333333333, 24.833333333333332, 25.233333333333334, 38.96666666666667, 36.06666666666667, 32.06666666666667, 24.416666666666668, 29.9, 48.5, 48.06666666666667, 44.4, 45.666666666666664, 47.766666666666666, 48.666666666666664, 44.666666666666664]}