{"day": 2, "month": 5, "station_id": 278, "predict": [17.0, 17.0, 17.0, 17.0, 16.848102662753337, 14.885525832447488, 13.98212173233172, 13.552394694493234, 10.448037216441493, 6.4376705622681865, 10.825758754173268, 7.528292223451855, 11.514505629064576, 13.360408237565975, 16.007665748945094, 12.806798477236006, 0.5779506435529366, 0.0, 1.7678725807846596, 6.942465947907303, 12.910483330226052, 13.07572457659134, 12.867966946055128, 13.10793823555876], "test": [17.0, 17.0, 17.0, 17.0, 17.0, 16.4, 15.4, 11.733333333333333, 10.633333333333333, 14.3, 13.0, 11.0, 9.4, 7.766666666666667, 7.666666666666667, 2.3000000000000003, 5.866666666666666, 4.533333333333333, 7.6, 12.600000000000001, 14.566666666666666, 15.8, 14.833333333333334, 15.533333333333333]}