{"day": 2, "month": 10, "station_id": 374, "predict": [6.896421897725308, 7.202589705127438, 7.800642185904604, 8.216883656378204, 0.5401559073339715, 0.3448405788228116, 2.1046074008226543, 20.84995578479284, 21.276086014748493, 21.285525559018446, 19.839751824413398, 19.522009216130602, 36.0, 34.954582767091765, 30.89956417741769, 24.482154479320403, 15.407906369650249, 24.384130796119063, 22.026300395897536, 16.739519385070057, 21.025947499977494, 15.751190329298455, 10.2857384883057, 7.877785258641433], "test": [18.0, 18.0, 14.3, 1.0000000000000004, 2.6, 3.0, 4.933333333333334, 19.633333333333333, 28.7, 23.4, 31.6, 34.93333333333333, 20.166666666666668, 19.4, 13.333333333333334, 9.833333333333332, 21.066666666666666, 5.633333333333334, 3.833333333333332, 25.066666666666666, 21.766666666666666, 16.6, 15.7, 15.666666666666666]}