{"day": 3, "month": 5, "station_id": 193, "predict": [58.54585879881709, 58.79201452478641, 58.81792354862861, 58.69981752573216, 59.55436846378851, 59.42413679888251, 59.41903406426005, 59.67681345378968, 49.41621255259402, 23.931910140567663, 11.914676820214316, 14.065157611271545, 0.0, 3.554124673062622, 0.14328526087559856, 0.0, 6.289410276816529, 16.430885113459688, 35.334548148705345, 41.31217454375782, 41.200161885899604, 42.212395051933065, 44.33370820949957, 44.96930022111876], "test": [59.0, 59.0, 59.0, 59.5, 60.0, 60.0, 59.46666666666667, 57.333333333333336, 46.3, 15.833333333333334, 0.4999999999999999, 1.7666666666666664, 2.8, 11.860000000000001, 1.9999999999999996, 1.3, 13.726666666666665, 19.953333333333337, 37.77333333333333, 40.36666666666667, 45.53333333333333, 48.46666666666667, 49.766666666666666, 50.266666666666666]}