{"day": 4, "month": 2, "station_id": 107, "predict": [11.01883370645181, 11.080899717122987, 11.064746417807697, 11.044819527453022, 9.752169772121846, 9.688476751291294, 12.949239063492705, 14.97940342700215, 14.285533032306382, 13.281047394777591, 14.852070092006329, 16.63773738791349, 0.7398433248397285, 1.281319401716281, 1.207976565294644, 1.255877600574269, 10.949471930874264, 9.647849989650242, 7.98589197806437, 5.943192674437472, 7.687264052236895, 5.556628898193949, 5.827869743246392, 5.523471239712743], "test": [10.533333333333331, 10.0, 10.0, 10.0, 10.0, 10.0, 11.233333333333333, 14.566666666666666, 15.1, 16.2, 1.4333333333333331, 1.6999999999999993, 0.0, 1.0666666666666669, 8.9, 10.766666666666666, 11.333333333333332, 9.366666666666667, 2.6, 5.133333333333335, 9.133333333333333, 8.666666666666666, 7.199999999999999, 7.9]}