{"day": 2, "month": 10, "station_id": 14, "predict": [4.2655740251674565, 4.867024531071418, 4.926880147756351, 5.1274386901505, 0.16289726254905945, 1.292109017139135, 16.026696543708493, 28.322555511151656, 10.689065161169047, 16.536881178078744, 27.593884783696026, 27.30443918318637, 34.12338748599579, 31.078446111097207, 33.46841940696471, 27.40718553152069, 19.108795211318448, 23.844355476694762, 25.07637348211089, 11.329489987295968, 14.770451501370596, 14.629953355929842, 14.092300964487983, 13.050914222700474], "test": [1.0000000000000004, 1.0000000000000004, 0.7333333333333334, 0.0, 0.0, 0.0, 1.0333333333333337, 15.26666666666667, 21.3, 33.56666666666667, 43.4, 34.666666666666664, 28.333333333333336, 25.666666666666664, 21.866666666666667, 13.76666666666667, 21.6, 27.733333333333334, 29.233333333333334, 20.566666666666666, 14.399999999999999, 8.766666666666667, 8.2, 9.3]}