{"day": 1, "month": 10, "station_id": 228, "predict": [39.81151217082469, 39.49638567716091, 39.51938588265585, 39.4986743739262, 39.7570902692707, 38.27825538989711, 37.36523012366579, 30.203359102518835, 17.523655449904428, 5.928004576997199, 7.237636578128914, 6.547485377927654, 11.479827298326269, 9.642378591828631, 10.15422529355094, 10.492924062917465, 9.597985787907907, 16.774560693358737, 29.283487571719093, 36.96426311859621, 40.0, 40.0, 40.0, 40.0], "test": [40.0, 40.0, 40.0, 40.0, 39.46666666666667, 38.13333333333333, 36.233333333333334, 29.5, 5.4, 7.0, 3.933333333333333, 11.466666666666667, 11.033333333333333, 9.166666666666666, 5.133333333333335, 6.433333333333334, 8.666666666666666, 21.833333333333332, 34.0, 38.733333333333334, 38.766666666666666, 39.63333333333333, 36.666666666666664, 37.766666666666666]}