{"day": 3, "month": 9, "station_id": 251, "predict": [31.321976987067686, 31.648969017309394, 32.147031192516124, 31.323234832143516, 29.36793823256675, 27.779369805609143, 25.91380225295035, 18.490616561679055, 18.72582962176056, 20.131247003750072, 19.196664659097813, 12.759431985425374, 23.43941398316224, 19.676150259221338, 11.977828823874173, 10.105197390284964, 5.331784799288564, 19.36269290334511, 30.516145231062488, 25.166459545116375, 23.605780850652994, 24.574224437219847, 25.729121449816837, 27.872004200960976], "test": [30.0, 30.0, 30.0, 29.2, 28.366666666666667, 29.0, 24.733333333333334, 18.8, 22.466666666666665, 19.7, 20.3, 19.866666666666667, 21.5, 15.666666666666666, 3.966666666666667, 1.6, 6.4, 14.0, 24.333333333333332, 21.733333333333334, 22.766666666666666, 24.433333333333334, 24.333333333333332, 24.066666666666666]}