{"day": 5, "month": 5, "station_id": 361, "predict": [34.13880525930487, 34.75352394900454, 33.66913503256527, 33.87372205119781, 31.112341912038215, 29.0080160077417, 32.088230688768284, 32.24812659497661, 27.85721201049879, 32.32783545099878, 37.695926148083736, 43.20090214995562, 33.69567675613958, 35.29394888699948, 37.97327226202477, 38.72890520970415, 51.13167219043644, 47.887418738448325, 43.22083057351812, 43.98438768907141, 44.09302399979269, 42.90412940428433, 43.292841950053415, 42.587283284961785], "test": [27.733333333333334, 27.066666666666666, 29.63333333333333, 29.000000000000004, 29.000000000000004, 29.000000000000004, 29.000000000000004, 29.000000000000004, 29.000000000000004, 29.63333333333333, 30.166666666666668, 31.866666666666667, 35.53333333333333, 41.233333333333334, 45.5, 51.73333333333334, 53.966666666666676, 55.00000000000001, 55.00000000000001, 45.2, 52.93333333333334, 55.00000000000001, 55.00000000000001, 53.233333333333334]}