{"day": 1, "month": 3, "station_id": 338, "predict": [22.337956049638155, 22.62261425677252, 22.581163169122263, 22.486745232339416, 22.01239694009808, 22.09262464775893, 21.867565028399053, 19.277694393119333, 17.880415223156074, 11.412247190317844, 6.457991205518253, 3.825664417989578, 12.535911812423672, 13.897740477882802, 15.464668289838505, 17.200999901732885, 5.2813938956987245, 3.8753704808585034, 6.015300761227503, 9.142706813530554, 16.337875563201838, 19.176498076982465, 22.100820791716796, 23.0], "test": [22.0, 22.0, 22.0, 22.0, 22.0, 22.033333333333335, 22.0, 20.1, 17.233333333333334, 15.466666666666665, 14.633333333333335, 11.533333333333333, 11.333333333333334, 9.333333333333334, 5.433333333333334, 5.1, 9.166666666666666, 9.5, 10.5, 13.433333333333334, 20.366666666666667, 22.0, 22.0, 22.0]}