{"day": 3, "month": 4, "station_id": 246, "predict": [38.09732183579945, 37.77314570319723, 37.64091673424835, 37.613666239115695, 36.35079872688873, 37.491475263309766, 37.61295804186591, 37.2076257699213, 30.291537926849568, 9.02746652127786, 10.551684250013377, 15.230292719528501, 6.2352882649872825, 7.822749246464807, 7.957075258645387, 8.461667107712097, 8.378318181860717, 17.288487882158037, 33.58207112421147, 35.13821711894056, 32.38658710770268, 33.55090901758907, 32.81239508864141, 32.47379149047698], "test": [37.36666666666667, 37.0, 36.93333333333333, 36.0, 36.13333333333333, 38.0, 39.9, 39.86666666666667, 34.06666666666667, 12.466666666666667, 6.433333333333334, 6.233333333333333, 3.8, 8.1, 9.066666666666666, 7.200000000000001, 8.866666666666667, 11.633333333333335, 22.3, 32.166666666666664, 33.8, 32.833333333333336, 33.266666666666666, 35.8]}