{"day": 1, "month": 7, "station_id": 374, "predict": [10.401610943752774, 8.65747973016825, 6.260494684466711, 6.427006775659592, 7.814983419948907, 6.166957790363158, 7.794205853473952, 15.123742849162607, 28.669114423470813, 29.965466864702186, 16.82007887128564, 16.459768757044156, 15.926622256762833, 17.148466672201923, 16.63214668165599, 13.099398668154832, 21.28882422599481, 6.651596013478666, 5.418266871275515, 18.95919017578441, 13.341891718699738, 23.63922834504257, 21.034543695546308, 18.539680957864615], "test": [9.0, 9.0, 10.533333333333333, 11.0, 11.333333333333334, 11.433333333333334, 11.933333333333334, 22.7, 21.1, 22.966666666666665, 13.0, 12.466666666666669, 10.8, 9.8, 12.9, 11.866666666666667, 7.833333333333332, 11.8, 2.633333333333333, 12.8, 9.933333333333334, 1.5999999999999983, 0.566666666666666, 4.4333333333333345]}