{"day": 1, "month": 8, "station_id": 95, "predict": [13.157117490888554, 13.267292598945083, 13.350463239736142, 12.798346405670191, 13.235353953923797, 13.776916842133362, 11.163305074782187, 8.92978546130394, 7.033090050489779, 4.742597018679969, 3.304455657063787, 0.9854792694836354, 6.099362184834544, 7.429469817812619, 10.163644130708752, 9.543898613626071, 3.3365012822677436, 6.259695850509201, 8.479823553702554, 11.37737583011619, 13.688549598176003, 13.864687759259391, 13.72824334279766, 12.973639155338338], "test": [13.833333333333334, 14.0, 14.0, 14.0, 14.0, 14.0, 13.5, 11.2, 10.966666666666667, 9.4, 8.233333333333333, 6.366666666666666, 7.099999999999999, 7.2, 5.866666666666666, 5.466666666666667, 3.7333333333333334, 7.666666666666668, 13.333333333333334, 14.166666666666666, 14.566666666666666, 15.0, 14.666666666666666, 14.266666666666667]}