{"day": 0, "month": 9, "station_id": 195, "predict": [16.18526266653929, 16.244425802719242, 16.095671810301138, 15.9819755882031, 21.938406790189887, 22.009880450519557, 21.929870134721913, 19.987594260688702, 15.67650461529367, 9.944240965547102, 8.776781428570711, 8.91408312911467, 2.4878683318059878, 2.140812002640122, 0.06117825514656505, 0.0, 6.6157538686170385, 10.188213092642425, 24.4772892850427, 29.641260196481436, 27.147757518333155, 25.694226811048843, 26.174688820780688, 26.425887323053423], "test": [21.666666666666668, 23.0, 22.033333333333335, 22.0, 22.0, 22.0, 21.266666666666666, 18.8, 9.133333333333333, 2.3, 1.9333333333333333, 3.3333333333333335, 3.6333333333333333, 10.3, 4.5, 2.3, 3.4, 11.233333333333333, 24.833333333333332, 28.366666666666667, 27.8, 26.833333333333332, 28.166666666666668, 28.0]}