{"day": 4, "month": 5, "station_id": 154, "predict": [0.2783677051257956, 0.30963643103744226, 0.34012886065055714, 0.3693592063981794, 0.397307151584918, 0.42401835508968627, 0.4495459912282046, 0.4739422758981708, 0.49725731574033905, 0.5195390266989091, 0.5408332054728169, 0.5611836196827398, 0.5806320972495165, 0.5992186122814815, 0.6169813672241697, 0.6339568713792233, 0.6501800159447987, 0.6656841457303747, 0.6805011276931723, 0.6946614164370212, 0.7081941168082996, 0.7211270437176006, 0.7334867793100857, 0.7452987276020285, 1.0, 1.0, 1.0, 1.0, 1.0, 1.0, 1.0, 1.0, 1.0, 1.0, 1.0, 1.0, 1.0666666666666667, 2.4, 6.866666666666665, 17.466666666666665, 27.066666666666666, 30.2, 31.53333333333333, 32.199999999999996, 30.400000000000002, 27.733333333333334, 21.333333333333336, 21.0, 15.822328005139136, 18.733686216092295, 18.24582577474046, 16.07956667299812, 19.033583881542707, 15.308185342817227, 10.770564983086292, 13.021261082444692, 15.260793057690552, 19.022991283962924, 22.441664113546945, 23.983932094564196, 24.51689556483522, 25.3076355498163, 26.756547955662974, 24.597344390937458, 21.963719618428676, 22.989352305345978, 24.141239073438648, 24.619695183861484, 25.025021858207804, 25.55750690373491, 26.150758644079566, 26.471706490036894, 30.223935792512307, 29.467194929093207, 28.677769451226354, 27.695227813795885, 26.715534485367375, 25.471351782152986, 24.829169349276476, 24.855552378410298, 22.950413806047326, 22.580338585432422, 21.678582220020818, 21.57840374353639, 19.879732201860627, 19.249166498801863, 18.419975252040278, 17.992096656022863, 16.765471684425737, 15.540043965178114, 11.982426327774157, 9.692567355952175, 7.603751278832862, 6.31593120028607, 5.095728999639383, 4.343101903518193, 7.356913892538853, 8.52085814001419, 7.54111831440963, 4.909392621443201, 3.5526666377887204, 3.6697402388716407, 5.92684134022792, 7.190320428958907, 5.526557084967258, 9.66861254316925, 15.6162271613306, 21.0358195932101, 22.260486230295342, 29.49000070215942, 18.45748007068038, 17.49605104605138, 17.672182889666033, 16.38568700288865, 15.036383200839198, 14.557432670372368, 14.34867094480205, 13.809940894624022, 13.274425733523193, 12.341982038983515, 7.569480251561869, 6.799920989836622, 5.930789144914205, 6.7280819002533265, 6.786916685932768, 6.640124057609491, 5.087850951071619, 5.33033205139048, 5.767805523729872, 6.533834087228536, 6.695303593312246, 6.7857565519691905, 7.205392549471723, 6.287735348827509, 6.032966642305992, 6.107926452198554, 6.379446846644489, 6.114352304591791, 5.979460064015033, 5.841580454156196, 5.967517212521223, 6.357401120665003, 6.211356959432173, 6.129503784290457], "test": [0.0, 1.0, 1.0, 1.0, 1.0, 1.0, 1.0, 1.0, 1.0, 1.0, 1.0, 1.0, 1.0, 1.0, 1.0, 1.0, 1.0, 1.0, 1.0, 1.0, 1.0, 1.0, 1.0, 1.0, 1.0, 1.0, 1.0, 1.0, 1.0, 1.0, 1.0, 1.0, 1.0, 1.0, 0.8, 0.0, 0.0, 0.0, 2.8000000000000003, 8.599999999999998, 14.2, 20.0, 23.8, 15.2, 12.4, 13.2, 14.2, 13.399999999999999, 25.4, 30.2, 27.0, 29.4, 27.2, 23.2, 28.2, 32.0, 32.0, 32.0, 32.0, 32.0, 32.2, 32.6, 35.0, 35.0, 35.0, 34.4, 34.4, 34.2, 35.0, 35.0, 32.2, 30.6, 31.0, 32.4, 32.4, 34.8, 35.0, 34.4, 34.4, 33.6, 32.2, 32.2, 30.2, 29.8, 26.799999999999997, 24.8, 24.0, 24.0, 23.2, 22.0, 20.4, 18.4, 14.2, 13.0, 12.2, 8.6, 5.2, 3.0, 0.3999999999999999, 0.19999999999999996, 0.2, 14.2, 30.8, 29.600000000000005, 19.2, 28.6, 24.2, 29.000000000000004, 27.8, 31.6, 27.4, 31.6, 30.8, 23.8, 18.0, 15.0, 13.2, 12.0, 10.8, 8.0, 8.2, 8.8, 8.0, 7.6, 7.0, 7.4, 8.0, 8.0, 8.0, 7.2, 7.0, 5.4, 5.0, 5.0, 5.0, 4.8, 4.0, 4.0, 4.0, 2.6, 1.9999999999999998, 1.9999999999999998, 2.2, 1.0000000000000004]}