{"day": 4, "month": 9, "station_id": 217, "predict": [15.971249676163637, 15.608112053355468, 15.714082202974145, 15.889379157316137, 15.86713373153363, 15.847109061967934, 15.829084493270397, 15.546193727331048, 15.664923601832283, 15.785112232139284, 15.7732805685351, 15.762630783392613, 15.753044817522094, 15.74441640479531, 15.736649894128766, 15.729659189135464, 15.723366793695403, 15.717702952865036, 15.979271546268937, 16.0, 16.0, 16.0, 15.96348797872833, 15.427142463222516, 15.94708682618087, 16.0, 16.0, 16.0, 16.0, 16.0, 15.933133977907445, 15.633145676847436, 15.60315697976159, 15.576167892013721, 15.218545051252322, 14.33001843307975, 14.443678354814157, 14.492639441323995, 13.410038193759997, 11.795697468061123, 11.449457838986795, 12.83784249446019, 13.827388973854493, 13.417981065823573, 15.209514183052038, 15.468560866229149, 14.195036404320962, 13.72219789284137, 9.452607440236626, 7.295397312083615, 6.108931189188194, 6.963712603880786, 6.320904519615773, 2.9158405017963553, 2.0846010257098904, 2.696453827519864, 3.287090399097501, 3.8586351290004552, 3.1463333118457717, 1.4185721406432026, 1.1435665069173593, 0.0, 0.4239216901541377, 0.5149975899942142, 0.9302857396694625, 1.9373662655468968, 1.8703944793549327, 2.130110039867458, 1.78384519706216, 1.9655322106415938, 3.8090433589363766, 4.714863612595694, 10.90854719656415, 10.301316383070787, 11.284984923610892, 11.98459144489722, 12.328146625151089, 10.977823508953868, 9.996289452543433, 9.04662194782334, 8.058929131572889, 7.363645649057101, 6.558166189945456, 6.440149118371678, 6.607489785941124, 6.458296546997641, 5.724202534806666, 5.7370129528066975, 8.695354326769374, 8.331325519409754, 7.910483662409495, 8.298498178868051, 8.36113941875567, 8.364268444524852, 8.307161183810926, 7.78916684459957, 7.54367429469248, 7.568173159348911, 8.064683176222015, 8.898345621006523, 9.068647075627597, 6.641907297833287, 5.284496058691912, 6.729481424508335, 6.109958143256179, 4.8923780808468775, 5.409881154719242, 5.3289598676541665, 3.6494573909744137, 5.8378991723680365, 6.294158048858666, 8.151452847762858, 8.343013793566744, 6.60208137352733, 6.395238649517674, 6.922410338210892, 5.383528649483199, 5.311865873923513, 4.174033711244048, 4.703315998869813, 4.376853819793199, 4.819334301166799, 4.493664974277134, 5.310294342393886, 6.265688055595988, 5.825615008179581, 5.389572869869096, 5.890483931343394, 5.461317220805462, 6.50174574334868, 6.411475434580181, 6.1902417693953415, 6.504473451344364, 6.753956410765424, 7.071831405505736, 7.2579251960568145, 7.645415270745325, 6.500828099198631, 6.224037561175503, 7.214930199820292, 7.606737283500637, 8.266033661979229, 9.25940340410085, 10.253438872129776], "test": [16.0, 16.0, 16.0, 16.0, 16.0, 16.0, 16.0, 16.0, 16.0, 16.0, 16.0, 16.0, 16.0, 16.0, 16.0, 16.0, 16.0, 16.0, 16.0, 16.0, 16.0, 16.0, 16.0, 16.0, 16.0, 16.0, 16.0, 16.0, 16.0, 16.0, 16.0, 16.0, 16.0, 16.0, 16.0, 15.0, 15.2, 16.0, 14.8, 14.0, 14.8, 14.8, 15.2, 13.6, 14.0, 15.2, 14.8, 10.0, 12.0, 14.2, 12.2, 13.0, 14.2, 11.2, 10.8, 9.2, 8.0, 7.0, 3.6, 2.4, 2.4, 3.8, 5.0, 8.2, 9.6, 9.4, 9.6, 9.6, 10.2, 11.0, 11.0, 11.0, 11.0, 10.8, 11.6, 12.6, 12.8, 13.4, 13.0, 11.8, 12.6, 11.2, 11.2, 12.4, 13.2, 14.8, 12.6, 11.4, 14.0, 14.8, 14.6, 14.2, 12.2, 10.2, 8.4, 7.8, 7.8, 8.0, 8.0, 5.4, 6.6, 4.4, 5.4, 12.6, 10.4, 8.8, 8.2, 5.8, 7.2, 8.6, 8.4, 6.8, 7.6, 8.6, 7.2, 8.0, 7.6, 6.4, 6.8, 5.6, 7.0, 8.6, 8.6, 9.6, 12.0, 14.0, 14.4, 15.0, 15.0, 15.0, 15.0, 13.0, 13.0, 13.0, 13.6, 13.2, 14.0, 14.0, 14.0, 14.0, 14.6, 15.0, 15.0, 15.0]}