{"day": 6, "month": 11, "station_id": 340, "predict": [14.53420752942273, 14.068558366644206, 13.631391213032343, 13.224996561674965, 12.84781936058923, 12.497852550021678, 12.173147445301483, 11.871882774434113, 11.592366711418022, 11.33302925344092, 11.092413690348186, 10.869168466387533, 10.662039595187998, 10.469863617055625, 10.291561063884991, 10.126130395723445, 9.972642375043408, 9.830234847140135, 9.698107897338645, 9.575519357807902, 9.461780638743713, 9.356252860503737, 9.258343264968545, 9.167501885971015, 15.602055090957384, 15.365265465892291, 14.885544478873246, 14.437046878831692, 14.019020258664943, 13.629588368598164, 13.266824695028205, 12.92890748787148, 12.61413564105866, 12.320923935960002, 12.047795637127383, 11.79337514291678, 11.556381070712138, 11.335619805310616, 11.12997948761694, 10.938424414837488, 10.75998982419384, 10.59377703391802, 10.438948917062325, 10.294725685328466, 9.827047628348168, 9.701904788635042, 9.518666887115725, 9.143413482076948, 15.575844985476856, 15.078311060001784, 14.731377173469319, 14.546797858256713, 14.39128070556054, 13.996555155397509, 13.560875501350216, 12.949239505197212, 12.293414798629918, 11.991936869459682, 11.71010317476998, 11.179967037013977, 10.866998514411758, 10.170078968850216, 9.421495985710276, 9.420271957746378, 9.365492978393736, 8.856304691046624, 8.691908408795756, 8.404890820335954, 7.727887265569418, 7.260245232169966, 6.934688058710488, 6.883978830893976, 12.958850973374304, 12.484880092975438, 11.866142233867784, 11.667954961705234, 10.893763514337888, 10.809452354530023, 11.480348176927954, 11.971769568200376, 11.682438676719697, 11.611155263947264, 11.356793641694495, 11.85163162409316, 12.294679524650668, 11.951676055957645, 11.888417813277236, 15.254088997480933, 15.431258029737076, 15.269207710679693, 15.200598910902272, 14.891467780428716, 10.07455646558192, 9.68264398905914, 9.431877283033815, 9.788435699071908, 14.099051859553072, 14.097859842217865, 13.985229576436579, 13.691761018208341, 13.61607932012448, 13.623742358709645, 12.847069771146826, 12.685113463542692, 12.936983337626195, 12.935176558875801, 13.212240876182804, 14.434104883002473, 13.600075142064274, 12.909500152335685, 12.895101146180263, 12.956303039932926, 13.02589886191395, 12.903380982494884, 12.788272471361442, 12.746791907614195, 12.845184968813275, 12.48305612551037, 12.326700434888515, 11.97576876084949, 14.201706605966521, 14.018605597445477, 13.970686034835573, 14.732313115568365, 15.170790055638518, 15.01902204391202, 14.876447242408512, 14.742513028636399, 14.616696410226544, 14.698505492077523, 15.054144765885884, 14.949846721130669, 14.85187016042142, 14.759831939909622, 14.67337213796578, 14.592152647731549, 14.515855854937907, 14.444183395854436, 14.37685499051812, 14.313607346679754, 14.454193130181933, 14.531713331075565, 14.479283021692524, 14.430030503121358], "test": [15.0, 15.0, 15.0, 15.0, 15.0, 15.8, 16.0, 16.0, 16.0, 16.0, 16.0, 16.0, 16.0, 16.0, 16.0, 16.0, 16.0, 16.0, 16.0, 16.0, 16.0, 16.0, 16.0, 16.0, 16.0, 16.0, 16.0, 16.0, 16.0, 16.0, 16.0, 16.0, 16.0, 16.0, 16.0, 16.0, 16.0, 16.0, 16.0, 16.0, 16.0, 16.0, 16.0, 16.0, 16.0, 16.0, 16.0, 16.0, 16.0, 16.0, 16.0, 16.0, 16.0, 15.2, 15.0, 15.0, 15.0, 15.0, 15.0, 15.0, 15.0, 15.0, 15.0, 15.0, 15.0, 15.0, 14.399999999999999, 14.0, 13.8, 12.6, 11.0, 12.6, 13.6, 14.0, 14.0, 15.0, 16.0, 15.600000000000001, 15.400000000000002, 16.0, 16.0, 16.0, 16.0, 16.0, 16.0, 16.0, 16.0, 15.8, 15.0, 15.0, 15.0, 14.0, 14.0, 13.6, 14.0, 14.0, 13.0, 12.0, 12.0, 12.0, 12.0, 11.6, 10.0, 10.0, 10.4, 11.0, 11.0, 11.0, 11.0, 10.8, 10.0, 10.0, 10.0, 10.6, 11.6, 12.0, 13.0, 13.8, 14.0, 14.0, 14.0, 14.0, 14.0, 14.0, 14.0, 14.0, 14.0, 14.0, 14.6, 15.0, 15.0, 15.0, 15.0, 15.0, 15.0, 14.2, 14.0, 14.0, 14.0, 14.0, 14.0, 14.0, 14.0, 14.0]}