{"day": 5, "month": 2, "station_id": 272, "predict": [19.420927471684085, 18.59727402975619, 17.76641037389658, 16.651900426969025, 15.930868175610899, 15.268746373898772, 15.061597052003043, 14.105082789029568, 13.92837283704015, 13.460935284323732, 13.299215079861337, 13.63995087745881, 13.146819610787716, 12.617081102773392, 12.314890714401837, 12.104613599650605, 11.717473856013601, 11.218205130204888, 11.005035896883589, 10.409675966720076, 10.363970788173983, 10.199890115597508, 10.182850957389952, 10.178374725116711, 19.322415785612, 18.55579307788523, 17.812000414025913, 17.115979767158418, 16.470858132213646, 15.874466477009026, 15.256850369638343, 14.614647085706816, 14.611334748090492, 14.2439475077894, 13.843074225565166, 13.472845538249404, 13.130918937711746, 12.815130901172694, 12.52348327405679, 12.254130645031482, 11.805368673770975, 11.442289974523423, 11.230107489859261, 11.034145292243423, 10.853163422063039, 10.686016708398856, 10.398314189572693, 10.389079087623523, 16.416891571168307, 16.03647426117545, 15.519258014544139, 15.04484478029137, 14.472825069013657, 13.266277393283689, 12.15595438853691, 11.006316847213565, 10.482032640799012, 9.647926395491442, 7.968959257503118, 7.310216767402315, 6.270232615369293, 5.314313509971627, 4.174531432555238, 4.249716479624533, 5.2721168974461525, 7.174059599133021, 6.954611127980172, 7.079572367719386, 7.148140302962972, 6.8929034686789645, 8.779837729572002, 9.874969032117786, 11.537856018245364, 11.138268405409828, 10.598277561443812, 10.149728936728499, 9.31655453109394, 8.96242352396377, 8.952651632332357, 8.486341940338194, 8.09608379327619, 7.581208077628935, 7.074431791656009, 6.108516786946773, 5.082932221885571, 4.463851433753514, 4.250815895076456, 3.6433994103155802, 3.574539165674922, 3.0438669429775906, 2.7843738170679884, 2.729074992240761, 3.211008101084045, 2.829898289933971, 2.585490082475256, 2.4775460136262444, 14.158982872953827, 13.585333084028045, 13.48632846688017, 12.494320760487367, 11.814819243210298, 11.180137281275378, 10.92111862978523, 11.101723150943062, 10.785996114043103, 10.10480106330862, 9.522494287142294, 8.503585292518386, 7.779394330682079, 7.548043028637445, 7.541112105028851, 7.423632966396851, 7.394079853109913, 7.717695841300118, 8.059819334917083, 10.48587768235796, 11.12804788716303, 10.918584384195047, 10.456480521272507, 10.540797054674236, 8.09610425051702, 7.731915773543576, 8.302669675543873, 8.490739695969616, 7.950094007507835, 7.744219819242447, 7.605640272493892, 8.067469155931413, 8.196301716745763, 8.125437835339396, 8.388187881743395, 8.451199144329355, 7.981120713914973, 7.377936312996344, 8.241630780377998, 9.505523306358398, 10.03626735897249, 10.033850619589458, 10.098261590573262, 10.362822873816558, 10.360857786327943, 10.359023645906664, 8.95731172666402, 8.222380550843056], "test": [19.999999999999996, 19.999999999999996, 19.999999999999996, 19.999999999999996, 19.999999999999996, 20.599999999999998, 21.0, 21.0, 19.999999999999996, 21.8, 22.0, 22.0, 22.0, 22.0, 22.0, 22.0, 22.0, 22.0, 22.0, 21.6, 21.0, 20.8, 20.0, 19.999999999999996, 19.999999999999996, 19.999999999999996, 19.999999999999996, 19.999999999999996, 19.999999999999996, 19.999999999999996, 19.999999999999996, 19.999999999999996, 19.999999999999996, 20.0, 20.0, 20.0, 20.0, 20.0, 20.0, 20.0, 20.0, 19.6, 19.0, 19.0, 19.0, 18.6, 18.0, 17.0, 17.0, 16.0, 16.0, 16.0, 16.0, 16.0, 16.0, 16.0, 16.0, 15.400000000000002, 14.999999999999998, 14.999999999999998, 14.599999999999998, 12.800000000000002, 12.0, 12.0, 12.399999999999999, 13.0, 12.800000000000002, 12.0, 12.0, 12.0, 12.0, 12.0, 12.800000000000002, 14.0, 14.0, 14.0, 13.8, 12.399999999999999, 12.0, 12.0, 12.0, 11.4, 11.2, 12.0, 12.0, 12.0, 11.0, 11.0, 11.8, 14.0, 14.599999999999998, 14.999999999999998, 14.8, 14.8, 14.999999999999998, 14.999999999999998, 14.999999999999998, 14.999999999999998, 14.999999999999998, 15.2, 13.8, 12.800000000000002, 12.0, 11.0, 10.4, 10.0, 11.4, 10.0, 10.8, 11.0, 11.0, 10.2, 10.0, 10.0, 9.8, 9.0, 9.0, 8.8, 9.8, 8.6, 8.0, 7.0, 7.0, 7.0, 7.4, 9.2, 10.0, 10.0, 10.0, 10.0, 10.0, 10.0, 10.0, 10.0, 10.0, 10.0, 10.4, 11.0, 11.0, 11.0, 11.0, 11.0, 10.2, 10.0]}