{"day": 0, "month": 3, "station_id": 55, "predict": [28.933910233183763, 28.858804777616644, 28.7850901539765, 28.71454348302051, 28.64735204025292, 28.583415751459924, 28.789254583854586, 28.798052779225877, 28.743000070243408, 28.75729285067492, 28.974134117287853, 28.726733197785535, 28.54830545185897, 28.505405312692837, 28.26459267463073, 28.092432627495427, 28.055495203789935, 28.02035513819091, 27.986924972076782, 27.955121502522378, 27.92486557521873, 27.89608188746927, 27.868698800772112, 27.84264816252205, 29.89041911425424, 29.765959169518087, 29.64398191251382, 31.59412283690375, 32.41668303385322, 32.311479367797965, 32.07825058144471, 31.783399002238895, 31.693337274959198, 31.274490307734727, 31.19329511230973, 31.049533611752032, 30.17633207171104, 29.1068272140874, 29.97416568954498, 30.044836909544127, 31.052005903606716, 32.06217953394039, 31.875206066221352, 30.757608095385503, 30.17591549200037, 31.12999836817855, 30.286400062045928, 29.245003473160924, 30.96052403334411, 30.267565207367863, 31.417454540816514, 33.0, 33.0, 28.861740774076363, 25.69327851331171, 21.799986728299668, 20.58145448429556, 20.1039424996424, 18.90039568943225, 16.5037780547801, 17.51373884985752, 21.39661173008939, 22.218747204729596, 22.64651178692697, 22.679620517522565, 22.58446952932582, 22.22746865022639, 21.741707376586717, 21.326954215059626, 20.916322724390696, 20.37627092218604, 19.639934055044243, 13.96405339129478, 13.981579094484312, 13.908984123849466, 13.890913782756051, 14.663270122812865, 17.560244856612652, 18.915680760746188, 19.996669264652027, 20.80360242806064, 21.0035171455732, 20.59676469210486, 20.51701201677448, 18.897909360002537, 17.073091102471604, 17.442843227845945, 17.47410407697583, 17.500465063974634, 17.388838023057748, 17.406122521333995, 17.352539805931745, 17.028300053746218, 16.433602925345344, 15.901971424493798, 15.833585731348881, 12.98900438870713, 13.581046091464772, 13.432612509993326, 12.608712470958913, 13.376049719027522, 10.934983702112852, 11.152587678474845, 14.029260898089861, 12.69871848694893, 12.094656882827877, 12.01742101824117, 11.800671816482707, 10.178053714139999, 12.683195487585136, 13.183044373955118, 12.544533486370742, 12.834582524918153, 17.053431785195087, 20.401309466204424, 22.411765612635644, 24.151672693158407, 23.421226149604625, 24.15394491850436, 23.883338593034132, 29.56645393591776, 29.71955795497552, 29.26242776527363, 29.6645656682335, 30.939982920762894, 31.49117348832157, 31.784924457111117, 32.22088314888137, 32.39861795421605, 32.31769930253192, 32.31104888367552, 32.511608717209924, 32.31900746362217, 32.199559539330636, 32.419597496679096, 32.312137762675476, 32.210213087265736, 32.11353836950433, 32.02184319347056, 31.868204405214236, 31.785712061985553, 31.774135418416986, 31.36658894775532, 31.296198396338774], "test": [29.0, 29.0, 29.0, 29.0, 29.0, 29.0, 29.0, 29.4, 30.0, 30.0, 30.0, 29.199999999999996, 28.0, 28.0, 28.0, 29.6, 30.0, 30.0, 30.0, 30.0, 30.0, 30.0, 30.0, 30.0, 30.0, 30.0, 30.0, 30.0, 30.0, 30.0, 30.0, 30.0, 30.0, 30.0, 30.0, 30.0, 30.0, 28.2, 28.8, 28.8, 28.6, 30.2, 31.2, 30.0, 29.0, 30.6, 30.0, 32.2, 32.4, 32.8, 32.2, 32.8, 29.199999999999996, 26.2, 21.6, 16.0, 17.0, 17.2, 15.0, 13.4, 12.0, 12.2, 14.4, 15.2, 16.0, 14.8, 14.2, 15.6, 14.4, 14.0, 14.0, 14.0, 15.4, 15.2, 15.4, 15.0, 14.8, 13.6, 13.0, 11.2, 9.6, 9.0, 9.0, 10.2, 12.0, 12.600000000000001, 13.0, 13.0, 13.0, 13.2, 14.599999999999998, 14.0, 14.0, 13.8, 13.0, 13.0, 13.0, 13.4, 12.600000000000001, 10.8, 12.0, 9.6, 8.0, 7.4, 6.8, 6.4, 5.2, 1.8000000000000007, 0.6000000000000002, 6.0, 9.8, 12.0, 14.2, 15.8, 19.4, 19.4, 19.6, 23.6, 27.0, 29.0, 30.4, 30.0, 29.199999999999996, 29.0, 31.0, 31.0, 31.0, 31.0, 31.0, 31.0, 31.0, 31.0, 31.0, 31.0, 31.0, 31.0, 31.0, 31.0, 31.0, 31.0, 31.0, 31.0, 31.0, 31.0]}