{"day": 3, "month": 4, "station_id": 194, "predict": [36.94996835973522, 37.532748861784455, 38.58671667090985, 39.01043237118217, 39.413890491617344, 39.80051704522607, 40.171756196206104, 40.72844294745457, 41.20454772632672, 41.53396668144131, 41.783892584885315, 42.48815996775255, 42.71391585938038, 42.728288193288606, 42.79838682820104, 42.191304334721025, 42.57411669317186, 43.08055061352518, 43.31098415802373, 43.399114004674864, 43.411956020378156, 43.616512478269186, 43.87977258691822, 44.3353796655823, 46.005352356968075, 46.08881215744193, 46.192458659251464, 46.29907712821914, 46.40363396626151, 46.23807084873487, 46.26874855947077, 46.362348603380966, 46.45231101050132, 46.538765984441696, 46.28851359611298, 45.70168452117303, 45.77840507562945, 45.65213019921219, 45.52297681686469, 45.3243906415743, 46.256479671215544, 47.31934768878735, 47.646427759060984, 47.704482386394346, 47.826936999980475, 49.08054676657634, 48.66539673088584, 48.18156861713521, 43.24275296353609, 42.27851229367894, 40.292168901892374, 40.672652046371184, 39.7035225544361, 36.85674979636656, 33.600824798286574, 32.26985512127863, 31.730958526994105, 28.251147543380124, 25.697395002826006, 25.603320640251486, 24.369197364356054, 23.995286762476386, 23.08184003380079, 22.362431874328408, 22.370627570374953, 22.439983377884833, 22.437380211065697, 21.696357314430372, 21.017112587498456, 20.599836229949908, 20.64471104123904, 21.35191270852895, 23.079254401393307, 21.044177362867636, 20.429573042840513, 16.77571189192122, 17.064590575474856, 20.024084220669053, 19.185840950372118, 19.282644840425, 17.84762313464096, 16.747341193842644, 16.915064104637633, 16.417401723269645, 15.72096878288846, 13.425716198020659, 13.398263733215884, 14.23856641728052, 14.413247750191232, 14.52226628322614, 12.8322488796764, 12.809823981588437, 16.654954880093683, 23.500939655187786, 25.147744451316512, 24.5286700886103, 3.1401247865273225, 4.990021800108504, 7.646146305328756, 8.24433372711785, 11.739276300703578, 10.604747511110297, 8.310252067179174, 5.923996685819123, 2.513774881783585, 0.0, 0.0, 0.7487678099266362, 0.2518727392306026, 0.0, 0.0, 0.0, 0.0, 0.0, 0.0, 0.0, 0.0, 0.0, 2.121866555551377, 5.513532540204769, 15.775271485392691, 14.465164426521973, 14.985770208859623, 14.396839348043844, 13.369088405806375, 14.21688788301558, 17.86781519924151, 20.186777241103687, 21.573223906623006, 24.89363845487578, 29.14794912417979, 29.402785278813305, 30.52478736328275, 31.313933135512904, 33.436868825851704, 33.76024178732959, 34.284033598113155, 34.34155996844111, 34.59947069022835, 34.92441626717974, 35.24971454998766, 35.375350707259116, 36.16797719798993, 36.76091374529459], "test": [36.2, 37.0, 37.0, 37.0, 37.0, 37.0, 37.0, 37.0, 37.0, 37.0, 36.2, 37.0, 37.0, 43.0, 46.0, 46.0, 46.0, 46.0, 46.0, 46.0, 46.0, 46.0, 46.0, 46.0, 46.0, 46.0, 46.0, 46.0, 46.0, 46.0, 46.0, 46.0, 46.0, 46.0, 45.8, 45.0, 45.0, 45.0, 44.2, 44.0, 42.6, 42.0, 42.2, 43.4, 44.0, 42.2, 41.0, 42.0, 43.4, 43.2, 41.8, 43.4, 41.4, 36.0, 33.6, 33.8, 34.8, 33.8, 36.2, 36.4, 34.2, 31.799999999999997, 26.4, 24.8, 23.8, 23.8, 25.2, 23.8, 25.0, 24.6, 26.6, 25.8, 20.4, 20.0, 18.8, 19.0, 16.2, 15.2, 15.0, 12.2, 12.8, 11.6, 11.4, 2.400000000000001, 2.400000000000001, 1.2000000000000004, 3.0, 0.1999999999999993, 0.9999999999999996, 0.9999999999999996, 1.6000000000000005, 0.8000000000000003, 0.1999999999999993, 0.1999999999999993, 0.8000000000000003, 2.6, 15.2, 30.6, 31.799999999999997, 31.799999999999997, 33.0, 31.0, 26.0, 24.4, 25.2, 22.2, 20.0, 16.0, 12.6, 11.4, 15.0, 15.0, 12.6, 11.2, 9.4, 3.0, 3.2, 15.400000000000002, 17.6, 16.0, 14.8, 13.6, 13.0, 12.6, 13.0, 13.6, 14.400000000000002, 16.8, 21.2, 33.0, 34.6, 37.8, 40.0, 42.2, 40.8, 40.2, 42.4, 44.4, 46.0, 48.0, 48.0, 48.0, 48.0, 48.8]}