{"day": 4, "month": 4, "station_id": 18, "predict": [25.675594891442028, 25.88658690803998, 25.70377151756611, 25.512742389399715, 25.326615828395305, 25.14843159271961, 24.978647703791268, 24.817072326417275, 24.66336116929742, 24.517145012385566, 24.644728557288378, 24.57909805886851, 24.386589324804348, 24.000220788547708, 23.886359534232266, 23.778053917938227, 23.675032864161825, 23.57703852318786, 23.48382562636847, 23.395160872410433, 23.310822343491544, 23.23059894983655, 23.154289901386257, 23.081704205243483, 26.809545607358828, 26.57940392027632, 26.347793273926108, 26.45742826138586, 27.0, 27.0, 27.0, 27.0, 27.0, 27.0, 27.0, 27.0, 27.0, 27.0, 27.0, 27.0, 27.0, 26.70481836555134, 25.9306671932984, 25.895011166665487, 25.464269062580605, 25.104871562573514, 24.149927347738853, 23.199222554487662, 25.81646801075161, 26.024303893725065, 24.187963561074593, 25.08260325005944, 24.385207860609857, 23.2313505934235, 22.487881067914884, 21.487805698634283, 19.96401783259378, 19.91606555923634, 19.676843553446624, 19.779265428669436, 19.15626445073279, 18.27412634266486, 16.732488471089134, 16.06433899197058, 15.06934935031472, 13.947206814740781, 15.230947049169238, 17.32028672084392, 17.88162280986438, 17.18136528528367, 16.485936479521392, 16.261770492905498, 7.077833080158074, 8.48441171988268, 11.144899461219381, 11.27331138675556, 11.923446323578744, 13.02592519284976, 12.313940482146686, 11.321316041787409, 11.315345012213848, 9.829997578149849, 4.73255667648723, 4.623611203707977, 4.10372202162609, 4.173422813682631, 4.833221279657443, 5.550267036111321, 6.991686148239984, 7.157915609653622, 7.182704434542158, 3.983114696991841, 6.076189186386265, 5.145619014612467, 4.7417445107356135, 4.864889405373981, 3.388947358546631, 5.882585569255875, 7.11043049403043, 7.730308330441526, 8.407075336070346, 9.40731967474929, 7.998042993348433, 9.646332965355413, 11.485949225335041, 12.450637369236336, 13.407458207162072, 12.356787445837586, 12.432316274755253, 10.967718812235077, 12.363319569346693, 11.819427556130876, 11.536337020981641, 10.380994822223965, 10.620334432895024, 11.121276580168416, 12.217396520911684, 12.64225795482578, 13.196080243220258, 14.479072268079971, 1.4752514224550493, 2.406648486481013, 2.777957966394464, 4.803821128610851, 6.072451477673422, 6.315223960401776, 7.865883008413144, 8.525381263885404, 9.161432910238933, 10.241739119271227, 10.633963201833245, 11.27239272415175, 11.224606535096171, 11.424809599041382, 12.673834711888565, 14.372477543418022, 15.121498287158921, 16.188289907543563, 16.84021298428241, 17.14459715628189, 17.4354091679079, 17.71325418708308, 17.778710397948615, 17.7656635373748], "test": [26.0, 26.0, 26.0, 26.0, 26.0, 26.0, 26.0, 26.0, 26.0, 26.0, 26.0, 26.6, 27.0, 27.0, 27.0, 27.0, 27.0, 27.0, 27.0, 27.0, 27.0, 27.0, 27.0, 27.0, 27.0, 27.0, 27.0, 27.0, 27.0, 27.0, 27.0, 27.0, 27.0, 27.0, 27.0, 27.0, 27.0, 27.0, 27.0, 27.0, 26.6, 25.6, 25.0, 24.0, 24.0, 27.0, 27.0, 27.0, 25.8, 23.6, 22.0, 21.6, 21.0, 20.4, 25.0, 23.4, 23.4, 21.8, 19.2, 18.0, 17.0, 17.6, 16.0, 12.2, 12.2, 12.6, 10.4, 9.4, 9.0, 9.0, 8.2, 7.0, 7.0, 6.0, 6.4, 7.799999999999999, 3.7999999999999994, 2.9999999999999982, 2.6000000000000005, 3.2, 4.0, 3.7999999999999994, 3.6, 1.6000000000000008, 1.0, 2.2, 3.0, 2.6, 2.0, 2.0, 2.0, 1.2000000000000002, 1.0, 2.0, 2.0, 2.0, 1.6000000000000008, 0.4000000000000006, 0.5999999999999994, 3.2, 3.0, 3.0, 3.0, 1.4000000000000006, 4.0, 5.599999999999999, 3.599999999999999, 0.8000000000000012, 0.2000000000000003, 0.2000000000000003, 1.7999999999999996, 2.0, 1.5999999999999992, 0.0, 0.0, 0.5999999999999994, 0.4000000000000006, 0.0, 0.0, 0.4000000000000006, 0.9999999999999984, 1.399999999999999, 2.2, 3.399999999999999, 4.0, 4.0, 4.0, 4.0, 4.800000000000001, 6.0, 6.2, 6.4, 7.799999999999999, 8.0, 8.0, 8.0, 8.2, 9.000000000000002, 8.999999999999998, 8.999999999999998, 10.0, 10.0, 11.0, 12.0]}