{"day": 0, "month": 9, "station_id": 116, "predict": [19.449689945279736, 18.738550035368064, 19.49168652689504, 19.509474184493147, 19.525453593731534, 19.873141948001877, 19.886037708662297, 19.89762255022519, 19.641363067560633, 19.250712308831293, 19.259111152583774, 19.266656211518118, 19.27343427716625, 19.279523318263237, 19.28499337762907, 19.289907377877906, 19.294321845222875, 19.298287559702526, 19.30185013930843, 19.305050564733286, 19.307925650775744, 19.310508469824526, 19.31282873229328, 19.314913128382294, 18.13301796818904, 18.254860986059498, 18.36437248591969, 18.462764483874373, 18.55116539254372, 18.03058973320654, 17.701949020882598, 17.7660622120639, 17.823665103254545, 17.87541877535204, 17.921917180557266, 17.63036062554714, 17.667895229139756, 17.701618424737916, 17.73191723736679, 17.69247272537546, 17.450263971111003, 17.338904999697522, 16.95864800040191, 16.509719554223064, 16.125656567587225, 15.206641941992583, 13.152840006415806, 11.431065069904001, 15.773997659449707, 13.575162787946976, 11.968634813760127, 9.616974768758286, 6.914640217151562, 5.1232819340365845, 3.771726758370405, 2.8559265140340333, 2.638911411169061, 5.984081505848119, 8.888502418220837, 8.416204876307972, 7.164821029695043, 6.998890516942771, 6.9831693060791755, 6.649274359470271, 5.662330536384167, 4.020952838997266, 3.1905637974043253, 2.9033791433199765, 2.2250616075035765, 1.9547093593840996, 1.6248456224333592, 1.301409345708069, 5.33696311154921, 7.656375771100057, 7.685985381178295, 7.754535857125253, 7.7245994783389795, 7.192512698600975, 6.354997145066153, 5.809119112234189, 5.352253325498472, 5.048717181366385, 3.9630750634641276, 4.893445709236685, 5.571478973278908, 7.595668366953497, 7.631332450792807, 6.077264849850249, 7.1323860196636195, 6.462396578782313, 6.133098709826659, 6.0770521483629665, 7.426897961039373, 5.365349994960262, 6.141853892684962, 6.105913578340173, 2.8188343428142, 4.117411411018393, 8.195405760503442, 5.939895158439443, 10.139428918972637, 11.082062847595054, 11.322024758986078, 12.929764905527453, 14.575335946559118, 15.595101394392076, 18.45843967127107, 18.36777757058561, 16.725286868510164, 17.19957778890596, 18.059056318823092, 18.9052790038599, 19.1396388215395, 19.163382369701385, 17.1776252486676, 17.916699160322395, 19.24816422729845, 20.10615335094685, 20.22471541079379, 19.937824093892107, 21.0, 20.942725899508467, 21.0, 21.0, 21.0, 21.0, 20.91226836967359, 20.61292002106791, 20.716992103213723, 20.890793304062086, 20.86733644390976, 20.846334554280347, 20.82753070051895, 20.210694838483704, 19.795621000212765, 19.048791440803054, 20.036707715674066, 20.75922199394961, 20.749535249912135, 20.740862310404367, 20.73309707170141, 20.72614453478357, 20.719919643129504, 20.714346242144686], "test": [20.0, 20.0, 20.0, 20.0, 20.0, 20.0, 20.0, 20.0, 20.0, 20.0, 20.0, 20.0, 20.0, 20.0, 20.0, 20.0, 19.2, 18.0, 18.0, 18.0, 18.0, 18.0, 18.0, 18.0, 18.0, 18.0, 18.0, 18.0, 18.0, 17.2, 17.0, 17.0, 17.0, 17.0, 17.0, 17.0, 17.0, 17.0, 17.0, 17.0, 16.0, 16.0, 15.600000000000001, 15.0, 15.0, 15.0, 15.0, 18.0, 17.0, 16.2, 14.0, 11.0, 3.8, 0.0, 0.2, 0.0, 0.0, 0.0, 0.0, 0.0, 0.0, 0.8, 8.6, 9.8, 8.0, 7.6, 6.6, 7.4, 8.6, 6.0, 6.0, 5.2, 4.3999999999999995, 1.4000000000000004, 1.0, 2.1999999999999997, 3.0, 3.8, 3.8, 3.6, 2.8, 1.6, 1.0, 3.2, 6.0, 4.4, 4.0, 4.6, 5.0, 5.4, 6.2, 5.0, 6.0, 2.1999999999999997, 2.2, 0.20000000000000046, 2.2, 3.0, 3.0, 4.0, 5.0, 7.2, 7.0, 8.6, 9.0, 11.400000000000002, 16.0, 20.6, 20.6, 20.6, 20.8, 18.0, 18.2, 20.0, 20.8, 20.4, 21.0, 21.0, 21.0, 21.0, 20.4, 20.0, 21.0, 20.8, 20.0, 20.4, 21.0, 21.0, 21.0, 21.0, 21.0, 21.0, 21.0, 21.0, 21.0, 21.0, 21.0, 21.0, 21.0, 21.0, 21.0, 20.4, 21.0, 21.0]}