{"day": 4, "month": 6, "station_id": 228, "predict": [38.386019830891165, 38.49546156139705, 38.60245005583439, 38.69887395142589, 38.78502284202778, 38.86191620546604, 38.93054080541373, 38.99178505732771, 39.04644261533142, 39.09522185700376, 39.13875498328253, 39.17760620389833, 39.21227904897078, 39.243222894912584, 39.27083878855115, 39.29548464488364, 39.31747988582393, 39.33710958006116, 39.35462813768428, 39.37026260745675, 39.38421561947548, 39.39666801135242, 39.40778117195519, 39.41769913308297, 39.04835012989567, 39.09638630810734, 39.13974905477823, 39.178497036508965, 39.213081794404076, 39.2439466454423, 39.121491295861944, 38.796072866211716, 38.56801010186473, 38.58758746372559, 38.605058812557736, 38.67065070037696, 38.634565308121076, 38.5969830673377, 38.65806499985049, 38.417954805738596, 37.926780726704266, 36.88465720899051, 36.24168638741245, 35.49795940974549, 34.50355761864398, 32.558553606416275, 32.3130121563335, 29.966991082678053, 31.361924909576324, 29.087447017496004, 25.373745653295366, 20.75097925701015, 16.317903427102017, 9.620571940324083, 4.105177005748114, 2.3182911327595295, 2.2568521269602364, 5.318126451572438, 5.54967418419391, 7.349317502350209, 11.665112530687171, 11.295324210023402, 9.438403865794774, 7.192969186131356, 6.05778635073959, 6.131754079546642, 5.763889394881348, 4.253314913119096, 4.349247501491649, 4.100988153412281, 4.407912951420121, 4.769465000908773, 4.294764923565623, 4.107274295554349, 5.365344428041897, 3.417404008374624, 3.6138920518224005, 2.9253864211034424, 2.0124216695238504, 2.1454768009802243, 1.8849795330915904, 2.001311636469189, 1.8248138551775386, 1.8357903140566212, 5.474512453975397, 5.861222544327375, 6.536136818057956, 7.9594482697751765, 8.751329153150442, 8.591933209926164, 8.531397659374159, 8.829844973948969, 9.587384464113493, 9.304113692845004, 8.53011973812564, 8.985480319754274, 10.758268993598088, 10.865251685006935, 11.0102719694941, 11.646205115369979, 12.62317075240173, 13.340115521416164, 14.66598087073489, 18.81980988932468, 28.860747229568027, 31.24802930289175, 30.090974535483923, 31.948974569466493, 35.96148639893644, 32.478025349728675, 34.198158813212, 35.32150065321341, 35.59770621377068, 35.826467863170926, 36.557511016665536, 37.19059058643999, 36.225487812941424, 37.562007436597064, 39.3499751733573, 39.13923546142545, 37.36530841235303, 37.56125489935108, 35.83659946701054, 35.34321490204907, 35.33307237602004, 35.507962060280384, 36.16948553866173, 36.51907328771806, 36.50800271832091, 36.33741453024223, 36.15832734085199, 36.221650750640464, 36.378197010656635, 36.82869144127078, 37.123781735877664, 37.16404626887678, 37.200001514496094, 37.23210867162053, 37.6107795796023, 38.63638200093513, 39.309244338553476, 39.32965984826564, 39.04789040035376, 38.76416983859083], "test": [38.4, 37.0, 37.2, 39.0, 39.0, 39.0, 39.0, 39.0, 39.0, 39.0, 39.0, 39.0, 39.0, 39.0, 39.0, 39.0, 39.0, 39.0, 39.0, 39.0, 39.0, 39.0, 39.0, 39.0, 39.0, 39.0, 39.0, 39.0, 39.0, 39.0, 39.0, 38.6, 38.0, 38.0, 38.0, 38.0, 37.6, 37.0, 37.0, 36.4, 35.0, 35.0, 34.4, 32.4, 29.6, 29.2, 33.0, 34.4, 35.4, 32.8, 27.800000000000004, 21.4, 17.0, 12.2, 3.3999999999999995, 4.4, 2.2, 0.0, 0.3999999999999998, 1.4000000000000001, 0.6000000000000005, 0.0, 0.0, 0.0, 3.3999999999999995, 5.6, 4.0, 4.2, 5.0, 4.4, 3.5999999999999996, 3.8, 1.4000000000000001, 0.3999999999999998, 1.4000000000000001, 1.7999999999999998, 0.9999999999999998, 1.7999999999999998, 3.8, 3.0, 3.8, 4.0, 2.4, 2.0, 1.7999999999999998, 2.0, 3.5999999999999996, 4.0, 6.799999999999999, 6.2, 4.0, 4.6, 5.8, 5.2, 8.2, 10.2, 8.6, 8.6, 9.2, 9.2, 10.8, 13.0, 15.8, 24.2, 34.8, 37.2, 39.0, 38.4, 36.6, 36.4, 37.8, 38.6, 38.2, 38.6, 38.2, 39.0, 38.6, 37.8, 37.0, 37.0, 37.0, 38.0, 38.0, 38.8, 39.0, 39.0, 39.0, 39.0, 39.0, 38.0, 38.0, 38.2, 39.0, 39.0, 39.0, 39.0, 39.0, 39.0, 39.0, 39.0, 39.0, 39.0, 39.0, 39.0]}