{"day": 5, "month": 9, "station_id": 579, "predict": [34.55815446988649, 34.434746279920624, 34.46635818315728, 34.45669399510289, 34.2559353115904, 34.01353907085752, 33.92885091067727, 31.9512365473654, 31.730107057285803, 31.71492104010477, 31.655181962480256, 31.600434699302532, 31.55026213772409, 31.504282014999465, 31.412144009523793, 31.373527072508974, 31.38813698208795, 31.355704101680207, 31.325981325642893, 31.29874219657839, 31.27377917995906, 31.250902082924824, 31.229936605206532, 31.16072301113477, 32.92671007706412, 32.77639135718365, 32.63038741842403, 32.494757437342095, 32.37005193754348, 32.105671365422616, 31.900822553668956, 31.804724787435674, 31.566650675625354, 31.185930948010462, 30.811951643350817, 30.94414994139794, 30.93200999182633, 30.875059013974965, 30.82286370517553, 30.675026945227003, 30.481184775228854, 30.44100362851164, 30.404177792757103, 30.370427084034002, 30.339494715060685, 30.51114534147713, 30.285163271262142, 30.26135082367257, 31.321359550434146, 30.72398679622829, 30.58216047270489, 30.350620855400194, 29.829701463865348, 29.618789221137636, 29.667111757154732, 29.773912939234503, 29.53848867815806, 29.110191097771207, 28.638425794704254, 28.672647823702235, 28.562357673637095, 28.107097500387425, 27.55644765594652, 27.360023502968353, 27.367472494127007, 27.27847149492661, 27.09272432981822, 26.709959533031608, 25.829928287051377, 25.402402533084448, 23.92717323917016, 23.55404881278102, 27.17412998363615, 26.090314855569204, 25.554885882956672, 24.79054188748151, 24.30075948584423, 23.83470842249825, 23.990696256625036, 24.016955447106604, 23.411815408104992, 22.423732877697645, 21.40129023758151, 20.64318712962037, 20.148231183503334, 20.265329147848863, 19.94347867360632, 19.03176076096683, 18.629332829779433, 18.48542236514085, 17.64932109114477, 17.570379629060135, 17.89800259969915, 18.28164413304828, 21.32080375129828, 21.665022594223608, 23.21728116356854, 22.779547337167646, 21.38893024646847, 19.856740636365615, 19.6348503567624, 19.172996546934577, 19.220477685822978, 18.726543752095047, 19.44048260638131, 19.66163598982692, 18.93939947336714, 18.923218985220558, 19.11258683145631, 20.10703786428819, 20.006145928303958, 20.159520594543753, 20.316804166032544, 20.177668933810914, 19.891814662883192, 19.858966288905258, 20.07887180796704, 20.551300343286698, 20.776040373986024, 21.252898112359063, 5.785956755604383, 5.41410344047188, 5.474154196000132, 6.611420455858884, 8.818693573621518, 9.899393255118898, 10.85900592061299, 11.553120586912389, 11.83700134259983, 12.565515845261988, 13.793144597190947, 14.124006966250867, 14.961889182133884, 15.410271018375292, 15.622350536327449, 15.201066877634133, 15.549121223455142, 16.118996059592327, 16.262972882512482, 16.23314847199188, 16.731449846315193, 17.20964800666561, 17.469370568730433, 17.812113371614956], "test": [34.0, 34.0, 34.0, 34.0, 34.0, 33.2, 33.0, 33.0, 33.0, 33.0, 33.0, 33.0, 33.0, 33.0, 33.0, 33.0, 33.0, 34.0, 34.0, 34.0, 33.8, 33.0, 33.0, 33.0, 33.0, 33.0, 33.0, 33.0, 33.0, 33.0, 33.0, 33.0, 32.4, 32.0, 32.0, 32.0, 32.0, 32.0, 32.0, 32.0, 32.0, 32.0, 32.0, 32.0, 32.0, 32.0, 32.0, 32.0, 31.0, 31.0, 30.0, 30.0, 30.0, 29.2, 29.0, 29.0, 28.0, 28.2, 29.0, 29.0, 29.0, 29.0, 29.0, 27.8, 29.0, 28.6, 28.2, 28.0, 28.0, 28.0, 28.0, 28.0, 27.8, 27.0, 25.2, 23.4, 21.0, 21.2, 22.0, 24.6, 26.0, 26.0, 25.4, 24.6, 23.0, 22.200000000000003, 21.6, 21.4, 20.6, 18.0, 18.0, 17.8, 20.4, 20.8, 22.4, 23.0, 22.6, 21.800000000000004, 22.0, 21.0, 17.0, 17.0, 17.6, 15.400000000000002, 15.0, 10.2, 1.7999999999999996, 1.399999999999999, 0.1999999999999993, 2.000000000000001, 2.000000000000001, 1.7999999999999996, 1.0000000000000004, 1.0000000000000004, 2.999999999999999, 2.8, 4.0, 4.4, 5.0, 5.0, 6.8, 6.999999999999999, 6.999999999999999, 7.400000000000002, 9.2, 10.0, 10.0, 9.4, 9.0, 9.0, 9.0, 9.0, 9.0, 9.0, 9.0, 9.0, 9.0, 8.2, 8.0, 8.0, 6.8, 8.0, 8.0, 8.0]}