{"day": 2, "month": 5, "station_id": 331, "predict": [25.450247815423936, 25.831617225144544, 26.17933915564543, 26.396202624218343, 26.534947368280353, 26.798068658336476, 27.037840341529282, 27.25633448181246, 27.455439266424147, 27.636875323262505, 27.80221059024392, 27.952873865141758, 28.09016715300086, 28.21527691783203, 28.329284335821566, 28.43317463866228, 28.52784562774938, 28.614115432819357, 28.6927295820807, 28.76436744493516, 28.82964810296651, 28.989135699932707, 29.19334431699525, 29.24274241531655, 26.332573567849614, 26.633336231119245, 26.907646916496393, 27.157814229671835, 27.385963278469568, 27.59403198075681, 27.783787691339203, 27.95684221276793, 28.114665486149327, 28.108598076960476, 28.1398625619363, 28.259573913749435, 28.118748971691176, 27.968315078798437, 27.75911795879128, 26.341928899728348, 26.017451305399018, 25.73632667010014, 25.74914002754798, 26.856424920208696, 26.508667931257317, 24.706312817660297, 22.399764279488185, 21.33939139747544, 16.075389010523935, 16.454608607554224, 15.45521912384775, 13.32960045806225, 10.980042098192294, 9.408632767965715, 4.917278959138958, 1.6077208224666293, 0.5815466809871044, 0.240206276952053, 0.0, 2.717204238172981, 4.287852821548556, 5.197974846286649, 4.998488751988026, 5.240232844628655, 5.273972288198372, 5.150405486320826, 5.520169907078677, 6.533847399624272, 6.341969046917361, 5.945019595062661, 6.143441496188844, 7.487638598587332, 1.2446010998399442, 0.4403097962655181, 0.784312135173908, 0.9814715133355828, 1.6862295472156872, 2.602606891713201, 5.0842429491178915, 5.634432019819736, 5.8561560261718935, 6.852114133358947, 7.3247495615022995, 8.026273855340179, 8.408688852564733, 9.173806569038176, 9.073267198417472, 9.058555404986437, 9.78101507153982, 9.691862648817155, 9.242199239092766, 10.183021533954005, 10.565231714917935, 11.139646415234065, 11.457004831895, 11.86797606843554, 9.92467532907239, 12.073160278581906, 13.043171110750471, 14.587391604509087, 13.528284903754992, 16.55807914891346, 14.658789657252381, 15.992239249097167, 20.250076634536438, 22.33379304390058, 24.104737269747865, 24.31412927208593, 23.86307248406398, 24.752564942262893, 24.733509353853872, 26.456722202172838, 27.322941982558195, 26.98283665152642, 27.387010364425137, 27.83600956952618, 28.1303285200294, 29.020414259576743, 28.906671131565176, 28.63946485774386, 29.546909995063395, 29.792429779147653, 29.638368088647773, 29.03469515549979, 29.681373827678534, 29.578370446794302, 29.725654576150387, 29.77319869271809, 29.57097790821698, 29.568969716893438, 29.76715376744408, 29.665511656772654, 29.764026743490433, 29.662683979269918, 29.461469756342908, 29.36037176959739, 29.659378891875747, 29.75848106121053, 29.757669178854997, 29.75693501707509, 29.756271135768397, 29.755670807065048, 29.755127947146526, 29.75463705459133], "test": [26.0, 26.0, 26.0, 26.0, 26.0, 26.0, 26.0, 26.0, 26.0, 26.0, 26.0, 26.0, 26.0, 26.0, 26.0, 26.0, 26.0, 26.0, 26.0, 26.0, 26.0, 26.0, 26.0, 26.0, 26.0, 26.0, 26.0, 26.0, 26.0, 26.0, 26.0, 26.0, 26.0, 26.0, 26.0, 26.0, 25.2, 25.0, 24.6, 24.0, 24.0, 24.0, 23.2, 22.8, 24.8, 22.4, 20.0, 17.6, 21.6, 27.4, 25.8, 22.8, 14.2, 5.6, 0.0, 0.20000000000000004, 0.6000000000000001, 0.6000000000000001, 0.4000000000000001, 1.7999999999999998, 9.2, 7.4, 7.0, 7.0, 5.4, 5.0, 4.4, 4.0, 4.0, 2.6, 1.2000000000000002, 1.6000000000000003, 0.0, 0.4000000000000001, 0.8000000000000002, 0.8000000000000002, 10.2, 11.0, 11.0, 9.0, 8.0, 8.0, 8.0, 8.0, 7.0, 6.6, 7.0, 6.0, 5.0, 6.6, 7.800000000000001, 6.8, 6.6, 8.2, 9.0, 9.0, 9.6, 11.0, 10.6, 9.2, 10.8, 12.0, 11.8, 12.4, 18.4, 27.0, 27.6, 28.8, 27.2, 29.0, 29.0, 28.6, 28.6, 28.4, 29.0, 29.0, 28.0, 29.0, 29.0, 29.0, 29.0, 29.0, 29.0, 29.0, 28.8, 27.6, 27.6, 28.4, 27.6, 27.0, 27.4, 28.4, 29.0, 29.0, 29.0, 29.0, 29.0, 29.0, 29.0, 29.0, 29.0, 29.0, 29.0, 29.0]}