{"day": 6, "month": 3, "station_id": 427, "predict": [31.168935767339757, 31.416377209799247, 31.85513523143288, 32.34977161096724, 32.50062781810173, 32.6416686267523, 32.77352656982848, 32.896798699156896, 33.21204396090782, 33.45311834300663, 33.55384381473366, 33.648010529659786, 34.00271222901667, 34.48501484503522, 34.56195831170344, 34.96722492430925, 35.034474255421436, 35.09734463448347, 34.55612119773003, 35.2110705146996, 35.26244179720818, 35.310468029600436, 35.35536702540436, 35.39734241518167, 34.21438075986536, 34.34253060255547, 34.452518913028726, 34.553986449722416, 34.91530185592583, 35.07039960600816, 35.15304086852034, 35.230274010724074, 35.30245330048109, 35.103242824752265, 34.766284982434165, 34.825201942456005, 34.88026363947567, 34.66505567805302, 34.646480488562716, 34.69142507405221, 34.73342868640575, 34.77268376978301, 34.809370175656525, 34.84365598682094, 34.8756982874828, 34.90564388295905, 35.06696330561508, 37.02645144345711, 34.88049894634525, 35.068949509504634, 35.07732519784382, 35.27644893313774, 35.66314626204859, 35.571050557956845, 34.80088519497098, 34.686719642543515, 34.96258338272137, 35.09579481900645, 35.22029655906622, 35.33665806163812, 35.44541155556206, 35.54705447158631, 35.44205171723195, 35.13083780319986, 34.613818830785576, 34.15804101602379, 33.43052575905361, 33.56493793331111, 33.22825406863702, 32.08743043523569, 31.87607103496796, 32.26109550603651, 29.43699249127573, 30.67984337874493, 30.4550094771688, 31.420166307517036, 31.974772406066247, 32.31935649259327, 32.38788245949731, 32.5142911490563, 32.96581962127338, 32.80966818425828, 32.846335846090035, 32.809622529713955, 32.76663117471672, 33.451103039920696, 34.06341954522241, 33.070603993824754, 32.67298984924037, 32.93755557432867, 32.99792603916427, 33.05437383742692, 33.24048718392362, 32.623171065467226, 32.40264831697497, 32.379127294312376, 30.486894318655377, 30.224150182098644, 33.022550384633774, 33.608957242900196, 33.58326942144615, 33.74616486109651, 33.63171077604832, 33.44060595740153, 33.9735050550012, 34.43101999743511, 34.74705593591506, 35.18881385041306, 35.02345967319564, 35.184793254017805, 35.40658384157843, 35.28923875745076, 35.23313860501978, 35.438639022056975, 35.839405651668834, 38.16908233915949, 38.8279592285205, 38.882974098464956, 38.934380277491286, 38.91574781039203, 37.092255400190545, 36.85436117564611, 37.00754120477072, 37.01735575611397, 37.350902123462866, 37.608791882599, 37.72495888750634, 37.83330086748244, 37.93434482131141, 38.02858233769669, 37.91647190414923, 37.86510779242488, 38.2082221372267, 38.34618687623148, 38.746015559627374, 38.80803170445335, 38.865870368592375, 38.91981295207245, 38.970121899483644, 39.55037531017214, 39.72746812909004, 39.76827992409478, 39.80634258843507, 39.8418413067961], "test": [30.0, 30.0, 30.0, 30.0, 30.0, 30.0, 30.0, 30.0, 30.0, 30.0, 30.0, 30.0, 30.799999999999997, 30.999999999999996, 31.6, 32.0, 32.0, 32.0, 32.0, 32.0, 32.0, 32.0, 33.2, 34.0, 34.0, 34.0, 34.0, 34.0, 34.0, 34.0, 34.0, 34.0, 34.0, 34.0, 34.0, 34.0, 34.0, 34.0, 34.0, 34.0, 34.0, 34.0, 34.0, 34.0, 34.0, 34.0, 34.0, 34.0, 35.0, 36.0, 36.0, 36.0, 36.0, 36.0, 36.0, 36.0, 35.2, 35.0, 34.6, 33.2, 34.0, 34.0, 34.0, 33.2, 33.0, 33.0, 33.0, 33.0, 31.399999999999995, 30.999999999999996, 30.2, 30.0, 29.2, 29.0, 29.4, 30.0, 30.0, 30.0, 30.0, 28.8, 29.0, 29.0, 28.200000000000003, 29.0, 30.2, 30.600000000000005, 29.6, 26.6, 27.2, 30.0, 27.4, 30.0, 31.399999999999995, 31.399999999999995, 30.0, 29.6, 30.0, 30.0, 30.4, 30.999999999999996, 30.2, 30.0, 30.999999999999996, 31.6, 31.199999999999996, 31.8, 33.4, 34.8, 35.2, 34.6, 35.8, 37.0, 38.0, 37.0, 37.6, 39.8, 40.6, 38.8, 37.0, 37.0, 37.0, 37.0, 37.0, 36.6, 37.0, 37.0, 37.0, 37.0, 37.0, 37.0, 37.0, 37.0, 37.0, 37.0, 37.0, 37.0, 37.0, 37.0, 37.0, 37.0, 37.0, 37.0, 37.0, 37.0]}