{"day": 0, "month": 7, "station_id": 270, "predict": [29.53836193664252, 30.189926461534384, 30.23446416581114, 29.829059800924004, 29.025384930507848, 28.673819607344605, 28.324435904502444, 28.02723260777392, 27.83219121681926, 27.78928930619924, 27.698503711453967, 27.50981128721157, 27.32318908594736, 27.138614398519444, 26.956064761744123, 26.775517958129125, 26.596952013758287, 26.420345195757662, 26.245676009683976, 26.07292319691657, 25.902065732071957, 25.733082820445386, 25.565953895479975, 25.550658616263718, 27.923196002078345, 27.59149076256092, 27.1101059820028, 26.880274406253925, 26.702275028816125, 26.576158930928944, 26.60192285802319, 26.429550727209367, 26.259023551655112, 26.090321812158777, 25.8234260225553, 25.558316863211456, 25.44497521125193, 25.383382146107625, 25.52351894918048, 25.865367102119137, 25.85890828477993, 27.104124373130123, 28.800997437154493, 29.599509738779776, 29.89964372982029, 29.451382049945217, 29.45470752466763, 28.75960316335503, 27.690173994279757, 29.68047490457973, 31.0, 31.0, 31.0, 31.0, 31.0, 31.0, 31.0, 31.0, 31.0, 31.0, 31.0, 31.0, 31.0, 31.0, 31.0, 31.0, 31.0, 31.0, 31.0, 31.0, 31.0, 31.0, 27.23216092864349, 27.444151703014512, 27.141002116924383, 27.67230194467358, 27.650043519224234, 27.72712521878732, 27.954245823121536, 27.581572103997498, 26.10914217778341, 25.586963067135905, 25.365034298708682, 25.643353610629376, 25.471918332732354, 26.200725720130933, 27.029773033628963, 26.45905755890149, 25.438576610868203, 26.51832753448827, 26.348307704692555, 26.228514526110207, 24.908945432748354, 25.189597887663375, 25.070469382632904, 25.301557437830972, 24.48563893449636, 25.301468366704643, 23.936515683272074, 23.176226755711653, 21.567126864578654, 21.058385789693705, 19.44980452303083, 16.79133472703996, 13.382964036416707, 10.17468868124091, 7.916506952423136, 7.758417641899998, 6.600419670228939, 4.592511997598658, 3.884693602487813, 3.4269634764714687, 2.519320622882901, 1.4617640563967331, 2.0042928028330804, 1.4969058990155317, 1.6896023926430566, 1.5323813421663033, 1.725241816665991, 1.8181828957328472, 4.380367601001811, 4.757519960258284, 4.787415345048234, 4.3065492938478664, 4.223459503789265, 4.640140732215891, 4.807056528750531, 4.974312131251118, 5.891928958403284, 6.309908848849135, 6.878249094672285, 6.996945959283581, 6.565995500314008, 6.135393761802532, 6.405136818784365, 7.175220787340897, 7.495641826570924, 7.766396138675534, 7.637479968605754, 7.958889603612069, 8.330621372775132, 8.30267164653616, 8.725036836231306, 8.897713393630994], "test": [30.0, 30.0, 30.0, 30.0, 30.0, 30.0, 30.0, 30.0, 30.0, 30.0, 30.0, 30.0, 30.0, 30.0, 30.0, 30.0, 30.0, 30.0, 30.0, 29.399999999999995, 27.999999999999996, 27.999999999999996, 27.999999999999996, 28.0, 27.999999999999996, 28.0, 28.000000000000004, 27.999999999999996, 27.999999999999996, 28.000000000000004, 27.999999999999996, 27.999999999999996, 27.6, 26.999999999999996, 27.6, 28.0, 29.0, 28.6, 27.799999999999997, 28.2, 28.4, 29.8, 30.0, 28.8, 27.0, 27.0, 25.8, 28.4, 27.8, 25.8, 21.8, 24.0, 26.0, 29.8, 30.0, 29.6, 29.8, 30.0, 30.0, 28.4, 28.2, 29.0, 29.0, 29.2, 30.0, 29.0, 29.0, 28.2, 27.0, 27.0, 27.0, 27.0, 27.0, 27.0, 27.0, 27.0, 26.4, 26.8, 26.0, 25.0, 26.0, 26.0, 26.0, 26.0, 26.0, 27.0, 26.8, 27.8, 28.6, 28.0, 27.6, 27.0, 25.4, 23.8, 24.8, 24.6, 25.2, 23.4, 22.2, 20.8, 17.6, 19.0, 19.8, 15.799999999999999, 11.6, 9.0, 7.2, 2.1999999999999997, 0.40000000000000013, 0.0, 0.0, 0.0, 0.0, 0.8, 0.20000000000000007, 0.6, 2.6, 0.19999999999999998, 2.8, 4.0, 4.0, 3.4, 5.0, 4.8, 4.0, 6.6, 9.0, 9.0, 9.4, 7.4, 6.8, 8.0, 8.0, 8.0, 8.0, 8.0, 7.0, 7.2, 8.0, 6.0, 6.0, 6.0, 6.0, 6.0]}