{"day": 4, "month": 7, "station_id": 195, "predict": [29.88840671896924, 29.706352302106442, 29.32950588904585, 29.425021727657022, 29.45933398728275, 29.365495700433836, 29.343236060186673, 29.52563132134963, 29.445771157061742, 29.370091325012716, 29.96503966968504, 30.0, 30.0, 30.0, 30.0, 30.0, 30.0, 30.0, 30.0, 30.0, 30.0, 30.0, 30.0, 30.0, 29.984032405769046, 29.96752491338222, 29.951764058092635, 29.93681920300416, 29.922656927435508, 29.909237012682407, 29.89652061112867, 29.884470848105337, 29.873052776561902, 29.5955666143573, 29.51864764867423, 29.50893281171627, 29.033060594473245, 29.024337631671035, 29.149405291005017, 29.141572933099475, 29.134151175313562, 28.92711849252544, 28.453787821370213, 28.580806501083938, 28.508156217448807, 28.035819616343606, 26.563780253412002, 25.75868921303609, 25.604139817051486, 24.13591181119912, 20.74259695103353, 18.219495266037043, 14.966053085409666, 10.648748507031545, 6.13409847495357, 2.8886302770582244, 1.3788787221282217, 0.871385549079006, 1.0326990467644568, 0.6627070425223416, 0.6946365767929952, 1.5950535949084625, 2.097195988380377, 2.1343066514968467, 1.5729665524251133, 1.946427818059574, 2.0546134985613285, 1.697450677573195, 2.1415369274632634, 2.386806775650613, 2.566531514765644, 2.747319022761242, 4.255870942322178, 4.642326478031099, 4.232434738927492, 3.3598892907411155, 3.157859406574738, 3.359478314806019, 3.0312192409160104, 2.706232001395392, 2.5176761301589634, 2.865387057392744, 2.61587562178446, 2.3023276063731046, 2.0579366321848163, 2.0159037418745136, 2.6427703388165558, 3.6050844804710804, 7.769400524913673, 7.868945462808325, 7.770285267159592, 7.939991259899498, 7.711306494414921, 7.6841454865020085, 7.191760626279188, 7.900741936966213, 0.6539389894061667, 2.6356272988001006, 5.425120515887956, 8.8663503722723, 10.824699021773037, 12.434170902540819, 16.895577276193407, 20.876369192499777, 22.57729071195047, 23.3990463365748, 24.875636324643196, 25.341025350286625, 24.729144401048803, 25.040559241876686, 24.942472116638847, 25.16872335886411, 24.786459583202866, 24.929468462196063, 25.1981800926929, 25.526334956026684, 25.047651809172383, 26.02916217723525, 27.404544784089875, 27.57412659113657, 19.573614665514167, 20.222127128281127, 20.507830651083438, 21.234638702987688, 21.47076862630369, 21.68415891843233, 21.67599694279716, 21.914073160687433, 20.73278595830771, 20.933144848037756, 21.71610671009381, 21.68257853767114, 21.633420037908518, 22.102779430487594, 22.558095784363516, 22.93343456600272, 23.1628230721467, 24.31358575312209, 24.58634609907002, 25.248361761170433, 25.433526246321357, 25.809037190132862, 25.975397879508563, 25.93308536251408], "test": [29.4, 29.8, 30.0, 30.0, 30.0, 30.0, 30.0, 30.0, 30.0, 30.0, 30.0, 30.0, 30.0, 30.0, 30.0, 30.0, 30.0, 30.0, 30.0, 30.0, 30.0, 30.0, 30.0, 30.0, 30.0, 30.0, 30.0, 30.0, 30.0, 30.0, 30.0, 30.0, 30.0, 30.0, 30.0, 30.0, 30.0, 29.4, 30.0, 30.0, 30.0, 30.0, 30.0, 30.0, 30.0, 29.6, 28.6, 27.0, 24.0, 23.4, 19.6, 13.4, 9.0, 4.2, 0.19999999999999962, 0.0, 0.0, 0.0, 0.0, 0.2, 0.0, 0.0, 0.0, 0.0, 0.20000000000000004, 0.6, 0.0, 0.0, 0.0, 1.2, 3.7999999999999994, 4.0, 3.4, 3.7999999999999994, 4.6, 3.7999999999999994, 5.2, 5.6, 5.0, 2.8, 1.6, 2.0, 3.4, 2.4, 0.6, 0.0, 0.0, 0.4000000000000001, 0.9999999999999998, 0.0, 0.0, 0.0, 0.0, 2.8, 3.2, 0.9999999999999998, 2.0000000000000004, 2.2, 1.9999999999999996, 2.8, 3.2000000000000006, 2.999999999999999, 17.2, 20.7, 21.85, 22.95, 23.549999999999997, 24.0, 12.4, 11.799999999999999, 11.799999999999999, 12.2, 13.0, 13.6, 15.199999999999998, 18.0, 18.4, 17.2, 18.0, 19.0, 18.8, 18.6, 20.0, 20.0, 20.0, 20.4, 21.6, 22.0, 23.0, 23.0, 23.0, 23.0, 21.8, 21.8, 23.0, 23.0, 23.0, 25.6, 26.0, 26.0, 26.0, 26.0, 27.4, 28.2]}