{"day": 2, "month": 1, "station_id": 101, "predict": [17.192572620221206, 17.338114071030542, 17.50611381498726, 17.670362151283275, 17.8259926695001, 17.972482591975915, 18.110170648251547, 18.239545170335532, 18.36109982226533, 18.475305564169442, 18.58260634526401, 18.683419572952864, 18.778137479028125, 18.867128592936016, 18.950739164837888, 19.029294510597182, 19.103100277079008, 19.172443631282366, 19.237594377644122, 19.29880600780309, 19.356316686896626, 19.410350180224768, 19.46111672388692, 19.50881384277853, 17.15847262086114, 17.339791709568633, 17.516677244362675, 17.6840823435295, 17.84149559867239, 17.93930555543924, 17.728055439529097, 17.758291830547638, 17.3805353034989, 17.245276032728107, 17.252974426162154, 17.004062699106587, 17.0489465525692, 17.138006789913295, 16.621600842783717, 14.95006420512374, 10.823711779536294, 7.992839141084421, 7.357723723539495, 7.868625932825102, 9.825790192122533, 12.329445922831725, 14.329808465324549, 14.027079943185665, 2.452964677771571, 0.24407582260976346, 0.0, 0.0, 0.0, 0.0, 0.0, 0.0, 0.0, 2.0816958839941484, 5.047379109150988, 5.990467314701358, 6.362356609955032, 6.514356843414116, 6.6976969305500385, 6.163529854088071, 6.362937355685963, 6.746934337794443, 6.616472993548637, 6.37244668148279, 6.8656935608328, 7.297000002218917, 7.667103787587477, 8.276697112432958, 6.2470758969690285, 5.0528332318812925, 4.4669472856707815, 3.569506597468315, 4.107218644438165, 4.180184481629116, 3.7891595409395435, 3.6349887147759326, 3.4684921211431843, 3.4904441423931356, 4.101571634246747, 4.452555949231066, 5.244035600345899, 5.726608916226307, 6.150836562167266, 5.317243909291292, 4.976323255993132, 4.878535909835829, 4.924314138449675, 4.964062997632046, 3.298162044368523, 0.5769669420175476, 1.000810964446632, 0.9200064054811853, 3.542927614768653, 2.9294950273887057, 2.1285182767026103, 2.3752843113372086, 2.826883148328671, 2.2844690260037983, 2.3479639317550407, 2.767050283370482, 3.391379386655216, 4.270614228767133, 5.054437339138982, 6.592551343908543, 6.884678047843141, 10.23055727216461, 15.329945703555795, 16.832615804234123, 17.838354789829477, 18.346963672930894, 19.258256368521888, 19.72205885739256, 19.6882084037906, 20.156552823798833, 19.82694980115109, 20.299266247410777, 22.0, 22.0, 22.0, 22.0, 22.0, 22.0, 21.84832090862577, 21.809951753871296, 21.927373689193864, 21.750207711045356, 21.678099222352945, 21.710716775457318, 21.647750626883393, 21.588911329964628, 21.533928407754903, 21.482549110406403, 21.43453725346191, 21.289672132175326, 21.097747506965188, 21.258570655357474, 21.271961486063788, 21.237751711123384, 21.205784072303594, 21.175911618202598], "test": [16.2, 16.0, 16.6, 17.0, 17.0, 17.0, 17.0, 17.2, 17.0, 17.0, 17.0, 17.0, 17.0, 17.0, 17.0, 17.0, 17.0, 17.0, 17.0, 17.0, 17.0, 17.0, 17.0, 17.0, 17.0, 17.0, 17.0, 17.0, 17.0, 17.0, 16.4, 16.0, 16.0, 16.0, 16.0, 16.0, 16.0, 15.8, 14.599999999999998, 12.399999999999999, 8.0, 8.0, 5.4, 3.6, 2.5999999999999996, 3.200000000000001, 3.4, 3.6000000000000014, 5.6, 6.400000000000001, 0.8000000000000003, 0.20000000000000007, 2.2, 0.6000000000000002, 0.0, 0.0, 0.8000000000000003, 3.0, 4.2, 6.199999999999999, 7.0, 6.6, 6.0, 6.199999999999999, 7.4, 7.0, 6.0, 6.0, 6.0, 6.6, 6.0, 6.0, 7.0, 7.0, 7.6, 7.4, 5.8, 4.0, 3.4, 3.0, 3.6, 4.0, 5.0, 5.2, 3.6, 3.0, 2.1999999999999993, 1.6000000000000005, 2.0, 0.20000000000000007, 0.40000000000000013, 0.0, 0.8000000000000003, 1.0, 2.6, 3.6, 2.8, 1.0, 1.4, 1.0, 0.0, 1.4, 3.0, 3.2000000000000006, 6.0, 5.4, 7.0, 9.6, 8.0, 10.6, 12.200000000000001, 13.6, 18.6, 21.4, 21.2, 21.6, 22.0, 21.4, 21.4, 22.0, 21.6, 22.0, 22.0, 22.0, 21.6, 21.0, 21.8, 22.0, 22.0, 22.0, 22.0, 22.0, 22.0, 21.6, 21.4, 22.0, 22.0, 22.0, 22.0, 22.0, 22.0, 22.0, 22.0, 22.0]}