{"day": 4, "month": 8, "station_id": 177, "predict": [17.90201523902161, 17.98304382277406, 18.061836486881788, 18.042893169651954, 17.527229230351, 16.81500994403058, 16.906195102933907, 16.850696677955202, 16.94841732447531, 16.89925973218388, 16.803128842422225, 16.709932322309232, 16.619580614378535, 16.531986884366574, 16.44706694604181, 16.36473918232034, 16.284924467319218, 16.207546090429307, 16.132529682617744, 16.059803144958487, 15.989296579339186, 15.92094222128192, 15.854674374814287, 15.790429349328441, 18.879636716013305, 18.733458608435114, 18.584503375792302, 18.438303850334677, 18.296110351354773, 18.15812786185053, 18.124308501869884, 18.394545459362437, 18.26872038057298, 18.146714885157312, 17.778413300487, 17.363703248696876, 16.952475710513603, 16.94462496340839, 16.840048491332112, 17.038646889773574, 16.640323771884056, 15.74498567700732, 15.702541981877665, 15.912904814487339, 16.075988970562307, 15.24171183257221, 15.109993291198714, 15.830755669187907, 20.509604065400186, 18.738707480400606, 20.440500614619044, 19.053330805983876, 19.37417485485336, 19.152131411191277, 17.686824443700306, 16.528011450314832, 16.775487207994427, 15.479060025449717, 15.288545785651293, 15.803766356322868, 16.77454907579935, 16.900726506421748, 16.932136257188162, 16.31862082691147, 16.210027455819105, 15.706207982532694, 16.357018705576714, 17.412320249110923, 17.671977432717842, 17.185859145113202, 16.75383822165868, 16.52579132556188, 9.678687334597406, 9.583420499077363, 9.717081018524926, 8.881321323194665, 8.889321715774818, 8.894474425809214, 9.597680525221627, 9.849206211841166, 10.949155060502026, 11.797588191886431, 12.994554874852632, 13.040100343125935, 13.4342678146349, 13.977099035136442, 14.218634445532278, 14.80891325257888, 14.54797347417033, 14.235851977327094, 14.322584513528428, 13.608205752592484, 12.592749315433885, 12.12624780580548, 11.358732841073452, 9.890235082059753, 2.55354071417086, 3.63206152098656, 3.3001060270248477, 3.0730799286731947, 2.9922643456814777, 2.4555750362106, 0.962625521270781, 1.5634604649557058, 0.058230806519307676, 0.5971105337683649, 1.530275455553514, 1.057897878830872, 0.0, 0.0, 0.0, 0.0, 0.0, 0.0, 0.0, 0.0, 0.0, 0.0, 0.0, 0.0, 9.856765344026758, 9.554951850207743, 9.379750931168285, 9.202752576670585, 9.279334422770527, 9.260744346819349, 9.197181029479397, 8.688579286026915, 12.034810189758996, 12.63573198925148, 12.541202986050326, 12.201084716666308, 13.015242665567978, 12.683546351657535, 12.305869257913555, 12.33208872386631, 12.562085831330638, 12.495745291070314, 12.482955332269658, 11.973607595212181, 11.967597027192205, 12.01482178159233, 12.1151831200382, 12.368585317538692], "test": [18.0, 18.0, 18.0, 18.8, 20.0, 20.0, 20.0, 20.0, 20.0, 19.0, 19.0, 19.0, 19.0, 19.0, 19.0, 19.0, 19.0, 19.0, 19.0, 19.0, 19.0, 19.0, 19.0, 19.0, 19.0, 19.0, 19.0, 19.0, 19.0, 19.0, 19.8, 20.0, 20.0, 20.0, 20.0, 19.2, 19.0, 19.0, 20.6, 22.0, 22.0, 21.6, 21.0, 20.8, 21.0, 21.4, 21.8, 22.0, 22.0, 21.4, 20.2, 16.4, 13.8, 14.6, 16.6, 15.2, 14.400000000000002, 13.600000000000001, 13.0, 12.0, 11.0, 11.0, 11.0, 9.6, 10.0, 9.4, 9.2, 8.8, 8.0, 8.2, 8.4, 9.8, 10.0, 10.0, 9.8, 9.0, 9.8, 11.0, 11.0, 10.0, 10.0, 10.4, 10.8, 10.6, 10.8, 10.8, 9.2, 8.4, 7.6, 9.2, 10.2, 11.0, 9.6, 6.6000000000000005, 5.2, 3.0, 2.5999999999999996, 3.4000000000000004, 3.0, 3.0, 3.0, 4.8, 7.6, 7.000000000000001, 7.200000000000001, 11.0, 7.8, 5.0, 3.4000000000000004, 6.2, 10.6, 10.2, 11.0, 12.4, 10.8, 11.400000000000002, 10.600000000000001, 9.0, 9.0, 9.8, 8.4, 10.0, 11.0, 11.0, 9.8, 9.2, 9.0, 9.0, 9.6, 9.0, 10.8, 10.8, 10.0, 10.0, 11.4, 12.0, 12.0, 12.0, 12.2, 13.0, 13.0, 13.0, 13.0, 13.0]}