{"day": 5, "month": 2, "station_id": 73, "predict": [5.921215988135312, 5.956100387619653, 6.563407229627052, 7.176993439066256, 7.7892652470842805, 8.598492303856185, 9.004307320238917, 9.273326198718829, 10.005571337860683, 10.80108171168645, 11.059899716128173, 11.315401449096724, 11.56762933926253, 11.749958654283777, 12.462430802628838, 13.038419998180192, 13.544633264952362, 13.781110443319989, 14.347890863198028, 14.578346683890127, 14.80584956720656, 15.030437350504135, 15.252147386312144, 15.471016548544616, 8.213045458187878, 8.473000081979066, 8.741418070292578, 9.009423575800746, 9.274988181182682, 9.537668873145334, 9.797389478119037, 10.054158473421646, 10.308003642049806, 10.558956943577124, 10.807051013943658, 10.785651691532337, 10.96145783350223, 11.201167943160797, 11.43814683073256, 11.672425615158545, 11.904035060975556, 11.666338915564195, 11.492700579780408, 11.716483111897137, 12.13771589817278, 12.023094656709706, 11.972648107935814, 11.653071311709262, 4.721264352835174, 4.724830800022424, 4.781258087596648, 5.2325004523483525, 5.680570100517379, 6.059285556920435, 6.302112352072718, 6.609100924298853, 6.846949285234169, 6.282350832839086, 7.448664365381807, 7.07924819016208, 6.107460304689968, 5.933325107229806, 5.623533408936154, 5.644775771969149, 5.063742512557433, 4.347123703643601, 4.1616091774133235, 5.107221861111259, 4.783984446159896, 4.391919390585514, 4.397715588085549, 4.2680617037378745, 14.022981097004209, 12.938650354109784, 12.8815933701388, 12.73160803156062, 13.64106783045594, 13.681190954869555, 13.586407117558267, 13.690321977872834, 13.926344562091646, 13.627836881799688, 14.261482947209167, 13.29396394363748, 12.325293595537186, 11.822151985476552, 11.651219004665766, 11.879174382270797, 12.972697693755471, 13.131801697540098, 13.489832337115038, 13.11346874284988, 13.136056567048263, 13.757607985633472, 13.71146836647733, 13.664316271042194, 17.04418918092079, 16.68821427777763, 16.179269682074754, 15.481121493638824, 14.585181033637456, 14.622749038868198, 14.860014320098674, 15.230201015276393, 15.666620641584034, 15.969272056138902, 17.13815897042566, 17.039952866050957, 16.807992105778162, 17.042281723273252, 16.676160040468407, 16.10963198975573, 16.009369111891356, 16.642042889371268, 15.874324746974311, 15.906219385750903, 16.4710647836987, 16.768865529770245, 16.26629282454068, 15.763351147534582, 9.654676287663445, 9.391241051955836, 9.431304399050541, 8.996488785725232, 8.692098869550762, 8.65277773784088, 8.878857013526352, 9.303762060285077, 8.727526119327498, 7.550167906929123, 7.83836911907101, 8.658810419644775, 8.611505425330497, 9.029800866686374, 9.647043295817058, 9.796579097957185, 10.145087829167151, 9.62591555224224, 9.305741505498963, 9.3845781047646, 9.795770945316733, 10.205998803792433, 10.548606973405667, 11.023607265807575], "test": [6.199999999999998, 6.4, 6.0, 6.0, 6.999999999999998, 6.999999999999998, 6.999999999999998, 6.999999999999998, 7.000000000000003, 6.999999999999998, 6.999999999999998, 6.999999999999998, 6.999999999999998, 6.999999999999998, 6.999999999999998, 7.000000000000003, 7.000000000000003, 7.000000000000003, 7.000000000000003, 7.000000000000003, 7.000000000000003, 7.6000000000000005, 8.0, 8.0, 8.0, 8.0, 8.0, 8.0, 8.0, 8.0, 8.0, 8.0, 8.0, 8.0, 8.0, 8.0, 8.0, 8.0, 8.0, 8.0, 8.0, 7.400000000000002, 6.999999999999998, 6.4, 5.000000000000003, 5.000000000000003, 4.999999999999998, 4.999999999999998, 4.0, 4.0, 4.0, 4.0, 4.800000000000001, 5.000000000000003, 5.000000000000003, 5.000000000000003, 4.800000000000001, 2.599999999999998, 2.0, 2.0, 2.0, 2.4000000000000004, 3.000000000000002, 3.6, 5.8000000000000025, 11.8, 13.0, 12.4, 12.8, 12.2, 11.2, 13.4, 15.0, 14.4, 13.599999999999998, 14.4, 14.4, 14.0, 14.2, 14.2, 15.0, 14.599999999999998, 14.0, 14.8, 15.0, 13.8, 12.4, 12.8, 14.0, 16.0, 16.0, 18.6, 20.0, 20.0, 19.200000000000003, 18.0, 18.4, 18.2, 20.0, 20.8, 20.6, 20.0, 19.4, 17.4, 15.4, 13.2, 12.4, 12.8, 14.0, 14.2, 15.0, 15.0, 15.0, 14.4, 13.8, 11.600000000000001, 10.8, 9.600000000000001, 9.8, 10.0, 9.2, 8.6, 8.0, 8.2, 8.0, 8.0, 8.0, 8.0, 8.0, 8.0, 8.0, 8.0, 8.0, 8.4, 8.0, 8.2, 9.4, 10.0, 10.8, 11.0, 12.8, 14.4, 15.0, 15.0]}