{"day": 3, "month": 11, "station_id": 14, "predict": [17.360609190368027, 16.82608448540481, 16.309666075477274, 15.671704279662823, 15.109135783536756, 14.670847638912402, 14.755536381652282, 14.262001497998332, 13.739100608144646, 13.735751899396515, 13.55093018828784, 13.233664057347413, 12.833033021269255, 12.398164858455006, 12.12823308013627, 11.872454532522063, 11.630087124626863, 11.60042767524084, 11.432809872788217, 10.52660234215573, 9.53120681288231, 9.246056383395405, 9.170613876257914, 9.00437027965386, 23.91323379384726, 23.032590369535036, 22.17501352109615, 21.363432961139864, 20.59218033182887, 19.859699822981945, 19.1639798332496, 18.50318419902181, 17.8755585421041, 17.27943799766826, 16.713241070541283, 16.67546568045412, 16.414685143528228, 15.929544392060343, 15.468756378961993, 15.431098663397814, 18.16541016771629, 19.52058809718747, 22.24558501435957, 25.489406060275076, 28.2011063151742, 20.82978829168377, 23.074599553841196, 18.234730455636956, 16.336108168080056, 13.210071502465532, 20.85689171978646, 17.24410801981253, 19.43912961849543, 16.789286487483523, 18.294618476149743, 14.804818419886859, 18.819641223788963, 18.73884820521632, 18.162213798929354, 21.089523938493123, 23.270575590918604, 24.055176171781124, 24.79314300968387, 25.634302835706787, 24.47849129948053, 23.575552510122908, 26.625338600810522, 26.327709315762093, 24.082531618480825, 24.08967932016136, 24.899032727223524, 25.160478306988296, 24.75790734628074, 25.35083532866218, 26.21410833315988, 26.226595477211838, 25.691452651767065, 25.80807314667703, 25.926440247230964, 25.796451446239153, 25.36802301824316, 26.141073506384757, 27.06552601539323, 27.191307600114534, 25.168349118076527, 22.696585022648094, 22.675953177368413, 22.306394678320025, 22.787853685993433, 21.770277265859878, 20.603615237244064, 19.687820030058266, 17.722846548989725, 15.608652044753573, 12.84519599204358, 12.132439973832472, 21.19173000417078, 33.280159373117336, 39.33950013890822, 43.133557259810765, 41.250883600327306, 40.54170041352515, 42.754516203172955, 36.63818151718157, 38.191568505785526, 36.91361623828217, 37.2033199474156, 32.70972910647721, 31.7319443397514, 31.119114694764857, 35.170435031308635, 35.88514355565671, 32.91251948682285, 25.001880848568916, 18.952582380268083, 14.414013560243864, 11.235596735526208, 8.46678535229624, 5.207062281598665, 4.205938235192927, 2.338865903255356, 1.960599510732847, 2.031935150258966, 1.8082496617859833, 3.3883669146293847, 5.672238541337767, 8.009637755264317, 12.500380644211447, 11.944287888679458, 11.891190633912407, 11.44092889134583, 10.34335124184333, 9.648314348035113, 9.255682527837811, 9.415327344776973, 8.827127221202371, 8.490967071985967, 8.156737957810567, 8.074336756968691, 8.143665854688955, 7.014632849053022, 6.587150272617281, 6.561135328900548, 6.7865096429439475], "test": [17.0, 17.0, 19.0, 22.0, 22.0, 22.4, 23.0, 23.0, 23.000000000000004, 23.0, 23.8, 24.0, 24.0, 24.800000000000004, 25.0, 25.0, 25.0, 25.0, 25.0, 25.0, 25.0, 25.0, 25.0, 25.0, 25.0, 25.0, 25.0, 25.0, 25.0, 25.0, 11.8, 7.0, 7.0, 7.0, 7.0, 6.0, 6.0, 6.0, 6.6, 7.0, 7.199999999999999, 8.0, 12.0, 14.8, 15.600000000000001, 17.0, 25.0, 14.599999999999998, 19.0, 30.800000000000004, 13.0, 19.4, 13.2, 13.4, 20.6, 4.200000000000001, 13.2, 6.8, 5.000000000000001, 6.199999999999999, 7.4, 10.000000000000002, 12.0, 17.4, 21.0, 20.2, 21.2, 24.0, 23.6, 25.0, 25.6, 25.200000000000003, 25.4, 25.0, 23.8, 23.8, 23.0, 23.0, 23.0, 23.8, 24.0, 22.8, 22.6, 23.2, 24.0, 22.6, 23.2, 21.8, 21.2, 19.0, 18.0, 18.0, 16.4, 17.0, 21.4, 22.2, 22.0, 33.2, 38.6, 35.6, 39.4, 29.199999999999996, 25.200000000000003, 37.8, 26.4, 25.4, 35.2, 24.4, 30.2, 27.6, 29.8, 33.4, 25.4, 18.4, 15.400000000000002, 14.399999999999999, 10.6, 7.0, 4.0, 3.2, 0.4, 0.2, 0.4, 0.0, 0.19999999999999996, 0.7999999999999998, 0.0, 0.0, 6.8, 9.4, 6.6, 5.0, 3.2, 2.3999999999999995, 1.4000000000000004, 0.6000000000000005, 0.20000000000000062, 1.0000000000000004, 1.5999999999999996, 1.1999999999999997, 0.9999999999999998, 0.9999999999999998, 0.9999999999999998, 0.20000000000000062]}