{"day": 3, "month": 7, "station_id": 246, "predict": [25.91114930497677, 26.947353447692546, 27.994004022556968, 29.18545626227169, 29.858781667607165, 30.350956981948205, 30.665377321822373, 31.2718639994654, 31.77334766645317, 32.37255085096645, 33.00533606915239, 33.40738622244221, 33.78088401988987, 34.12785716131705, 34.45018934558842, 34.74963049711327, 35.02780626609278, 35.286226854089065, 35.52629521282978, 35.74931466075894, 35.95649595868395, 36.14896388293209, 36.66109666503514, 36.82719833109322, 39.93336683977965, 39.867271839179146, 39.80561247019845, 39.74832139581002, 39.69510359970583, 39.71233705796459, 39.933086020111205, 40.02376714701687, 40.184148208707946, 40.14734682365477, 40.11316261782785, 40.08140946706119, 40.05191448365526, 40.024517075048195, 39.99906806943079, 39.97542890354459, 39.953470868240714, 39.933074407691834, 39.9141284684416, 39.69652989474723, 39.346849533589854, 39.19833171296109, 38.05089375725194, 37.371125537105456, 38.62673143662436, 38.121109350045, 35.95984018431427, 33.60554711772827, 30.590860441417853, 25.0486525210632, 17.245174045403996, 10.780039508949908, 7.986224324619144, 6.596729475271131, 4.877913017720789, 3.2128217200569607, 3.8511894869425873, 3.942769230742495, 3.787331513766624, 3.8846632875005014, 7.417900055228231, 7.603524784948244, 8.008033566608232, 8.397934674779075, 7.823081031617094, 7.916669398665264, 10.02857295971894, 9.475340623965607, 9.560174190026398, 9.744214633831682, 9.942400350503831, 10.840562514472492, 11.488847081874722, 12.77058757903551, 13.05244242780906, 13.63440345092277, 14.166463025686832, 18.181947408130558, 14.947516695743115, 14.196498124434736, 14.12888603466533, 14.178008506665241, 13.460527331247192, 13.676437982714331, 13.859069593713869, 13.891751598563253, 13.141147044919217, 10.10725257366926, 11.273398400267261, 9.939581630742769, 10.605799578954416, 10.938716418331452, 14.204642465612109, 14.011337990907965, 13.894586513097012, 15.328636014775674, 16.512749796792804, 16.979088188171122, 17.859865243663425, 18.287373750022322, 18.927314703251724, 22.178792026394056, 25.774307560726186, 23.8130897445441, 26.977755960335276, 34.68430852658825, 35.31546431182691, 36.153984616715995, 35.79933863824942, 36.317700498093, 37.30861315177812, 37.038319163308834, 37.03975833085775, 36.91256548359152, 36.58973510395836, 36.470952763992386, 41.0, 41.0, 41.0, 41.0, 41.0, 41.0, 41.0, 41.0, 41.0, 41.0, 41.0, 41.0, 41.0, 41.0, 41.0, 40.941088435601074, 40.51596993786142, 40.630795235242914, 41.0, 41.0, 40.077008616081535, 39.81384555501729, 39.75523156246828, 39.56750567651561], "test": [25.2, 26.0, 26.0, 26.0, 26.400000000000002, 27.0, 27.0, 27.0, 27.0, 27.0, 27.0, 27.0, 28.000000000000004, 28.000000000000004, 28.000000000000004, 28.000000000000004, 28.000000000000004, 28.000000000000004, 28.000000000000004, 28.2, 38.4, 40.0, 40.0, 40.0, 40.0, 40.0, 40.0, 40.0, 40.0, 40.0, 40.0, 40.0, 40.0, 40.0, 40.0, 40.0, 40.0, 40.0, 40.0, 40.8, 41.0, 41.0, 41.0, 41.0, 41.0, 41.0, 40.6, 38.8, 36.6, 32.8, 32.0, 28.4, 23.4, 16.2, 3.600000000000001, 2.6, 1.8000000000000005, 0.20000000000000018, 0.8000000000000002, 0.4000000000000001, 1.0, 0.8000000000000002, 0.20000000000000018, 0.20000000000000018, 1.8000000000000005, 2.0000000000000004, 2.2000000000000006, 1.4000000000000001, 0.9999999999999998, 1.4000000000000001, 9.0, 9.2, 7.6, 6.0, 6.800000000000001, 8.8, 10.4, 11.0, 10.0, 10.0, 9.4, 8.6, 7.8, 7.000000000000001, 6.4, 6.2, 6.4, 8.0, 8.0, 8.6, 10.0, 10.2, 11.0, 11.2, 12.2, 14.800000000000002, 15.0, 13.600000000000001, 12.2, 7.200000000000001, 3.8, 5.6, 8.2, 8.8, 8.8, 9.6, 9.399999999999999, 8.599999999999998, 25.349999999999994, 14.6, 16.8, 16.0, 19.8, 25.2, 26.8, 30.8, 35.2, 39.8, 40.0, 40.0, 40.0, 40.0, 40.0, 40.0, 39.0, 39.4, 39.0, 38.6, 39.2, 40.0, 39.4, 40.0, 40.0, 40.0, 40.0, 40.0, 40.0, 40.0, 40.0, 40.0, 40.0, 40.0, 40.0, 40.0]}