{"day": 3, "month": 9, "station_id": 177, "predict": [22.760951650096427, 22.676068290286167, 22.654593290995617, 22.639083955124292, 22.698050925319645, 22.365043090003333, 22.106587780322734, 21.855805960956793, 21.612474483262368, 21.4430397111885, 21.480620383283515, 21.25834142895131, 21.376000595667787, 21.166734964865835, 20.96368744738643, 20.766673278499752, 20.575513183471486, 20.390033214510197, 20.21006459249973, 20.035443553421096, 19.866011199334864, 19.701613353790755, 19.542100421533505, 19.38732725237735, 22.802395974048355, 22.566849144931766, 22.32852221775725, 22.095032049060784, 21.867904571916814, 21.64732250699067, 21.16650920027736, 20.89196096086018, 20.690165013633127, 20.494277390094442, 20.304125290663478, 20.252874156154455, 20.273694309518405, 20.09976083917397, 20.397586798623614, 20.833689738789786, 20.474591576615495, 20.386818467290464, 19.836900680169425, 20.224705811646004, 19.550105334884567, 19.21297448630871, 20.279858822079927, 19.217307444469224, 21.08381500631789, 19.953235499909216, 21.93513247436161, 20.39845471331815, 21.736201726445717, 25.0, 25.0, 25.0, 25.0, 25.0, 24.278937680785962, 24.853516380931133, 23.83269507678859, 24.483007139824238, 24.004323143596437, 24.39651741328262, 23.926134582526416, 23.859722821001725, 23.86383373190021, 23.405022252431554, 22.88317989054948, 21.69820129781246, 21.5166508449629, 21.405095866812452, 23.1969768459321, 22.396111757061718, 20.836385967441238, 21.274701094903172, 20.78289737689029, 20.695361749787285, 20.47889407873186, 20.466757577159278, 20.192172786808264, 19.78835350212555, 19.85518140753995, 20.392541117990028, 18.93365381782508, 18.21174392110524, 17.093372330821698, 16.245103018374486, 16.80016960216784, 17.691808594663406, 17.386592651766108, 17.351097157941435, 17.318566813690996, 17.622248891991234, 17.79539316363016, 16.037918491377688, 13.41523399467755, 12.865816729817206, 12.649675437246167, 12.48588481945639, 12.31963655913184, 11.15359606441572, 10.255011818679206, 9.95732723059749, 7.993879395364497, 5.564648594250056, 5.536277056585304, 5.575406529119454, 4.882012552495489, 3.3894046583207467, 2.830893064243798, 3.073121997936954, 3.3160696796485145, 3.2263816367033833, 2.7373706847938917, 3.2490169097233164, 3.027967649664218, 3.6075374779335743, 5.854374852940052, 7.835128768622764, 20.268835563725702, 20.428086378779525, 20.459718362728236, 20.6483118132338, 20.782804509795618, 20.59386399206021, 20.28069930281793, 20.042942347395098, 20.080324506857533, 19.65927116480803, 17.37955217014883, 14.040944756154397, 14.309899236432699, 14.652871989529418, 14.402991919016102, 15.16006028214241, 14.857217196483862, 14.89427481916723, 14.937717197373168, 14.654033456401718, 14.576384325126703, 14.504601998713767, 14.838523338489951, 15.37798974219135], "test": [23.0, 23.0, 23.0, 23.0, 23.0, 23.0, 23.0, 23.0, 23.0, 23.0, 23.0, 23.0, 23.0, 23.0, 23.0, 23.0, 23.0, 23.0, 23.0, 23.0, 23.0, 23.0, 23.0, 23.0, 23.0, 23.0, 23.0, 23.0, 23.0, 22.8, 22.6, 23.0, 23.0, 23.0, 23.0, 23.0, 23.0, 23.0, 23.2, 24.0, 24.0, 24.2, 24.0, 24.6, 24.2, 24.2, 25.0, 22.8, 24.0, 23.2, 24.6, 22.8, 22.6, 23.4, 22.4, 24.0, 25.0, 24.4, 22.8, 20.8, 21.4, 23.0, 23.2, 24.0, 24.0, 23.6, 24.0, 24.0, 23.8, 23.0, 23.0, 23.6, 24.2, 23.0, 23.0, 23.0, 23.0, 24.2, 24.0, 24.0, 24.0, 24.0, 23.0, 21.2, 21.2, 22.4, 22.0, 21.6, 21.6, 22.0, 21.4, 21.4, 18.8, 14.2, 13.8, 13.8, 13.4, 13.4, 13.4, 14.000000000000002, 14.400000000000002, 13.4, 14.000000000000002, 19.0, 17.0, 16.0, 19.2, 17.8, 19.6, 20.0, 23.6, 20.8, 19.0, 19.0, 20.4, 22.599999999999998, 21.2, 19.6, 21.0, 21.0, 21.0, 23.000000000000004, 22.800000000000004, 21.999999999999996, 22.200000000000003, 21.6, 20.2, 20.0, 20.6, 21.6, 22.200000000000003, 21.0, 20.6, 20.0, 20.0, 20.0, 20.0, 19.399999999999995, 19.0, 19.0, 20.0, 20.8, 20.999999999999996, 21.0]}