{"day": 2, "month": 2, "station_id": 228, "predict": [38.57274100104421, 38.132177387110616, 38.36080685016814, 39.92816335151698, 39.83453439741302, 39.74637407625593, 39.663385470461215, 39.585269699017736, 39.511741546884934, 39.44253177111242, 39.37738678571017, 39.3160678669157, 39.25835030532453, 39.20402258781674, 39.15288562352259, 39.10475201444525, 39.05944536876007, 39.01679965441272, 38.97665859067498, 38.93887507543421, 38.903310646118726, 38.86983497228384, 38.838325377999055, 38.80866639228639, 38.96870386896336, 38.93297377414126, 38.8980846572661, 38.86499200880435, 38.83379172141123, 38.804413047171046, 38.776757127312024, 38.75072444158511, 38.392886683536965, 38.3698208628391, 38.348109200776236, 38.327672199211364, 38.308435025142316, 38.29032723848872, 38.27328253452438, 37.9239051678302, 36.775469723776176, 36.42792090340864, 35.947873320964284, 34.868611313271394, 33.65675542700751, 33.51226224982324, 33.76842425138047, 35.158536300389855, 30.729953884424855, 26.908298146964718, 25.608341834308177, 25.311078330013387, 23.339699693295177, 17.425948989335307, 8.119946851732344, 4.422135605629359, 2.466331667836821, 2.5863365438986694, 2.6992602106329078, 3.988853714262831, 7.205510233080803, 9.249599767491375, 8.838137155870825, 8.338116692229033, 7.46651333775017, 6.556950528117919, 7.026367913655347, 10.008355702811931, 10.603155612713984, 10.394328430291653, 6.132088187291352, 5.9833029522881676, 10.869062134543622, 10.308119365097156, 8.218584257735932, 6.873811099261519, 6.674592301636341, 6.420510485743321, 6.310927291968403, 5.94519044345637, 6.056008917435729, 5.909459952821178, 5.971655467302104, 5.442073709445616, 5.453557371821983, 5.00564508533738, 4.831236342944315, 4.996589857791656, 5.0346553520640995, 5.678405437851419, 6.660834251324898, 9.381622835072733, 9.840471263736402, 10.037097508376185, 10.371236368599472, 10.642638468408505, 13.429460243904913, 12.784252224228599, 12.0392482850424, 10.897494574211247, 10.232753971261, 9.512625363069562, 9.403436274195439, 10.571276732502293, 11.482216286276827, 13.002348191067961, 13.131130442625503, 14.401385849270866, 15.21263391474754, 17.36442248518983, 18.989659427575443, 18.887944391460746, 19.05890066044256, 19.76884042378803, 20.3507634636155, 20.271022586214062, 21.26265579295095, 22.32538518646696, 22.7922826081098, 23.063102002793713, 15.664315633821182, 16.436121416923218, 17.145396536835978, 18.171216257605334, 19.510170265624755, 20.829187801498506, 21.79592251281109, 22.544793761871095, 23.01018988192707, 23.99311020696534, 24.294496072107385, 24.515233063756313, 24.922820750238653, 25.251375765426282, 25.43496808512007, 26.007623803979367, 26.56999441565806, 27.18935927100775, 27.39962788993504, 27.601342135560316, 27.995011592199305, 28.114448821545675, 28.226771170976313, 29.99906914080249], "test": [39.0, 39.0, 39.0, 39.0, 39.0, 39.0, 39.0, 39.0, 39.0, 39.0, 39.0, 39.0, 39.0, 39.0, 39.0, 39.0, 39.0, 39.0, 39.0, 39.0, 39.0, 39.0, 39.0, 39.0, 39.0, 39.0, 39.0, 39.0, 39.0, 39.0, 39.0, 38.6, 37.0, 37.0, 37.0, 37.0, 37.4, 38.0, 38.0, 38.0, 38.0, 38.0, 38.0, 37.8, 35.8, 35.0, 32.4, 32.0, 31.6, 30.2, 29.8, 28.2, 25.2, 22.4, 19.0, 19.0, 16.0, 16.0, 16.0, 15.2, 13.599999999999998, 14.0, 14.0, 14.0, 14.0, 13.8, 12.6, 12.0, 12.0, 12.0, 11.2, 11.0, 11.0, 11.0, 11.6, 11.2, 11.0, 11.0, 11.0, 11.0, 11.0, 11.8, 12.0, 12.0, 12.0, 11.2, 11.0, 10.2, 10.4, 10.0, 10.0, 9.4, 10.0, 11.0, 12.2, 13.599999999999998, 14.0, 13.2, 14.2, 15.0, 15.0, 15.0, 14.0, 14.0, 14.0, 14.6, 13.8, 12.0, 13.0, 14.399999999999999, 14.0, 14.0, 14.8, 16.0, 15.2, 15.0, 14.0, 14.8, 15.0, 15.0, 15.0, 15.4, 16.0, 16.0, 16.0, 16.8, 17.0, 17.0, 17.0, 17.0, 17.0, 18.0, 18.0, 18.0, 18.0, 19.0, 19.0, 19.0, 19.0, 19.0, 19.0, 19.0, 19.0, 19.0]}