{"day": 2, "month": 8, "station_id": 199, "predict": [23.79854357110127, 23.763235540791072, 23.73155077243546, 23.703605054271026, 23.67902195394602, 23.657405621692327, 23.63839920645384, 23.621687752701796, 23.606994173321294, 23.594074817012498, 23.58271544995825, 23.572727706290213, 23.563945964929275, 23.556224603240025, 23.54943558226064, 23.543466323506372, 23.538217842144537, 23.533603105585193, 23.52954559026905, 23.52597801272068, 23.52284121382482, 23.52008317782429, 23.51765816977221, 23.515525977135308, 23.947720101323398, 23.894665008920185, 23.847064797742657, 23.805092899938348, 23.76818152584177, 23.63573376109898, 23.457211627474535, 23.63214043386745, 23.360102678478356, 22.99073134110239, 22.873703803967132, 22.858736483246968, 22.445580106751123, 21.78401556252082, 21.123850249655682, 19.914914870656904, 19.607060611874022, 19.050156665098296, 17.144088049026482, 16.53875369431265, 17.7840647603158, 18.779943155509542, 17.32632023691218, 16.273135666876946, 11.663204181559884, 10.04843772901581, 8.842464360921761, 4.919806234991273, 1.9645177960555626, 3.1025971925736893, 1.7996506330020587, 2.410650242034853, 1.0899710485015799, 2.2414579426184718, 2.2184892608172575, 1.5240333089541602, 0.11069811550091885, 0.0, 0.33627778630245336, 1.1789749765725541, 3.110420996024465, 2.9819814615060083, 2.6448562373931046, 2.3000995538842774, 2.2486376834264643, 2.0912844716552375, 1.4287549832588846, 2.0116774915684728, 7.369013577376258, 8.368150797795762, 8.9518617929555, 12.618016567481135, 9.462891234563907, 9.182987203733422, 6.575206968651088, 6.036830294001495, 6.115471017494804, 6.909036366916482, 6.565690929615815, 6.383825009018862, 7.0120268671097215, 8.699058379809113, 8.793833686140449, 8.245400463086572, 7.952923503242108, 7.965670312067507, 7.632998476376514, 9.204344586232814, 10.879214519219355, 11.457174919537298, 11.587845724995745, 12.070893613023888, 13.978096456520689, 18.356935340438582, 14.106724998603884, 13.370310794134792, 13.07341431963275, 18.44148131555564, 20.12040445415591, 15.126549988715738, 12.596711072414546, 13.688058512948775, 18.698096402261296, 21.924622866996227, 22.265695430615583, 23.019600454711156, 22.83482618019533, 22.810038944421112, 22.894062200099885, 22.635858005946094, 22.83451069786131, 23.03921248377409, 22.94925073551449, 23.213996777800197, 22.882895997963264, 22.855459120824403, 23.111330643984946, 23.663566277897502, 23.72152991981767, 22.339504083682492, 21.06676915427765, 21.352303946459404, 22.095170866388695, 22.544536199055305, 23.29966082313381, 23.3098896665706, 22.82464216489024, 22.493403788096554, 22.465718529903825, 22.341182251138203, 22.019436780264385, 21.900164684929926, 22.283084638204986, 22.86794731187574, 22.704531736843172, 22.342642077497814, 22.832104772983797, 22.822766003621624, 22.764489445505284, 22.807154280496217], "test": [24.0, 24.0, 24.0, 24.0, 24.0, 24.0, 24.0, 24.0, 24.0, 24.0, 24.0, 24.0, 24.0, 24.0, 24.0, 24.0, 24.0, 24.0, 24.0, 24.0, 24.0, 24.0, 24.0, 24.0, 24.0, 24.0, 24.0, 24.0, 24.0, 24.0, 24.0, 24.0, 24.0, 24.0, 24.0, 23.4, 22.8, 22.0, 21.8, 20.6, 22.2, 22.4, 22.0, 17.8, 16.2, 15.400000000000002, 13.2, 11.2, 10.8, 8.2, 7.6, 5.0, 3.4, 3.2, 1.7999999999999998, 0.3999999999999999, 3.2, 14.0, 14.0, 13.8, 3.4799999999999995, 3.7199999999999998, 3.96, 4.639999999999999, 15.0, 6.079999999999999, 5.68, 5.48, 5.280000000000001, 5.16, 4.68, 5.039999999999999, 16.0, 16.0, 16.0, 15.2, 15.600000000000001, 15.2, 13.4, 12.400000000000002, 14.0, 14.0, 15.600000000000001, 16.2, 16.0, 16.8, 17.0, 17.0, 16.6, 15.600000000000001, 15.8, 14.399999999999999, 13.6, 15.600000000000001, 15.2, 16.0, 15.8, 15.8, 15.400000000000002, 15.600000000000001, 18.0, 20.8, 22.0, 23.2, 13.64, 23.2, 22.6, 23.2, 23.6, 23.4, 23.8, 22.8, 23.6, 24.0, 24.0, 24.0, 23.0, 23.0, 22.8, 23.6, 24.0, 24.0, 24.0, 23.4, 24.0, 24.0, 24.0, 24.0, 24.0, 24.0, 24.0, 23.8, 21.8, 20.0, 20.2, 21.0, 23.0, 24.0, 24.0, 24.0, 24.0, 24.0, 24.0, 24.0]}