{"day": 0, "month": 6, "station_id": 251, "predict": [26.256650850671228, 26.790965207252324, 27.059780627089417, 27.71885317619889, 27.567112396117068, 28.204936435800388, 28.49955710658836, 29.051538383246868, 29.194749764023744, 29.129697187388583, 29.323524170745458, 29.71001339776378, 29.822921624888448, 29.929314508730762, 30.36290134900081, 29.65736975036364, 29.813053541006436, 30.296933952304432, 30.37597406374869, 30.450453183729717, 30.520634503211532, 30.853432692450745, 30.98241477738048, 31.041134298756102, 32.28436530184081, 32.31089741092019, 32.29947323043834, 32.14987740178002, 32.267055221978254, 32.11837126387934, 31.903885414895917, 31.02356391995961, 31.01069469293827, 30.331899542650085, 29.853802550405607, 29.843030202185723, 29.632877956562044, 29.489976784610594, 29.147626378705752, 27.672461701049695, 24.597786205553316, 21.923571732782015, 17.64979174427963, 14.176421229257944, 11.703436616657573, 19.364149025604302, 18.89187085396949, 15.886582371426638, 25.939008187908883, 22.770742394264175, 21.290215143140042, 18.281862476757418, 23.237744008744492, 25.359862718360187, 22.913534130486507, 22.897007278076597, 20.508562288267775, 19.61323547476905, 18.609489700626867, 19.095876941833904, 22.537699968864146, 23.467007485729102, 20.94925619376648, 19.116639786008342, 17.36808485986961, 15.569247067318894, 15.119174155462542, 13.950302551214095, 13.728454144468035, 12.85283325824058, 14.256023794910798, 16.003986548326804, 25.24886620671913, 23.556299729921438, 22.95131158358391, 23.72079371679537, 23.2563286085058, 21.421847119739034, 19.34886656623485, 18.90245227113607, 17.681109397343054, 16.816762829858867, 17.041416911637487, 15.08715067536523, 14.286113603856522, 15.170521666911647, 16.339320253056325, 16.924847311867286, 16.659496694349194, 17.07571501346964, 15.839332014344496, 15.016224444169417, 14.73898007921797, 13.340228566751952, 12.485972406851722, 11.108918066308584, 15.15607612192109, 14.283821274081832, 12.741937069340448, 12.495115496046287, 13.679689592662251, 13.894588738335377, 14.604895829022144, 16.609030980950223, 18.572156300812093, 18.55951554913167, 18.8364311519463, 18.73496672981582, 18.2539229968166, 24.525500525404492, 28.74862939023405, 31.32229901603133, 34.0, 34.0, 34.0, 34.0, 34.0, 34.0, 34.0, 34.0, 27.779580033568294, 28.57874024120189, 28.700499316748342, 28.274802799394045, 28.501917119971516, 28.84923504102591, 29.05083924292738, 27.307444678533535, 27.286392828972783, 27.18831963034375, 27.680490910742307, 28.363471164810843, 29.10445889028161, 28.837288477649164, 29.29576532415818, 29.613667511466748, 29.658080719572563, 29.629399715946874, 29.72799642516779, 29.620887917372034, 29.90840432022273, 29.990856658818878, 31.068537961049408, 31.4750576323202], "test": [26.0, 25.4, 25.0, 25.799999999999997, 25.4, 25.799999999999997, 26.0, 26.0, 26.0, 26.0, 26.0, 26.0, 26.0, 26.0, 26.8, 27.0, 27.0, 27.0, 27.0, 27.0, 27.0, 27.0, 30.0, 32.0, 32.0, 31.4, 31.0, 31.0, 31.0, 30.8, 30.0, 30.0, 30.0, 30.2, 31.0, 31.0, 31.0, 31.0, 30.2, 28.0, 26.199999999999996, 25.0, 23.0, 19.2, 19.4, 18.8, 18.4, 26.4, 25.799999999999997, 25.799999999999997, 24.800000000000004, 22.6, 25.6, 25.4, 23.8, 27.8, 25.4, 27.2, 27.0, 28.2, 27.2, 28.0, 28.0, 28.0, 27.6, 28.2, 27.2, 26.0, 26.0, 26.0, 27.0, 25.4, 23.2, 24.0, 25.4, 26.0, 26.0, 24.800000000000004, 23.8, 24.0, 23.4, 20.0, 19.8, 19.4, 18.6, 18.2, 19.0, 18.0, 18.4, 17.0, 18.6, 19.4, 22.0, 20.0, 20.0, 20.2, 18.2, 19.0, 20.4, 24.800000000000004, 27.4, 22.0, 20.8, 17.4, 18.6, 20.0, 21.2, 20.8, 17.6, 17.6, 7.0, 20.25, 23.3, 24.75, 25.95, 11.4, 17.4, 22.2, 27.0, 26.8, 27.6, 26.0, 27.6, 27.2, 26.6, 27.4, 27.0, 28.0, 28.0, 27.6, 27.0, 27.8, 28.0, 28.0, 28.0, 28.0, 28.0, 28.0, 28.0, 28.0, 28.0, 28.0, 28.0, 28.0]}