{"day": 5, "month": 7, "station_id": 195, "predict": [28.515473214865278, 28.548498567885044, 28.039449830977848, 27.52848886554245, 27.349633907105968, 27.636336090768246, 27.721991615954863, 28.006655587044783, 28.023713153209393, 28.039880053616724, 28.055202794967578, 27.86972545528464, 27.750156477682317, 27.229868790570638, 27.10889992155853, 27.120618772074128, 27.131725719681327, 27.142252715053854, 27.152230040552485, 27.161686397336435, 27.170648987926228, 27.17914359445552, 27.187194652836975, 27.194825323055554, 25.11066595276424, 25.225728690277446, 25.335717418913184, 25.440047329903166, 25.538935840095323, 25.63265997541852, 25.721488818380692, 25.805677997036447, 25.88546984277514, 25.96109403471119, 25.699434922590335, 25.967365486270914, 25.765081262885424, 25.492767576354115, 25.950600070836845, 26.005411882988874, 26.05736078780891, 26.10659631945884, 26.153260201695616, 26.197486755820997, 26.239403287323462, 26.279130452325195, 26.31678260488897, 26.48580145951797, 21.477448694841033, 21.710975520373847, 21.7323370679731, 22.005729108649703, 22.264959336825825, 22.84406992504344, 23.410423417455267, 23.23134842986833, 23.174139420496445, 23.706058279882104, 23.76100267118627, 23.739507632229387, 23.375413762449668, 23.402535331078273, 23.221328310503296, 23.365558338694903, 23.702301947706164, 24.0986143950738, 24.28819743476217, 24.804733697455216, 25.581887683171427, 25.219973369022785, 24.652621768125258, 23.14678177552968, 21.771230607676845, 21.083458136068888, 21.915706685451745, 21.672493680821, 21.82127831143249, 21.829165026853275, 21.29654106992625, 21.623771457842256, 21.277869094625547, 19.59249593394664, 18.034630559866244, 18.67123570406288, 19.83592571829854, 20.262300672460647, 18.883947080394424, 17.90110525551267, 17.980669964725397, 18.12285771580221, 17.927874013189815, 17.929247250554443, 18.060495908237602, 18.655129057069427, 18.846646836577392, 19.101874242224834, 26.908261883038136, 26.639272531086856, 26.44874174654107, 26.6074112355157, 26.514889251202085, 26.903765187979406, 25.239966786797144, 23.522789509509508, 23.084897392423123, 22.592321496829186, 23.9777915649462, 23.70740107571194, 22.847272380148, 21.530221913720876, 20.95575881527937, 19.390083615556588, 19.43275365840013, 19.283348584736302, 19.60813587610831, 18.54006978812103, 19.678790337609357, 19.690622340823968, 19.97524116673143, 18.799005202988226, 28.839968965265708, 28.915255034526343, 28.273281473064795, 26.18895197371769, 26.528478907505743, 25.690745586545987, 25.541300537463755, 25.679076171544647, 24.303057247320545, 23.678945306390887, 23.939156227232612, 22.682817872930332, 22.042434519540212, 21.95055139483208, 21.806419322126274, 22.27599279738133, 22.225261494598087, 22.12024852818203, 21.893675467803778, 23.34496076818473, 23.006884943110954, 24.01225581317742, 23.493907156953973, 22.718030762111002], "test": [28.6, 26.6, 25.6, 25.0, 25.0, 25.0, 25.0, 25.0, 25.0, 25.0, 25.0, 25.0, 25.0, 25.0, 25.0, 25.0, 25.0, 25.0, 25.0, 25.0, 25.0, 25.0, 25.0, 25.0, 25.0, 25.0, 25.0, 24.2, 21.0, 21.0, 21.0, 21.0, 21.0, 21.0, 21.0, 21.0, 21.0, 21.0, 21.0, 21.0, 21.0, 21.0, 21.0, 21.0, 21.0, 21.0, 21.0, 21.0, 21.0, 21.0, 21.0, 21.0, 21.0, 21.0, 21.0, 21.8, 22.6, 22.0, 21.6, 21.0, 21.0, 21.2, 22.0, 22.0, 22.4, 23.0, 23.0, 22.8, 22.0, 22.0, 22.0, 21.2, 20.8, 22.0, 24.8, 27.0, 25.4, 26.4, 26.0, 25.8, 27.0, 26.8, 26.0, 25.0, 25.4, 26.2, 27.0, 26.4, 26.8, 27.0, 23.0, 25.6, 26.0, 26.0, 26.6, 27.2, 28.0, 26.6, 25.0, 23.2, 22.6, 22.6, 20.0, 20.0, 19.6, 18.0, 20.8, 19.4, 20.0, 18.2, 19.4, 19.8, 19.8, 23.6, 22.2, 24.0, 24.6, 26.0, 28.0, 28.0, 27.8, 26.2, 26.0, 26.0, 26.0, 26.0, 26.0, 26.0, 26.0, 26.8, 27.0, 27.8, 28.0, 28.0, 28.0, 28.0, 28.0, 28.0, 28.0, 28.0, 28.0, 28.0, 28.0, 26.2]}