{"day": 1, "month": 5, "station_id": 130, "predict": [11.888063431674599, 12.48224423064359, 12.821698481763091, 13.14084312941148, 13.188623661324215, 16.466124891986695, 16.72467492677019, 16.96555985888946, 17.189985386176616, 17.439075970221673, 17.64387941465337, 18.185371953838175, 18.70446312027383, 18.90200029880285, 19.048772972617034, 19.185516679590307, 19.312916698345905, 19.4316114824656, 19.54219586004128, 19.645224014601716, 19.74121226235276, 19.830641639648956, 19.913960313663374, 19.99158582833658, 12.508455484483537, 13.06073693109516, 13.82822940853001, 14.482556430336357, 14.94438870800054, 15.375647385381063, 12.578323703939354, 16.15430701166619, 16.805366000143852, 17.133152811961317, 17.439210173580115, 17.724978558210204, 17.69180295052726, 17.74093917463962, 17.523559804348224, 17.590759681878907, 17.893561070811565, 18.232918467420582, 18.509723093065674, 18.02480708877589, 17.92894743176871, 18.072869592337497, 17.30725094831874, 16.982723973209342, 11.99841414203413, 10.06528526809729, 10.116858532220053, 9.899197688191231, 7.912830761902268, 5.7088909442999345, 3.1385334124234063, 0.5028511299834704, 0.0, 0.0, 0.0, 0.0, 0.0, 0.0, 1.9518271751507266, 2.9251653231832044, 3.340272477579421, 3.9476979351896935, 3.7479543354396103, 3.9915201066698973, 3.7788417492193505, 3.460335966145834, 3.286391651753206, 3.2573717474135604, 17.413889266530727, 16.468951559094283, 14.012574941079617, 11.657204530834171, 10.901846555313329, 10.493547215761827, 11.379224372171024, 10.75594948301885, 9.170981280698818, 8.521760320167868, 8.805897964515696, 7.921165153802298, 6.6154817712397715, 7.986906695325641, 8.683628512749547, 8.553956851240004, 8.396314291459742, 7.959228819342576, 9.291326782772611, 8.241326318907117, 8.30803122069446, 9.140325213239462, 9.587166612629723, 8.697583341666292, 16.521804880031617, 17.40427625581946, 16.793974527410157, 14.412218244403734, 14.010628074148903, 13.137819893313859, 12.94203904918768, 13.171570480322949, 13.324797329531991, 14.40020433790037, 15.146372877358102, 17.11197501225415, 19.44576773684217, 20.49658754907936, 20.413345366388924, 20.645021765811382, 21.040662528476425, 20.949374469037945, 21.170321531862616, 21.752721136912594, 22.995840759351978, 23.34899472792765, 23.461541228131324, 23.53287949704468, 20.74247480855984, 21.159648330717623, 20.57221154410982, 20.783436635102916, 21.693873237837735, 21.603643435997256, 21.262800282240374, 21.771383923476563, 21.62943049794997, 21.08697364924596, 21.094044879616415, 21.300673714748577, 21.556887832233862, 21.912713177940756, 21.918174074473246, 22.123293322744935, 22.17809229718287, 22.28259103497284, 22.436808319720775, 22.440761759880118, 22.39446786227246, 22.19794210100858, 22.30119898209758, 22.204252104013946], "test": [9.0, 9.0, 9.0, 9.0, 9.0, 9.0, 9.0, 9.0, 9.0, 9.8, 10.0, 10.0, 11.4, 12.0, 12.0, 12.0, 12.0, 12.0, 12.0, 12.0, 12.0, 12.0, 12.0, 12.0, 12.0, 12.0, 16.8, 20.0, 20.0, 20.0, 20.0, 20.0, 20.0, 20.0, 20.0, 20.0, 20.0, 19.8, 19.0, 18.6, 17.8, 17.0, 15.600000000000001, 15.0, 16.0, 15.0, 14.0, 13.6, 11.4, 9.8, 9.8, 7.199999999999999, 5.6, 4.0, 3.4, 2.2, 1.4, 0.19999999999999996, 0.0, 0.19999999999999996, 0.0, 0.0, 2.0, 3.4, 9.8, 19.2, 19.8, 19.0, 18.999999999999996, 19.0, 18.2, 18.0, 18.6, 17.8, 18.0, 18.0, 18.0, 17.8, 17.0, 15.0, 15.0, 15.0, 15.0, 15.0, 15.0, 15.0, 15.0, 15.0, 15.0, 15.0, 15.0, 15.0, 15.0, 15.0, 15.0, 15.0, 15.8, 16.0, 17.4, 18.0, 18.0, 18.2, 17.4, 18.0, 19.0, 22.2, 23.0, 22.8, 22.2, 22.4, 22.4, 22.2, 22.6, 23.0, 23.0, 22.8, 21.2, 21.0, 21.0, 21.4, 22.0, 21.8, 21.2, 22.0, 23.0, 24.0, 24.0, 24.0, 24.0, 24.0, 24.0, 24.0, 24.0, 24.0, 24.0, 24.0, 24.0, 24.0, 24.0, 24.0, 24.0, 24.0, 24.0, 24.0]}