{"day": 5, "month": 6, "station_id": 193, "predict": [47.01914180477223, 47.28399195335104, 47.33378961113573, 47.61846617603108, 48.43862995405643, 48.99490728371311, 49.38790026430994, 49.8181850728509, 50.086312908159925, 50.34281106239792, 50.588183957198915, 50.82291413559659, 50.847463210975455, 51.01227277486578, 51.41776526536434, 51.66434479788861, 51.8523979598981, 52.03229457114577, 52.45438841095454, 52.61901791394921, 52.57650683561188, 52.67716488896986, 52.82128835366814, 52.95916065862402, 48.3207615037423, 48.64884608620441, 48.964236863905, 49.51618322533602, 49.80517699430569, 50.08176845569249, 50.346489509290166, 50.59984957137996, 50.842336218315786, 51.07441610269805, 51.296535849966254, 51.509122917810195, 51.712586418783424, 51.90731790761827, 52.09369213475213, 52.272067767514855, 52.44278808036504, 52.506181615503515, 52.71256281513543, 52.91223262659762, 53.05547908151583, 53.192577850106304, 53.32379277168852, 53.24937636243001, 46.267772990627925, 46.457640681182156, 46.78039971247783, 47.137402376826486, 47.779354222905454, 48.65689236969999, 49.07062454289459, 49.021132685587304, 48.708974200644185, 48.734682995295366, 48.59877047216228, 48.50172647788646, 48.59402021173199, 48.72610109588708, 48.79839960908161, 47.56132808506707, 47.11528147744, 47.66063809222774, 48.04776028959496, 48.17699515597297, 47.74867514785815, 47.16311870847393, 46.170630858440035, 45.32150376154455, 45.02414271861438, 44.96571409844038, 45.297715739982635, 45.82197838574186, 47.23892121718407, 47.44885765512842, 47.70208214307279, 48.098876383111204, 47.439510229963, 46.67424221189773, 46.903320007630974, 47.876980901742144, 49.395452220883534, 49.65895175167685, 50.16768814107189, 50.82186127990366, 51.12166267035293, 51.61727577798616, 51.90887636902127, 50.796632833440036, 51.68070649454044, 52.611251905498385, 53.38841713348381, 53.26234403185366, 49.34024632018887, 49.044328739567895, 49.34747437035055, 48.64259305491332, 47.17955939713153, 47.70868540165345, 48.83029799486407, 49.84471220541198, 50.90222996554639, 51.70314055041659, 51.54772110184952, 51.33623713682686, 51.218943035066026, 50.096082506177396, 50.2678890372281, 50.18458632153258, 48.99638866945736, 43.6035014019943, 48.00612122782524, 47.944436604570384, 47.95862808488399, 47.21886864803279, 41.37532401756619, 42.30815296566168, 48.91321066209025, 48.16324382641345, 47.66748177240338, 47.580017019502804, 47.60076820983188, 47.829393133967486, 47.81554711082944, 47.90889944346393, 47.759133886926804, 48.21594808500372, 49.329052964770426, 49.34817215332282, 49.72304141983882, 50.90340814213326, 51.039030796647566, 51.129678470846116, 51.025130397034765, 50.925175506660395, 50.82961200419188, 52.438246959721845, 52.35089591946711, 52.31738253338118, 52.03753819912713, 51.66120172169209], "test": [47.0, 47.6, 48.0, 47.8, 47.0, 47.0, 47.0, 47.0, 47.0, 47.0, 47.0, 47.0, 47.6, 48.0, 48.0, 48.0, 48.0, 48.0, 48.0, 48.0, 48.0, 48.0, 48.0, 48.0, 48.0, 48.0, 48.0, 48.0, 48.0, 46.8, 46.0, 46.0, 46.0, 46.0, 46.0, 46.0, 46.0, 46.0, 46.0, 46.0, 46.0, 46.0, 46.0, 45.8, 46.0, 46.0, 46.0, 46.4, 47.0, 47.0, 48.0, 47.6, 47.0, 47.0, 47.0, 47.0, 47.0, 47.0, 47.0, 48.0, 48.0, 48.6, 47.6, 46.0, 47.0, 48.2, 47.4, 45.0, 45.0, 45.0, 44.4, 44.0, 44.0, 44.0, 44.0, 46.4, 47.6, 47.2, 48.2, 47.0, 47.0, 47.0, 47.8, 48.6, 48.2, 48.0, 48.0, 48.8, 49.4, 49.4, 49.0, 50.2, 50.0, 50.0, 51.8, 49.8, 46.0, 46.0, 45.4, 45.0, 45.2, 51.8, 53.2, 54.2, 53.8, 55.4, 54.8, 54.8, 53.6, 56.8, 58.2, 58.0, 58.0, 57.0, 56.0, 53.6, 52.4, 51.2, 47.2, 49.0, 49.0, 48.6, 47.8, 48.6, 47.0, 47.0, 50.6, 52.0, 52.0, 52.0, 52.6, 53.0, 54.6, 55.0, 55.0, 55.0, 55.0, 55.0, 55.4, 56.0, 56.0, 56.0, 56.0, 56.2]}