{"day": 4, "month": 1, "station_id": 195, "predict": [25.14425655776198, 25.253989259655263, 25.355561564399252, 25.453521089125182, 25.548701378501683, 25.641302348187622, 25.731414530465013, 25.819108327533755, 25.90444924052769, 25.987500500640873, 26.06832355539406, 26.146978188874247, 26.22352257868118, 26.298013341124324, 26.637172240134436, 26.774386228079116, 26.84304081876622, 26.90985345937441, 26.97487356801339, 27.03814923694282, 27.099727268143877, 27.159653207936422, 27.217971380667446, 27.274724921495668, 25.095620600202523, 25.204814350968046, 25.31382479085062, 25.4203997088969, 25.52422345331442, 25.625304960907314, 25.723706208438458, 25.819496504383302, 25.912744830341694, 25.870185258799733, 25.758550116396542, 25.844569994555265, 25.928307122849837, 26.343155412977453, 26.42250716907339, 26.366419797009556, 26.24161584591892, 26.048149715288677, 25.71940769431466, 25.855441333544746, 25.456300815505738, 25.588701657673802, 24.7860247478149, 24.114983045053993, 23.598488421130543, 22.506031330318915, 20.729806854934697, 17.748809815330027, 14.765140879645111, 11.17919920750011, 9.657766449983527, 7.267575725605921, 6.342017492895151, 5.547812767855762, 3.8850142455167087, 4.353673184760386, 4.6205061421356595, 3.4188950130791604, 2.948887068027559, 2.677194986902375, 2.803863559233451, 2.662269716707542, 2.2524558981815495, 2.0411300805193844, 2.0283324752753056, 2.280768891245625, 2.7318107629100035, 2.648161844783032, 0.8991760144465664, 1.0575141239283432, 2.5459509818385193, 3.6318834589179616, 3.9154807045082074, 4.463488395523733, 4.742636550873845, 4.819651343362176, 4.294590337187959, 3.900842824909777, 3.5717965823642017, 2.2408379166585974, 2.1080183735489095, 2.64005477610691, 2.7036625955289217, 2.1655559875774815, 2.09244782803705, 2.3510497472134917, 2.8080721635035886, 2.596890982726403, 2.5842142965742356, 2.636749080206877, 3.087867889012287, 3.2709422212228003, 10.705658764905255, 11.562855642442479, 12.55352295967581, 13.34768653927969, 14.412281442231352, 14.213910719303207, 15.219144012873892, 16.161216481974545, 16.70669889385784, 18.855497929123608, 21.540856150882476, 21.96268527262836, 21.254232757395883, 21.815415085016348, 23.04615102113713, 25.47969488799642, 27.315969836909478, 28.02156778908689, 28.19641604473911, 27.973777227089794, 26.686915894587994, 26.869098487944083, 27.386926611948514, 26.440336985367175, 29.321919421591858, 28.490692031293758, 27.922130635705486, 28.024054304150194, 28.263766538908282, 28.441216123265917, 28.022955383817376, 27.542200249998753, 27.998835951489745, 27.72608415261281, 27.123836252300617, 27.52531997132713, 27.197099270536114, 27.072407604218355, 27.21781450898094, 27.499892194753745, 27.118548804544645, 27.07369500955305, 26.898577272919503, 27.059777782057125, 26.957214382845514, 26.4574738489691, 26.093811819683584, 25.199486072628538], "test": [25.0, 25.0, 25.0, 25.0, 25.0, 25.0, 25.0, 25.0, 25.0, 25.0, 25.0, 25.0, 25.0, 25.0, 25.0, 25.0, 25.0, 25.0, 25.0, 25.0, 25.0, 25.0, 25.0, 25.0, 25.0, 25.0, 25.0, 25.0, 25.0, 25.0, 25.0, 25.0, 25.0, 25.0, 26.0, 26.0, 26.0, 26.0, 25.4, 24.6, 24.0, 24.0, 24.0, 24.0, 24.0, 22.6, 22.8, 22.8, 20.6, 18.4, 15.800000000000002, 14.2, 12.2, 8.0, 0.6000000000000005, 0.19999999999999962, 0.0, 0.19999999999999962, 0.5999999999999996, 0.19999999999999962, 0.0, 0.9999999999999998, 0.9999999999999998, 6.6, 5.8, 4.6, 4.4, 5.2, 5.2, 3.7999999999999994, 0.9999999999999998, 0.9999999999999998, 0.19999999999999962, 0.0, 0.5999999999999996, 1.4, 1.7999999999999998, 0.9999999999999998, 1.2000000000000002, 4.8, 7.599999999999999, 21.6, 10.850000000000001, 9.8, 9.95, 10.700000000000001, 10.75, 10.55, 10.1, 9.850000000000001, 10.05, 9.700000000000001, 9.65, 9.65, 10.2, 10.55, 10.9, 11.95, 13.05, 13.55, 14.549999999999999, 14.450000000000001, 15.499999999999998, 16.099999999999998, 16.7, 29.0, 28.6, 27.8, 29.0, 30.0, 29.0, 29.2, 28.6, 30.0, 29.0, 29.8, 30.0, 29.6, 30.0, 30.0, 30.0, 30.0, 29.0, 28.0, 27.0, 27.0, 27.0, 27.0, 27.0, 27.0, 27.0, 27.0, 27.0, 27.0, 27.0, 27.0, 27.0, 27.2, 28.0, 28.0, 28.0, 28.0, 28.0, 26.8]}