{"day": 0, "month": 11, "station_id": 361, "predict": [20.58944335884932, 20.124980374744013, 19.655487142268665, 19.195925644056192, 18.483929397272995, 17.987123282286447, 17.03876080762416, 16.50511560588691, 16.119042476093053, 15.746715271600415, 15.387648872009668, 15.04137233293113, 14.707430508315479, 14.385384157416066, 14.074809589061523, 13.775298174133994, 13.486455829932467, 13.207902508585306, 12.939271699178565, 12.680209946200105, 12.430376384690721, 11.922775625146583, 10.623757321017901, 10.399682418266693, 4.008246802066657, 4.01879505588064, 4.029781551259759, 4.040629379515564, 4.05116669929816, 4.061348985175117, 4.0711714934496275, 4.08064168397166, 4.089770539620671, 4.431903175228709, 4.573717990112543, 4.781893078477601, 4.789772825777406, 4.797367896641379, 4.804688574127165, 4.878411437625799, 9.085212708771644, 14.62510159744768, 21.364753647506287, 27.504177415430433, 46.62671448191208, 47.84903946301769, 48.03782668761877, 49.05975020776732, 53.56681873065196, 53.33192529752852, 53.2630821804277, 35.229495340352635, 39.37149598355814, 40.18597054945672, 40.80517577681783, 43.02867078512187, 41.98954906985902, 36.02097023635407, 34.12278468662912, 34.628187135690766, 35.4037124058937, 35.51590066636982, 32.16463020519205, 29.683117141101455, 27.271248557365976, 27.862249000530003, 28.589346992824325, 29.852441552545297, 29.918102053835035, 28.25290142514198, 29.39008268601139, 33.99622548864208, 51.006289570389995, 48.03009699791929, 48.11482175835941, 52.35976072184163, 54.0, 54.0, 54.0, 54.0, 54.0, 54.0, 54.0, 54.0, 54.0, 54.0, 54.0, 54.0, 54.0, 54.0, 53.46639388181484, 52.67270966979842, 52.35757475968197, 51.720557379407126, 51.42790811265958, 51.27922599542194, 54.0, 53.882533376404126, 51.89509597760011, 49.78336570084178, 50.484234857393105, 50.59839934251377, 50.25904267773846, 49.46577462266968, 44.084812426931045, 38.04903476809544, 37.891330809638305, 34.211271134767614, 19.291775256788156, 16.449111451258183, 13.999562966939273, 11.792760832254295, 10.245016655088584, 11.089322101415735, 19.45868172453058, 17.519445812578507, 16.25464325419362, 19.99731442171374, 19.613844071354414, 13.370627593049367, 6.772545527295846, 12.080742493107405, 15.93918870178131, 15.540689883653002, 14.990324699584727, 14.633157209590633, 14.406135295156488, 14.443736679858917, 10.94635271788248, 9.847477338422513, 9.213865949229628, 7.912250496065646, 7.6093542446723506, 7.371896338531286, 7.333259911430035, 7.160159251248911, 6.719306672892866, 6.744079300547473, 6.76785248689297, 6.79066655457013, 6.8792268656454, 7.166903887569051, 7.187066589591377, 7.2064158365687065], "test": [21.6, 22.0, 22.0, 22.0, 22.0, 22.0, 22.0, 22.0, 22.0, 22.0, 8.6, 4.0, 4.0, 4.0, 4.0, 4.0, 4.0, 4.0, 4.0, 4.0, 4.0, 4.0, 4.0, 4.0, 4.0, 4.0, 4.0, 4.0, 4.0, 4.0, 4.0, 4.0, 4.0, 4.0, 4.0, 4.0, 4.0, 4.0, 4.0, 4.4, 11.0, 16.2, 24.0, 41.2, 54.39999999999999, 55.00000000000001, 53.2, 53.4, 49.6, 54.2, 55.00000000000001, 52.8, 51.6, 51.6, 53.8, 53.0, 55.00000000000001, 55.00000000000001, 55.00000000000001, 55.00000000000001, 47.0, 43.4, 44.0, 39.6, 42.0, 44.4, 47.8, 48.0, 48.4, 51.4, 52.0, 52.2, 53.0, 53.0, 53.0, 53.2, 54.0, 54.0, 54.0, 54.0, 54.0, 54.39999999999999, 55.00000000000001, 55.00000000000001, 55.00000000000001, 55.00000000000001, 55.00000000000001, 55.00000000000001, 55.00000000000001, 55.00000000000001, 55.00000000000001, 55.00000000000001, 55.00000000000001, 55.00000000000001, 55.00000000000001, 55.00000000000001, 54.39999999999999, 54.0, 53.4, 49.2, 48.4, 52.6, 55.00000000000001, 55.00000000000001, 52.2, 38.2, 24.2, 6.6000000000000005, 0.0, 0.0, 0.4000000000000006, 0.3999999999999998, 0.2000000000000003, 0.2000000000000003, 0.0, 0.0, 1.2000000000000002, 9.6, 9.6, 6.4, 6.0, 16.4, 20.6, 23.8, 27.0, 28.8, 29.000000000000004, 11.6, 7.2, 7.0, 6.799999999999999, 6.0, 6.0, 6.0, 5.0, 4.0, 4.0, 3.3999999999999995, 3.0, 3.0, 3.0, 3.0, 3.0, 3.0]}