{"day": 1, "month": 4, "station_id": 192, "predict": [15.0, 15.0, 15.0, 15.0, 15.0, 15.0, 15.0, 15.0, 15.0, 15.0, 15.0, 15.0, 15.0, 15.0, 15.0, 15.0, 15.0, 15.0, 15.0, 15.0, 15.0, 15.0, 15.0, 15.0, 15.934834347281761, 15.860325025705354, 15.788722539986136, 15.722392294671424, 15.661484023506711, 15.605675626829104, 15.554567594429018, 15.507770306549014, 15.464921595901266, 15.425688621250512, 15.389766347096518, 15.356875414634526, 15.326760024507577, 15.299185959989845, 15.273938768277288, 15.250822093268763, 15.229656148585761, 15.210276319345429, 15.45919854856798, 15.509618164948444, 15.294742142880496, 14.614454786385975, 14.468650162640515, 14.190564611430602, 13.951593802563277, 13.558563200389182, 12.629388653087437, 12.03268959228633, 11.168929424566533, 10.571563911889914, 9.440636352172726, 8.309504041148923, 5.178185343070851, 4.580029588859621, 4.181717904781193, 3.783263485726113, 3.98467840144379, 3.5859736991031785, 3.320492824771425, 3.0549117027980426, 3.055905474856207, 3.723481899464105, 4.990981412561891, 4.925077182963881, 5.65910849645533, 5.993080802264102, 5.860332422270233, 5.060867923285538, 0.0, 0.0, 0.0, 0.0, 0.0, 0.0, 0.0, 0.0, 0.0, 0.0, 0.0, 0.0, 0.0, 0.0, 0.476927904996578, 1.059676713137629, 1.4327294086463975, 1.6635625553757014, 1.3529184013982163, 0.9014771962677827, 0.2431957029663473, 0.5786452772919388, 0.8416828841514813, 0.9661217505379223, 0.2246127248337897, 0.8075872245004134, 2.1878852652735366, 3.2269136206196967, 3.1241581660581046, 2.8134025500844846, 3.49525689688138, 4.836989550684278, 5.972494622481942, 6.102288291739061, 8.026844323110105, 7.546597261131294, 10.261945614919952, 10.77325483319889, 10.547526710819353, 10.65173523712023, 10.486162236148717, 11.517732815591994, 10.813350640201426, 10.10656637758534, 13.297579329721563, 14.003238929103066, 14.157046110747961, 14.20915457037337, 12.631305347744377, 12.328862717625201, 12.675720736422015, 9.112833879832642, 7.925668518230224, 8.798474566417925, 9.465203271800936, 9.659706847184093, 9.715784123060219, 9.833859665037542, 10.480988895052349, 11.190861439280662, 11.230470575705255, 11.266782388472185, 11.366738035280557, 9.930589156526086, 9.958566444368884, 10.784214719970056, 12.207727865526692, 12.762616956547886, 11.782378272122576, 11.933827860003646, 13.283769332486317, 13.165661568283562], "test": [15.0, 15.0, 15.0, 15.0, 15.0, 15.0, 15.0, 15.0, 15.0, 15.0, 15.0, 16.0, 16.0, 16.0, 16.0, 16.0, 16.0, 16.0, 16.0, 16.0, 16.0, 16.0, 16.0, 16.0, 16.0, 16.0, 16.0, 16.0, 16.0, 16.0, 16.0, 16.0, 16.0, 16.0, 16.0, 15.6, 15.0, 15.0, 15.0, 15.0, 15.0, 15.2, 16.0, 16.0, 16.0, 15.0, 14.2, 14.0, 14.0, 13.4, 12.6, 11.6, 7.4, 5.6, 4.0, 2.0, 5.4, 2.6, 1.6, 2.0, 1.6, 0.0, 0.0, 0.0, 0.0, 0.0, 0.0, 0.0, 0.0, 1.0, 0.5999999999999996, 0.0, 0.0, 0.0, 0.0, 0.0, 0.0, 0.0, 0.6, 0.20000000000000007, 0.0, 0.8, 0.6, 0.4, 0.0, 0.0, 0.0, 1.2, 1.4, 1.0, 1.6, 0.5999999999999999, 0.8, 0.0, 0.0, 0.0, 0.0, 0.0, 0.3999999999999999, 0.0, 0.3999999999999999, 1.1999999999999997, 1.0, 2.0, 2.0, 2.2, 0.40000000000000036, 0.40000000000000036, 0.1999999999999993, 1.4000000000000004, 3.2, 4.2, 4.8, 7.6, 9.4, 10.2, 12.4, 13.6, 12.6, 13.0, 11.6, 10.6, 13.6, 15.8, 16.0, 16.0, 16.0, 15.4, 15.6, 15.0, 14.0, 14.0, 14.0, 14.0, 16.0, 16.0, 15.4, 15.2, 15.6, 16.0, 16.0, 16.0, 16.0, 16.0]}