{"day": 4, "month": 11, "station_id": 195, "predict": [27.500208419160703, 27.14224039563612, 27.186985191332457, 27.335651539591844, 26.93828955325131, 26.794812870274438, 26.655121195351324, 26.569114934619485, 26.63669688851684, 26.507772393893152, 26.382249281716057, 26.260037814223, 26.14105062113196, 26.02520263722328, 25.91241104153091, 25.802595198133425, 25.695676598506626, 25.59157880539695, 25.490227398175666, 25.391549919634777, 25.19547582418657, 24.951936427429818, 24.860864857046593, 24.77219600499449, 27.849959525604127, 27.685873851522523, 27.523936821403638, 27.36598853878226, 27.21215165718659, 27.062345585284113, 26.91646787488187, 26.77441589208097, 26.6360893504257, 26.50139055231679, 26.370224357423567, 26.24249811996808, 26.3181216238245, 26.047007018861667, 25.379068758900136, 25.26422354128975, 24.902390248071086, 24.293489888679897, 28.597445544154127, 28.754182312804225, 28.223627257308248, 27.96570935319447, 22.39035943867506, 20.097510165795462, 26.151363159069213, 25.544052327702403, 22.67983043105891, 18.77088204610229, 16.2185254670032, 13.22276453801052, 10.983447686794833, 8.800408469188095, 9.173482520082652, 9.75250950859017, 9.737333276095088, 8.577801756399401, 8.073766871957941, 7.8250844296799915, 9.231614019081372, 9.043218913061837, 8.759765971279728, 8.031125546060721, 8.107171390774779, 8.037780570616647, 8.172833375726821, 8.06221323659164, 8.855806641662657, 8.953503057137114, 7.300062054042043, 8.878112956989392, 9.224680733601476, 10.075965088525574, 11.080169740403596, 11.487006100411024, 11.896376440270341, 12.008208646457982, 12.122435444416364, 11.93899174804281, 11.5078142842289, 10.678841503975757, 10.452013530595634, 9.977272113669963, 10.104560584803552, 10.083823814648879, 9.715008171106165, 9.448061478659742, 8.982932978818946, 7.869573291633398, 9.007934378253484, 9.347969504507653, 9.189633205468922, 9.232881250983683, 0.9493528529098636, 1.7770522860515916, 2.623524266249329, 3.5188201194928768, 4.160529495692656, 6.498442770963322, 9.682624271166544, 10.613170281376874, 11.590178711434437, 9.963745349832251, 12.283963456113696, 16.75092377097589, 17.26471457718762, 18.525421765274558, 18.88312889823088, 19.737917274578464, 20.43986598973008, 21.339051995691165, 22.285550159144044, 23.22943331795813, 22.920772336168714, 23.15963615746594, 23.796091857234227, 24.030204693181535, 24.865295114897545, 24.695566645131162, 24.706975144229318, 24.664552514672987, 24.520277099983744, 24.9744414002807, 25.27711931049732, 25.328355521862736, 25.47818999464306, 25.276661143100895, 24.173806272161343, 24.16966165866086, 24.31426258604219, 24.307643372378443, 24.499837396892, 24.790877125652663, 25.080794136560428, 25.119619143643273, 25.157382020690008, 25.194111824236572, 25.029836815923506, 24.764584484241777, 24.798381565683737, 24.58125406531542], "test": [29.0, 29.0, 29.0, 29.0, 29.0, 29.0, 29.0, 29.0, 29.0, 28.8, 28.0, 28.0, 28.0, 28.0, 28.0, 28.0, 28.0, 28.0, 28.0, 28.0, 28.0, 28.0, 28.0, 28.0, 28.0, 28.0, 28.0, 28.0, 28.0, 28.0, 28.0, 28.0, 28.0, 28.0, 28.0, 28.0, 28.0, 28.0, 28.0, 28.0, 28.0, 28.0, 28.0, 28.0, 27.2, 28.6, 28.6, 27.2, 25.4, 24.2, 23.6, 21.8, 16.4, 8.4, 2.4, 2.4, 1.2, 0.0, 0.7999999999999999, 0.8, 0.0, 0.0, 0.0, 0.0, 0.4000000000000001, 1.0, 1.2, 2.2, 3.2, 4.6, 8.4, 7.3999999999999995, 7.0, 7.0, 6.6, 6.0, 4.8, 5.0, 5.4, 5.6, 6.0, 6.4, 5.4, 3.2000000000000006, 3.7999999999999994, 4.0, 3.7999999999999994, 1.7999999999999998, 1.9999999999999996, 1.9999999999999996, 1.9999999999999996, 3.4, 3.0, 3.7999999999999994, 3.0, 1.6000000000000003, 1.2000000000000002, 1.4, 1.2000000000000002, 4.2, 6.4, 8.2, 9.6, 11.4, 10.6, 10.4, 14.0, 19.6, 21.4, 23.8, 22.8, 21.4, 24.2, 26.4, 26.4, 24.6, 24.0, 23.0, 23.2, 24.6, 24.2, 23.0, 23.0, 23.0, 23.0, 24.8, 25.0, 25.0, 25.8, 26.0, 27.0, 27.0, 27.0, 27.0, 27.0, 27.0, 26.0, 26.0, 26.0, 26.0, 26.0, 26.0, 25.0, 25.0]}