{"day": 6, "month": 7, "station_id": 213, "predict": [3.280905902843777, 4.1543171895679905, 5.32579828573277, 5.945797644395244, 4.766465861355552, 7.739968629120157, 9.46838324158048, 10.503695928880086, 11.697805450622397, 12.5525269225057, 13.569595499370909, 14.200669897594606, 14.847335762412374, 16.01110888690851, 16.943438289200547, 17.445709154065156, 18.219245644977107, 18.415313592269975, 17.93512306287576, 20.179830816860267, 21.400542655741074, 21.99831566735558, 21.67416037183613, 22.129042773049047, 3.0968121367246133, 4.216739232645894, 5.297053573375122, 6.535588100465413, 7.533745402219994, 8.29308252462033, 9.215108489597455, 10.10127438076015, 11.152974890233613, 12.171550469507071, 13.058289436457644, 13.814430002814802, 14.491162222914452, 14.989629866669334, 15.660932219695049, 16.256125813424365, 16.676226087932722, 16.672208990091946, 16.845012509567482, 17.495538155076527, 18.42465237323051, 19.13318791219498, 19.67194513231305, 20.091693265755154, 8.852693948740292, 9.98145567790921, 10.783550601869411, 11.85693290834404, 12.452462534340489, 13.571132826405249, 14.513910885186345, 14.681729522515557, 14.875487975011541, 14.59605308344211, 15.04426045812464, 13.770915603995396, 13.426795005240967, 14.51264717085815, 14.729193642544677, 14.127129966277717, 15.307126628888225, 15.71982996089249, 17.015863006796337, 19.145826364044066, 19.560298991741675, 21.00983899024343, 19.994984352651397, 21.066253689240014, 0.3912151443275289, 0.0, 0.0, 0.0, 0.9220671133521927, 1.3840018658197568, 2.6679311160562276, 4.924764680947186, 4.405382935526173, 6.26063765668899, 2.8913529461103527, 4.298326129106388, 7.032328624621836, 5.044106786968303, 6.934382720214195, 7.4538550661138, 10.20319976643535, 7.08307080051981, 5.044100898875198, 4.136902233585096, 8.582067086284699, 7.660168494433214, 7.311760876587884, 6.387380637361838, 36.0, 36.0, 34.19952170593551, 33.097485361224436, 36.0, 33.883571816362576, 31.870944912361924, 30.42062643337411, 30.682198630970205, 31.005257907852556, 31.58941436415023, 29.884291334063207, 28.539524936757577, 27.804763642417544, 30.179667853021527, 30.26390949734749, 33.05717163972477, 31.65914810206579, 34.21954309872705, 34.53807088376375, 33.1644554101575, 33.64843000061073, 33.98973702951508, 33.6881276157146, 21.839943254449686, 24.00726811184002, 24.019661748808076, 25.57817240418417, 24.482978338927794, 25.884208333731493, 25.481984517789563, 23.876424735992664, 23.86764280644381, 24.40574866363831, 24.49084849126747, 23.473044850205667, 24.60243680211582, 25.1791200288369, 25.253186947698026, 25.524726822898316, 26.693825873086542, 27.010567375270426, 27.075031765180682, 26.587296734210767, 26.547437323049273, 27.005526012117663, 27.31163280892249, 27.815825332427224], "test": [5.000000000000002, 5.000000000000002, 5.000000000000002, 5.000000000000002, 5.000000000000002, 1.1999999999999997, 2.000000000000001, 2.000000000000001, 2.000000000000001, 2.000000000000001, 2.000000000000001, 2.000000000000001, 2.000000000000001, 2.000000000000001, 2.000000000000001, 2.000000000000001, 2.000000000000001, 2.000000000000001, 2.000000000000001, 2.000000000000001, 2.000000000000001, 2.000000000000001, 2.000000000000001, 2.000000000000001, 2.000000000000001, 2.5999999999999988, 3.0000000000000013, 3.0000000000000013, 3.0000000000000013, 3.0000000000000013, 3.0000000000000013, 3.0000000000000013, 4.000000000000002, 3.999999999999998, 3.999999999999998, 3.999999999999998, 3.999999999999998, 3.999999999999998, 3.999999999999998, 6.400000000000001, 6.999999999999999, 6.400000000000001, 6.999999999999999, 7.199999999999998, 8.0, 8.0, 8.0, 7.800000000000001, 6.999999999999999, 5.4, 5.000000000000002, 4.799999999999999, 4.4, 3.999999999999998, 3.999999999999998, 3.999999999999998, 4.000000000000002, 3.999999999999998, 3.999999999999998, 4.000000000000002, 3.999999999999998, 4.000000000000002, 3.999999999999998, 3.999999999999998, 3.999999999999998, 3.999999999999998, 4.000000000000002, 3.999999999999998, 4.000000000000002, 4.000000000000002, 3.2000000000000006, 0.0, 0.0, 1.5999999999999983, 1.0000000000000004, 0.0, 1.1999999999999997, 2.000000000000001, 1.5999999999999983, 2.3999999999999995, 2.800000000000002, 3.2000000000000006, 4.000000000000002, 4.000000000000002, 12.6, 20.0, 21.800000000000004, 21.0, 19.8, 22.200000000000003, 23.4, 26.4, 29.6, 20.759999999999998, 20.4, 32.8, 31.0, 32.6, 33.0, 33.0, 33.0, 33.0, 33.0, 32.6, 27.8, 28.6, 29.0, 28.4, 31.200000000000003, 32.2, 31.799999999999997, 28.8, 27.0, 25.2, 21.2, 21.2, 24.0, 24.0, 24.0, 24.4, 25.0, 25.0, 25.6, 26.0, 24.0, 17.0, 17.6, 18.0, 18.0, 18.0, 18.0, 18.0, 18.0, 18.0, 18.0, 17.6, 16.4, 18.0, 18.0, 16.4, 18.2, 18.2, 18.8, 19.0]}