{"day": 2, "month": 8, "station_id": 48, "predict": [24.455125255864566, 24.533514439254418, 24.87204606228574, 25.0, 24.963220886378572, 24.914415985428114, 24.86895409075935, 24.826603416065947, 24.78715058819697, 24.750397248094462, 24.716158676260836, 24.684262803141277, 24.65454933443112, 24.626868943895538, 24.50108252266269, 24.577060480084192, 24.55468209246545, 24.533834896362993, 24.414414123394952, 24.246322173723513, 24.1794681255632, 23.963767278249957, 23.94914072657472, 23.935514964242266, 23.043164528291378, 23.090348716988043, 23.135422997843484, 23.177585217641305, 23.21688210743994, 23.253485616019127, 23.287576663454818, 23.31932710915011, 23.348897556300894, 23.376437668904813, 23.40208684910762, 23.425974929860903, 23.44822283002263, 23.468943166095794, 23.688240822226287, 22.756213481106425, 22.222952118432985, 22.388541463416306, 22.20306042767054, 21.166582504655896, 20.529176141694748, 20.54090508644474, 20.651828709582677, 17.062002305332598, 15.16536615665099, 9.899336589561425, 6.891123013228387, 4.6943192538060154, 3.81635065733539, 4.007251075167812, 5.565937588737574, 3.3912212864886717, 3.4319658254924112, 4.537108315203588, 4.355658231833393, 6.636693081801978, 8.479353824926582, 8.23284052527981, 8.146408287166148, 7.269363468440771, 7.3510601540057925, 7.790896871892694, 7.538313535289791, 7.242788594976379, 7.103836387687555, 6.471004666928626, 6.143872303685434, 6.4720471453406665, 8.031546843731146, 7.515717981446812, 7.104858421061955, 7.006778874518711, 6.621959049420045, 6.299717778343764, 6.28923319764015, 5.989708506226076, 5.550396168162659, 4.770598848556934, 5.099666698565805, 5.086994230544062, 4.232017307826457, 4.034210323712386, 5.043083570405303, 4.708180787202361, 3.929076876068109, 3.7053757732223893, 3.3867084660970117, 2.8727311457342335, 2.6131234853766174, 2.8075870366294455, 2.5558437351654546, 2.0576345084901573, 3.404924164429472, 4.406287567238038, 6.328098731815826, 6.307508197044869, 6.642107348214581, 8.481230189109668, 9.824516612171106, 13.071674058283838, 15.422437021037894, 16.676559278899074, 18.68381160220328, 18.993980432597414, 20.806866787234515, 21.422285259952556, 22.540063094265935, 23.960039320208224, 24.38206395016457, 24.10599722958578, 24.381708938825973, 24.559077742613567, 24.53799058390529, 24.468342119095286, 24.20003419175756, 24.382975342293015, 24.078487518233576, 23.935010371901477, 23.84537363677862, 23.85572440888531, 24.015484627022975, 24.02460104302445, 24.133102272936597, 22.791027602728757, 22.448415686871197, 21.85530288658449, 22.011723150639874, 22.567708134656165, 23.373287349438137, 23.82848830524108, 24.13333664721862, 24.087856281842818, 23.992069494778306, 24.095997060768845, 23.749658346074433, 24.053071403963518, 23.80625306373105, 23.709219013681302, 23.71198387848462, 23.714561291289577], "test": [21.0, 23.0, 24.0, 24.0, 24.0, 24.0, 24.0, 24.0, 24.0, 24.0, 24.0, 24.0, 24.0, 24.0, 22.2, 21.0, 21.0, 21.0, 22.0, 22.0, 22.8, 23.0, 23.0, 23.0, 23.0, 23.0, 23.0, 23.0, 23.0, 23.0, 23.0, 23.0, 23.0, 23.0, 23.0, 23.0, 23.0, 23.0, 23.0, 22.2, 22.0, 21.8, 22.4, 23.4, 23.8, 23.4, 23.0, 22.0, 22.0, 19.399999999999995, 16.4, 14.800000000000002, 13.0, 11.8, 12.0, 9.6, 8.0, 8.0, 8.0, 9.0, 9.0, 9.0, 9.0, 9.0, 9.0, 9.0, 9.0, 9.0, 9.0, 8.2, 8.4, 9.0, 9.6, 10.4, 9.0, 8.8, 5.0, 5.0, 6.0, 6.0, 6.0, 6.0, 6.0, 6.0, 7.000000000000001, 6.4, 8.2, 5.2, 5.6, 6.0, 6.4, 7.000000000000001, 6.2, 4.6, 4.0, 2.8, 4.2, 5.0, 5.0, 5.6, 6.0, 4.4, 6.800000000000001, 4.000000000000001, 5.4, 7.200000000000001, 10.8, 14.400000000000002, 16.2, 17.4, 21.0, 23.4, 24.0, 24.0, 24.0, 24.0, 24.0, 24.0, 24.0, 24.0, 23.2, 23.4, 24.0, 24.0, 24.0, 24.0, 24.0, 24.0, 24.0, 24.0, 24.0, 24.0, 23.4, 23.8, 24.0, 24.0, 24.0, 24.0, 24.0, 24.0, 24.0, 24.0, 22.0, 22.0]}