{"day": 1, "month": 4, "station_id": 17, "predict": [24.929393959492526, 24.76955026298252, 24.611537636952654, 24.46027966513315, 24.316511976833574, 24.18008281288966, 24.050664805238366, 23.927907838594034, 23.81147127473622, 23.70103016937427, 23.596275911721733, 23.4969156960262, 23.40267177522169, 22.313280700093234, 22.228492586192637, 22.14807041603542, 22.071789376696604, 21.999436231400296, 21.930808723442787, 21.86571501080372, 21.803973129869338, 21.745410486769657, 21.689863374907844, 21.637176517333188, 25.786766115057993, 25.538412807452225, 25.292800742891217, 25.05756965987794, 24.83386821763623, 24.621470553580465, 24.41987849771016, 25.56189139487187, 26.0, 26.0, 26.0, 26.0, 26.0, 25.935561466427345, 25.802911683842513, 25.677023785253677, 25.290886413847094, 24.17750578353537, 24.73657144995867, 24.567788793801352, 23.53754488077019, 24.578907696026842, 24.224958750978722, 23.475459060439068, 14.052872300493112, 14.427418091399861, 15.634089320498534, 14.514243396999767, 14.11513519227071, 11.89990152638093, 8.535126223120423, 7.821446965611249, 6.826292248758627, 5.217085614181338, 4.461218990328979, 3.2927150897064212, 3.2455613038004714, 2.520377913786199, 2.2510864432505153, 2.4382446390028236, 2.7490480439569076, 2.7173314909380752, 2.610237186345439, 2.36154938724385, 2.705029008921804, 2.9744148331620197, 5.30342465396787, 8.359089697315598, 2.8332166061783215, 2.983598429424953, 3.3941905497260927, 3.747484623046031, 3.9512703797130353, 5.200783565532668, 5.695911397332043, 6.0375410433229195, 5.626735183478577, 4.797881376517582, 3.618653070751898, 3.8900033170394015, 3.679499083043114, 4.38799041316801, 4.149613137432349, 4.765124842533905, 5.6352407135162546, 6.027302572506209, 5.675281118952923, 6.0464447113564646, 6.408028030661429, 6.493900631901745, 6.03790205700971, 6.0405101813590445, 7.4767529527726335, 7.246794357618649, 8.494135206361056, 9.472144759120578, 8.929412327137767, 10.653672296435165, 13.44211718514151, 15.02755116651436, 16.409987364926582, 16.85622847359173, 18.633099135316765, 21.140755313636, 21.77934559231695, 22.682343614032472, 24.44988157717815, 25.015417299720102, 24.44573465196526, 24.740943978229936, 24.90114916393391, 22.326448013420524, 23.350265939194905, 25.10602296371061, 24.99380070155102, 25.213675989810934, 24.845603522310103, 24.800853037520834, 24.83178583571769, 24.530001209622267, 24.626832770470937, 23.98854530156506, 23.2817977318757, 23.506675121990227, 23.99661350577179, 23.751714745277198, 23.238742238357894, 23.057786827341694, 21.875600239885518, 21.558928727572365, 21.441180069423712, 21.52242389983391, 21.536058685196306, 22.015478681299747, 22.49407420546622, 22.838565224479506, 22.98233492606768, 22.858763274992974, 22.867893888075162, 23.07643422907867], "test": [26.0, 26.0, 26.0, 26.0, 26.0, 26.0, 26.0, 26.0, 26.0, 26.0, 26.0, 26.0, 26.0, 26.0, 26.0, 26.0, 26.0, 26.0, 26.0, 26.0, 26.0, 26.0, 26.0, 26.0, 26.0, 26.0, 26.0, 26.0, 26.0, 26.0, 26.0, 26.0, 26.0, 26.0, 26.0, 26.0, 26.0, 26.0, 26.0, 25.6, 25.4, 25.0, 25.0, 24.0, 22.4, 21.6, 18.2, 14.799999999999999, 17.0, 24.0, 23.8, 20.6, 16.4, 9.4, 3.6, 9.2, 11.4, 9.6, 8.8, 6.4, 6.0, 6.0, 6.0, 5.8, 4.2, 3.2, 3.0, 3.4000000000000004, 2.6, 3.0, 3.0, 2.600000000000001, 2.4000000000000004, 1.0000000000000009, 0.20000000000000073, 1.0000000000000009, 8.4, 12.2, 14.4, 14.0, 15.199999999999998, 17.0, 16.0, 15.199999999999998, 15.199999999999998, 14.999999999999998, 13.8, 15.6, 17.4, 16.2, 16.0, 16.0, 16.0, 16.0, 15.4, 9.0, 8.2, 7.8, 3.7999999999999994, 1.0000000000000009, 2.200000000000001, 2.4000000000000004, 3.2, 5.0, 7.0, 8.0, 10.6, 14.999999999999998, 23.6, 24.8, 24.2, 24.6, 25.0, 24.4, 23.8, 24.0, 24.2, 24.4, 25.0, 25.0, 25.0, 24.6, 24.6, 25.0, 21.0, 15.8, 16.8, 17.6, 18.0, 18.0, 19.0, 19.0, 18.8, 18.0, 18.4, 17.0, 16.0, 16.0, 15.199999999999998, 14.999999999999998, 15.199999999999998, 15.4, 14.999999999999998, 14.999999999999998]}