{"day": 5, "month": 8, "station_id": 229, "predict": [10.950265569275642, 12.260026930591792, 13.434118244007417, 13.992894519421297, 13.201210822862397, 14.459736873811167, 14.769627757263837, 11.198737131804943, 11.681519032261214, 12.485677777143765, 13.54550285719606, 13.66187428158946, 12.568935066241927, 12.267430131370789, 12.624711468590696, 14.174742905688788, 13.984771159403738, 14.855329871203867, 14.920243320306746, 14.979963172992191, 15.03490495861673, 15.085450960856724, 15.065286210962556, 15.17473426819794, 8.797282604691269, 8.869836735128942, 9.329405537241156, 9.957805644605791, 10.48638339126895, 10.850091831788685, 11.317893196369079, 11.825420027652388, 11.974830357938254, 12.034785272800923, 12.273787520148424, 12.493525754752632, 12.695552654675563, 12.881295779932104, 13.052067633548589, 13.209074929841908, 13.220093786572624, 13.152810897587507, 13.0081640738305, 13.053682203454679, 13.290158011148485, 13.584986993050919, 13.672172566835215, 13.752330806685531, 10.568436228984643, 10.92345172486941, 11.234079281452964, 11.530498027784311, 11.472441550334162, 11.059718846674098, 11.293592011030444, 11.642223387128787, 11.707067241045888, 11.889480164449981, 12.057381677929264, 11.345259270569583, 8.754175505496153, 8.351775133131977, 8.605625104989256, 7.7832207535801325, 6.6186581545340895, 5.9793060372837346, 5.865810612285304, 6.278766680968062, 6.75205505888755, 7.486179673519567, 8.481604362574984, 7.738756063326193, 0.0, 0.0, 0.0, 0.0, 0.13082257925058616, 1.66150053277615, 4.153819246135709, 4.610895073400085, 5.235633432206601, 5.164043257595946, 5.131914338627466, 5.741500212977363, 2.5282012000451326, 1.8939130862525269, 1.307041283814371, 0.9691805013420819, 1.0151266746909506, 2.0462212437416865, 0.6636945228417935, 0.40200823981866607, 0.0, 0.0, 0.0, 0.11645520254014519, 1.5201092513470988, 0.6878072410510128, 3.3871605533877047, 5.160748838931312, 6.86248273697568, 6.7566323537713995, 7.44316813301408, 6.522568375904567, 6.5287228339924726, 6.128835874726713, 5.390073639928042, 4.179562308726053, 4.297723603191146, 4.144944324707639, 5.988245856770096, 7.094620146749836, 6.864365478966738, 6.097755381194482, 5.86170734586943, 4.689784714252286, 1.3821984042422997, 1.5391418281285738, 1.4941256788408026, 2.313979262278889, 2.764133652862523, 2.149062483821761, 3.3777911154575317, 6.404080522701206, 7.832408940242873, 7.263595223643572, 7.630965168417904, 7.7343367932397245, 7.506836042978298, 8.214929942756246, 9.125099791978297, 9.103841642599116, 9.684332133394054, 12.466427432817383, 12.383328867858154, 12.90158195599991, 13.354408846545354, 10.741707501152678, 8.463384274921218, 10.18601989264465, 12.376202148512565, 12.567191991264298, 14.02558965717619, 14.951334180281428], "test": [6.0, 7.0, 7.0, 7.0, 7.0, 7.0, 6.4, 7.800000000000001, 14.0, 14.0, 14.0, 14.0, 14.0, 14.0, 14.0, 12.2, 9.0, 9.0, 9.0, 9.0, 9.0, 9.0, 9.0, 9.0, 9.0, 9.0, 9.0, 9.0, 9.0, 9.0, 9.0, 9.0, 9.0, 9.0, 9.0, 9.0, 9.4, 10.0, 10.0, 10.0, 10.0, 10.0, 9.4, 9.0, 9.0, 10.2, 11.0, 10.2, 10.0, 10.0, 10.0, 10.0, 10.0, 10.0, 10.0, 10.0, 12.0, 12.0, 12.600000000000001, 13.2, 14.0, 12.2, 10.2, 9.0, 8.0, 6.8, 6.200000000000001, 3.8, 2.2, 3.4, 0.7999999999999998, 0.0, 0.0, 0.0, 0.0, 1.1999999999999997, 2.4000000000000004, 1.3999999999999997, 1.0000000000000004, 1.0000000000000004, 0.0, 0.0, 1.5999999999999996, 3.4, 1.3999999999999997, 0.0, 2.0, 0.3999999999999999, 0.0, 0.0, 0.0, 0.5999999999999999, 1.2, 1.0, 0.8, 0.0, 0.0, 0.0, 0.0, 0.0, 0.0, 1.5999999999999996, 4.4, 2.3999999999999995, 0.20000000000000062, 0.7999999999999998, 1.9999999999999996, 2.0, 0.0, 0.7999999999999998, 0.0, 1.9999999999999996, 3.5999999999999996, 0.7999999999999998, 0.5999999999999999, 0.3999999999999999, 0.0, 0.0, 1.6, 3.0, 1.2, 0.0, 0.8000000000000002, 1.9999999999999996, 1.9999999999999996, 2.3999999999999995, 5.0, 4.0, 1.5999999999999996, 10.8, 14.8, 15.0, 15.0, 15.0, 15.0, 15.0, 15.0, 15.0, 15.600000000000001, 16.0, 16.0, 18.8, 19.0, 17.8]}