{"day": 4, "month": 7, "station_id": 55, "predict": [32.96933542713279, 33.0, 33.0, 33.0, 33.0, 33.0, 33.0, 32.99324123179447, 32.94816117428976, 32.90930260525128, 32.87580783053371, 32.846936740336844, 32.82205115323723, 32.80060091527537, 32.78211179821029, 32.76617503304072, 32.75243827796294, 32.7405978300944, 32.39705857809974, 32.5215948813974, 32.71401224822452, 32.50747636900286, 31.90184274329222, 32.69698681839362, 30.056664623374136, 30.325598159724333, 30.622271666226002, 30.89706607149287, 31.13950007907101, 31.3500647532777, 31.531992837152412, 31.688898849664188, 31.824141883071043, 31.87402184571655, 31.70778288697856, 31.527652212288857, 30.468884110336877, 30.466467678531924, 30.721829789736503, 30.369533309178326, 30.27730436034141, 30.646055842651563, 30.276574369455954, 30.302871070467074, 29.458863311532344, 28.078387665522953, 27.961877755595104, 26.509707219002607, 30.351094386394983, 31.091723905622636, 29.392266399219597, 26.775928002597325, 24.638528928401627, 22.444476664625835, 17.525554181104045, 12.280542515916721, 10.308425784917103, 8.141672077631908, 8.912872105456008, 12.021386793158653, 11.999999004409567, 10.781567774790444, 10.365684394120393, 10.218663323791711, 9.54020104769919, 10.063369340274111, 9.921276132772167, 10.780393848337727, 11.507221761424727, 12.568282285989536, 12.830117776793763, 12.892621106215223, 13.746068110189078, 14.341136829429432, 15.155740237183153, 15.113803562001987, 13.411936145838485, 12.64860909561978, 13.489583920849888, 13.000870172057532, 14.715272255064258, 16.43234631768262, 15.81838086644332, 15.539718656445022, 15.729415064133738, 15.653898082824899, 14.712962726086808, 15.23976625990299, 14.634157452268445, 14.296006402202744, 13.958534864039091, 14.088313663087161, 13.551927142556842, 13.415971256923507, 12.680385267554412, 11.27845033599335, 6.659967977876748, 7.113108878333063, 6.673667678128752, 3.962756730696253, 5.326020959857216, 3.505666285837706, 1.9754947306895136, 1.4081737538571604, 1.9421666501336567, 3.5818842171568526, 9.264459793378814, 13.52650274748407, 14.104171391169082, 17.333235279098606, 21.215795432279076, 22.68699714226208, 25.148403079432285, 26.734694258014812, 28.047032947738725, 27.88642151578874, 28.320391092555724, 28.949687210768094, 28.24161950109033, 28.19674246996795, 22.962803610119852, 24.993843152019938, 25.313853665119883, 25.629572135039112, 25.807911331906517, 26.25546940634068, 26.71307617270786, 27.321081493704593, 27.619072339764674, 27.94587614801614, 28.43963186380606, 28.63787048601978, 28.87759042039323, 29.695324630887427, 30.0938662995026, 30.008987092742366, 30.309482233469783, 30.397209854070198, 30.473792018656987, 30.407311381094477, 30.265670699552512, 30.31661569154571, 30.22775498533918, 30.466577536608142], "test": [32.6, 32.0, 32.6, 33.0, 33.0, 33.0, 33.0, 33.0, 33.0, 32.2, 32.0, 32.0, 32.0, 32.0, 32.0, 32.0, 32.2, 33.0, 33.0, 33.0, 33.0, 30.4, 30.0, 30.0, 30.0, 30.0, 30.0, 30.0, 30.0, 30.0, 30.0, 30.0, 30.0, 29.4, 29.0, 29.0, 29.0, 28.0, 28.6, 29.0, 31.0, 30.6, 29.0, 28.6, 28.2, 28.4, 29.4, 27.6, 28.0, 27.6, 27.6, 24.2, 17.6, 15.4, 11.0, 10.6, 10.8, 8.8, 3.8, 3.2000000000000006, 4.4, 4.8, 4.8, 3.2000000000000006, 10.2, 13.0, 13.0, 14.0, 13.8, 13.0, 13.6, 13.4, 10.2, 8.4, 8.0, 6.199999999999999, 5.2, 6.2, 6.6, 7.0, 8.0, 9.6, 9.0, 8.0, 8.0, 7.8, 7.4, 7.6, 8.8, 8.2, 7.4, 6.2, 4.400000000000001, 5.4, 6.8, 6.4, 5.0, 3.0, 2.6, 2.8, 2.2000000000000006, 1.1999999999999995, 0.3999999999999998, 0.6000000000000002, 0.5999999999999998, 0.6000000000000002, 0.0, 0.0, 0.0, 0.3999999999999989, 16.299999999999997, 17.35, 19.55, 20.650000000000002, 21.600000000000005, 21.85, 22.099999999999998, 22.349999999999998, 21.8, 21.75, 22.2, 23.400000000000006, 23.2, 22.75, 22.500000000000004, 22.250000000000004, 22.3, 22.75, 22.75, 22.8, 23.35, 23.5, 23.55, 24.05, 24.25, 24.099999999999998, 24.300000000000004, 24.5, 24.5, 24.549999999999997, 24.75, 24.75, 24.65, 24.799999999999997]}