{"day": 6, "month": 5, "station_id": 541, "predict": [14.34453070783508, 14.240477534006448, 16.075481777293227, 16.33939459960036, 17.614237029954644, 18.76776870481529, 19.404637948683398, 19.92979477487704, 20.08117801767283, 20.39628651619067, 20.87886328360756, 20.93226650962309, 20.826174689189333, 20.89662211128327, 21.34603089632261, 21.57657310461312, 21.723529883659147, 21.855314619122247, 21.306827029410776, 21.41280511693885, 21.64117519726187, 21.92640020451615, 22.00282645111609, 22.071362334626524, 16.532276475226578, 17.123312095055553, 17.678336526289304, 18.182196451514294, 18.902760916385343, 19.377581036874897, 19.744444806140713, 20.074162946084236, 20.370489557037278, 20.63680482390441, 20.876147921368343, 21.091250500324175, 21.28456761127669, 21.724972337859008, 21.947780968335625, 21.82144229227294, 22.214224606918386, 22.327567330603205, 22.429430764824286, 22.520977525780335, 22.66991914720014, 22.410528005910933, 22.076981372925164, 22.270037712372428, 22.237945828846943, 20.5720254843269, 19.173030046369355, 19.368735921553196, 19.225175189240844, 19.076029767141385, 18.655140385654523, 18.36300444819118, 17.733411490513625, 18.633440521277123, 18.73012965061666, 18.75714655019789, 18.448125437770322, 18.003337079573562, 16.82302513600854, 15.374075541295317, 14.990018945332555, 14.804366244532645, 13.750610559350903, 12.16222901384734, 9.439351003762916, 8.848759637611131, 11.523893033501027, 12.864845486134342, 5.54304980889259, 7.49945697521977, 7.9699448235967845, 9.214702102053359, 10.076227326326045, 9.687220479488584, 10.184836994768446, 11.973435036482183, 14.523799929419773, 17.373017638224198, 18.25781295829748, 18.714578590483608, 19.81273981553407, 17.888117148792, 17.276286330159312, 17.512602403076627, 19.06555476649652, 19.00345342460246, 17.32777997622444, 13.239870199946239, 13.340928405856811, 17.09870704146027, 19.714185024094842, 21.65491159186523, 8.541935503859884, 9.618252220378054, 10.796312028424184, 12.609895878041797, 12.189133501123806, 14.274381595387787, 16.47376089087843, 16.59496060175366, 17.178361600011883, 19.430384278891697, 19.75687094687875, 20.42980337045908, 19.387350144822825, 19.56724331050601, 19.10681776179421, 18.67638043613351, 20.47924293385975, 20.251751192952838, 22.063312484565838, 23.24975330453732, 23.28000838094443, 22.489474331222844, 23.41336148430548, 22.05337736678878, 18.915480592780515, 20.176786888651428, 20.404609738138333, 20.19468301935516, 20.349264766564723, 20.40474274130425, 20.830722376197542, 22.429900119808273, 21.938063181246385, 21.824108075154836, 22.023393872752706, 22.137760797658647, 22.568880534055737, 22.984938326936206, 23.32064700434554, 23.443926382382184, 23.555914836909743, 23.657646482114302, 23.75006071963267, 23.90067757976106, 23.44360560151231, 22.446215657620442, 23.309147457259883, 24.099648786526476], "test": [14.0, 14.600000000000001, 15.0, 15.0, 15.600000000000001, 16.0, 16.0, 16.0, 16.0, 16.0, 16.0, 16.0, 16.0, 16.0, 16.0, 16.0, 16.0, 16.0, 16.0, 16.0, 16.0, 16.0, 16.0, 16.0, 16.0, 16.0, 16.0, 16.0, 16.0, 16.0, 16.0, 16.0, 16.0, 16.0, 16.0, 16.0, 16.0, 16.0, 16.0, 17.2, 18.0, 18.4, 19.6, 20.0, 20.2, 22.0, 22.0, 22.0, 22.0, 22.0, 22.0, 21.6, 20.6, 15.0, 14.0, 13.4, 13.0, 12.4, 12.4, 14.0, 14.0, 14.0, 14.0, 13.6, 13.8, 12.0, 13.6, 13.2, 12.0, 11.4, 9.4, 6.2, 3.200000000000001, 1.3999999999999997, 1.7999999999999998, 1.6000000000000005, 1.9999999999999991, 4.8, 5.599999999999999, 9.0, 8.8, 6.6, 3.799999999999999, 0.9999999999999996, 16.7, 0.9999999999999996, 0.9999999999999996, 0.9999999999999996, 3.4000000000000004, 3.200000000000001, 1.7999999999999998, 3.799999999999999, 8.4, 9.0, 6.400000000000002, 6.199999999999999, 4.200000000000001, 4.6, 2.9999999999999987, 18.5, 17.3, 18.05, 18.950000000000003, 18.55, 18.55, 19.5, 19.3, 19.549999999999997, 18.65, 18.45, 3.5999999999999996, 3.799999999999999, 7.800000000000001, 10.0, 10.6, 10.800000000000002, 17.8, 20.8, 19.6, 18.2, 12.6, 11.0, 8.2, 5.3999999999999995, 5.599999999999999, 7.200000000000003, 9.200000000000001, 7.0, 5.000000000000001, 5.800000000000001, 5.2, 4.799999999999999, 18.65, 18.499999999999996, 19.25, 4.200000000000001, 7.0, 7.0, 8.0, 8.8, 9.200000000000001, 11.2, 11.6, 12.6]}