{"day": 1, "month": 9, "station_id": 703, "predict": [24.897620201542516, 24.467247443881053, 24.385651887617264, 24.31815305746971, 24.262449513421203, 24.216496474096427, 24.1785892016417, 24.14731923718099, 24.12152446329797, 24.100246209422842, 24.082693658734037, 24.068214461508276, 24.05627049074887, 24.04641784247943, 24.038290337826627, 24.031585913790085, 24.026055396911673, 24.021493242612404, 24.017729896019688, 24.01462549037098, 24.345397982125082, 24.34328552958632, 24.341542955674413, 24.340105496710123, 24.897660546185026, 24.800655430327247, 24.719082313343105, 24.651595995273865, 24.595897639769106, 24.549944618330453, 24.512033840375587, 24.480758079487526, 24.454956127676336, 24.43366997567091, 24.41610927876473, 23.53495534946128, 21.85633694877708, 21.379810314109914, 18.038342682537763, 13.36496536449428, 11.292762529792093, 8.621528622958042, 5.284427397715944, 1.881318953903968, 0.7454212097100841, 0.6099722830253851, 6.741560289470117, 9.606787092494695, 0.0, 0.0, 0.0, 0.0, 0.0, 0.43280073263843655, 3.6061553037733534, 2.2778578434946204, 0.599262201906834, 1.5851957822225031, 3.647857367621369, 1.7972829556240366, 1.5083958539613973, 1.5879888196314795, 1.9749836019016562, 2.607311135980621, 3.022087212201577, 2.4224236661126595, 1.410880611544259, 1.32289759301058, 1.2268740616684781, 1.4575689163960466, 2.549488306381051, 3.303597109761479, 5.2446895877435304, 4.8310561508533665, 4.327401809912508, 4.589714952274793, 4.344802350498153, 5.587674641546472, 5.980995987824671, 4.921527216853408, 4.606642847026015, 4.767547574002313, 6.53584883306948, 6.77681392224492, 6.222641556586377, 6.3390784457787275, 6.2587120151223985, 5.247604143441908, 6.038597797539627, 6.831295384544165, 6.892041199831718, 6.887240529002041, 5.483348108986872, 4.746858772229845, 5.544299860917202, 6.675558409712343, 11.974642915475826, 11.85404424447686, 11.82719279227828, 11.48261875116161, 12.662137942455745, 13.943308818703247, 12.907511487612682, 14.2728372348914, 17.76017074691319, 22.22601542998021, 24.928741060547583, 24.39490778972313, 24.552319661126457, 22.529796171942046, 20.7903191185003, 21.330880356770564, 21.48235752160324, 22.159412570124488, 20.077075624299134, 21.250677357470625, 22.962460464777266, 23.944867937024654, 24.330506276393198, 24.118782134246405, 18.020683627465402, 19.116473068231883, 20.097376538566564, 20.90460804152495, 21.55957344645045, 22.089653721691413, 22.38513282949885, 22.5986620933183, 23.145898697071754, 23.37284527437308, 23.556417059155326, 23.1049039746029, 22.691678226097643, 22.988830435427683, 23.800747913021254, 24.064312784794424, 24.115728919200517, 24.15731822479514, 24.19095883896852, 24.218169943019948, 24.240180367083006, 24.25798408304102, 24.272385091445294, 24.284033729490794], "test": [25.0, 25.0, 25.0, 25.0, 25.0, 25.0, 25.0, 25.0, 25.0, 25.0, 25.0, 25.0, 25.0, 25.0, 25.0, 25.0, 25.0, 25.0, 25.0, 25.0, 25.0, 25.0, 25.0, 25.0, 25.0, 25.0, 25.0, 25.0, 25.0, 25.0, 25.0, 25.0, 25.0, 25.0, 25.0, 24.6, 23.0, 21.8, 18.4, 14.6, 11.6, 9.8, 7.8, 6.0, 3.2, 0.0, 0.40000000000000036, 0.0, 4.0, 8.8, 2.6, 0.0, 0.8, 10.2, 7.000000000000001, 2.4, 0.0, 0.0, 0.20000000000000018, 1.4, 11.8, 13.200000000000001, 12.8, 12.0, 10.2, 7.400000000000001, 6.4, 5.6, 4.8, 4.8, 4.6, 4.8, 5.0, 6.6000000000000005, 6.6000000000000005, 6.4, 6.4, 7.8, 8.0, 8.0, 8.0, 8.8, 9.8, 8.0, 9.6, 12.4, 14.000000000000002, 14.800000000000002, 15.0, 14.6, 13.4, 11.8, 11.6, 11.4, 12.0, 13.200000000000001, 13.8, 4.2, 0.20000000000000018, 1.6, 4.2, 7.8, 12.2, 16.8, 11.4, 17.25, 20.45, 18.6, 23.4, 23.8, 18.8, 20.6, 23.8, 24.0, 24.0, 24.0, 23.4, 23.8, 22.2, 17.2, 19.4, 21.6, 23.0, 24.0, 24.0, 24.0, 24.0, 24.0, 24.0, 24.0, 24.0, 24.0, 24.0, 24.0, 24.0, 24.0, 24.0, 24.0, 24.0, 24.0, 23.4, 23.0, 23.0, 23.0]}