{"day": 1, "month": 3, "station_id": 109, "predict": [55.71826279770586, 56.03238153854182, 56.27892121172591, 56.258832902783375, 56.03905855578786, 55.88633994947799, 55.86735967306881, 55.982116241347576, 56.16393647573246, 56.146145837795004, 56.12873617998431, 56.1116993975454, 56.095027520279174, 56.07871273712932, 56.06274740091542, 56.04712402723597, 56.03183529169713, 56.016874026697494, 56.00223321813256, 55.9879060021256, 55.973885661815444, 55.960165624209196, 55.94673945710114, 55.93360086605742, 55.00504802901129, 55.0114842606551, 55.01822579876213, 55.024953824971064, 55.031576040982486, 55.038067269487165, 55.04442218915057, 55.05064132029754, 55.0567268702898, 55.0626815025426, 55.06850797245696, 55.07420902039488, 55.0797873408546, 55.08524557422163, 55.090586305194776, 55.095812063172886, 55.100925323204414, 55.10592850708614, 55.11082398448828, 54.9822807407371, 54.78696771124452, 54.45822044924872, 53.12937446019875, 51.600431869449956, 53.86349381425439, 51.39072867265115, 49.15267262460372, 47.95320632614367, 44.61325507999081, 39.87234104999536, 35.26561043151656, 28.593577029635192, 23.32303604674138, 19.98733545304862, 15.71978990187376, 13.987037983645463, 11.78904931921893, 11.259126655935281, 10.197239813128336, 10.336692520495044, 9.944122459204634, 12.086167931103645, 14.82946785000861, 14.373995063197073, 13.986389672167888, 14.333292353380564, 13.681344345846789, 13.097187438964704, 23.366796499966398, 22.74396656424065, 21.955741535383407, 21.49536233397399, 21.437207951549084, 21.050127585846138, 20.86801706530578, 20.82429872723971, 20.852257621372974, 21.618473406086537, 21.85618255465257, 21.56528679144615, 20.745688868852607, 19.93062658739788, 19.18667296796744, 18.980402940389244, 18.04505998852931, 17.247222783212425, 17.12013847880548, 16.997056009474463, 16.477892719222307, 16.22923432592325, 16.784334886072685, 16.209783426923735, 8.935876351789007, 9.988311095784375, 9.772823861854803, 5.996400135966547, 6.498477920778621, 6.137747099545716, 5.845198309745462, 8.75347113578653, 10.395687886148893, 11.638445637381619, 16.148383021623783, 19.858817660937405, 22.769737609265174, 29.947798844624888, 34.192991198594406, 33.63863813735845, 33.61806336114562, 34.597924114799596, 37.91154451142863, 40.02558219327973, 41.87336166048095, 42.18820760019635, 44.03677821596202, 45.48573189046693, 55.68510057622599, 55.43562701395206, 55.26789407998093, 55.46074043030278, 56.13128691513385, 56.20799927212691, 56.62270623791867, 57.0, 57.0, 57.0, 57.0, 57.0, 57.0, 57.0, 57.0, 57.0, 57.0, 57.0, 57.0, 57.0, 57.0, 57.0, 57.0, 57.0], "test": [55.0, 55.0, 55.0, 55.0, 55.0, 55.0, 55.0, 55.0, 55.0, 55.0, 55.0, 55.0, 55.0, 55.0, 55.0, 55.0, 55.0, 55.0, 55.0, 55.0, 55.0, 55.0, 55.0, 55.0, 55.0, 55.0, 55.0, 55.0, 55.0, 55.0, 55.0, 55.0, 55.0, 55.0, 55.0, 55.0, 55.0, 55.0, 55.0, 55.0, 55.0, 55.0, 55.0, 55.0, 55.0, 55.0, 55.0, 55.0, 54.0, 53.0, 52.2, 51.4, 50.2, 47.8, 43.0, 36.0, 31.799999999999997, 30.2, 26.999999999999996, 26.4, 26.8, 26.4, 25.199999999999996, 24.8, 24.0, 23.0, 23.0, 23.0, 24.0, 24.0, 24.4, 24.2, 23.2, 22.0, 22.0, 22.0, 21.2, 19.6, 17.6, 15.0, 14.800000000000002, 14.0, 14.0, 13.0, 12.0, 11.4, 11.2, 10.0, 8.8, 11.6, 10.8, 10.0, 12.0, 12.4, 12.8, 10.2, 10.2, 11.0, 10.2, 9.2, 11.4, 10.8, 11.799999999999999, 12.4, 15.0, 14.4, 18.0, 21.0, 25.2, 33.6, 40.0, 47.0, 50.0, 51.4, 55.0, 55.0, 55.0, 55.0, 55.0, 55.0, 54.8, 55.0, 55.0, 55.0, 54.6, 55.0, 55.0, 55.0, 55.0, 55.0, 55.0, 55.0, 55.0, 55.0, 55.0, 55.0, 55.0, 55.0, 55.0, 55.0, 55.0, 55.0, 55.0, 55.0]}