{"day": 6, "month": 8, "station_id": 18, "predict": [23.239827503807618, 22.413077728365167, 22.843102867943127, 22.811048784593535, 22.71829762134699, 22.831342517321367, 23.016510476703516, 22.806795161331458, 23.601875655567163, 23.93478421679644, 24.93857196895719, 25.412974417464472, 24.157743674228364, 24.1059807487789, 24.390801237742618, 24.345334408957566, 24.302722343088604, 24.26278579580476, 24.425356777135278, 24.523611178166234, 24.4907347754387, 24.45992261026256, 24.431045073668617, 24.403980694551883, 24.94479923710357, 24.886397757560218, 24.830857814460966, 24.778707598614897, 24.72981977721838, 24.683999851578143, 24.641056457375864, 24.600809148510567, 24.563088675410757, 24.527736398477952, 24.494603636019264, 24.463551040759874, 24.43444801400722, 24.407172156415374, 24.3816087532102, 24.357650291730863, 24.335196009261125, 24.514151469249, 24.627761497465865, 24.609276476434612, 24.591951996561274, 24.77571519583629, 24.893831120063528, 24.879569102328347, 24.648243610625002, 24.628750229124588, 24.610212891839655, 24.59280848089579, 24.17649443285663, 24.361205659015063, 24.08021144779099, 23.333451412310986, 23.654202251265453, 23.842410885537276, 23.831360906057906, 23.821005697917442, 23.944634910458607, 24.135540939669212, 23.72701875548691, 23.852365739961307, 23.711548202258268, 23.23786790320002, 23.297961922074837, 23.158469198487815, 23.01936374872611, 22.080621222811946, 21.475552135114295, 21.47080176808584, 24.100166928851657, 24.016889383426253, 21.93635817688894, 21.197639636683984, 22.26756794126853, 20.412348271000823, 17.364808061420277, 15.857797894273489, 15.690864401236425, 15.196915993474203, 15.10888784441878, 14.893073549564019, 13.882456880340767, 12.543376969504196, 11.075526923038149, 10.078619186179408, 10.552384324734362, 10.163236549858748, 10.777605981461182, 10.995270979029504, 11.349357202297819, 8.706336731106601, 7.46602724072575, 7.2949245624788785, 11.389114323640653, 9.26027620448686, 7.21032160406646, 6.375313312046467, 5.221413371616976, 6.01444752362358, 7.22024935034495, 10.638031885292682, 14.800389413586936, 20.973295072488053, 22.556098109905548, 23.081521253304924, 22.548991567230146, 23.557971462724343, 25.041289850020192, 24.665140092416785, 25.22907808638801, 25.732687126802606, 25.10890954994887, 24.757378480840703, 23.34441634503827, 23.60303347227997, 22.66626011959484, 21.86714524191404, 23.636806036784755, 23.127482674577944, 22.48633922381523, 23.12156197488461, 22.700122931826634, 22.02150594386799, 21.75180587526032, 21.49047652185761, 20.837004174440445, 21.457573211970768, 21.285064273017948, 21.385719116770943, 21.425805585171947, 21.338282668625187, 21.522799003198735, 22.64569146006286, 23.10665048818083, 22.972052204938375, 22.974957229723064, 22.915109589104198, 23.525602355884878, 23.139543351233993, 22.75672090602613, 22.776936344421475], "test": [24.0, 24.0, 24.0, 24.0, 24.0, 24.0, 24.0, 24.0, 25.0, 25.0, 25.0, 25.0, 25.0, 25.0, 25.0, 25.0, 25.0, 25.0, 25.0, 25.0, 25.0, 25.0, 25.0, 25.0, 25.0, 25.0, 25.0, 25.0, 25.0, 25.0, 25.0, 25.0, 25.0, 25.0, 25.0, 25.0, 25.0, 25.0, 25.0, 25.0, 25.0, 25.0, 25.0, 25.0, 25.0, 25.0, 25.0, 25.0, 25.0, 25.0, 25.0, 25.0, 25.0, 25.0, 25.0, 25.0, 25.0, 25.0, 25.0, 25.0, 25.0, 25.0, 25.0, 25.0, 25.0, 25.0, 24.4, 24.0, 24.0, 23.4, 23.6, 24.0, 24.0, 24.0, 24.0, 24.0, 24.0, 24.0, 24.2, 26.0, 26.0, 26.0, 26.0, 26.0, 26.0, 25.2, 25.000000000000004, 25.000000000000004, 25.000000000000004, 25.0, 25.000000000000004, 24.999999999999996, 25.0, 12.3, 11.4, 11.3, 11.549999999999999, 10.149999999999999, 8.8, 8.35, 7.6499999999999995, 8.2, 9.2, 24.0, 24.0, 24.0, 24.0, 24.0, 24.0, 24.0, 24.0, 24.0, 24.0, 24.0, 24.0, 24.0, 24.0, 24.0, 24.0, 24.0, 24.0, 24.0, 24.0, 24.0, 24.0, 22.8, 22.0, 22.0, 22.0, 22.0, 22.0, 22.0, 22.0, 22.0, 22.0, 22.0, 22.0, 22.0, 22.0, 22.0, 22.0, 22.0, 22.0, 21.0]}