{"day": 2, "month": 9, "station_id": 541, "predict": [25.398573203336973, 25.59012651070942, 25.704947140589514, 25.81041945204776, 25.907301913994512, 25.996294024275443, 26.144705057562707, 26.486458621796203, 26.55543025151403, 26.61878465634472, 26.67697931736508, 26.730434457229872, 26.779536074592407, 26.82463873139426, 26.866068113150998, 26.904123380721735, 26.939079330544583, 26.971188378937068, 27.00068238479003, 27.027774323816722, 27.052659826446824, 27.075518590470423, 27.096515678632688, 27.115802710549147, 26.105598652410187, 26.20557127078723, 26.29748032374969, 26.381901253124163, 26.459442027029745, 26.53066330625444, 26.596080121542826, 26.65616553092717, 26.7113540387272, 26.762044737590703, 26.808604194508444, 26.784702434956444, 26.557315377666598, 26.39339373763261, 26.293198413523093, 26.323635707689238, 26.01825905907705, 25.843937301575583, 25.334189459311386, 24.62251942279459, 23.77575051562699, 22.994026627358082, 21.610813254014364, 20.55956512049324, 16.775514560183733, 16.417150290945656, 15.978289868769165, 13.793011032264335, 9.462366429389045, 7.787333657513342, 6.635477827980581, 5.207624375193971, 5.637864982066533, 5.92689636526598, 5.542025284265002, 4.150506476633672, 3.486213552652938, 3.3496428796459132, 3.474583817286764, 3.2614553295439976, 3.64397566349648, 3.7558317833447177, 4.930681912846637, 8.568824537790082, 8.803867218628664, 9.569395228709482, 9.798973365600592, 9.75948094854081, 16.915710791764596, 15.813070514713887, 13.93275732332716, 13.470438013337073, 13.55786381885434, 13.193656107717421, 12.643220639388534, 12.172068988878674, 12.045809611564914, 10.063473049296128, 10.090837819871847, 11.793756930894983, 11.171484965581756, 12.090005692556751, 12.348693489019416, 11.346975203687293, 17.200992422631735, 12.093597437548327, 13.107682885505294, 14.192845031809313, 14.682047336673634, 16.5082842818857, 16.53791210233457, 15.970646402420732, 12.949424986709033, 15.013399721836787, 15.325681726267383, 17.622814955474585, 18.506123895513177, 20.37677644847832, 20.56917404801647, 22.217627956943982, 23.989700243577023, 25.286210747135847, 25.907910121104877, 26.05548567177577, 25.996233370745298, 22.53072941628179, 22.926168048297477, 22.64969898511804, 24.43509784729897, 24.216102931045068, 25.19308502465641, 25.63305029249976, 26.869642915603304, 26.83648084274662, 27.33382467085086, 27.361913005220888, 25.068201065178357, 25.00572449294171, 24.926598612895564, 25.03192051480151, 24.989642696401972, 24.800948491545242, 24.266923138478607, 24.988561855864447, 26.100110642329735, 26.535739790920715, 26.62955016888016, 26.7155789765174, 26.79447169504673, 26.866820263019374, 26.666500851020405, 26.660677934621255, 26.716474696147525, 26.76764311662014, 27.081233783570045, 27.190932104961327, 27.230394284169435, 27.266583075834976, 27.299770007436138, 27.26353741658164], "test": [25.0, 26.0, 26.0, 26.0, 26.0, 26.0, 26.0, 26.0, 26.0, 26.0, 26.0, 26.0, 26.0, 26.0, 26.0, 26.0, 26.0, 26.0, 26.0, 26.0, 26.0, 26.0, 26.0, 26.0, 25.8, 25.0, 25.0, 25.0, 25.0, 25.0, 25.0, 25.0, 25.0, 25.0, 25.0, 24.6, 24.4, 25.0, 24.2, 24.0, 24.0, 24.0, 23.8, 23.8, 24.0, 22.4, 19.8, 18.4, 15.0, 13.4, 13.8, 13.8, 12.0, 6.8, 8.2, 13.399999999999999, 10.8, 10.6, 9.6, 4.8, 1.3999999999999997, 0.0, 0.0, 0.0, 2.2, 7.6, 17.2, 17.0, 16.8, 17.2, 16.8, 13.2, 12.4, 11.6, 9.4, 10.4, 12.6, 8.8, 8.0, 7.6, 8.4, 10.6, 11.8, 11.8, 14.0, 12.0, 12.6, 13.0, 15.600000000000001, 14.2, 13.0, 12.8, 12.2, 10.8, 10.8, 13.0, 14.0, 13.8, 15.400000000000002, 14.400000000000002, 14.400000000000002, 15.400000000000002, 17.4, 21.0, 19.8, 26.4, 28.0, 27.2, 27.6, 26.6, 26.4, 27.8, 28.0, 27.4, 25.4, 25.2, 27.8, 25.6, 26.2, 25.0, 24.6, 27.2, 17.0, 17.6, 18.8, 18.8, 18.4, 17.0, 17.8, 17.4, 18.0, 18.2, 19.6, 20.8, 22.0, 24.2, 25.6, 26.0, 25.6, 24.6, 25.2, 26.0, 26.0, 26.0]}