{"day": 6, "month": 1, "station_id": 71, "predict": [32.144098680005435, 31.311496479956762, 30.600354549005974, 30.00467714565973, 29.507301150303313, 29.09222273258638, 28.745854827080915, 28.456827529742085, 28.21564877941519, 27.61439731611512, 25.913129831200347, 26.039663956729974, 25.922730451155946, 25.825155365377967, 25.743733900098448, 25.675791812675715, 25.6190975831196, 25.571789121061876, 25.73231260643614, 25.832704788457164, 25.805217066704927, 25.782279955613546, 25.76314009855444, 25.747168857591113, 23.378965441797764, 23.748055734190938, 24.063547802718364, 24.327984368724714, 24.54891612649152, 24.733401920324795, 24.887440366672518, 25.016054562821076, 25.123440550685377, 25.34643541446489, 25.621297970124026, 25.68380417705892, 25.735993497388705, 25.779568772376432, 25.815951782888114, 25.846329639465146, 25.87169351555003, 25.89287098764777, 25.910553037621106, 25.92531659815452, 25.937643377003823, 25.947935574231984, 25.889862338588806, 25.89703739121541, 22.81582133667894, 23.220217230255273, 25.09931469276969, 26.989363776257257, 27.431929151013755, 27.301349325830063, 27.4708113307413, 27.612446295318417, 28.064156719637783, 29.5630950762922, 29.912453400281073, 29.981566233324006, 30.039330025203277, 30.220941739041454, 29.92795897737667, 29.828350234987404, 29.856536899694063, 29.74676168952975, 29.633117992165158, 29.31624105316341, 28.66332847087019, 27.941490659164515, 27.884431830715492, 27.55912862930712, 22.501823075597088, 23.239947376858364, 23.653774805843387, 23.348963245781682, 23.609288168124554, 24.384231344105533, 24.754255758425433, 25.33096006166511, 25.390734925514295, 25.27506208169057, 25.390769042523775, 26.343576469985546, 25.604944268282853, 25.04555526790947, 25.468774536936454, 25.344088269184418, 25.47385889334266, 25.260065843906727, 25.437700985085232, 25.47482063532187, 25.439255824329035, 25.131982149968486, 25.35381704731029, 25.305445429800837, 28.902286900303473, 28.532522515770836, 28.089870800316785, 30.232875130492666, 30.036410599412072, 29.89310515063284, 29.861351295115234, 30.067243065324785, 30.171338432986726, 29.768514506803168, 29.587813094235976, 29.49230646803424, 29.41231755559511, 30.81199173885789, 31.489217385631548, 31.242225957183475, 31.602869596532923, 31.836574440697046, 31.808968185323618, 31.785847335871676, 31.499816446417526, 31.750265148214744, 32.07001557727181, 32.05863959452285, 28.014995943019677, 28.68222959590412, 29.25683588815369, 29.742437204893662, 30.15158499168795, 30.496147841101926, 30.786297629627406, 31.03062407349767, 31.30303028809818, 31.742943642823413, 31.888829125555322, 32.21167461322217, 32.44845219292974, 32.53555927605211, 32.60890935781835, 32.67067510983556, 32.456019402535055, 32.76648283044628, 32.80336267882608, 32.9010846833275, 33.19390205425135, 33.21592272383113, 32.967798956964494, 32.916746671674765], "test": [33.0, 33.0, 33.0, 33.0, 33.0, 33.0, 33.0, 33.0, 33.0, 29.4, 24.0, 24.0, 24.0, 24.0, 24.6, 25.0, 24.6, 23.0, 23.0, 23.0, 23.0, 23.0, 23.0, 23.0, 23.0, 23.0, 23.0, 23.0, 23.0, 22.6, 22.0, 22.0, 22.0, 22.4, 23.0, 23.0, 23.0, 23.0, 23.0, 23.0, 23.0, 23.0, 23.0, 23.0, 23.0, 23.0, 23.0, 23.0, 23.0, 23.0, 24.0, 24.2, 25.0, 25.0, 25.0, 25.0, 25.0, 25.0, 25.0, 25.0, 25.0, 24.0, 23.4, 23.0, 23.0, 22.0, 22.0, 21.6, 21.0, 20.2, 21.4, 21.2, 21.6, 22.0, 22.0, 22.0, 21.4, 21.0, 21.0, 22.0, 21.2, 21.0, 22.0, 21.2, 22.6, 21.8, 21.0, 21.0, 19.6, 18.2, 18.0, 16.8, 16.0, 15.2, 20.0, 28.0, 28.0, 28.0, 29.0, 29.0, 29.0, 29.0, 30.0, 30.0, 30.4, 31.0, 31.6, 32.0, 32.0, 32.4, 31.6, 30.0, 30.0, 28.8, 27.2, 27.0, 27.0, 27.0, 27.0, 27.0, 27.8, 29.0, 29.0, 31.0, 31.0, 31.0, 31.0, 31.0, 31.0, 31.0, 31.0, 31.0, 31.0, 31.0, 30.8, 30.0, 30.0, 30.0, 31.0, 30.4, 30.0, 30.0, 30.0, 30.0]}