{"day": 6, "month": 11, "station_id": 14, "predict": [1.8101723770640725, 2.3663328427225454, 2.921416593423364, 3.446195479686726, 3.945715111007407, 4.420775965399382, 4.805959512785135, 5.3023936332068695, 5.711158301051775, 6.0999465004384055, 6.469734499277959, 6.821450841945327, 7.155978696143764, 7.540824735366356, 8.176787915064725, 9.064628145482967, 9.67173486647914, 9.932128862424308, 10.179797321740729, 10.615362145413108, 10.97274817526241, 11.185851345903426, 11.388540097449061, 11.314656719175295, 0.6518153612036333, 1.2794286533949757, 1.884176605527565, 2.459362818278546, 3.0073418159280747, 3.8626225854771814, 5.693122010253775, 6.166681679698309, 6.617756009396006, 6.514079279643082, 6.790001774481267, 7.179825487971332, 7.5511397543964245, 7.904823431600851, 8.241713647873569, 8.562607783326278, 8.868265357200691, 9.15940982556247, 9.436730293637936, 9.700883146846294, 9.95249360438789, 10.192157199065607, 10.420441186842027, 10.637885889468572, 20.009706736095612, 19.76102713732798, 19.065662394150422, 17.980378491422762, 18.505746615404295, 18.574461473025906, 18.119388415064726, 17.873398811545776, 18.23605492878127, 17.74027323938104, 17.05232367478323, 17.305161957653603, 16.631762016788606, 15.565115108914533, 15.438228983306509, 15.250793753293696, 15.335847806108365, 15.559777082555946, 15.722314391414436, 15.889872090222013, 15.59554146419253, 16.17242546840865, 16.753638165182352, 17.67230418854192, 18.36098973771634, 18.88569541938677, 18.884925929815783, 18.153573080018393, 19.625366795967988, 19.500097662673607, 19.97763179068595, 20.324501049739737, 20.207244571913083, 20.359074164116514, 20.51320745529305, 20.136200940025535, 20.42794971522021, 22.055020561315498, 21.4173183690381, 21.98141924428173, 21.680570290580114, 21.181356068649364, 20.950365065835975, 20.38752284166316, 20.359425182357985, 20.866004597263007, 20.773863490056833, 21.149607337727605, 23.50929747689517, 24.08835693763283, 23.664383737008958, 22.84555855492014, 21.96404006532123, 20.219746651064057, 16.212480611837236, 14.675400869208389, 14.941673042175472, 14.944470919267689, 15.883642529147433, 16.625709804047673, 17.57053489916223, 17.0513198649937, 17.267939668274465, 17.55360856113444, 18.641546464426128, 19.4649786978717, 19.023802389722746, 19.651252898654516, 19.613903580645587, 20.044998900288366, 20.34445421933529, 20.045522261977784, 14.877751499365674, 15.216597565252552, 15.27818508198524, 15.196958149647333, 15.173314545366118, 15.674372954724433, 15.9005550221224, 15.918929343806305, 16.729878072889925, 18.3337646689118, 18.930934799965218, 19.588383881636908, 19.773091238317235, 20.285354224162823, 19.65878897215387, 19.96033110648984, 20.323569753448798, 20.548748185750778, 20.502764435381664, 21.452505209754698, 21.464846446011116, 21.539987171522935, 21.61145000525919, 21.67941496794527], "test": [0.9999999999999991, 1.4000000000000004, 1.9999999999999996, 1.9999999999999996, 1.9999999999999996, 1.9999999999999996, 1.9999999999999996, 0.9999999999999991, 0.9999999999999991, 0.9999999999999991, 0.9999999999999991, 0.9999999999999991, 0.9999999999999991, 0.9999999999999991, 0.0, 0.0, 0.0, 0.0, 0.0, 0.0, 0.0, 0.0, 0.9999999999999991, 0.9999999999999991, 0.9999999999999991, 0.9999999999999991, 0.9999999999999991, 0.9999999999999991, 0.9999999999999991, 0.9999999999999991, 1.4000000000000004, 15.8, 19.0, 19.0, 19.0, 19.0, 19.2, 19.0, 19.0, 19.0, 19.0, 19.0, 19.0, 19.0, 20.0, 21.0, 21.0, 20.2, 20.0, 19.6, 20.0, 20.0, 20.0, 20.0, 20.0, 20.4, 23.0, 23.0, 23.0, 22.6, 22.0, 22.0, 22.0, 22.0, 22.0, 22.0, 18.2, 17.0, 16.6, 16.0, 17.0, 17.6, 18.0, 17.0, 19.0, 19.0, 19.0, 19.8, 19.2, 20.0, 20.0, 21.6, 20.8, 23.0, 25.0, 23.6, 22.4, 22.0, 21.4, 21.8, 22.0, 22.2, 23.0, 22.8, 22.0, 22.8, 22.0, 21.6, 23.0, 22.6, 22.0, 13.2, 3.8, 4.4, 4.799999999999999, 9.0, 12.0, 13.4, 14.0, 14.0, 13.4, 13.0, 13.0, 12.2, 12.400000000000002, 13.0, 13.6, 14.2, 15.0, 15.0, 15.0, 14.2, 12.400000000000002, 13.2, 15.600000000000001, 18.8, 19.0, 19.0, 19.0, 19.0, 19.0, 19.8, 19.6, 23.6, 24.0, 24.0, 24.4, 23.4, 23.0, 23.0, 23.0, 22.6, 21.0, 21.2]}