{"day": 4, "month": 1, "station_id": 109, "predict": [54.93068502955153, 54.866403751837936, 55.0705571336051, 55.20959629826462, 55.35014019799759, 55.625484522381406, 55.702259709866624, 55.84709711945846, 55.79329564949233, 55.940821714723384, 56.289642558617004, 56.63972623289653, 56.59104157759948, 56.54355820162616, 56.49724646376817, 56.45207745420506, 56.674689643124246, 57.0, 57.0, 57.0, 57.0, 57.0, 57.0, 57.0, 56.9920729256582, 56.9839017156629, 56.975911502373975, 56.96812118473451, 56.960527040465436, 56.95312420116609, 56.94590785165826, 56.938873294179395, 56.93201594909388, 56.9253313521227, 56.918815151448875, 56.91246310488501, 56.906271077111604, 56.90023503698483, 56.89435105491217, 56.88861530029422, 56.88302403903082, 56.87757363109012, 56.87226052813883, 56.86708127123216, 56.862032488562, 57.0, 56.585646614599945, 55.580969862560835, 52.81525675871128, 51.26231112339132, 49.2432638935846, 47.68980302743207, 44.268534382531186, 41.44614804279669, 39.28933794802265, 32.998130937207755, 29.905886534478466, 29.812630286341975, 29.45172044357358, 28.223181310006783, 26.52703659097519, 25.163309408051003, 25.132022313420563, 25.099863970572528, 25.133522501307496, 25.56635216574416, 24.93170670866356, 24.296272705533042, 23.793402908217626, 24.823116257053233, 26.918764559289293, 26.880365833908012, 20.160013080729275, 20.1555274292651, 19.881499864148726, 19.135815546527162, 18.785145647667022, 18.029615329410618, 17.269353493499587, 15.304486025381465, 16.201802151444898, 16.4947545047071, 16.516792543565018, 16.00136263619748, 17.281908142794926, 17.091869495605184, 16.764684276849422, 16.70045396123135, 16.89927732309481, 16.427917174950153, 15.419800437421697, 15.4083515406671, 15.726992490651607, 15.975809600325274, 16.42155355241685, 15.730972793889972, 13.191041809227283, 14.440838650959998, 14.25904639046181, 14.868213195989915, 14.473021056791199, 14.60781983887065, 15.139539729955125, 16.534955245838127, 17.8608077661559, 18.917164025684155, 21.170754633878545, 22.354975164491375, 25.136553071104093, 27.18221442965997, 27.758683978291568, 28.066018482544745, 30.570940098441874, 30.60683640124708, 30.373760413524067, 29.33843063255091, 30.167564390449108, 30.32787788037665, 29.952752848798614, 30.97556995384897, 20.58700013260518, 21.503564340177974, 21.588333240007216, 21.275137051952953, 21.29071457008013, 22.167160775206487, 23.170995358820313, 24.102291900733285, 24.42783343072408, 25.147742843289944, 25.128808876319543, 25.17115132287142, 23.941554113330696, 23.97346530903136, 26.60033047822247, 27.688926081086365, 27.906026189003533, 28.051735869755767, 29.726157905019015, 30.662726173434407, 31.394872365933843, 31.722692700007656, 32.84628129960336, 32.965730240677814], "test": [55.6, 56.0, 56.4, 57.0, 57.0, 57.0, 57.0, 57.0, 57.0, 57.0, 57.0, 57.0, 57.0, 57.0, 57.0, 57.0, 57.0, 57.0, 57.0, 57.0, 57.0, 57.0, 57.0, 57.0, 57.0, 57.0, 57.0, 57.0, 57.0, 57.0, 57.0, 57.0, 57.0, 57.0, 57.0, 57.0, 57.0, 57.0, 56.8, 56.0, 56.0, 56.0, 56.0, 57.0, 57.0, 57.0, 55.0, 53.4, 53.2, 49.8, 48.6, 48.4, 45.0, 40.4, 32.2, 26.6, 19.2, 15.2, 12.4, 8.2, 5.799999999999999, 4.599999999999999, 1.4000000000000012, 1.0, 1.2000000000000006, 7.2, 20.8, 21.0, 21.0, 20.8, 21.0, 20.4, 17.0, 17.0, 16.4, 15.0, 14.4, 12.6, 12.2, 15.4, 15.800000000000002, 14.4, 14.800000000000002, 13.8, 14.0, 16.2, 15.0, 13.2, 14.600000000000001, 14.800000000000002, 14.600000000000001, 15.600000000000001, 15.2, 14.0, 12.6, 12.8, 14.600000000000001, 14.2, 14.600000000000001, 16.2, 17.6, 16.4, 17.2, 18.4, 19.8, 22.0, 24.6, 25.2, 26.2, 26.2, 25.6, 27.8, 27.6, 26.4, 24.8, 25.6, 25.8, 21.8, 21.0, 21.0, 22.2, 23.0, 24.4, 26.6, 27.8, 29.0, 28.8, 29.0, 30.2, 31.799999999999997, 33.8, 35.0, 35.0, 35.2, 37.4, 38.6, 39.0, 39.0, 39.0, 33.8, 33.0, 33.0, 34.0, 34.4]}