{"day": 5, "month": 7, "station_id": 154, "predict": [16.50175813095714, 16.348010428294838, 16.56963581311068, 16.292020562727238, 15.578203568098203, 14.892074042973501, 14.897843866886838, 14.45995277604268, 14.243038544181022, 14.04525142743373, 13.864904824931344, 13.700460862506675, 13.550517273749593, 13.413795441699865, 13.289129495563943, 13.642123035612745, 13.738473401405502, 13.643963406027156, 13.557787132519472, 13.479209728236023, 13.407561138518647, 13.34223039292706, 13.28266039529852, 13.228343173210648, 19.455879684107742, 18.87969801301464, 18.3419999431932, 17.84932111070093, 17.399191201767035, 16.98812430989889, 16.612757979443536, 16.26999567695064, 15.957006026219725, 15.671203032271261, 15.410225241880845, 15.171916308798458, 14.954307187987748, 14.755599867878727, 14.574152514401144, 14.475132571909201, 14.590504375750292, 14.452351174150907, 14.326198132628514, 14.211002902253039, 14.105813673827633, 14.209761313494077, 14.988718848116012, 15.575294907770777, 21.513378008965166, 21.078285292417238, 20.55827141484796, 20.082716899146224, 21.5145122520886, 22.25018072475252, 21.88653956620323, 21.620677830092607, 20.98326688654171, 21.505205849642188, 21.584268767895757, 21.885086806401482, 22.13913195235185, 22.011368781166144, 21.70024083080665, 21.737658141890968, 22.188985863859273, 22.45303383598627, 22.195380393164587, 23.415030320189096, 23.511073551463856, 22.94934455235409, 22.929082323862367, 23.582924310631242, 34.31214376896499, 35.0, 34.346486527551455, 33.43329109361122, 32.91702377627036, 32.52592855607417, 32.78857400005623, 32.96723807329721, 32.65788873569934, 32.45682311108684, 32.09397416443018, 31.63288601969699, 32.53735793143932, 32.404756773078816, 32.23266456107298, 32.15219420972058, 31.694640055563713, 31.324796367379694, 31.374277067333008, 31.17483656432843, 31.39169160869132, 32.023510751393, 31.86907133119055, 31.59391725264505, 31.278161557724186, 31.064338383670886, 31.590758043184163, 31.127876216233698, 30.60878211079315, 30.366047469125686, 30.732228580219736, 30.839933887266753, 30.155162642744166, 30.143968271157625, 31.339120819122677, 30.740102911953556, 31.079772681913845, 29.957693664323916, 31.040131640011708, 30.72671840174702, 29.75044909041377, 29.777679748325365, 30.808125071983767, 31.374856348024647, 31.54429955741598, 32.71623363419483, 32.557122199478314, 32.33344542584482, 35.0, 34.870248540389, 34.470426024396815, 34.01564466013913, 33.10844546002282, 32.614828149609785, 32.66711875189993, 32.86433777027899, 33.40557591308705, 33.4899944008808, 32.71682019032289, 33.618674245922435, 33.72823345626508, 33.844892911931765, 33.43476185982929, 33.49732664160974, 33.43211392475887, 32.238687536731696, 31.649978880964003, 31.598950915247638, 31.15192900782241, 31.175265321282435, 31.468670042362042, 31.49854277686515], "test": [17.0, 18.0, 18.0, 18.0, 18.0, 20.0, 20.0, 20.0, 20.0, 20.0, 20.0, 20.0, 20.0, 20.0, 20.0, 20.0, 20.0, 20.0, 20.0, 20.0, 20.0, 20.0, 20.0, 20.0, 20.0, 20.0, 20.0, 20.0, 20.0, 20.0, 20.0, 20.0, 20.0, 20.0, 20.0, 20.0, 20.0, 19.8, 19.0, 19.0, 19.0, 19.0, 19.0, 19.0, 20.8, 20.0, 22.0, 22.0, 23.0, 23.0, 23.6, 24.0, 27.4, 33.0, 33.0, 33.0, 34.8, 34.4, 34.0, 34.6, 35.0, 35.0, 35.0, 34.4, 34.0, 34.0, 33.0, 34.0, 35.0, 35.0, 35.0, 35.0, 35.0, 34.6, 34.0, 34.0, 35.0, 35.0, 35.0, 35.0, 35.0, 34.4, 34.8, 34.6, 34.0, 34.0, 34.8, 34.0, 34.2, 33.4, 32.4, 32.0, 32.0, 32.0, 32.0, 32.0, 31.0, 30.8, 30.0, 30.0, 30.0, 28.8, 30.0, 30.0, 30.0, 30.4, 32.8, 33.0, 33.8, 33.2, 33.0, 33.0, 33.0, 33.0, 33.0, 33.2, 33.0, 33.0, 33.0, 34.8, 35.0, 35.0, 35.0, 35.0, 35.0, 35.0, 35.0, 35.0, 35.0, 33.2, 32.0, 32.0, 32.0, 31.4, 31.0, 32.0, 32.0, 32.0, 32.0, 32.0, 32.0, 32.0, 32.0, 31.6]}