{"day": 3, "month": 7, "station_id": 71, "predict": [31.713856430886107, 31.427605396900233, 31.063522657711573, 30.74746172359817, 30.473078843712482, 30.568210695077653, 30.3614195154913, 30.181896733257155, 30.026046616942335, 29.890747584384172, 29.773289679031144, 29.93798695782358, 29.916130369863872, 29.83928018204759, 29.772563798964697, 29.71464493242524, 29.664363503094048, 29.62071240481391, 29.582817332887625, 29.549919272291703, 29.521359295071495, 29.496565362418824, 29.475040867085887, 29.45635468664699, 33.43649941217024, 32.905148851386, 32.44000676623925, 32.03524786228966, 31.883209814780006, 31.71037184746184, 31.310758965431848, 30.87917365127258, 30.077762177330975, 29.702593117511437, 29.35024728084139, 28.951084304756506, 28.769184610439417, 28.26896558758673, 26.581804356589515, 25.90599958447437, 23.906738275942843, 22.449400224624224, 19.466199560781607, 20.356162905164602, 23.451777035918962, 20.28563903102294, 21.590441897041032, 18.165628737010746, 11.918421439769144, 4.186611163077347, 9.753104624629387, 6.139612810834432, 0.617725937247276, 0.0, 0.0, 0.45229514799702186, 2.9444121500450486, 6.0824342537287155, 6.335742778692072, 5.040030760261798, 4.014016027149307, 3.692814877538509, 3.277977146882514, 10.004183357120677, 12.855937880186948, 15.100925303622612, 15.540030451298072, 15.04068911968288, 14.736903205282603, 14.829253854106156, 14.91824622512385, 15.20431942586007, 17.301258324659692, 17.194066928078875, 15.449201864866371, 13.065549114405693, 12.772944627285279, 11.368164843318247, 9.381733405687466, 11.277879476446099, 10.721155960433649, 10.70972990467108, 11.242011865035089, 11.449956889667744, 10.79903646637, 9.888214196777259, 11.383258035571943, 11.216721998733915, 10.921263635198338, 10.762963605750212, 10.541313755874167, 10.455873439802708, 9.03959388525651, 8.425477083003075, 10.213235709610643, 11.86928727946978, 8.182977256771018, 10.120057018928842, 12.36234084255662, 16.424740096908177, 20.578441859309585, 23.828733374544477, 27.113646239656436, 30.570616266036453, 31.869887718905876, 31.614580168237065, 31.074080442210082, 23.784093763451363, 23.080021672847604, 29.230334244367445, 31.103270655081932, 32.83353541441375, 33.022324141713185, 30.870679376769168, 23.446176845817572, 25.016275884840063, 29.64833434143826, 30.409621568765854, 32.633996422466254, 33.521917140287236, 29.120239087537826, 29.562729287310063, 28.14028078330297, 29.052700385230104, 30.707734283650623, 30.97939488584817, 31.07412651880172, 31.26421318648263, 31.95454864873697, 32.282729421523555, 32.51913601341603, 32.66700371080529, 32.72915090983353, 32.64136616907015, 32.27245500673225, 32.69094733440895, 32.89846630431967, 33.22975924701071, 33.28605795583721, 33.33510216525962, 33.377826670457125, 33.415045811429486, 33.44746899452586, 33.47571421391129], "test": [32.6, 33.0, 33.0, 33.0, 33.0, 33.0, 33.0, 33.0, 33.0, 33.0, 33.2, 34.0, 34.0, 34.0, 34.0, 34.0, 34.0, 34.0, 34.0, 34.0, 34.0, 34.0, 34.0, 34.0, 34.0, 34.0, 34.0, 34.0, 34.0, 34.0, 34.0, 34.0, 34.0, 34.0, 34.0, 32.4, 32.0, 30.4, 29.2, 25.799999999999997, 23.8, 22.4, 17.4, 15.0, 15.2, 22.6, 21.6, 14.6, 7.6, 0.3999999999999995, 0.799999999999999, 7.6, 2.4, 0.0, 0.0, 2.6, 11.2, 8.6, 6.0, 1.2000000000000004, 0.0, 0.0, 0.8, 9.4, 17.4, 17.2, 18.2, 19.0, 18.8, 17.2, 16.8, 17.4, 16.4, 16.4, 14.6, 14.2, 16.6, 17.8, 20.0, 21.8, 19.8, 20.8, 21.8, 22.2, 23.0, 24.6, 26.0, 27.2, 15.700000000000001, 15.85, 15.45, 29.200000000000003, 14.299999999999999, 13.249999999999998, 13.0, 8.4, 9.8, 11.2, 11.2, 10.8, 6.6, 7.4, 11.6, 16.4, 20.0, 25.799999999999997, 27.6, 22.4, 26.199999999999996, 28.6, 28.2, 27.0, 21.6, 20.8, 24.0, 28.0, 28.4, 28.8, 29.0, 28.6, 28.2, 28.4, 29.0, 29.4, 30.8, 31.0, 31.0, 30.6, 30.8, 31.0, 29.8, 26.0, 26.8, 27.6, 28.0, 28.0, 28.6, 29.8, 31.0, 31.0, 31.0, 31.0, 31.0, 31.0]}