{"day": 6, "month": 4, "station_id": 101, "predict": [18.942095641959234, 18.458240094837198, 17.52261149511346, 16.93140325539228, 17.380934679063717, 17.917826969393012, 17.438981499782926, 17.091556635814065, 16.92294642192423, 16.730761034743583, 16.462808857568806, 16.217080041540388, 15.991731430219568, 15.785072734487478, 15.59555385406764, 15.421753250573303, 15.262367284868573, 15.116200438765198, 14.982156347710244, 14.85922957720278, 14.646498081256427, 14.643116286340307, 14.54830874892269, 14.81136433904389, 19.81108043438175, 19.208550932078026, 18.79215523194546, 18.409047487167243, 18.056567192239395, 17.782265853861645, 17.683890711964438, 17.409369102690018, 17.156794060816843, 16.924411073022725, 16.51060589015262, 16.013893313831755, 15.832906879530487, 15.666389364414128, 15.513184054040583, 15.472226707239845, 15.89253816335935, 15.873217540521447, 15.763435977644582, 15.662430876757206, 15.569500605608564, 15.483999623778054, 15.455333998426678, 15.582957278540691, 19.595712097249972, 19.21957690621514, 18.67259437784398, 18.30254817874387, 17.95734787062963, 17.435064621625347, 16.783919329395175, 16.252271007144408, 15.638606061546286, 15.241528402904619, 14.559750323084577, 14.24208408160998, 14.937434144950688, 15.19479002829142, 15.313219693010067, 16.041863456724506, 16.129928376116073, 15.676683065826998, 15.781452919578424, 15.59361570228368, 15.312597484355662, 15.037868891643008, 15.218941646492102, 15.655365377334174, 17.459828232636916, 17.29130493936596, 16.939524649570288, 16.603159872243776, 16.63103223524387, 16.32205409736371, 16.97522091711585, 17.989604893997612, 18.514349105793848, 18.598662093906853, 18.79181286233626, 18.8431262587063, 18.90197870815435, 19.017794273124334, 18.740041014167755, 18.618227628757346, 17.80190034687473, 17.2906400637563, 17.484059691679647, 17.58180171405746, 17.78353592638357, 17.53895734975699, 19.897784303799906, 19.20975662679298, 12.82897718697774, 12.031210386352566, 11.40311560164052, 12.496902562740685, 12.614696033406982, 12.80846134616672, 13.330015254179742, 12.881037147347756, 13.41307943799531, 14.077577161558116, 14.2758568513734, 14.359144742453202, 15.27857435497569, 15.985193504393592, 15.97997078151291, 15.963801542617071, 15.73751344668167, 16.451871573924002, 17.90758315734241, 18.055301956506945, 18.64563230065064, 18.72913282606519, 18.556319930914633, 18.627670968832792, 16.585287207426042, 16.3092347600578, 16.67014376462393, 17.668958631293076, 17.906587912230865, 18.133872359278623, 18.501589536448527, 18.660458562650074, 18.761144504591783, 18.85426243958572, 18.940381212974714, 18.82002691313449, 18.49368608527909, 18.411808703702214, 18.474810920611638, 18.533077608348865, 18.586964710524143, 18.636801416429666, 18.68289217201409, 18.7255185397032, 18.764940918428128, 18.80140013436852, 18.685118912128306, 18.61630323533133], "test": [20.0, 20.0, 20.0, 20.0, 20.0, 20.0, 20.0, 20.0, 20.0, 20.0, 20.0, 20.0, 20.0, 20.0, 20.0, 20.0, 20.0, 20.0, 20.0, 20.0, 20.0, 20.0, 20.0, 20.0, 20.0, 20.0, 20.0, 20.0, 20.0, 20.0, 20.0, 20.0, 20.0, 20.0, 20.0, 20.0, 20.0, 20.0, 20.0, 20.0, 20.0, 20.0, 20.0, 20.0, 20.0, 20.0, 20.0, 20.0, 20.0, 20.0, 20.0, 20.0, 20.0, 20.0, 20.0, 20.0, 20.0, 20.0, 20.0, 20.0, 20.0, 20.0, 18.0, 16.0, 16.0, 16.0, 16.0, 16.0, 16.8, 18.0, 18.0, 18.0, 18.0, 18.0, 16.8, 17.8, 17.0, 16.0, 15.400000000000002, 14.999999999999998, 14.999999999999998, 14.999999999999998, 14.999999999999998, 14.999999999999998, 14.999999999999998, 14.999999999999998, 14.999999999999998, 14.999999999999998, 14.999999999999998, 14.8, 14.0, 14.0, 14.0, 14.0, 13.6, 13.0, 13.0, 13.0, 13.0, 12.399999999999999, 14.599999999999998, 14.999999999999998, 14.999999999999998, 14.999999999999998, 14.999999999999998, 16.0, 14.4, 14.999999999999998, 14.999999999999998, 14.8, 14.0, 14.0, 14.0, 14.999999999999998, 16.0, 16.0, 16.0, 16.0, 17.0, 17.0, 17.0, 16.8, 17.0, 17.0, 17.0, 17.0, 17.0, 17.0, 17.0, 17.0, 17.0, 19.4, 21.0, 21.0, 21.0, 21.0, 21.0, 21.0, 21.0, 21.0, 21.0, 21.0, 21.0, 21.0]}