{"day": 0, "month": 7, "station_id": 71, "predict": [26.700980849104997, 24.822615844390405, 28.011483792811095, 29.123337508553764, 29.567853782334304, 29.95385579607986, 30.289042938130475, 30.58010439859641, 30.83284907325357, 31.25232117304544, 31.74290086616898, 31.908391693756773, 32.05209647975211, 31.576883247810205, 31.78524246058471, 32.37933672374925, 32.46104394673269, 32.781994821559046, 32.943605367785125, 33.14710519305954, 33.193562033320106, 33.23390306239686, 33.11893339631203, 32.899352161581355, 28.142236203004032, 28.834317785948517, 29.44051389655412, 29.96825900711409, 30.427423079023658, 30.82689333233255, 31.174428082872577, 31.476779319457943, 31.73982140128532, 31.618664971215356, 31.317756231059537, 30.39096332512711, 30.1916514942542, 29.972748459058643, 29.18680130262624, 28.38602595779089, 25.72235026049631, 22.497451405722884, 17.41278853371093, 14.56963107959819, 20.91908343727659, 24.82210641666255, 21.669535911273943, 17.002099138806283, 16.97318631399414, 13.510996461389421, 13.304002466244725, 8.2687212029833, 6.574089033315333, 5.099762581392265, 2.8366713743539194, 2.476910437795018, 6.863594848831399, 9.29072848944174, 9.853089340254503, 10.646129547390286, 9.665888387596901, 8.308916469360907, 6.672209719676596, 5.653151893160444, 11.64946450327309, 10.509163217450492, 8.780519881649742, 15.302029447548728, 13.152381169464107, 13.0504335197644, 12.455192342718266, 12.815791828694024, 27.133300935569608, 25.001521417494352, 27.4375423885558, 25.59473587461525, 24.498708905344003, 20.607392176263797, 22.761424756229367, 22.98386513761331, 22.459892103847373, 21.5765396050429, 20.82246456501885, 20.387743733330574, 20.113695964165526, 19.19272674068996, 23.938192160453795, 24.404279945897795, 23.395905348912066, 22.81862008514031, 23.058532667081717, 23.02223870918986, 15.016759956762291, 14.089490946654045, 18.7481523445307, 14.780750122951087, 15.518393101749059, 13.567132463389614, 13.55640988707874, 12.598631429368496, 12.588066220759742, 12.918561803132235, 16.03469497007353, 21.381753627600045, 24.805648357391494, 29.352830477090382, 30.570220564357783, 26.805146406028225, 30.355289150697256, 33.31863658171933, 32.39344256917025, 26.578191883703884, 29.47156966327041, 30.722434917422138, 32.62979753529383, 32.94279833394721, 32.96069174503498, 33.33283079090457, 31.308654047396328, 30.787674330623954, 24.233199335821432, 24.178383136982614, 26.16919020580906, 27.347071783017594, 28.619211099015754, 29.64281217653872, 28.974202085415786, 27.518886686380153, 26.381653908961127, 27.166667148722546, 27.977546716810778, 28.417440680403804, 28.989086463533848, 29.494864412583674, 29.686844374546062, 29.366826199478375, 29.736374959697685, 30.046851574880407, 30.399439442333765, 30.445167593536286, 30.484930830070937, 30.66950723296788, 30.799573388077, 32.775717625398045], "test": [26.0, 27.0, 27.0, 27.0, 27.0, 27.0, 27.0, 27.0, 27.0, 27.0, 27.0, 27.0, 27.0, 27.0, 27.0, 27.0, 27.0, 27.0, 27.0, 27.0, 27.0, 27.0, 27.0, 27.0, 27.0, 27.0, 27.0, 27.0, 27.0, 27.0, 27.0, 27.0, 27.0, 26.6, 25.200000000000003, 24.0, 24.0, 23.6, 23.0, 22.6, 20.4, 16.4, 10.0, 11.6, 30.4, 30.4, 28.6, 24.4, 17.2, 13.0, 13.0, 11.2, 13.600000000000001, 4.8, 0.2, 0.6, 2.8, 5.2, 15.4, 19.0, 18.0, 17.2, 17.6, 16.4, 15.6, 22.2, 12.199999999999998, 28.0, 28.0, 28.0, 28.6, 29.2, 15.959999999999999, 15.56, 29.0, 28.8, 28.8, 27.0, 27.4, 27.6, 27.6, 28.2, 28.4, 26.199999999999996, 25.0, 23.0, 24.800000000000004, 26.199999999999996, 25.200000000000003, 25.0, 21.8, 21.2, 24.6, 28.6, 17.68, 17.88, 15.840000000000002, 20.2, 16.6, 20.6, 22.0, 20.0, 20.8, 26.8, 32.2, 33.0, 31.2, 31.6, 32.8, 32.6, 32.4, 33.0, 33.0, 33.0, 32.8, 33.0, 33.0, 33.0, 30.6, 26.0, 30.0, 33.8, 34.0, 34.0, 34.0, 33.6, 33.2, 34.0, 34.0, 34.0, 34.0, 34.0, 34.0, 34.0, 34.0, 34.0, 34.0, 34.0, 34.0, 34.0, 34.0, 34.0, 34.0, 34.0]}