{"day": 5, "month": 8, "station_id": 109, "predict": [27.980968095949773, 30.06703189289808, 33.279557548219536, 33.928469444215445, 35.41054430469705, 36.92638588570406, 37.543946797670024, 38.531259174325754, 39.15632100943144, 40.087076474559034, 40.65808088850903, 41.20383572124306, 41.7254574907998, 42.224013350144716, 42.70052326448748, 43.15596209683128, 43.92459493550122, 44.94064566699063, 45.404965464548965, 45.78503452954456, 46.14829708915955, 46.49549632048757, 46.8273425376219, 47.41118131151114, 27.905559205783003, 28.91917404472905, 29.931721193670082, 30.91111134974714, 31.852559851600716, 32.756427475806774, 33.95733687085704, 34.79003839579497, 35.58925961858725, 36.08967855521506, 36.75925372577612, 37.465891942038525, 38.14411686222305, 38.795070957858364, 39.41985076433058, 40.01950872661653, 40.595054971869054, 41.1474590109316, 41.67765137147502, 42.18652516547479, 42.67493759366274, 43.14371138948637, 43.59363620500793, 43.95880327441099, 28.548329591898003, 29.80787506382463, 30.592674249527967, 31.01460664173718, 31.80400567119232, 32.561320049083726, 33.08761210161359, 33.71735663863368, 34.31834131093935, 35.22498244417175, 35.97165635012624, 36.626033515329695, 37.9224132868745, 39.061725274033584, 39.84486404930117, 40.672690468126675, 40.54603293958276, 40.532355315935234, 41.09909140281146, 42.51364609168399, 41.57672978300417, 41.28902610159355, 41.984526239174805, 42.330529925531565, 26.424835490961843, 26.01861512404951, 26.53926841707129, 25.23412622359677, 25.833794561525455, 26.871939938485934, 25.4827687167908, 25.533892330002505, 26.62624116993857, 28.027382874370087, 28.738187141191922, 29.42615963133484, 30.092109623427767, 31.136817715079363, 31.494370169349214, 30.965493228136463, 29.684220724689567, 28.584561662688213, 30.933834429669105, 32.7326676459265, 33.38166764999032, 32.214752621747884, 32.16582001090448, 33.03541393844189, 20.928696206738525, 20.587663136358476, 20.394451849254185, 22.116326852167365, 22.881334248823833, 23.689199045343425, 23.473875430359573, 23.90279220077905, 24.843381752771336, 24.429722252528236, 23.795867216849754, 23.4091788747379, 23.80366219815065, 22.97996569837737, 22.272048884218417, 22.147183030377022, 20.672618586811677, 19.982252562647442, 18.143295885408385, 17.889607403067096, 17.6883611963954, 16.673380535742496, 16.978471816339344, 17.404091806202572, 15.264313599278456, 14.172447985514465, 14.2372194590617, 13.696730023013655, 13.14595063341111, 12.184263898586613, 10.745203395406236, 10.495778564217172, 11.436348212634927, 11.300597119082402, 12.422198667715126, 14.734814443478355, 15.9720944964013, 16.53434438634582, 15.62185890423334, 15.168255783948336, 15.707142735049013, 17.038784462729488, 18.896769675358115, 20.081344746673125, 20.592747366387666, 20.164540179612146, 21.663611082154336, 22.290173505411072], "test": [20.0, 20.0, 20.0, 20.4, 21.199999999999996, 22.0, 22.0, 22.8, 23.000000000000004, 24.8, 25.0, 25.0, 25.0, 25.0, 25.0, 25.0, 25.2, 27.0, 27.0, 27.0, 27.0, 27.0, 27.0, 27.0, 28.0, 28.0, 28.0, 28.0, 28.0, 28.0, 28.0, 28.0, 28.0, 28.0, 28.0, 28.0, 28.0, 28.0, 28.0, 28.0, 28.0, 28.0, 28.0, 28.0, 28.0, 28.0, 28.0, 28.0, 28.2, 28.8, 28.6, 28.0, 28.0, 28.0, 28.0, 28.0, 28.0, 28.0, 28.0, 28.2, 28.0, 29.200000000000003, 31.0, 31.0, 31.600000000000005, 29.0, 27.4, 25.199999999999996, 26.6, 27.0, 27.0, 27.0, 25.4, 27.0, 27.0, 26.4, 29.200000000000003, 28.4, 27.6, 28.0, 27.6, 30.8, 28.6, 26.6, 24.8, 24.2, 25.0, 24.2, 23.4, 23.0, 23.4, 25.0, 25.0, 24.4, 21.2, 21.0, 22.6, 27.6, 26.2, 25.4, 29.0, 31.600000000000005, 32.6, 32.2, 30.0, 25.4, 25.8, 28.6, 31.200000000000003, 33.0, 33.0, 30.4, 27.6, 27.0, 27.2, 24.6, 22.0, 19.8, 18.2, 17.4, 16.8, 15.0, 15.0, 13.8, 15.0, 15.0, 15.800000000000002, 14.2, 15.0, 16.2, 16.6, 17.0, 17.0, 18.4, 19.0, 19.0, 19.2, 18.0, 18.6, 19.8, 20.0, 20.0, 20.0, 19.4]}