{"day": 4, "month": 7, "station_id": 192, "predict": [15.749338620619977, 15.576532101320236, 15.435308744524958, 15.316508536612861, 14.949466248710277, 14.79793601895072, 14.992847053392369, 14.99884052050213, 14.947537998828029, 14.637492219688122, 14.534146118482989, 14.836464964647407, 14.810240503244978, 14.788066273111685, 14.769316737154789, 14.753462969222964, 14.74005773304997, 14.728722865677963, 14.719138609445329, 14.711034591593329, 14.704182197025462, 14.83172145238769, 14.893488906202156, 15.022679684552473, 14.40350433654292, 14.484371897199173, 14.562498635875388, 14.62979260552309, 14.686860897571718, 14.73514760250708, 14.775990346827825, 14.810534997323735, 14.839752528894318, 14.86446440813274, 14.885365450949013, 14.903043328715016, 14.717995088011078, 13.997307792222072, 13.541337008387234, 12.683716804626435, 12.491368205861269, 12.164506345573875, 11.969979848021197, 12.241275944313571, 12.711858132872418, 12.715169839265577, 13.117970844990097, 12.587006572236838, 10.718105726678182, 10.03659980499663, 9.537241082121719, 8.946791470272064, 7.86784626899676, 4.7702869332184, 2.9236273673225486, 2.596959087929955, 3.4590023235041323, 3.111494763407327, 2.4225732985860313, 0.9934818340705986, 0.7586061246745266, 0.11883658446496476, 0.14159322577851097, 0.22751342589219054, 0.777136445611461, 2.924251866439665, 2.6692457026958945, 2.7457778798278984, 3.287458048403697, 3.161186656650542, 2.7004948316374087, 2.638883252495821, 2.498127232367642, 2.7863684079033457, 1.3281706978529058, 1.2582962472164119, 0.3784926000194868, 0.6236379016686832, 1.7283775875500242, 2.9604860894148093, 1.7875644552372678, 2.9437340397266576, 2.4296594150296045, 2.6459010413277717, 2.859598243444477, 2.5378162992620403, 2.0142247066270764, 1.955773632959174, 2.7627021655911945, 2.3018786029390754, 2.040139655652272, 2.9109620618413268, 3.8478000937272014, 3.917422410496098, 4.319915026450322, 4.788683814166624, 11.15428473152089, 9.39332011407113, 8.152173899630753, 7.168107363424376, 6.5004110883726725, 6.341473671863097, 6.084699043909364, 8.924505243653543, 11.65618555495181, 12.809106820170744, 13.046593314519717, 11.632495252861284, 10.297772702454962, 11.240425845646802, 10.325436215484048, 9.151383844857323, 3.5837388741958476, 2.254826391622763, 7.330463472402548, 8.443267547086773, 9.759302031424523, 9.344725266540475, 9.132442248488859, 9.055425374923997, 2.7901338769092368, 2.7125553846109405, 3.7649865397637328, 4.544947738917641, 6.004424175321341, 5.895065389386829, 6.032663315546701, 2.830600901660762, 2.666858177483766, 6.650995520692144, 2.9410915209684285, 7.893972593919299, 8.865407060481932, 9.676935817510062, 10.26601092189829, 11.36944602757716, 12.790182004763619, 12.930703888209713, 12.993111531789719, 12.979179311612334, 12.89040657513868, 13.328060270677026, 13.42654430263077, 13.986763303342496], "test": [16.0, 16.0, 16.0, 16.0, 16.0, 16.0, 16.0, 16.0, 16.0, 16.0, 16.0, 16.0, 16.0, 16.0, 16.0, 16.0, 16.0, 16.0, 16.0, 15.8, 15.0, 15.0, 15.0, 14.4, 13.0, 13.0, 13.0, 13.0, 13.0, 13.0, 13.0, 13.0, 13.0, 13.0, 13.0, 13.0, 13.0, 12.4, 12.0, 12.0, 12.0, 11.8, 11.0, 11.0, 10.8, 12.0, 12.4, 11.2, 9.0, 9.0, 8.4, 12.2, 11.0, 8.6, 7.0, 2.8, 1.0, 1.0, 1.0, 3.6000000000000005, 6.6, 5.2, 4.8, 5.0, 5.0, 5.0, 4.6, 4.0, 4.0, 3.0, 2.0, 2.0, 2.6, 2.8, 2.6, 1.6, 0.6, 2.2, 2.6, 0.8000000000000003, 0.5999999999999999, 1.4, 1.2, 1.8, 2.2, 3.4, 1.8, 0.0, 0.20000000000000018, 0.6000000000000001, 2.6, 4.6, 4.6, 6.0, 7.0, 8.0, 7.6, 8.8, 10.0, 10.0, 9.0, 8.0, 7.8, 10.6, 10.2, 4.2, 1.5999999999999996, 8.399999999999999, 0.40000000000000036, 0.0, 0.0, 0.0, 0.20000000000000018, 0.19999999999999996, 1.3999999999999995, 1.2000000000000002, 0.0, 1.1999999999999993, 2.0, 1.0, 0.8000000000000007, 0.40000000000000036, 0.5999999999999996, 0.0, 0.5999999999999996, 1.7999999999999998, 1.0, 1.0, 1.0, 2.5999999999999996, 3.0, 6.4, 9.0, 10.4, 11.6, 12.6, 13.2, 11.0, 12.2, 14.0, 14.0, 13.8, 13.6, 14.0]}