{"day": 5, "month": 5, "station_id": 55, "predict": [32.878256707693865, 32.71005510439991, 32.621868275975764, 32.745473494556364, 32.279921802352774, 32.02438614974685, 31.71144058381108, 31.607050523078225, 31.51056789164854, 31.42139371010498, 31.33897437160065, 31.262798204436123, 31.19239229546824, 31.127319554188254, 31.067175999197378, 31.01158825022924, 30.960211210148827, 30.912725922537387, 30.868837591562855, 30.761607085176156, 30.457449243604994, 30.42279798264398, 29.390771515368765, 29.36117101663701, 32.72863291038043, 32.450035263447916, 32.1896549831486, 31.948660661477557, 31.725847537046633, 31.51986833127895, 31.3294537013849, 31.15342778293512, 31.124036650022635, 31.173608510346607, 31.034547521644363, 30.90599472150793, 30.787156055274163, 30.677297471274475, 30.575740386691646, 30.41519082937173, 30.06173556303607, 29.981505171959537, 29.840670749656265, 29.30544083778587, 29.308725263038912, 29.383465854522317, 29.129300692153116, 28.945895204456434, 31.698356353583776, 31.177934704650102, 30.872876608986637, 30.9186893444349, 30.381060176758567, 29.125445909766064, 28.950696676763723, 28.655745875151656, 28.772940067419395, 28.968033269313324, 28.706848075856858, 28.388603844157146, 29.012578593920882, 28.91143793252544, 28.751230977994737, 28.598053255013372, 28.65137654095874, 28.910712307325188, 29.44227540351399, 29.178981298109697, 29.053776860798383, 30.066304669349325, 29.94956749391887, 29.903259612018125, 29.18625067357208, 29.19457141153779, 29.00483888343786, 28.747970891475084, 28.823724680174646, 28.632120493729865, 28.573207076371364, 28.91369979990459, 28.653644092760462, 28.32641529255334, 28.26538552606014, 28.270590615826887, 28.07539697367806, 27.813168477498397, 28.550599998665575, 29.221050914623824, 28.691211941061542, 28.62777195141024, 28.364084784635875, 27.300169375552752, 27.636043208488253, 27.771722428396224, 28.57388861012534, 28.842555519827762, 29.27585970191748, 29.073210882028516, 28.92089888274288, 29.368027104359964, 30.683094027759136, 30.799554360765324, 30.850659983622513, 30.902978610461584, 31.023082729838087, 30.810885144904045, 30.666305413803208, 30.455936028814715, 30.246375265779225, 30.23756006701764, 29.89609895885032, 29.755271668144363, 29.548362102088497, 29.27532468887146, 28.402784077114624, 28.730701525410062, 28.259041313469584, 27.254437173199403, 26.716858738146723, 26.779611343218807, 20.0494351981712, 20.660601109611072, 20.97590718469171, 21.390762031272267, 21.77360151101337, 22.060134013688643, 22.119309197295312, 22.21991124770485, 22.630561732415345, 23.619730964439736, 23.855749566122203, 24.073485937512785, 24.274356237897454, 24.459666929527874, 24.630623274824572, 24.788337175409847, 25.133834403925427, 25.801394609000273, 26.191890803427203, 26.306128375579377, 26.411516994330213, 26.508742108213184, 27.931769403585292, 28.014515584123558], "test": [33.0, 31.0, 31.0, 31.0, 31.0, 31.0, 32.0, 32.0, 32.0, 32.0, 32.8, 33.0, 33.0, 33.0, 33.0, 33.0, 33.0, 33.0, 33.0, 33.0, 33.0, 33.0, 33.0, 33.0, 33.0, 33.0, 33.0, 33.0, 33.0, 33.0, 33.0, 33.0, 33.0, 33.0, 33.0, 33.0, 32.4, 32.0, 32.0, 32.0, 32.0, 32.0, 32.0, 32.0, 32.0, 32.0, 32.0, 32.0, 32.0, 32.0, 31.4, 31.0, 30.8, 30.0, 30.0, 30.0, 30.0, 29.8, 28.4, 28.4, 28.4, 28.2, 29.0, 29.0, 29.0, 29.0, 29.0, 29.0, 29.0, 29.199999999999996, 29.4, 29.199999999999996, 29.199999999999996, 29.0, 29.0, 28.4, 28.6, 30.0, 30.2, 29.8, 29.0, 29.8, 30.0, 31.0, 30.6, 32.0, 29.8, 28.2, 27.8, 29.0, 29.0, 29.0, 29.0, 29.0, 27.4, 29.0, 29.0, 30.6, 31.0, 31.0, 31.0, 31.0, 31.0, 32.4, 33.0, 33.0, 33.0, 33.0, 33.0, 33.0, 33.0, 33.0, 30.6, 26.2, 26.0, 25.8, 22.6, 20.0, 20.0, 20.0, 20.0, 20.0, 20.6, 21.0, 21.0, 21.0, 21.0, 21.0, 21.0, 21.0, 21.0, 21.0, 21.0, 21.0, 22.0, 22.0, 22.0, 22.0, 23.2, 24.0, 24.0, 24.0, 24.0, 24.0]}