{"day": 5, "month": 12, "station_id": 272, "predict": [20.32076260805558, 20.10118896072198, 19.692667388537668, 19.245322004401082, 19.008902118834776, 19.733053311700083, 19.76739977834054, 19.76156908447918, 20.165199356250596, 19.727941122341285, 19.299457536798215, 18.479424120114178, 18.21752836536477, 17.563469314797917, 17.566957138617624, 17.22771272523579, 17.045467285423516, 17.219961970719538, 17.100947505834377, 16.988183834613952, 17.031439779085908, 16.730492711112344, 16.335128236185103, 16.195139888915104, 20.737695010533514, 20.418088478848716, 19.938350277248972, 19.812651341520315, 19.645070992331984, 19.38660876055708, 18.887330443306062, 18.64702470801112, 18.415403771106185, 18.19216452444677, 17.97700695427311, 17.76963949755301, 17.569780409923506, 17.377157922577883, 17.1915100379171, 16.662584223761407, 16.590137085317274, 16.77393403882338, 16.763748993891525, 16.359364046393956, 16.21056918217831, 16.067161991421084, 15.928947393296635, 15.795737370607151, 18.832274090806553, 18.619346902672188, 18.39840590073233, 18.180596091751436, 18.069120127845714, 18.264763302693332, 17.96757986377015, 17.47740753212149, 16.894024328064965, 16.31719621522927, 15.996691423840701, 15.282284610364062, 14.57375792218359, 14.320901124848108, 14.173511450226421, 14.031393366287691, 13.644358329533173, 13.212224538473157, 12.934816693537249, 12.811965764844055, 12.343508768054772, 12.079288548175843, 11.969153571073566, 11.312957722439068, 18.63661922725949, 18.12900528149864, 18.02109462288258, 17.556824915226002, 17.349393002180072, 17.152553061949895, 17.06716594103532, 17.243212872798434, 18.380414394474602, 18.778420340269516, 17.536867941450218, 16.85539937739469, 16.53366686774243, 16.92133394368319, 17.11807555442924, 17.073577825318367, 16.93753771828502, 17.359662671478894, 16.839670241325194, 16.07728775388394, 16.722251967321352, 16.5743087457654, 16.58321274435368, 16.348727105148434, 15.061547382271685, 15.413544306019213, 15.4541195412124, 15.679008188424497, 14.652251432433996, 14.228083038310348, 14.107704647264645, 13.59138307691126, 13.429099451175349, 13.22075002232129, 13.216208214110422, 11.365343707363467, 10.518028231331819, 10.524137243679448, 11.183550341666628, 10.946151284381575, 10.711827898260672, 10.480471950045178, 10.201979013098748, 9.576248334990002, 10.203182708670337, 9.932688347855509, 9.864674766690657, 10.44905466361846, 7.424060191632529, 7.242105015967027, 7.553363973334292, 7.927090234984714, 7.953919718294181, 8.08101727269515, 8.357540689048486, 8.633255539430927, 9.058112208722427, 9.082116756966684, 9.155291510097245, 8.97766305077243, 8.899258575701518, 9.670104807053892, 10.190227683001817, 10.209652285395935, 9.528402839086194, 10.446502732378853, 10.613974543230869, 10.780840066504185, 10.797120340875514, 10.712835674995928, 10.778005672798757, 10.592649257946416], "test": [21.2, 22.0, 22.0, 22.0, 22.0, 22.0, 22.0, 22.0, 22.0, 22.0, 22.0, 22.0, 22.0, 21.0, 21.0, 21.0, 21.0, 21.0, 21.0, 21.0, 21.0, 21.0, 21.0, 21.0, 21.0, 21.0, 21.0, 21.0, 21.0, 21.0, 21.0, 21.0, 21.0, 21.0, 21.0, 21.0, 21.0, 21.0, 21.0, 20.6, 19.0, 19.0, 19.0, 19.0, 19.0, 19.0, 19.0, 19.0, 19.0, 19.0, 19.0, 19.0, 19.0, 19.0, 19.0, 19.0, 19.0, 19.0, 19.0, 19.0, 19.0, 19.0, 18.4, 19.0, 19.0, 19.0, 19.0, 19.6, 20.0, 19.8, 20.0, 20.0, 20.0, 19.2, 19.0, 17.4, 17.0, 17.4, 16.4, 17.0, 17.4, 17.0, 17.8, 18.0, 17.0, 17.0, 14.999999999999998, 11.8, 10.0, 10.6, 11.8, 12.600000000000001, 12.800000000000002, 13.8, 14.2, 14.999999999999998, 14.999999999999998, 14.999999999999998, 16.0, 15.8, 16.0, 16.0, 14.999999999999998, 15.400000000000002, 16.4, 17.0, 17.0, 14.999999999999998, 14.8, 13.4, 9.0, 8.6, 8.0, 6.8, 6.0, 6.8, 8.0, 8.0, 8.0, 8.0, 8.0, 8.0, 8.0, 8.0, 8.0, 8.0, 8.0, 8.0, 8.0, 7.0, 7.0, 6.199999999999999, 6.199999999999999, 7.0, 7.0, 7.0, 7.0, 7.0, 7.0, 7.8, 8.0, 8.0, 8.0, 8.0]}