{"day": 5, "month": 9, "station_id": 564, "predict": [32.723154516441404, 32.72967851117475, 32.93701817082927, 33.45018893561874, 33.61981675569831, 33.04586795423536, 32.87821222215943, 32.46670754073876, 32.861212935435674, 32.211590336616375, 32.367704797305244, 31.279424464368052, 30.99662051389035, 30.96916708253587, 30.94694119965152, 30.92982272080736, 30.367694262844992, 29.810441140416003, 29.907951303978376, 30.16011527921794, 29.966826107862094, 30.377979289853737, 30.34347272685428, 30.163206667045067, 29.851967328895103, 29.685006565325466, 29.518547396981784, 29.35544778439157, 29.196063258392094, 29.040372968824094, 28.888300922472556, 28.739764486827333, 28.594681680379775, 28.452972235835897, 28.3145577232141, 28.22936153175038, 28.297308831320308, 27.91832653159916, 27.792343241694248, 27.619289230643663, 27.299096388822676, 26.98169819024574, 26.81702965574486, 27.00502731700401, 28.49562918142983, 30.3387746978391, 32.48440472294407, 33.032461488616974, 30.808579449812562, 30.745816771073894, 30.74602749885838, 30.69915731115014, 30.653648750982885, 30.409242590173676, 30.315878376039304, 30.273526501244444, 30.13216254462959, 28.791763341225373, 28.452306371204855, 28.1137696559868, 28.0761317320422, 27.489371636809192, 26.80346889669245, 24.918403515610713, 24.034155963852335, 23.85070716719702, 22.518038496292245, 22.186131756277575, 21.05496917665103, 20.12453340137175, 18.094807479193538, 16.865774854223854, 21.866461679934645, 21.70992476264881, 20.651327527587473, 19.938278362896206, 18.77777551366814, 17.77078502245858, 18.517378351248677, 20.617495700923445, 18.671059388738954, 18.32799065693834, 16.938212133824706, 16.801648163883197, 15.568224822099504, 16.03786988215441, 15.36051277854549, 14.186084568568914, 12.16451789502538, 12.095746949761375, 14.779707438045598, 16.666336543764128, 16.855572895415953, 15.6973565328905, 15.291628875009206, 15.188332687813531, 4.459988431940042, 5.479220224579607, 4.616847000781624, 4.397061994677263, 4.173594668520277, 5.847070346463047, 6.217642304510082, 7.885390879061432, 8.650384011498817, 8.062686459175547, 8.222361222508585, 8.979469791166768, 9.584072210513543, 8.6362271201156, 10.73599178735078, 11.433422139623257, 11.228572795732914, 11.571497096496872, 12.012247134652366, 10.75087378405964, 10.137426728221513, 11.621954488135604, 11.204504449494873, 11.235122889251747, 9.805837177815468, 8.99284685341696, 9.446973647851076, 8.401469103442672, 8.253916912494741, 7.004010706202093, 7.3017537428937525, 7.447193748435843, 8.140383884937394, 8.23137702767422, 8.220224947716748, 8.506978216566864, 11.141686216556948, 11.474397166251384, 11.705158147495215, 12.484015132155958, 12.461013008283661, 13.636195605661447, 13.859605720754688, 14.231285141072172, 14.60127466895297, 14.669614144792476, 14.886342469720924, 15.151497627747217], "test": [29.0, 29.0, 29.0, 29.0, 29.0, 29.8, 31.0, 31.0, 30.2, 29.0, 29.0, 29.0, 29.0, 29.0, 29.0, 29.0, 29.0, 29.4, 30.0, 30.0, 30.0, 30.0, 30.0, 30.0, 30.0, 30.0, 30.0, 30.0, 30.0, 30.0, 30.0, 30.0, 30.2, 31.0, 31.0, 31.0, 31.0, 31.0, 31.0, 31.0, 31.0, 31.0, 31.0, 31.0, 31.0, 31.0, 31.0, 31.0, 31.0, 31.0, 31.0, 31.0, 31.0, 31.0, 31.0, 31.0, 31.0, 30.2, 31.0, 31.0, 31.0, 31.0, 31.0, 31.0, 28.800000000000004, 27.0, 27.0, 26.0, 26.8, 27.0, 21.2, 22.8, 23.2, 19.2, 19.6, 19.0, 17.4, 16.4, 14.400000000000002, 14.400000000000002, 13.4, 13.0, 13.0, 13.0, 14.800000000000002, 16.0, 15.6, 14.400000000000002, 13.200000000000001, 13.0, 12.6, 11.6, 10.8, 7.000000000000001, 3.0000000000000004, 4.6, 3.600000000000001, 0.9999999999999998, 1.6000000000000003, 4.4, 5.2, 6.0, 6.0, 6.0, 6.0, 5.0, 3.8, 6.6000000000000005, 4.6, 5.0, 4.6, 5.4, 9.0, 10.0, 10.0, 10.4, 13.0, 11.8, 11.0, 10.0, 10.0, 10.8, 10.6, 9.8, 10.0, 10.0, 10.0, 10.0, 9.6, 10.0, 10.0, 9.2, 8.0, 7.6, 12.4, 16.0, 16.4, 16.4, 17.0, 14.6, 14.6, 15.0, 15.0, 15.0]}