{"day": 5, "month": 9, "station_id": 73, "predict": [23.74302384036562, 23.82803086796271, 23.688462681250844, 23.20235288641764, 23.865588671526858, 23.877426293071043, 24.13775711517342, 24.496591589098013, 24.753961873022096, 24.95990347052311, 25.464451783531054, 25.467641479950416, 25.96950639210181, 27.020079514913615, 27.269393022509135, 27.417478287844315, 27.814365902510172, 27.810085696165423, 28.454666755508313, 28.798137442780394, 28.840525413810248, 28.881857635607947, 28.922160403521296, 28.911459357964812, 36.21461909341423, 36.33466499565834, 35.00832904924975, 36.185204068942866, 36.46515016577404, 36.148079683073675, 35.98391638460828, 35.8725876795194, 35.764023111526114, 35.65815403665943, 35.554913527215916, 35.454236319467256, 35.35605877051141, 35.160318817682175, 34.91695593924844, 34.92591111614262, 34.887126794649525, 34.60054685002348, 34.11611655100909, 33.93378252524312, 33.303492725515206, 32.57519639686645, 32.49884404450478, 32.17438740251695, 33.18380707169967, 33.04748968369523, 32.5091923222543, 32.07230531747313, 32.13742635016214, 31.45462539750472, 31.42387358504363, 30.495124365444873, 29.818328864186345, 29.343438760054113, 28.92040680591714, 28.549186903288362, 28.379734092989608, 28.062004530512297, 27.495955459047632, 27.53154518262899, 27.218733039835115, 26.057479378125954, 25.097745528811338, 24.689493782640092, 24.232687365994714, 23.97729041767658, 23.9232679662673, 21.770585908051583, 28.979548778973758, 28.59077385842101, 27.77490687210043, 27.608377729481536, 28.096044602449947, 27.988714396502647, 28.336435274826517, 27.68911535228561, 26.946638903051156, 27.008888138434454, 26.075747240197384, 26.497103060625133, 26.322845197611414, 25.602865953677625, 25.33706027453263, 24.675325685107094, 25.417562226400367, 27.213672393735383, 28.513561076502988, 28.617135499380623, 26.924305164993363, 26.184981797982623, 26.04907929044821, 26.96651364872984, 33.859151978928466, 34.1099498384388, 34.10501334987859, 34.304042993184964, 34.05872832027447, 34.31926601483446, 34.58557688137801, 34.00753301355241, 33.53500014357448, 33.0678454836942, 33.40593912588446, 33.399154240273134, 33.647367050795445, 33.4004567707327, 32.55830553220886, 32.57079831597211, 31.93782288260848, 31.10926970536848, 30.185031904607985, 29.565005183811834, 29.09908776716336, 28.837180338622726, 28.079185982477572, 26.575010125330564, 33.28704030480678, 31.926515028278732, 31.6759099361666, 30.423708493428357, 29.626937917002667, 28.736773068893143, 27.903302504411066, 28.576415592020844, 29.155967578801352, 29.191810248324263, 29.233797560384605, 28.681786635207576, 27.785637872563722, 27.34521491133973, 26.810384560866467, 26.331016728412088, 25.95698434735045, 25.038163306812322, 24.374432382937858, 24.665673171721807, 24.861770023419595, 24.812609978478996, 25.368082704962085, 26.178080437422892], "test": [23.8, 23.200000000000003, 23.0, 23.6, 24.2, 25.4, 26.8, 27.0, 28.599999999999998, 29.4, 31.0, 31.4, 34.0, 35.2, 36.6, 37.0, 37.0, 37.0, 37.0, 37.0, 36.6, 36.0, 36.0, 35.8, 35.0, 35.4, 36.0, 36.0, 36.0, 36.0, 36.0, 36.0, 36.0, 36.0, 36.0, 36.0, 36.0, 35.4, 35.0, 34.2, 34.0, 34.0, 34.0, 33.4, 33.8, 34.0, 33.2, 33.0, 33.0, 33.0, 33.0, 33.4, 34.0, 34.0, 34.0, 34.0, 32.8, 30.4, 28.8, 28.0, 28.0, 26.2, 26.4, 25.0, 26.2, 27.0, 26.4, 26.0, 31.2, 32.6, 30.2, 29.0, 29.199999999999996, 29.0, 29.0, 30.4, 30.6, 32.2, 32.4, 30.8, 30.0, 28.2, 27.8, 26.2, 28.599999999999998, 27.0, 24.0, 24.0, 24.2, 26.2, 27.8, 27.6, 28.2, 30.4, 31.6, 32.8, 32.4, 33.2, 36.0, 35.2, 33.4, 33.4, 34.0, 34.6, 35.4, 36.0, 36.4, 36.0, 36.0, 34.8, 35.0, 35.0, 34.8, 34.8, 35.4, 34.4, 34.6, 33.0, 34.0, 34.0, 32.2, 31.0, 36.4, 37.0, 37.0, 37.0, 20.2, 37.0, 37.0, 36.4, 37.0, 37.0, 37.0, 36.599999999999994, 36.0, 35.0, 35.0, 34.99999999999999, 19.72, 36.4, 36.0, 35.4, 36.0, 36.0]}