{"day": 0, "month": 6, "station_id": 213, "predict": [25.558428524198035, 26.42979785528557, 26.88946182470614, 26.67132600716513, 27.643065945916277, 27.805569581238572, 27.359648937875814, 27.839377853575154, 27.912098416772984, 27.978426677512534, 28.038924533681996, 28.09410449106792, 28.144434005035883, 28.257006107231163, 28.565543017516983, 28.870399438415127, 28.971898893291172, 29.003669800406335, 29.03264797272068, 28.925745564624577, 29.08318648491398, 29.10517496029379, 29.125230598811637, 29.143523301211914, 26.31095567053682, 26.574035476298405, 26.815478395427867, 27.035710761011035, 27.236685367034404, 27.42008021681121, 27.587433451716052, 27.740148211382092, 27.879504932666336, 28.00667204992336, 27.922715794089484, 28.228609132324173, 28.325239925850077, 28.413418374212437, 29.093883808385964, 29.23397755635175, 29.167648599785725, 29.028792069286933, 28.88458728809223, 28.935502070438208, 29.048629977276438, 28.891027228896032, 28.863049304463935, 26.565020589201655, 21.810059909655138, 23.0020701667522, 22.62570445820383, 22.218566002732654, 20.64989791496461, 18.655475924599394, 16.5041920836399, 13.064746513939546, 10.538996904660431, 8.795307064342467, 6.235227460825897, 5.193507897545523, 4.404775760819307, 3.936879932968193, 4.390900457753743, 5.034490703822639, 5.268552098350363, 3.960574830170499, 4.644644582642932, 6.188115351306813, 5.9249483966069025, 7.455717377635726, 8.714279708863513, 9.634447511533747, 23.916429112308986, 24.603666774501153, 24.700899561095028, 23.963035964848757, 28.580028015894495, 26.59419848793822, 25.615136855403648, 24.169724778599125, 23.635410565587144, 19.173492916614386, 24.779075486288612, 19.997692114818598, 19.42526903252652, 23.02475705170779, 22.87610012072787, 21.97620664090915, 20.522256636806503, 26.078344558463307, 20.95879084702551, 19.19478874616831, 19.917719524641097, 23.39246928999919, 23.01741392038975, 23.124405320208364, 36.0, 36.0, 32.182170983006834, 31.508224315730132, 29.959759451922686, 33.69836778688118, 35.519350558883936, 35.418423979190614, 34.608344840239276, 29.735544842286572, 33.91343406606587, 34.18904041060875, 33.676318074787815, 33.80612487660441, 32.9095348871165, 29.217819539267385, 33.212430386986156, 30.491650037064428, 30.653911122240377, 31.031116528747937, 31.28862743541183, 31.825252397608804, 31.506570718152155, 31.531590021797165, 33.76396479589413, 33.168294144224824, 32.59912522872381, 32.58362616421403, 33.720313166229005, 34.00751637890407, 34.243735935131824, 35.09426787028459, 34.69119480243244, 34.83337530272635, 34.853101023247525, 34.21608797942548, 34.05480192853882, 33.43511777663192, 33.62297961984939, 33.88439469807591, 34.01876121028636, 33.95886327876643, 33.904199686731374, 33.58764635088681, 33.20878582716925, 33.567237150971025, 33.72931931595294, 33.494715031436186], "test": [25.6, 26.0, 26.0, 26.0, 26.0, 26.0, 26.0, 23.8, 24.2, 26.0, 26.0, 26.0, 26.0, 26.0, 26.0, 26.0, 26.0, 26.0, 26.0, 26.0, 26.0, 26.0, 26.0, 26.0, 26.0, 26.0, 26.0, 26.0, 26.0, 26.0, 26.0, 25.6, 25.0, 25.0, 24.6, 25.0, 25.0, 25.0, 25.0, 25.0, 25.0, 25.0, 25.0, 24.6, 24.0, 24.0, 23.6, 22.0, 20.2, 20.2, 19.2, 18.0, 16.6, 13.0, 11.0, 10.4, 9.2, 8.0, 7.800000000000001, 8.4, 7.4, 5.6, 2.0, 0.2000000000000003, 0.0, 2.0, 3.0, 2.2, 1.8000000000000007, 5.799999999999999, 15.2, 25.8, 22.200000000000003, 27.4, 27.4, 29.8, 18.2, 17.150000000000002, 17.700000000000003, 16.95, 29.6, 17.95, 31.0, 29.4, 31.6, 29.8, 25.4, 28.0, 27.6, 29.4, 30.800000000000004, 27.4, 25.2, 27.8, 29.6, 31.799999999999997, 32.0, 31.0, 27.0, 26.4, 26.6, 27.0, 30.6, 31.0, 30.4, 30.800000000000004, 30.6, 32.2, 32.8, 33.8, 33.6, 34.6, 35.0, 34.8, 33.4, 34.6, 34.4, 33.4, 34.4, 33.6, 34.6, 34.0, 33.8, 35.0, 34.2, 33.0, 34.0, 34.4, 34.8, 33.6, 34.2, 34.4, 35.0, 35.0, 35.0, 35.0, 35.0, 35.0, 35.0, 35.0, 35.0, 35.0, 35.0, 33.4]}