{"day": 1, "month": 8, "station_id": 331, "predict": [28.998567104029433, 28.845191021357238, 28.958647787305807, 28.87330934465751, 28.589161233453872, 28.57279771826113, 28.55748084910651, 28.543143692623932, 28.5297235842058, 28.517161866717345, 28.50540363486795, 28.494397495273642, 28.484095341827373, 28.474452145434938, 28.46542575719989, 28.456976724197332, 28.449068117031388, 28.441665368422605, 28.43473612211982, 28.42825009147605, 28.42217892707033, 28.416496092796855, 28.411176749879797, 28.40619764830697, 29.899895251902144, 29.800201336406165, 29.706518311197087, 29.618798517709774, 29.53668112034146, 29.45980943128564, 29.387848418527394, 29.32048438486168, 29.25742366850208, 29.198391366984094, 29.143130139017938, 28.89139908266748, 28.442972685180024, 27.464306506568484, 26.621869592661152, 26.182143613607195, 25.01162205741576, 24.31014280834641, 23.810887440193028, 23.580380554713944, 21.81848916232405, 19.058422102349322, 15.233396166983027, 11.143302259911032, 10.06785300674904, 6.918139882732403, 4.6094889788356355, 2.980694329883805, 3.0959505856056673, 4.354453717271742, 3.888881864604197, 2.3652955165912077, 1.7164618828242595, 1.808518571839018, 1.5076378091529832, 2.0800241708342933, 3.391912466764036, 3.509565762482872, 5.2992735304706216, 5.027349922384871, 5.226798821010763, 5.230645664525672, 5.038602702832998, 5.183734346171676, 5.265789266630588, 5.351199246925481, 5.506411437831793, 5.397887352678491, 1.0382962357163386, 1.8698956868736643, 4.820181442344429, 9.623020371409886, 10.94597760338107, 10.45657978223574, 10.155631858985556, 10.243886387853212, 10.522046892273709, 10.524104390464732, 10.250673715289707, 14.202329639645496, 15.112942819937222, 15.033015569487322, 14.896350806292695, 11.636720852155417, 11.387869426204324, 11.133513508526867, 11.274011749041174, 11.343032762853161, 11.274223319494942, 11.334543099625403, 11.457599358990072, 11.443648172349508, 17.40863849203906, 21.82639768342757, 17.972779141424365, 18.592203832783163, 15.316215608265557, 19.2266952527489, 20.37230214953127, 17.551787248273193, 26.680652727238822, 29.157812887537034, 26.24892215253599, 27.46970343119001, 27.63594348448191, 29.48015527203782, 29.468240591025484, 30.0, 30.0, 30.0, 30.0, 29.743432590191, 30.0, 29.82574718168258, 29.276149862492097, 29.99883006776246, 29.435934386847244, 29.447544935581526, 28.93116788673221, 29.218310911220684, 29.508667250076183, 29.335344237919017, 29.498134122510635, 29.46351036686421, 29.431293200939592, 29.401315350151346, 29.373421166659345, 29.347465821221732, 28.52331455122744, 27.96750862766258, 27.946598037377534, 28.393807543940973, 28.10903612393536, 27.892189775767115, 28.076514364934805, 27.06192850322117, 26.648356459451144, 27.102394432955084, 27.690643521029013, 28.146376045158913], "test": [29.6, 30.0, 30.0, 30.0, 30.0, 30.0, 30.0, 30.0, 30.0, 30.0, 30.0, 30.0, 30.0, 30.0, 30.0, 30.0, 30.0, 30.0, 30.0, 30.0, 30.0, 30.0, 30.0, 30.0, 30.0, 30.0, 30.0, 30.0, 30.0, 30.0, 30.0, 30.0, 30.0, 30.0, 30.0, 30.0, 30.0, 30.0, 28.2, 25.4, 25.0, 24.6, 24.0, 24.6, 29.0, 28.6, 26.2, 14.350000000000001, 21.2, 17.2, 13.2, 9.0, 5.8, 1.8, 0.20000000000000004, 0.0, 0.20000000000000004, 0.4, 1.0, 0.0, 0.0, 0.0, 0.0, 0.19999999999999962, 0.9999999999999998, 0.9999999999999998, 0.0, 1.2000000000000002, 2.0, 1.7999999999999998, 0.9999999999999998, 0.9999999999999998, 0.9999999999999998, 0.9999999999999998, 0.9999999999999998, 0.0, 0.19999999999999962, 0.8000000000000002, 1.6000000000000003, 5.6, 4.000000000000001, 10.2, 20.8, 22.4, 21.8, 20.2, 21.0, 21.0, 20.4, 19.4, 21.0, 21.0, 20.4, 20.0, 19.6, 18.0, 17.6, 18.2, 15.0, 1.1999999999999993, 2.1999999999999993, 4.6, 9.4, 11.6, 14.6, 17.4, 19.6, 22.6, 20.8, 22.2, 29.2, 30.0, 29.8, 28.6, 28.6, 29.8, 29.0, 30.0, 30.0, 29.8, 29.0, 29.2, 30.0, 30.0, 29.6, 30.0, 30.0, 30.0, 30.0, 30.0, 30.0, 30.0, 30.0, 30.0, 30.0, 30.0, 30.0, 30.0, 30.0, 30.0, 30.0, 30.0, 30.0, 30.0]}