{"day": 5, "month": 6, "station_id": 18, "predict": [26.301650341230697, 26.34132065700386, 26.210288901399487, 25.794757717975507, 25.490847484250303, 25.3469297581886, 25.411942435030713, 25.485014176973973, 25.415375918439345, 25.352335771406437, 25.295268343382975, 25.693607700183446, 25.646841571372327, 25.604506230693385, 25.616181889106194, 25.581488530331676, 25.55008214227164, 24.9216513057654, 24.745914106602687, 24.572615340117093, 24.201523980629226, 24.18243089064432, 24.165146747088684, 24.149500164021827, 26.77668697716283, 26.525521857445092, 26.53750586431456, 26.319826006868873, 26.122399874465415, 25.94370341402136, 25.782038902058922, 25.635800401509353, 25.503519797696264, 25.38386570767899, 25.27563308504513, 25.177731745404778, 25.08917553106725, 25.009072409573694, 24.936615495258472, 24.871074922974998, 24.811790496439478, 24.758165038087686, 24.7096583736662, 24.66578189101031, 24.626093618208817, 24.590193771579848, 25.007720728612483, 25.028347385309406, 26.82323416915533, 26.834289798417654, 26.70692308283481, 26.545013721237492, 26.648189621785704, 25.915258295043955, 25.044952030661683, 24.486082092253643, 24.437563615781116, 23.948412875191174, 23.51773923965665, 23.344736668318475, 23.378675743286777, 23.0188964005909, 22.064801339187856, 21.965850053797322, 21.87155343450249, 21.03146887972196, 20.09519587384691, 20.212371985383893, 20.03266924562356, 19.005790871653215, 18.231468300970548, 17.75945850806916, 12.32894434674776, 12.095331902131162, 12.288160297278125, 11.547003672021631, 12.422313180668109, 12.216678440106715, 13.382923085475316, 13.473707018189007, 13.29145918094504, 14.388381348232976, 14.566465815784369, 16.107514547053995, 15.563157183536847, 16.39486748575818, 15.51397823540923, 14.531694719415933, 14.519106925760257, 14.377200573000845, 14.736867084778249, 14.758912610165726, 14.014066181127326, 11.802987089625331, 11.756271559025734, 11.46445877730969, 16.486915027617737, 16.254302790440573, 20.74057268095187, 21.180130456808058, 22.106207386481785, 18.686242582455442, 18.618693654229688, 19.412333371984676, 19.966087824849453, 17.978993168795473, 17.30017892708101, 16.828857757821776, 17.414317255372477, 18.30591276187132, 18.353060912370736, 18.70523380455441, 18.911953725123855, 19.272788378074782, 20.337346566743843, 19.90527428639708, 19.276251188309917, 18.44998738001594, 18.32622052976339, 19.10471324625733, 10.791124309148959, 11.269010276329217, 11.830020694292312, 12.33491387376829, 13.58005072392053, 14.219141897159066, 14.207084213805356, 14.148646992677424, 15.598220284809212, 15.3597929529284, 15.586978083198714, 15.933045923434237, 16.300955873754496, 16.593385914904815, 18.01275934327985, 19.211268986467566, 19.640899120839237, 20.203445305759395, 20.100532331684356, 20.683630461338428, 21.404070126264525, 21.963055225643487, 21.961675160313092, 22.40091572227669], "test": [27.0, 27.0, 27.0, 27.0, 27.0, 27.0, 27.0, 25.6, 25.0, 25.0, 25.0, 25.0, 26.0, 25.2, 22.0, 22.0, 22.0, 23.4, 27.0, 27.0, 27.0, 27.0, 27.0, 27.0, 27.0, 27.0, 27.0, 27.0, 27.0, 27.0, 27.0, 27.0, 27.0, 27.0, 27.0, 27.0, 27.0, 27.0, 27.0, 27.0, 27.0, 27.0, 27.0, 27.0, 27.0, 27.0, 27.0, 27.0, 27.0, 27.0, 27.0, 27.0, 27.0, 27.0, 27.0, 27.0, 27.0, 27.0, 27.0, 25.8, 24.0, 24.4, 24.0, 21.8, 21.0, 20.8, 20.0, 17.2, 14.6, 14.2, 13.0, 12.6, 11.0, 11.0, 10.2, 10.0, 7.0, 8.0, 9.2, 12.2, 13.4, 15.0, 16.2, 16.0, 16.8, 17.0, 16.0, 17.0, 17.2, 17.4, 17.0, 17.6, 19.0, 18.4, 15.800000000000002, 14.4, 15.199999999999998, 13.800000000000002, 14.2, 15.0, 14.6, 12.8, 11.0, 11.0, 12.4, 13.599999999999998, 14.0, 18.0, 18.8, 20.6, 18.6, 15.0, 13.800000000000002, 13.4, 14.2, 14.2, 8.8, 8.4, 9.8, 10.0, 9.8, 9.6, 11.4, 10.0, 10.6, 10.8, 10.0, 12.0, 12.0, 8.0, 8.8, 9.4, 8.0, 9.6, 12.2, 13.0, 13.0, 13.599999999999998, 13.0, 13.0, 13.599999999999998, 14.8, 15.0, 15.0]}