{"day": 3, "month": 7, "station_id": 109, "predict": [54.01782642716723, 54.10901379603123, 54.60606423464225, 54.44208124603854, 54.550209113219125, 55.39693364400518, 55.44874676119379, 55.37214619528934, 55.36696861900356, 56.36638946069879, 56.43692272435257, 56.31175414885146, 56.1907410397307, 57.0, 57.0, 57.0, 57.0, 57.0, 57.0, 57.0, 57.0, 57.0, 57.0, 57.0, 54.042045612141045, 54.085087954773535, 54.12682805071712, 54.16717996945437, 54.206182739241, 54.243881060348535, 54.28031853678379, 54.31553733697787, 54.28291155364569, 54.04914724968456, 54.080949170362125, 54.111687454048116, 54.1413976748093, 54.1034475502468, 53.8645369812897, 54.02469809065778, 54.18396192670448, 53.942358499349844, 53.8332501481449, 53.32333157584126, 52.81262988083781, 52.101171255208946, 51.98898101501723, 51.342750296278844, 45.62635157306232, 45.43991272111696, 44.85176873391827, 42.12556227661355, 38.79461015732422, 34.52572961722335, 31.119075679209327, 26.97479866395928, 29.55971049988245, 27.540618198186653, 26.184324017693886, 24.890958959006568, 23.993982919985754, 25.960184845969696, 25.45634954157251, 25.28259114423483, 23.572353259693084, 21.85907575952796, 21.27619490761415, 24.023810148954823, 24.702017561045782, 26.51090996790939, 26.983910383600357, 27.387772118647316, 35.87545114553088, 34.524495444884586, 34.72016928051076, 33.92309281425303, 35.266007137150396, 32.74866647968171, 32.7708536527474, 33.93236004154342, 34.03298413259364, 32.73919786770619, 32.4508130775284, 31.367647927244604, 33.2228600366464, 33.94961294073211, 32.881075890577726, 34.4170903275779, 35.490836364164906, 34.76883260412059, 34.117602635603895, 34.13700819669062, 33.62691567989499, 33.45386264214962, 32.75105765339361, 32.3183801502577, 16.794071451248357, 18.434820189366153, 12.01321677304543, 12.584068858577615, 10.14682642789984, 10.035044825612433, 9.848990471367124, 9.588924232517671, 7.988431601907876, 11.847756098997289, 8.633799550523658, 6.7467890430630195, 7.253610533468151, 7.55447578319767, 4.982922616793904, 5.939148504820304, 9.423344138229401, 8.702360327788885, 9.309708228849754, 10.645559558397787, 11.443413471319724, 13.970096762806808, 16.892430730475986, 20.143898029780757, 33.124452231021515, 34.8281392250848, 35.2909789189656, 36.29518386341062, 46.12277880708451, 50.65680511607035, 52.38037361480242, 53.82660633740555, 55.77863272409411, 55.836255826483, 48.765952058675516, 49.28420430219561, 50.0741683527554, 51.7356727078766, 51.66855169506737, 51.13931194030679, 50.34779884326621, 50.69386305903855, 51.44402698615425, 53.198151260670265, 54.956101256125514, 56.184413589163505, 57.0, 57.0], "test": [54.0, 54.0, 54.0, 54.0, 54.0, 53.0, 53.0, 53.6, 54.0, 54.0, 52.8, 52.4, 54.0, 54.0, 54.0, 54.0, 54.0, 53.2, 53.0, 53.0, 53.2, 54.0, 54.0, 54.0, 54.0, 54.0, 54.0, 54.0, 54.0, 54.0, 54.0, 54.0, 54.0, 54.0, 54.0, 54.0, 54.0, 54.0, 54.0, 54.0, 54.0, 54.0, 54.0, 54.0, 53.4, 50.0, 49.0, 47.4, 43.8, 39.8, 38.4, 35.0, 35.4, 44.0, 40.6, 36.0, 37.2, 35.6, 36.8, 36.6, 34.0, 34.4, 34.8, 37.0, 35.8, 35.0, 35.2, 38.2, 39.2, 38.2, 37.6, 36.0, 38.4, 37.4, 35.0, 34.2, 36.0, 36.8, 37.0, 38.2, 38.2, 41.0, 41.0, 40.0, 39.4, 39.8, 40.0, 40.0, 40.0, 40.2, 41.6, 43.8, 45.0, 44.4, 25.0, 22.0, 23.2, 17.6, 16.6, 18.6, 13.8, 7.6, 7.2, 5.799999999999999, 5.3999999999999995, 3.3999999999999995, 3.2000000000000006, 1.2000000000000006, 6.2, 10.0, 17.8, 19.6, 21.6, 25.0, 26.8, 29.0, 29.600000000000005, 32.6, 32.6, 30.2, 32.0, 36.4, 39.8, 40.2, 44.8, 50.2, 51.0, 51.0, 51.0, 50.4, 51.0, 50.8, 50.0, 50.0, 53.2, 54.0, 54.0, 53.0, 54.0, 54.0, 54.0, 50.0, 53.6, 53.6]}