{"day": 3, "month": 7, "station_id": 32, "predict": [39.63354455309821, 39.90999712312293, 40.37810443660395, 40.63082092978269, 40.801511815787, 40.9579272445335, 41.101231186164895, 41.23251784392225, 41.35279418120085, 41.46298344709805, 41.56393158105271, 41.6564135963556, 41.74113951216733, 41.81875980167263, 41.889870385535055, 41.9550172069306, 42.01470042294984, 42.06937824449339, 42.11947045413209, 42.165361628938484, 42.20740409303221, 42.2459206225072, 42.28120692350732, 42.31353390247564, 41.11925508257081, 41.24781136614289, 41.36856002432148, 41.47950113912233, 41.58103738801182, 41.67390193712132, 41.75882491597008, 41.83648375696682, 41.90749953945925, 41.97244047523028, 42.03182621257969, 41.68613195485293, 41.00245892319437, 40.44787116612515, 39.82273207255386, 39.527373946254045, 40.02876733162205, 40.927190111973545, 41.42289639983323, 40.58278523701074, 40.74040245406733, 41.562609037385975, 39.64958268411843, 36.80148589078506, 35.70564499419173, 32.10248146995744, 28.872820375548244, 27.250973270080863, 22.041529019576107, 15.844279480384095, 8.658310961783677, 3.3493365678848313, 2.3164657474496857, 1.1588818561337124, 4.475838445235402, 5.599986958086901, 7.464037878395409, 11.000755629048996, 13.809620569378964, 13.356824728502596, 13.308601241240316, 10.997887454855169, 10.2243216774238, 9.987573541145053, 9.4873412895323, 9.790015966213577, 8.762012484992606, 7.536434229252543, 2.781576559612566, 2.870096509661311, 4.923520136994043, 6.276542620175478, 6.265196883595515, 7.425506572369576, 6.226627568656349, 5.804168844522616, 6.560206537561605, 6.829967443170869, 6.548511650444711, 6.250747203210962, 6.73811015211744, 6.811910097144392, 6.073341322087301, 5.590159615323852, 6.230024863142451, 7.260509494354397, 7.41577284798668, 7.563234862864654, 8.103582482128568, 8.704108827136771, 9.965385190413702, 10.22126589292805, 9.523414629337562, 10.468772112895355, 11.748571667354279, 13.150324654963827, 14.139824140422629, 14.71791150952855, 16.485604934357884, 19.97720077518572, 24.12691171974055, 27.33553599756692, 32.47046413125135, 35.79901908494996, 36.38846255182085, 38.83933400473465, 38.885455882505404, 39.993938292327385, 42.031849939903935, 42.399555328198204, 42.16405159529356, 40.99230502505676, 40.48458726115218, 40.97447791876997, 40.12886695251232, 39.54795680320366, 34.70105323642707, 35.49828814390313, 37.61737964506171, 37.567684071671884, 38.4817690846659, 39.09556633635008, 39.21195916607531, 38.96698932196068, 39.09647117798865, 38.869334591414066, 38.887642543872545, 39.68660862019436, 40.33461315755712, 40.699884664729275, 41.11717993959886, 40.98779632913818, 41.04624956994455, 40.36028397214024, 40.66421503432495, 41.02560456951954, 41.11193508162584, 41.19061679213948, 41.462327377635944, 41.32768447318809], "test": [39.0, 40.2, 41.0, 41.0, 41.0, 41.0, 41.0, 41.0, 41.0, 40.4, 40.0, 40.0, 40.8, 41.0, 41.0, 41.0, 41.0, 41.0, 41.0, 41.0, 41.0, 41.0, 41.0, 41.0, 41.0, 41.0, 41.0, 41.0, 41.0, 41.0, 41.0, 41.0, 41.0, 41.0, 41.0, 40.8, 39.6, 39.0, 37.8, 37.2, 37.2, 38.6, 40.0, 39.0, 39.6, 40.4, 40.2, 39.0, 37.4, 36.4, 33.4, 33.4, 33.4, 18.900000000000002, 11.750000000000002, 6.4, 5.15, 14.8, 14.6, 15.0, 10.6, 6.0, 4.999999999999999, 6.0, 6.0, 6.0, 5.2, 4.0, 4.0, 3.6, 2.8, 2.0, 2.2000000000000006, 0.9999999999999993, 1.8000000000000005, 6.0, 6.0, 5.799999999999999, 6.8, 7.4, 6.2, 7.4, 7.4, 5.2, 5.4, 7.000000000000001, 5.2, 5.0, 5.4, 5.799999999999999, 5.4, 6.0, 6.8, 8.8, 9.4, 9.0, 7.2, 8.0, 8.2, 10.2, 13.6, 12.8, 13.0, 17.4, 20.6, 21.4, 23.6, 28.000000000000004, 29.4, 31.399999999999995, 32.6, 35.4, 35.8, 35.4, 34.6, 33.4, 37.8, 36.6, 35.4, 33.8, 34.0, 35.0, 35.8, 37.0, 38.2, 39.2, 40.0, 41.0, 42.0, 42.0, 42.0, 42.0, 42.0, 42.0, 42.0, 42.0, 42.0, 42.0, 42.0, 42.0, 42.0, 42.0, 42.0, 42.0]}