{"day": 0, "month": 6, "station_id": 66, "predict": [31.817482333190235, 32.55895654041039, 33.216347856001754, 33.79890332794463, 34.315136487553055, 34.77259783572064, 35.177978389210914, 35.537207412138095, 35.855539137234, 35.87096294971848, 36.05427148864514, 36.275787661751934, 36.472084789826745, 36.11270066277479, 35.46684620052506, 35.60344266633407, 35.857821310117714, 36.16508592414147, 36.260138738487285, 36.344370035055036, 36.41901181573574, 36.48515582218239, 36.5437695040763, 36.595710169447585, 31.65879732313686, 32.25598342372879, 32.78659580016016, 33.25786343407288, 33.67642003086286, 33.98149456098372, 33.911656641698, 34.071556881817145, 34.59865905462538, 34.89663161188512, 35.368732690378756, 35.21785600548825, 35.379904944928, 35.45716210344206, 34.78498810172545, 34.09851680912765, 33.79934737237378, 33.2889000742161, 33.10176967263685, 31.90574316906872, 35.63514892257966, 37.35753733230859, 34.87369328557586, 31.91764721367715, 18.85152611584584, 17.037405539590257, 24.174491941054896, 22.47328428390619, 19.41216032227438, 18.46823551059854, 17.250788761304513, 20.90139251679939, 22.694029251690996, 24.56852827382341, 23.997324264158145, 25.852205521050724, 25.40438639600625, 24.12457161204644, 23.549680041016234, 23.68289541421793, 24.060378016912015, 21.81797133685119, 20.557904232315064, 19.215489121745215, 19.125816640812843, 16.82378049612371, 16.510766200401946, 16.92133733460347, 21.218667147945325, 23.878225698384483, 21.073848953215286, 19.797086293643588, 20.641017855387727, 21.66618754659312, 20.867166738344913, 20.50580865296105, 21.17784531084658, 21.212825717705268, 22.407394389917346, 23.025242757482673, 23.19706607403381, 23.453858543185344, 23.26021277453908, 22.68095641203717, 22.5144588329554, 22.025940865128085, 20.747453847041974, 20.011194394195797, 19.616154602822338, 20.094774119208655, 18.779593863203164, 14.269911218455231, 13.589144802077435, 14.272017837153022, 15.165516234814591, 11.904372770191474, 15.120620359115758, 13.713043062011822, 15.91389474945315, 17.255551805391544, 21.13716592281989, 28.4246517704492, 27.717342725343507, 30.74798118021587, 34.44937661781206, 35.62106466078404, 31.795966986304997, 30.307052007251002, 33.82066289958697, 30.803179565475016, 32.78768113038218, 34.84060891356192, 35.16176315150037, 32.28430009335262, 32.40806275947024, 31.799578658915514, 25.673461658277652, 28.816927549442774, 29.651910056005804, 30.389854912481038, 30.975349924125002, 31.485033208317866, 30.12771762680705, 30.57785825303454, 30.975671449634802, 31.460573448777215, 29.771273364805847, 29.445855394458675, 29.888518128237198, 30.436305417058158, 30.959163109192545, 31.72665585838097, 32.20801143649679, 32.272159895001884, 32.45443484067319, 32.28993735480165, 32.64689635688083, 32.59335915943501, 32.463879245923955, 32.526201594532644], "test": [31.0, 31.0, 31.0, 31.0, 31.0, 31.0, 31.0, 31.0, 31.0, 31.0, 31.0, 31.0, 31.0, 31.0, 31.0, 31.0, 31.0, 31.0, 31.0, 31.0, 31.0, 31.0, 31.0, 31.0, 31.0, 31.0, 31.0, 31.0, 31.0, 30.8, 35.8, 39.0, 39.0, 39.0, 39.0, 38.0, 38.0, 38.0, 37.0, 37.0, 37.0, 36.4, 36.2, 35.8, 34.2, 33.0, 30.0, 21.8, 16.8, 25.4, 33.8, 31.0, 28.6, 31.4, 30.2, 29.4, 32.0, 31.4, 31.8, 31.200000000000003, 32.8, 32.2, 30.8, 28.4, 29.8, 28.4, 28.0, 27.800000000000004, 27.0, 26.6, 25.4, 23.6, 23.799999999999997, 22.4, 19.2, 15.4, 12.2, 12.8, 12.2, 13.2, 13.2, 13.2, 12.4, 10.4, 11.2, 13.2, 14.8, 17.2, 16.6, 16.0, 15.2, 15.8, 14.6, 14.0, 14.6, 15.0, 15.0, 12.2, 10.600000000000001, 10.8, 11.400000000000002, 12.2, 12.4, 10.0, 5.4, 21.700000000000003, 21.1, 24.8, 27.0, 18.0, 29.2, 34.2, 37.2, 38.0, 38.0, 37.6, 36.2, 25.4, 24.8, 22.6, 28.2, 32.2, 36.8, 37.4, 38.0, 38.0, 38.0, 38.0, 38.0, 38.0, 38.0, 38.0, 38.0, 38.0, 38.0, 38.0, 38.0, 37.6, 37.0, 37.0, 37.0, 37.2, 38.0, 38.0]}