{"day": 1, "month": 6, "station_id": 541, "predict": [26.9378810513394, 26.872312350032477, 26.81234021367299, 26.758788468645932, 26.711181386746382, 26.135560973313225, 26.631338623677163, 26.5979859405194, 26.568366048702085, 26.54206120647886, 26.51870039910717, 26.497954131328356, 26.47952978422142, 26.463167488627597, 26.448636459903568, 26.43573174280212, 26.424271320651027, 26.414093548070003, 26.405054871017335, 26.197027802008662, 26.056565788615785, 26.05023494988294, 26.044612658136572, 26.039619612852178, 25.880784977413505, 25.874211675178096, 25.885041209875943, 25.897447411135282, 25.908923864021034, 25.919184350953028, 25.928300375719147, 25.936390036491826, 25.943567287757496, 25.949934768402958, 25.95558379528054, 25.627262091834968, 25.631708242910356, 25.56898605314126, 25.30581879474293, 25.308923352970208, 25.31167761341766, 24.714121101365564, 24.31628888232359, 23.651545398575028, 23.386584915608694, 23.121431918178512, 21.189441461674356, 19.92396615051315, 16.774423413330908, 15.234799942944043, 13.388758737883112, 10.738500737614638, 8.746461367323823, 3.6794736081840442, 1.0050085372208346, 0.2572230278425141, 0.7701992648762983, 1.1446044955132808, 2.5810310171951536, 5.213337556402679, 5.575323430110918, 5.734068586447994, 5.823272896823832, 8.70992810912075, 9.994322536573911, 8.74337854970146, 7.690656264555258, 7.103023480483657, 6.180658581253708, 5.990386441378149, 6.465680708093168, 7.473332491901954, 8.37509046070127, 7.62630364875607, 6.776702677175168, 5.816358450193178, 4.208223519195706, 3.9499108689169744, 3.039469394122991, 3.741869519245391, 4.322283836911532, 5.8460595229320935, 8.045363983478737, 7.785833540203604, 8.199890977733725, 8.420064945076964, 9.378977646758182, 9.47600063227489, 9.577245183611142, 8.748887153683645, 8.990492792435852, 9.968345445750098, 9.882106359033726, 11.064809495800512, 9.11619029199492, 8.169348276021022, 5.537596851930995, 5.275467411681996, 6.847355180112363, 6.184443375232071, 5.889752590594977, 6.766844997073711, 10.019025414955085, 12.782570709319998, 14.72674798796252, 18.120517401477603, 19.49923433933802, 20.33134809060835, 23.218430171995763, 23.895199323572704, 25.029543548429388, 25.22253954297395, 24.941803159618075, 25.588171174231473, 26.095714598582905, 25.798417082887006, 24.09685192849812, 21.524857875348015, 20.349547142565083, 21.304645850194913, 28.0, 28.0, 28.0, 28.0, 28.0, 28.0, 26.40213617884189, 26.89257873220508, 27.619847178451337, 28.0, 27.834525742239407, 27.91467553696703, 27.483680563765784, 28.0, 28.0, 28.0, 27.866617932802235, 28.0, 27.43586166772016, 27.56814864892375, 27.77515762564623, 27.722596980252785, 27.676289095271663, 27.635490124951325], "test": [27.0, 27.0, 27.0, 27.0, 27.0, 27.0, 27.0, 27.0, 27.0, 27.0, 27.0, 27.0, 27.0, 27.0, 27.0, 27.0, 27.0, 27.0, 27.0, 27.0, 27.0, 27.0, 26.8, 26.0, 26.0, 26.2, 26.8, 26.0, 26.0, 26.0, 26.0, 26.0, 27.0, 27.0, 27.0, 27.0, 27.0, 27.0, 27.0, 27.0, 27.0, 25.4, 24.0, 24.4, 23.8, 22.8, 22.0, 19.2, 15.2, 9.6, 5.3999999999999995, 0.8000000000000003, 0.0, 0.0, 0.0, 0.20000000000000007, 0.0, 0.0, 1.0, 7.800000000000001, 15.0, 14.0, 11.2, 8.0, 7.800000000000001, 7.800000000000001, 9.6, 8.2, 7.200000000000001, 8.0, 9.2, 9.6, 9.2, 11.0, 10.2, 8.6, 12.0, 14.0, 15.600000000000001, 16.4, 18.6, 18.8, 16.0, 14.0, 13.6, 15.0, 14.8, 13.4, 16.4, 16.8, 15.600000000000001, 4.4, 2.2, 5.0, 5.6, 4.8, 5.0, 2.0, 3.2, 3.2, 4.0, 4.2, 8.2, 13.0, 15.2, 16.8, 22.4, 17.4, 17.8, 17.6, 21.4, 23.2, 26.0, 27.0, 25.8, 27.6, 27.4, 28.0, 27.8, 27.8, 27.2, 27.4, 28.0, 28.0, 28.0, 27.6, 28.0, 28.0, 28.0, 28.0, 28.0, 28.0, 28.0, 28.0, 28.0, 28.0, 28.0, 28.0, 28.0, 28.0, 28.0, 28.0, 28.0, 28.0]}