{"day": 6, "month": 9, "station_id": 229, "predict": [8.707767010842968, 8.949397151834521, 9.226857436706215, 9.77512477950182, 10.044131282247577, 10.135405467142718, 11.250565664487272, 11.79115483192334, 12.308626917189812, 12.254350077318996, 12.579611524230335, 12.885622289228692, 13.173521728800754, 12.94438176637095, 12.94921088330641, 13.33895787374704, 13.714515377208826, 14.126723202109615, 14.376371452591123, 14.914203470279269, 15.390918601935617, 14.957174803304696, 15.013591088851925, 15.16074983651319, 11.338855814063976, 11.696080788101836, 12.136636425374679, 12.60766569620181, 12.909882723064449, 13.194344160060805, 13.562088001318974, 14.514096144285759, 14.95129333308142, 15.174550025632957, 15.384685528597574, 15.58247099733449, 15.768632265132293, 15.943852506786872, 16.10877474570721, 16.264004213682227, 16.410110571960853, 16.54763000179538, 16.677067172119948, 16.798897091585086, 16.91356685174489, 17.021497267794036, 17.12308442287579, 17.218701121628314, 12.346117198437511, 12.711078270815435, 11.459317551195554, 11.03793246570231, 12.397622424707897, 12.989431777836982, 13.514387791055253, 14.023463249511199, 14.267575297491677, 13.397588168857165, 12.464316188771978, 11.918526650197268, 11.910942529647063, 12.642245046696353, 13.11307607572773, 12.874040418390337, 12.12570794480936, 12.468615611125758, 11.65326936050896, 10.880145914372847, 10.699694460136431, 10.712338241504579, 11.818476056898902, 12.118483671343782, 9.701137274263724, 9.57139885434518, 9.079825791016711, 8.47899845024797, 8.019653946131339, 7.452300291255227, 7.977395935796068, 9.095370956776787, 9.70663069947017, 11.161557408707962, 9.910511568446621, 8.503833143142161, 7.34184274604399, 9.524842740721017, 7.803118279858212, 8.376938284920396, 8.096556370052067, 6.662211713387762, 6.974129878766423, 6.182523590672798, 5.837593465068336, 5.3895286986222946, 6.93850771871105, 7.08469879641868, 14.205798794613901, 14.736475733960036, 14.630928564429801, 20.082416569651446, 14.920400409123388, 13.663981219643222, 13.77226948371289, 15.344422142484746, 20.569644001162064, 17.377185423576826, 15.936339766542355, 15.006440918940966, 13.486860977381145, 13.577008054682047, 13.276324214008497, 13.934283521497226, 12.750390210582825, 14.32417695161692, 14.155203220741159, 15.693053762320776, 16.137337139572185, 16.43768436832584, 16.293747629155757, 17.05519905338063, 16.859957108680753, 15.710629344220544, 15.29393183091028, 15.733762661991253, 20.157315420498847, 20.90413255798615, 16.774002367750136, 17.67674732555559, 17.732202300158004, 17.690211852333356, 17.950629479296662, 18.613317082163615, 18.57814448199, 18.694988965375792, 18.813734856309722, 18.834273112586022, 22.106500945367753, 22.08032146056764, 22.11564332079507, 21.67238042668985, 21.71045161653082, 21.92978038307139, 22.270294606614062, 22.251926303392572], "test": [7.4, 8.0, 8.0, 8.0, 10.0, 10.0, 10.0, 10.0, 10.0, 10.0, 10.6, 13.0, 13.0, 13.0, 13.0, 13.0, 13.0, 13.0, 13.0, 13.0, 14.0, 13.4, 11.0, 11.0, 11.0, 11.0, 11.0, 11.0, 11.0, 11.0, 11.0, 11.4, 12.0, 12.0, 12.0, 12.0, 12.0, 12.0, 12.0, 12.0, 12.0, 12.0, 12.0, 12.0, 12.0, 12.0, 12.0, 12.0, 12.0, 12.0, 12.0, 12.0, 11.6, 12.0, 12.8, 13.0, 13.4, 14.0, 14.0, 13.6, 12.0, 13.2, 13.4, 12.8, 11.8, 11.0, 11.0, 10.8, 9.8, 10.0, 10.0, 10.6, 9.4, 10.6, 10.4, 9.0, 9.0, 7.4, 6.200000000000001, 6.0, 6.0, 6.0, 5.6, 5.6, 10.6, 8.4, 6.6, 4.4, 5.0, 5.0, 5.8, 10.4, 11.2, 13.0, 13.6, 13.8, 14.8, 14.599999999999998, 13.4, 15.0, 18.0, 21.6, 22.0, 22.0, 21.6, 23.0, 21.6, 21.2, 22.6, 22.0, 22.0, 21.6, 19.0, 19.0, 21.0, 20.0, 18.0, 13.4, 19.6, 17.2, 16.0, 16.0, 15.400000000000002, 16.0, 17.8, 18.2, 17.0, 19.0, 19.0, 18.8, 19.2, 20.0, 20.0, 20.2, 21.0, 21.0, 21.0, 21.0, 21.0, 21.0, 21.0, 21.0, 21.0, 21.0]}