{"day": 2, "month": 11, "station_id": 17, "predict": [25.660401053005685, 24.91529169006656, 24.52735716879035, 24.168166500124507, 23.837033071540485, 23.532102556279042, 23.251380666828478, 22.926297404264915, 22.42175149911672, 22.20277846366532, 22.00120924280304, 21.815660651062796, 21.64485938955542, 21.487633349323858, 21.009570244192293, 20.876343542135615, 20.753705650052574, 20.640814973175384, 21.80356347304183, 21.774571351137254, 21.686515488407345, 21.605458273728825, 21.530843457091446, 21.462158999034123, 25.680898849681967, 25.312028259161114, 24.9544875380813, 24.620783977612216, 24.312190427230945, 24.027479197957014, 23.7649564413811, 23.5229290577582, 25.49980540954366, 26.0, 26.0, 26.0, 25.901847889149796, 25.753279987565378, 25.616317861973208, 25.490054896700737, 25.50698863182375, 25.599681897564547, 25.767424380695093, 25.409561255989306, 25.19215551829976, 25.24798398657355, 24.509866953358006, 22.777331455411563, 21.871845886893425, 19.71037195784836, 18.466300923828626, 17.558740111145358, 19.12496000521078, 15.832052523831393, 9.946325633947717, 4.733939412435771, 2.3277189339048263, 0.8605192861629947, 0.8652306196648732, 0.8747771427921722, 3.8887815361998603, 8.973562565624723, 10.462132808222245, 9.954196539299248, 10.116147779979896, 9.614401829637153, 8.848726938654494, 8.952242777400516, 8.591419024678771, 8.4994073996711, 8.476040462112568, 8.321163839438698, 3.4351696829179628, 3.562034984624081, 3.295945015367012, 3.6669590286630394, 3.950408988877628, 5.882860349350936, 4.532770903202455, 3.7014941928295864, 4.190202849986875, 6.666625011730229, 7.865066952371933, 8.186423539122046, 8.498185267759908, 8.467777427903696, 7.76256531220098, 6.983192306637545, 7.263584261334923, 6.804286846596656, 6.072469256944968, 6.268594288814721, 5.19308814852186, 5.313010011861076, 5.22872135497696, 5.007221741261005, 3.087975765799382, 3.3869912554311052, 3.611993840610478, 5.7591856902152125, 7.42835695212369, 8.020137013670313, 7.468644396779732, 7.374653318920476, 8.272222588326176, 11.628689810554176, 15.578006642311916, 18.587409041360335, 20.990754352308812, 22.988524874075708, 24.181164505106516, 21.169081798677514, 18.819319443369157, 17.198890186600238, 14.441445885359364, 15.880613033796946, 17.783328116103657, 17.94983946524853, 17.8470423070465, 18.541813668006707, 12.685209361094508, 13.197300857822658, 13.920733536665674, 14.486431385672429, 14.954087441706836, 15.390585233131226, 16.19782263953691, 16.577981049718183, 17.199846011776774, 18.19872942653637, 18.509792868498185, 18.734720803929502, 18.941730655925333, 19.46558310061179, 19.640925140862958, 19.668965805090064, 19.417484477171875, 19.820838567242493, 20.879970572546128, 21.329081242769334, 22.102302227752933, 22.20036824876278, 22.1572888312593, 21.707019634094], "test": [26.0, 26.0, 26.0, 26.0, 26.0, 26.0, 26.0, 26.0, 26.0, 26.0, 26.0, 26.0, 26.0, 26.0, 26.0, 26.0, 26.0, 26.0, 26.0, 26.0, 26.0, 26.0, 26.0, 26.0, 26.0, 26.0, 26.0, 26.0, 26.0, 26.0, 26.0, 26.0, 26.0, 26.0, 26.0, 26.0, 26.0, 26.0, 26.0, 26.0, 26.0, 26.0, 26.0, 26.0, 26.0, 25.6, 24.8, 23.6, 21.2, 20.0, 19.4, 18.0, 17.4, 15.8, 13.400000000000002, 12.400000000000002, 10.2, 6.800000000000001, 4.6, 2.6, 0.6000000000000001, 0.0, 0.8, 1.7999999999999994, 1.2000000000000002, 0.5999999999999993, 0.5999999999999993, 2.0, 3.0, 3.0, 3.0, 4.0, 4.0, 4.4, 4.0, 4.8, 5.0, 5.0, 5.2, 5.4, 4.6, 4.0, 5.0, 6.0, 7.0, 7.0, 5.6, 4.6, 4.0, 3.0, 1.0, 2.6, 4.0, 3.7999999999999994, 3.4000000000000004, 3.2, 2.2, 3.0, 3.6, 3.4000000000000004, 4.4, 5.0, 4.2, 5.0, 6.4, 7.8, 8.8, 8.4, 9.4, 11.2, 10.999999999999998, 11.6, 12.6, 13.400000000000002, 12.4, 12.2, 12.0, 12.0, 12.0, 12.2, 13.400000000000002, 14.0, 14.799999999999999, 14.999999999999998, 15.6, 16.0, 15.4, 14.999999999999998, 15.199999999999998, 16.0, 14.999999999999998, 15.6, 16.6, 17.0, 17.0, 18.6, 18.0, 18.0, 18.0, 18.0, 18.6, 19.0, 19.6, 21.0]}