{"day": 0, "month": 1, "station_id": 194, "predict": [34.28668091346597, 34.47147712480948, 35.69942451597395, 36.26552257734011, 36.81889257532215, 37.459667609373646, 38.138219747810986, 37.854968297505486, 37.560332565172274, 37.85472053298588, 37.98852644967071, 38.412130623929265, 38.47589975140913, 38.430187360742714, 38.67533427608568, 38.911669071118176, 39.13950850873825, 39.359157965449896, 39.770911840620506, 40.27505395105788, 40.47185791141133, 40.81158750090078, 40.89449701686366, 41.27083161559337, 51.98741321103547, 53.52761026957615, 53.3742248448635, 53.17795822300511, 52.9887847153714, 52.80650387184589, 52.630878550775755, 52.461669248807304, 52.04864245152358, 51.74157248497021, 51.34024174782933, 51.044440546383015, 50.703966838124494, 50.568625960341606, 50.43823036250607, 50.112599346910024, 49.941558818395976, 49.77494104313546, 49.61258441619765, 49.75433323760487, 49.60003749656944, 49.09955266361399, 49.502739490287425, 50.209463816199225, 54.80425000677403, 53.153580609514506, 52.1959298316226, 51.968153154629064, 51.74175225978948, 48.021876121534234, 45.35958829271435, 43.4049377541341, 42.107727413067025, 40.96770621046184, 40.58461693696474, 39.35820793527034, 37.93823577107841, 37.4244656524493, 35.76667129456013, 35.114634654380716, 34.76814564122928, 35.02700182942727, 34.64100817932049, 34.559976767949394, 34.38372652941415, 33.562083004680126, 32.69487810050447, 32.53194985715691, 30.097455623130646, 29.921527826461595, 28.578149143685938, 28.905949415654497, 29.239485737973272, 29.924861022751756, 32.361081131437025, 32.79788220068972, 33.08518445373002, 32.572954880217836, 32.41117269866397, 32.54982065708768, 32.488882829551955, 33.478344046246384, 33.368189734797056, 33.30840586551386, 33.74897892330788, 33.83989588683547, 33.23114420996234, 32.072711804295714, 30.66458702245239, 28.756758641961834, 29.39921584976277, 29.791948227267007, 33.379309550480635, 32.968298471467136, 32.67860788672539, 33.11097707860893, 35.989962508442275, 34.52145645036244, 34.556781986195865, 31.996146874535082, 28.83948977641404, 26.436687473539678, 27.837605500786047, 31.192110412070654, 32.150072649475845, 32.71136711460733, 33.32587318164631, 34.69347457818313, 35.46405923808053, 35.03751915175242, 36.31375021992475, 37.192652112215754, 37.57412813072, 37.358085078502896, 36.494433132849274, 35.633085723099526, 25.922370894070895, 26.558422947527163, 27.15346149057694, 27.130910065812042, 27.54672888473214, 28.002628228993743, 38.499277070924876, 39.04708247700778, 39.00637917480489, 40.73747589338993, 41.68066691657624, 41.42623517887765, 41.71445329761057, 41.51558409385672, 42.07988097965214, 42.16758830337419, 42.90894167599062, 43.194168283995566, 43.54348719075606, 43.54710962698681, 43.65523927081538, 43.798072517827855, 44.11579874145764, 44.36860054406364], "test": [34.0, 34.0, 34.0, 34.0, 34.0, 34.0, 34.0, 34.0, 34.0, 34.0, 34.0, 34.0, 35.0, 48.4, 52.0, 52.0, 52.0, 52.0, 52.0, 52.0, 52.0, 52.0, 52.0, 52.0, 52.0, 52.0, 52.0, 52.0, 52.0, 52.0, 52.0, 52.0, 52.0, 52.0, 51.2, 49.6, 49.0, 49.0, 49.0, 49.0, 49.0, 49.0, 49.0, 48.8, 50.6, 51.4, 51.2, 54.2, 55.0, 53.4, 52.4, 50.8, 51.6, 53.6, 53.4, 50.6, 49.8, 49.0, 47.0, 44.8, 45.0, 45.4, 44.4, 41.8, 40.2, 39.6, 38.8, 35.8, 35.0, 34.0, 32.4, 30.6, 27.8, 23.0, 25.8, 25.6, 24.0, 24.8, 26.0, 33.4, 32.0, 31.200000000000003, 30.0, 32.2, 32.6, 30.4, 29.000000000000004, 30.0, 30.2, 29.400000000000002, 29.400000000000002, 30.6, 30.2, 30.0, 29.400000000000002, 32.6, 33.0, 31.6, 29.8, 39.0, 46.0, 43.8, 41.0, 37.6, 32.4, 27.0, 26.6, 25.2, 30.2, 31.799999999999997, 31.200000000000003, 31.4, 32.4, 32.8, 31.0, 29.6, 30.2, 27.0, 25.0, 25.2, 25.0, 25.0, 24.6, 24.6, 26.8, 27.4, 41.2, 46.6, 45.8, 46.0, 45.0, 45.4, 45.0, 45.0, 45.8, 46.0, 46.0, 46.0, 46.2, 46.8, 46.0, 46.0, 46.0, 46.0]}