{"day": 0, "month": 1, "station_id": 64, "predict": [20.986756971537034, 21.783877495264495, 22.04281291519543, 22.404078382573765, 23.977884438344017, 24.866206154426894, 24.66882058073786, 24.18495565748744, 23.063737994292747, 23.05431207792516, 23.50586976325776, 23.46765542000508, 23.238964616676075, 23.119141223047322, 23.107574254520763, 23.5536948086024, 23.55697317816593, 23.316916154235116, 23.133064512046904, 22.854990669633583, 22.48229650754772, 22.764611338766205, 23.251590018463762, 22.892911184028545, 24.231331158674283, 24.282414445777594, 24.16800503274008, 24.05537498667823, 23.948835383022786, 25.0, 25.0, 24.91971894267707, 24.83912635211012, 24.76408420129958, 24.69421191320988, 24.479153782253228, 23.618578242036968, 23.012176470650854, 22.95966089699519, 22.760763756657106, 22.46523573268793, 22.17284468603865, 21.533374472377915, 21.396623840134747, 20.36240540438658, 20.38054469142621, 19.70087924915399, 19.573257818764198, 20.793952162541764, 19.70424630076183, 19.483629757648853, 18.500833126230503, 17.42405565826545, 17.20765430775212, 13.902225551488751, 13.45737362075394, 14.922468578932305, 17.746852043167763, 20.029891257245975, 19.92099164980582, 19.369598139870476, 18.82519349718633, 18.7372960307409, 18.805457220870654, 19.129259455282334, 19.308313904826615, 19.042258541211, 18.93075629011766, 18.773493311285886, 18.52017739705326, 18.520536481257746, 18.124317250912238, 19.253740393085415, 18.466629182019254, 18.1203102180669, 17.404486950150293, 18.15223814922045, 18.108564516093406, 17.571760963220132, 17.391048817658415, 17.915924884564784, 17.99598145773237, 18.08085558584711, 18.070213880807824, 17.76374716123192, 17.46116787514093, 16.912208361120086, 16.166619410472787, 15.774168978078526, 15.23464099563476, 14.397834270338885, 14.713561460414606, 14.781648121448185, 15.501931818455663, 15.774261299099937, 15.048495723832488, 18.509956403112714, 17.614997594062526, 18.005670973015874, 18.105737875503376, 18.62077132026404, 17.451436164868348, 18.54711500757522, 18.95689526338195, 17.829835163393685, 16.765032902676356, 16.661642222868046, 15.218873581852337, 14.635991597430012, 13.612311671601734, 13.047196576234551, 13.590053200710708, 13.190329504446924, 13.147511674887506, 13.161121480785331, 12.130713808352374, 12.205874367918119, 12.63621755937088, 12.571384485408782, 12.761041102370829, 7.083920726490259, 7.433560845576636, 7.728459144195756, 7.691910693761586, 8.031511447830242, 8.70042044572713, 8.45049197027605, 9.033150191502955, 12.54963670728118, 15.001083654599443, 15.488538089501258, 16.812972554271994, 17.775291545972646, 17.776336601559912, 17.766890770473452, 17.7476827045768, 18.019390444040457, 17.832644934725582, 18.288033299725985, 19.28610188325635, 19.427359083007563, 19.912277985746876, 19.94129881985259, 20.014831237504556], "test": [23.0, 23.0, 23.0, 23.4, 24.0, 24.0, 24.0, 24.0, 24.0, 24.0, 24.0, 24.0, 24.0, 24.0, 24.0, 24.0, 24.0, 24.0, 24.0, 24.0, 24.0, 24.0, 24.0, 24.0, 24.0, 24.0, 24.0, 24.0, 24.0, 24.0, 24.0, 24.0, 24.0, 24.0, 24.0, 24.0, 23.0, 22.0, 22.0, 22.0, 21.0, 21.0, 21.0, 21.0, 20.6, 20.0, 20.6, 22.0, 19.6, 18.4, 19.0, 18.4, 17.6, 19.0, 20.4, 19.6, 20.4, 20.2, 21.8, 23.2, 23.2, 22.6, 21.0, 21.0, 21.6, 22.0, 21.4, 21.2, 22.0, 22.0, 22.0, 20.0, 20.0, 20.0, 20.0, 20.0, 20.0, 20.4, 21.0, 21.0, 21.0, 21.0, 21.0, 20.8, 20.0, 20.0, 19.6, 19.0, 19.2, 19.8, 20.8, 19.8, 19.4, 20.0, 19.4, 19.0, 19.0, 18.4, 14.800000000000002, 14.2, 15.4, 14.2, 12.6, 9.0, 9.8, 10.4, 9.8, 9.2, 6.0, 4.199999999999999, 3.0, 0.6000000000000005, 0.40000000000000036, 0.0, 0.20000000000000018, 0.9999999999999996, 3.0, 5.6, 5.0, 6.2, 6.2, 5.0, 5.4, 5.2, 5.0, 5.0, 5.0, 5.0, 5.0, 4.200000000000001, 5.000000000000002, 4.999999999999999, 5.6, 6.0, 7.000000000000001, 7.000000000000001, 7.400000000000001, 7.000000000000001, 7.000000000000001, 7.000000000000001, 7.800000000000002, 8.399999999999999, 9.0, 9.8]}