{"day": 4, "month": 5, "station_id": 564, "predict": [36.446739324731304, 36.198979722122, 36.650170246794175, 37.774952117497165, 38.76989105471919, 38.90114208533164, 38.435250819490136, 38.97214935902631, 38.911777978237076, 39.25407910652657, 39.86566317082145, 39.94647513044868, 40.096461104747114, 39.58223501348815, 39.603745219445926, 39.76094117168723, 39.65377338271488, 39.54886007276244, 39.44615381456002, 39.34560817856088, 39.247177711952446, 40.484151251442135, 40.72315190314219, 40.96413702287758, 37.932389441349414, 37.900497275882415, 37.87382287847697, 37.84831280630033, 37.823419767910856, 37.79906146994839, 37.44188413273903, 37.418542376097456, 37.39569212989409, 37.3733230234473, 37.35142492300552, 37.32998791065512, 37.309002277641056, 37.28845851967981, 37.268347332616464, 36.981992941539204, 36.296053096653495, 35.54385240257723, 35.125382314387366, 34.84063446708345, 34.82293400513242, 34.272272912093264, 34.055310006986424, 33.17203760740626, 35.988039044665975, 35.82532275924985, 34.595425787180595, 32.10055125382951, 30.47428763132847, 27.249966004975583, 23.094217438807203, 20.47366931651801, 18.854949258559948, 16.904685626073825, 14.956174239472315, 13.209378370764245, 11.530928728286447, 10.520790107394797, 10.24559470802064, 10.10530878587314, 9.899899303963432, 8.629333917779164, 7.8935809607697385, 7.892609430135817, 7.293055639583322, 6.694889872369068, 5.89808303463191, 5.635939975670057, 14.1995967782362, 14.023937201982129, 13.33094508143076, 13.3106575820758, 13.761689380637815, 13.28378073222189, 12.943487634081581, 12.340720503331388, 11.67539404103199, 11.480758332976855, 11.090065193632679, 10.369901427612751, 9.986855457955151, 9.940850626040419, 10.165145159402499, 11.126332140263736, 11.557672808050013, 10.925763195864695, 11.897200767574367, 11.871917722160399, 11.983180965324285, 11.697592081668123, 11.281753974105285, 10.602270837156533, 4.35331482532492, 4.269447511874085, 4.723061696693552, 3.6441168752154627, 3.032159799544564, 3.153792352682141, 3.1423348341434405, 3.9977811830342045, 3.7867930218949657, 3.3760321961551663, 3.565494000085406, 3.755173827408453, 3.078400500757782, 2.3351696027918676, 2.45881014089724, 1.915984545293359, 2.306688667180402, 4.36425177692586, 5.488669895622052, 5.346605793347066, 4.471388987461654, 5.063015740941389, 5.388149060743318, 5.380118696206397, 6.248658707349747, 9.936193160134225, 12.420978942086078, 13.372962945611638, 12.592558566366757, 12.813135211986657, 12.434679629816475, 13.323839113352903, 16.813927186908217, 17.17159101346449, 16.79681148470213, 16.15623655872929, 16.783181253352428, 20.877627638034717, 21.306224825831954, 21.668955632139447, 21.699136566935362, 21.130084493853385, 20.361783289414966, 20.66088383575115, 20.42737068014409, 20.19456202805169, 20.162443069612166, 20.06433263962556], "test": [38.0, 38.0, 38.0, 38.0, 38.0, 38.0, 38.0, 38.0, 38.0, 37.8, 37.4, 38.0, 38.0, 38.0, 38.0, 38.0, 38.0, 38.0, 38.0, 38.0, 38.0, 38.0, 38.0, 38.0, 38.0, 38.0, 38.0, 38.0, 38.0, 38.0, 38.0, 38.0, 38.6, 40.0, 40.0, 40.0, 40.0, 39.8, 39.0, 39.0, 39.0, 39.0, 39.0, 39.0, 39.0, 38.2, 38.0, 37.2, 36.0, 36.0, 35.2, 34.8, 33.0, 30.2, 28.4, 28.000000000000004, 24.8, 23.800000000000004, 23.000000000000004, 23.6, 24.0, 22.0, 22.0, 21.8, 21.0, 20.6, 19.6, 19.0, 17.8, 16.6, 15.6, 14.400000000000002, 14.000000000000002, 13.0, 13.8, 16.2, 17.0, 13.600000000000003, 13.4, 15.0, 14.000000000000002, 15.6, 15.0, 15.4, 14.2, 12.8, 9.0, 8.2, 8.8, 6.6000000000000005, 5.8, 5.0, 4.8, 4.0, 5.0, 4.2, 4.0, 0.8000000000000002, 0.0, 1.0, 0.1999999999999999, 0.6, 1.0, 0.20000000000000018, 0.0, 2.6, 3.0, 4.4, 3.0, 3.6000000000000005, 4.0, 5.4, 7.000000000000001, 6.800000000000001, 7.400000000000001, 8.8, 8.2, 7.000000000000001, 7.200000000000001, 7.400000000000001, 7.000000000000001, 7.000000000000001, 7.000000000000001, 3.8, 4.0, 3.8, 4.0, 4.0, 4.000000000000001, 4.000000000000001, 5.2, 5.4, 6.6000000000000005, 8.8, 9.6, 10.2, 12.0, 12.8, 14.2, 15.0, 15.0, 15.0, 15.0, 16.4]}