{"day": 1, "month": 9, "station_id": 541, "predict": [27.055232203164245, 27.102404542976515, 27.145992976336803, 27.18621338906453, 27.22332691468661, 27.257573535338345, 26.62250804411061, 26.98500146010309, 27.01190901682778, 27.0367380482594, 27.39298244736284, 27.4141237043695, 27.433631864849954, 27.45163308044519, 27.468243757973237, 27.48357131218651, 27.49771486038098, 27.51076586334897, 27.52280871682027, 27.533921297216356, 27.54417546524669, 27.553637530603844, 27.562368680762308, 27.570425376653983, 27.973807200638156, 27.95005746408161, 27.928138045637976, 27.907914125456227, 27.88925445502951, 27.872038046671378, 27.856153268942432, 27.84149712474311, 27.82797458344875, 27.815497964730298, 27.80398637003392, 27.793365158033772, 27.783565460656696, 27.774523736540754, 27.766181359032238, 27.758484236049693, 27.618049126016864, 26.61149664759033, 25.67211764775029, 24.999872926318538, 24.39472631511731, 23.456644443454376, 22.718929855080386, 21.914887475215487, 17.764636548867223, 17.168583892391716, 15.356885229903185, 11.997268054287249, 8.490864275934092, 5.238715734993751, 1.6417836250692146, 0.0, 0.0, 0.0, 0.0, 1.1807778496300645, 8.398206956753238, 9.809123335263354, 9.414031358116107, 8.413396337514989, 8.074314216606076, 8.597181026901941, 8.115695462911004, 7.430194590710129, 6.540989372568771, 6.648366688537042, 5.952591201473556, 4.587240410971029, 6.293891164612871, 6.039135361750606, 5.194037528681412, 3.7580390074225685, 3.130400985242408, 3.5771093141479584, 5.030871934016172, 5.291114379989465, 6.09064230197944, 5.495637655031349, 6.705655199923624, 7.186952622073739, 7.005820912210377, 7.561914987495003, 8.388251200178551, 9.75120504914019, 9.717175744453183, 9.552584276468233, 9.657204975474022, 9.964163882463122, 10.606603919240934, 9.584350180406537, 9.163908670614154, 9.14513181133214, 0.0, 0.0, 1.642688354159651, 2.0040153090014274, 4.453387154105489, 7.394457509003541, 9.363918864210254, 12.431526029620134, 14.066784658893503, 17.138971351575844, 18.050485466886663, 20.67019944648041, 24.000141099806044, 24.57550796265815, 24.7313471639234, 24.06923422732286, 24.857284227409902, 24.230162045483944, 24.18909179804022, 23.735198837850156, 23.536184389047037, 23.726332872639915, 23.173185307659715, 22.944212168956522, 23.06864448798146, 23.998481177798748, 25.58457824345605, 26.09429752474897, 26.195091413837716, 25.954352526071744, 26.23941453841812, 26.11755687073639, 26.52267576299897, 26.588621663484634, 26.649202953868564, 26.704856037950407, 26.755981818669053, 26.73628191938309, 26.512761336887387, 26.552397545277003, 26.58880940154836, 26.622259202399473, 26.652987907045585, 26.681216872994618, 26.70714945061964, 26.46430578134834, 26.419524143355105, 26.43962885444953], "test": [27.4, 28.0, 28.0, 28.0, 28.0, 28.0, 28.0, 28.0, 28.0, 28.0, 28.0, 28.0, 28.0, 28.0, 28.0, 28.0, 28.0, 28.0, 28.0, 28.0, 28.0, 28.0, 28.0, 28.0, 28.0, 28.0, 28.0, 28.0, 28.0, 28.0, 28.0, 28.0, 28.0, 28.0, 28.0, 28.0, 28.0, 27.2, 27.8, 28.0, 27.8, 26.2, 24.2, 23.4, 22.6, 21.0, 20.2, 19.0, 17.6, 16.4, 15.600000000000001, 20.8, 23.2, 18.2, 13.6, 14.0, 13.0, 9.8, 8.8, 8.0, 7.800000000000001, 4.4, 3.6000000000000005, 0.40000000000000013, 0.0, 2.6, 2.4, 1.7999999999999998, 4.4, 4.4, 5.4, 6.6, 6.6, 5.0, 3.4, 2.6, 1.8000000000000003, 0.8000000000000003, 2.0, 2.0, 2.0, 1.6, 0.40000000000000013, 0.20000000000000007, 0.6000000000000002, 0.9999999999999996, 0.1999999999999993, 0.0, 0.5999999999999994, 2.4, 2.4, 2.3999999999999995, 2.6, 0.9999999999999996, 0.0, 0.0, 1.8000000000000007, 3.2, 4.6, 5.8, 4.4, 6.2, 5.2, 8.0, 13.6, 16.6, 15.400000000000002, 14.8, 14.8, 19.4, 22.0, 22.4, 22.0, 22.8, 22.4, 23.2, 23.2, 22.8, 22.8, 22.4, 23.0, 23.8, 26.6, 27.0, 27.0, 27.0, 27.0, 27.0, 27.0, 27.0, 27.0, 27.0, 27.0, 27.0, 27.0, 27.0, 27.0, 27.0, 27.0, 27.0, 25.8, 25.0, 25.0, 25.0]}