{"day": 6, "month": 4, "station_id": 195, "predict": [19.57162974373021, 19.702595890421303, 19.412129724715836, 19.38128888116925, 19.75556523189304, 19.383822450949243, 18.915713724898087, 18.55107891775142, 18.439803786137496, 18.131787049172633, 17.72693263597504, 17.875147812121348, 18.07634268024923, 18.430430003233006, 18.337325104418756, 18.146945787559034, 17.859212263008104, 17.674047076991936, 17.8913750431622, 17.911123176203755, 17.583220627397395, 17.507598622071644, 17.43419039888624, 17.462931150893198, 16.984467761666217, 17.02823190168772, 16.375373015539328, 16.4244722171868, 16.625163494768515, 16.577327919514243, 16.53090529184572, 16.48585009164476, 16.442121155177816, 16.549679235215216, 16.258486404359687, 15.818505889935512, 15.87970201049436, 16.19204013680325, 16.20548665926575, 16.170008957537146, 16.035575371322526, 15.852155172101757, 15.819718535702368, 15.788236515683291, 15.75768101750282, 15.728024773446974, 15.699241318295769, 16.021304965705703, 19.460063940168613, 19.384813541398767, 19.280524294190375, 19.17198167818979, 18.914909597816127, 17.960574861963167, 17.659203700807147, 17.46078096576268, 17.015237034588107, 17.07249147763186, 16.88246321640713, 16.24507284502418, 16.760243119810465, 16.727899021961996, 16.747967721829728, 17.32037852167042, 17.495062794792048, 17.071953925246486, 17.050987249000165, 17.18209999676088, 17.16523123846399, 17.500321829381612, 17.637314357809984, 17.276153094289448, 14.5940241975187, 15.222856107223295, 16.274703368074952, 16.519497756712305, 16.71176407810547, 16.902549843251727, 17.14211717541779, 16.680550249322575, 16.367892378005305, 16.454176965978135, 16.43943451315998, 16.273694214213045, 14.656984337817793, 14.939332330125406, 15.770764855466187, 16.401307822408693, 16.58098640603565, 15.80982506890232, 16.5878475812466, 17.415077040592198, 17.591535890789135, 17.417245940513563, 17.292228381243724, 16.716503804726973, 14.720846499839945, 13.27846355484973, 13.471094490605815, 13.509537050511907, 13.34622629299847, 12.83172912768405, 13.31619463259282, 13.499677943736192, 12.932212601042858, 12.863826721439523, 13.444546627449819, 13.124397673998415, 12.353404449078203, 11.781590834141127, 12.208980032723103, 12.435594591547206, 12.311456419531027, 12.286586805921768, 12.161006437843659, 12.084735417332412, 14.207793277884145, 15.730199000535464, 15.851971029488507, 15.623127287294126, 13.176690263394327, 12.82405924695034, 12.71299419548425, 13.148178618259653, 13.630703112297262, 13.960860472574685, 13.83876524238148, 13.814491070555867, 13.93810119412873, 14.159655232157487, 14.329210728110851, 14.396823527298134, 15.062547895103734, 15.276436576807752, 15.788540843520856, 15.998910534128814, 16.457594095465538, 16.51463862123102, 16.72008988979284, 17.173992400925368, 17.176389411521345, 17.377322970305748, 17.42683395158, 17.324962088023703], "test": [17.0, 17.0, 17.0, 17.0, 17.0, 17.0, 17.0, 16.8, 17.0, 17.0, 17.0, 17.0, 17.0, 17.0, 17.0, 17.0, 17.0, 17.0, 17.0, 17.0, 17.0, 17.0, 17.0, 17.0, 17.0, 17.0, 17.0, 17.0, 17.0, 17.0, 17.0, 17.0, 17.0, 17.0, 17.0, 17.0, 17.0, 17.0, 17.0, 17.8, 18.0, 18.0, 18.0, 18.0, 18.0, 18.0, 18.0, 19.0, 19.0, 19.0, 19.0, 19.0, 18.2, 17.0, 17.0, 17.0, 17.0, 17.0, 16.8, 16.6, 16.0, 16.0, 16.0, 16.0, 15.199999999999998, 15.0, 15.0, 15.0, 14.0, 13.8, 13.0, 13.4, 13.0, 14.0, 14.8, 16.2, 17.0, 17.0, 16.2, 16.0, 16.0, 16.6, 17.6, 17.0, 16.2, 15.600000000000001, 15.0, 15.0, 17.4, 17.4, 16.0, 16.0, 16.0, 16.6, 16.2, 16.0, 14.4, 13.0, 13.0, 12.0, 13.6, 13.2, 13.0, 12.8, 12.2, 14.0, 14.0, 13.0, 13.0, 12.0, 12.0, 12.0, 12.0, 12.0, 12.0, 12.0, 12.0, 12.2, 13.0, 13.0, 12.0, 12.0, 12.8, 13.0, 13.0, 13.0, 13.0, 13.0, 13.0, 13.0, 13.0, 13.0, 13.0, 13.0, 13.0, 13.8, 12.8, 14.0, 14.0, 14.0, 14.0, 14.0, 14.0, 14.0]}