{"day": 6, "month": 2, "station_id": 270, "predict": [4.059416891266702, 4.119396988151838, 3.9117529295742695, 4.303127841194321, 4.626870348932306, 4.682996494946951, 4.604855414025052, 4.459129312048259, 4.3791668030228115, 4.0316495800307335, 4.483259086126676, 5.667343185164823, 5.850582832556593, 6.69965874596026, 6.814584742570315, 6.728707743007646, 6.908707775145017, 6.954597977868872, 6.999724604778558, 7.0441003611573265, 7.087737740882799, 7.130649029944594, 7.172846309903411, 7.214341461292561, 2.9032125436945946, 2.6793460489808845, 2.787247214341281, 3.1600707650567195, 3.3311729296404895, 3.4339148144246048, 3.534990547415317, 3.6344271482818504, 3.732251198615845, 3.828488848941256, 3.7898324923691007, 3.6829741048079723, 3.7746052517297417, 3.864750428158908, 3.953433731887314, 4.240678869916021, 4.459842498126042, 4.544280894179647, 4.627349963653879, 4.709071912741282, 4.789468587519442, 4.8685614797909205, 4.879705066161824, 4.6895868136938565, 5.0757660547864205, 4.945284719169855, 4.746869166394898, 4.614004458012368, 4.880045632429245, 5.011677280406593, 5.408916941861438, 5.13844853507688, 5.20028903047483, 5.461121788596321, 5.387629897943129, 5.713162846077569, 5.837736523983337, 5.894699897021963, 5.750735009152677, 5.205856987083524, 4.32674737768816, 4.113420818689425, 4.565891709277493, 4.817507547330253, 5.201615599903724, 5.184896240326778, 5.034029618567952, 4.88236233154192, 2.957312561369013, 4.0375627346556175, 3.9145294033165126, 4.323533406386975, 4.464647266113147, 4.537892117301636, 4.809954080846088, 5.014185594407988, 3.7506054528326263, 4.352565480741016, 3.9534172041236575, 4.153178521830698, 4.218533710316835, 4.749500094976293, 4.346094721402357, 4.808334359906109, 4.602902176628826, 5.06314773791592, 4.789087014620262, 5.247402386335968, 4.9714426455638385, 4.6278896684762, 5.750091752282198, 6.271396952528005, 2.9143854916480763, 2.36487409681796, 1.0136428876975792, 0.7939394642695491, 0.9057892577758884, 1.2158867508321447, 1.1909260608042582, 1.364267543454, 1.9359377979064234, 1.9059630065707378, 2.207702275001034, 1.1745143049891704, 1.1397574008903413, 1.5701228091828732, 1.9989680579304845, 2.426316962815187, 2.9855262997423355, 3.1432858106859833, 3.232951542775993, 3.587879187294996, 4.2747574185866455, 4.826941232876506, 5.37778528700697, 5.59397723708758, 2.2129257976739543, 2.8831192951560665, 3.684414834624317, 4.083673992106394, 4.547597878682892, 4.942883470705045, 4.6028938706349924, 4.52765839625074, 4.98387258932026, 4.704898222327608, 5.090763305055782, 5.541495424402565, 5.590455084098487, 5.904335710995061, 6.349830327924726, 6.660298226467313, 6.902431639624399, 7.076255747736292, 7.448462017643035, 7.552408208424065, 7.921451710384571, 8.422282883956488, 8.854925065182114, 8.952734571114927], "test": [4.0, 3.0, 3.0, 3.0, 2.0, 2.0, 2.0, 1.5999999999999999, 1.0, 1.0, 1.0, 1.0, 1.0000000000000009, 1.0000000000000009, 1.0000000000000009, 0.9999999999999991, 1.0000000000000009, 1.0000000000000009, 1.6000000000000005, 2.0, 3.0, 3.0, 3.0, 2.8000000000000003, 3.0, 3.0, 4.0, 5.0, 5.0, 5.0, 5.0, 4.0, 4.0, 4.0, 4.0, 4.0, 4.0, 4.4, 5.0, 5.0, 5.0, 5.0, 5.0, 5.0, 5.0, 5.0, 5.0, 5.0, 5.0, 5.0, 5.0, 5.0, 5.8, 5.8, 5.0, 5.0, 4.8, 4.0, 3.4, 3.0, 3.0, 3.0, 3.0, 3.0, 2.1999999999999997, 1.5999999999999999, 1.0, 0.5999999999999999, 0.3999999999999993, 0.8000000000000003, 0.0, 2.8000000000000003, 4.0, 3.4, 3.0, 2.5999999999999996, 0.0, 0.0, 0.5999999999999999, 1.8000000000000003, 1.1999999999999997, 0.0, 0.2000000000000005, 0.3999999999999993, 0.2000000000000005, 0.0, 0.0, 0.0, 0.0, 0.0, 0.0, 0.0, 0.0, 0.5999999999999999, 1.5999999999999999, 2.0, 2.2000000000000006, 1.7999999999999994, 1.0, 1.1999999999999997, 1.4000000000000001, 1.4000000000000001, 0.0, 0.0, 0.0, 1.8000000000000003, 0.8000000000000003, 0.0, 0.19999999999999965, 0.8000000000000003, 0.40000000000000013, 0.3999999999999993, 0.0, 0.8000000000000003, 0.0, 0.0, 0.0, 0.3999999999999993, 1.0000000000000009, 1.6000000000000005, 2.999999999999999, 2.999999999999999, 2.999999999999999, 2.999999999999999, 2.999999999999999, 2.999999999999999, 3.000000000000001, 3.7999999999999994, 4.3999999999999995, 4.0, 4.0, 4.0, 4.8, 5.200000000000001, 6.0, 6.0, 6.0, 6.0, 6.0, 6.0, 6.0, 6.0, 6.0, 6.0]}