{"day": 6, "month": 5, "station_id": 194, "predict": [0.0, 0.39849021669205964, 1.5853706196398565, 1.8315354806257687, 2.4621083610891965, 2.8085530077456324, 3.2708109636494274, 3.7159952458412526, 6.011347358316684, 5.824129330263663, 7.354926507807132, 8.604305998466346, 9.106148201326343, 9.860980168498884, 10.935976141373082, 12.131624880567278, 12.44839701366724, 12.620079036590466, 12.713773960355066, 12.863235268196696, 13.535534183161646, 14.197726913481784, 14.45018854316238, 14.693280235228137, 8.983473277068594, 9.913105978387025, 11.120987710469182, 11.654646488005485, 12.242307614555642, 12.616222212542386, 13.043119746452934, 13.323378889372213, 13.657455915553387, 13.445816573669237, 13.622250277144941, 13.920531717354724, 14.207753184200037, 14.484324700660459, 13.750641138629252, 14.007082743473635, 14.25401566565392, 14.491792480265083, 14.720752689512889, 14.94122320719175, 14.886852158714177, 15.024609330554615, 15.22145326971004, 15.210998367117174, 9.21353901789481, 9.325352950661955, 9.769348471502557, 10.069813311405172, 11.224508458363651, 11.899805865572821, 12.6292905124022, 12.546692152461866, 13.052436935882353, 13.080281426032899, 12.43063696403354, 12.103900828632046, 11.767122668886682, 11.6873381469482, 11.531569389958708, 11.30015880291742, 11.660102876648073, 15.411719315316953, 18.088647481401093, 19.35784882460721, 18.819607295115482, 18.007529741662267, 16.321879628334337, 17.22957740394014, 31.649781041202623, 28.41347945011475, 27.273396255877067, 25.260051944638217, 25.47633811903395, 26.246259369971206, 24.833324884695877, 21.8361924912973, 23.52073167069571, 26.952986012870515, 26.999064538068165, 26.591776133502563, 24.797286294586776, 23.48178038758118, 23.111462165675754, 21.019219529896596, 20.137957142984305, 17.53392911468966, 16.340071724355415, 16.156002836883395, 17.581354675077623, 16.682439946718947, 17.858917992006834, 18.310460950536815, 22.710740555159735, 21.667464847953397, 18.359974329974673, 16.85277051251239, 12.469000870142187, 12.357875017684778, 12.523614982576596, 12.900440335132537, 13.088291363872248, 16.353515321254758, 17.162396485531627, 17.38121224233427, 16.0095821013925, 14.447138454634455, 15.960194019296651, 17.681741677182025, 17.3447873927453, 16.61568307227283, 16.160792753148378, 14.51315880533768, 13.072501482362505, 13.971885155741345, 13.877717899279789, 16.05641775601177, 34.52304084728865, 34.631535423337596, 35.10147095694631, 38.686224601643914, 38.9047704441348, 41.81883817696645, 39.75959601651785, 37.52571361396946, 36.4494637560268, 35.196556873954314, 35.03275854835522, 34.757207582540886, 33.63574398128418, 33.53423984801501, 33.38526449850967, 32.454749863971145, 32.541989342747335, 32.246303382153826, 31.96703844082591, 32.236899325771994, 32.05528156804106, 32.0882705018521, 32.00197371234451, 32.32918685057009], "test": [1.3999999999999997, 3.0, 3.0, 3.799999999999999, 1.9999999999999991, 1.9999999999999991, 6.199999999999999, 10.6, 10.0, 10.0, 10.0, 10.0, 10.0, 10.0, 10.0, 9.4, 9.0, 9.0, 9.0, 9.0, 9.0, 9.0, 9.0, 9.0, 9.0, 9.0, 9.0, 10.0, 10.0, 10.0, 10.0, 10.0, 10.0, 10.0, 10.0, 9.0, 9.0, 9.0, 9.0, 9.0, 9.0, 9.0, 9.0, 9.0, 9.0, 9.0, 9.0, 9.0, 9.0, 8.8, 9.4, 21.8, 24.0, 24.0, 23.2, 22.0, 22.0, 21.0, 22.2, 23.0, 23.0, 23.0, 33.0, 42.0, 41.0, 37.6, 35.4, 35.4, 37.0, 37.0, 38.8, 36.6, 31.6, 27.6, 26.8, 34.4, 35.2, 32.6, 37.2, 32.8, 29.200000000000003, 26.2, 23.2, 23.2, 18.6, 16.2, 16.2, 18.8, 19.4, 20.0, 19.2, 17.8, 17.4, 14.600000000000001, 15.8, 20.8, 23.2, 32.8, 37.6, 36.0, 34.39999999999999, 33.6, 28.800000000000004, 22.6, 22.8, 21.6, 21.0, 22.4, 36.0, 39.2, 39.0, 37.4, 35.0, 34.2, 32.6, 31.0, 30.2, 30.6, 34.0, 34.4, 37.2, 36.0, 35.2, 35.8, 35.2, 37.0, 36.4, 36.2, 39.0, 41.0, 39.2, 39.0, 39.0, 39.0, 39.2, 40.2, 45.0, 46.0, 47.2, 48.2, 48.2, 47.2, 48.6, 49.2]}