{"day": 6, "month": 10, "station_id": 214, "predict": [16.794937082660734, 16.292143763940675, 16.196113188912182, 16.114312739030666, 15.914162054287605, 15.72831269382866, 16.222490097979843, 17.32908519997825, 17.247208061182345, 17.10936272825433, 16.981445539919132, 16.862741478428344, 16.75258698619169, 16.6503662892669, 16.555507962453845, 16.467481736601297, 16.38579553470637, 16.30999272122778, 16.23964954945736, 16.174372792729866, 16.11379754624023, 16.057585187182667, 16.0054214818091, 15.957014828825308, 16.839548907435123, 16.464907923896952, 16.36006394114505, 16.26176937379538, 16.170365394097505, 16.08553508263272, 16.006842750570218, 15.933852572141348, 15.866153217354453, 15.803361586710901, 15.745121997886443, 15.691104474125087, 15.641002942485107, 15.594533514758576, 15.551432882285571, 15.511456824734774, 15.474378826452451, 15.439988792998735, 15.40809186070156, 15.3785072925058, 15.351067453866323, 15.32561686288328, 15.302011309297615, 15.280117037354897, 15.943762346263089, 15.612364952786187, 15.48284759965676, 14.823921143180705, 14.102455236761601, 13.718259846195258, 13.604407500652933, 13.827304061959174, 14.186703392183324, 14.149042902127082, 14.114109727693563, 14.148373039767554, 14.584982967817929, 14.023769573060896, 13.99790855630875, 14.307253700504429, 14.28500271078341, 14.26436311432671, 13.978551549063221, 13.760793103879953, 13.544320706612774, 13.529041223024684, 13.514868263562137, 13.501721694912163, 22.506050086732827, 21.763291868036678, 20.963837186158198, 20.066284677810415, 19.540550222718604, 19.051838819552177, 18.59780019099608, 18.17603128233767, 17.784251201233573, 17.420330458693726, 17.01562193922008, 16.434952164138583, 16.009945060202785, 15.739012753913059, 15.887346949322232, 15.386910903218244, 15.169765300807349, 14.968061327617644, 14.914034233900981, 14.606664023310998, 14.445003233345291, 14.294838443995566, 13.88868548652685, 14.359118326302612, 11.664381432631595, 11.504293575489207, 11.715178617459284, 11.733213179700197, 11.618387119556711, 11.102632259574406, 11.452378079867357, 11.467640374598519, 11.148486171589736, 11.828322668711523, 11.707221043184774, 11.918581305474465, 12.062465508740637, 11.87226464637214, 12.081365609791414, 11.556484809197967, 11.564335110941341, 11.30495942311022, 11.511730930000972, 11.58468664325513, 11.59052760415445, 12.062619071504734, 12.267657362800321, 12.47233668295596, 17.798284890303545, 15.253670345086796, 12.658979244301307, 14.151996988387523, 13.865834308194115, 14.265992011226345, 14.017840895990588, 13.786794929630583, 13.171677645835327, 13.771391465650261, 13.851580661303629, 13.544626553623678, 13.18297607650782, 13.299137271577395, 12.225675079128532, 11.761874082798888, 11.707068190613674, 11.86063723435411, 12.022003803349506, 11.990630296556517, 11.899349511214774, 11.814362087400868, 11.468567462101033, 8.661561653988818], "test": [17.0, 17.0, 17.0, 17.0, 17.0, 17.0, 17.0, 17.0, 17.0, 17.0, 17.0, 17.0, 17.0, 17.0, 17.0, 17.0, 17.0, 17.0, 17.0, 17.0, 17.0, 17.0, 17.0, 17.0, 17.0, 17.0, 16.6, 16.0, 16.0, 16.0, 16.0, 16.0, 16.0, 16.0, 16.0, 16.0, 16.0, 16.0, 16.0, 16.0, 16.0, 17.0, 17.0, 17.0, 17.0, 16.0, 16.0, 16.0, 16.0, 16.0, 18.0, 17.6, 17.4, 18.0, 18.0, 18.0, 18.0, 18.0, 18.6, 19.8, 20.0, 20.0, 19.2, 21.2, 22.0, 22.0, 22.2, 23.0, 23.0, 23.0, 22.8, 23.0, 23.0, 23.8, 23.4, 23.0, 23.0, 23.0, 23.0, 23.0, 22.8, 15.8, 14.0, 14.0, 14.0, 14.0, 14.0, 14.0, 13.8, 13.0, 13.0, 13.0, 13.0, 13.0, 13.0, 12.6, 11.0, 11.0, 10.2, 10.0, 10.0, 10.0, 10.0, 10.0, 10.0, 10.6, 11.6, 12.0, 12.0, 12.0, 12.0, 13.6, 14.0, 14.8, 15.4, 17.4, 18.0, 18.0, 18.0, 18.0, 18.0, 17.6, 18.0, 18.0, 18.0, 18.4, 19.0, 19.0, 19.0, 19.0, 19.0, 19.0, 19.0, 19.0, 18.0, 18.0, 16.8, 9.2, 9.0, 9.0, 10.0, 10.0, 10.0, 10.0]}