{"day": 5, "month": 7, "station_id": 73, "predict": [31.05320413383924, 31.763484066284015, 32.20861374870255, 33.910768185156925, 34.268260608398926, 34.414719399939045, 34.550818173605585, 34.67726846262803, 34.794749710728816, 34.37056377300903, 34.338634957076444, 33.16617916157168, 32.85370669477503, 32.80169167193586, 32.677241242918036, 31.680764643324036, 31.079308744237746, 31.53989344497199, 32.19618025310489, 32.31514072879233, 32.630391469642824, 33.14219564509874, 33.78413108863504, 33.82309162216377, 36.43591856486835, 37.0, 37.0, 37.0, 37.0, 36.989900978783616, 36.672489664991545, 36.096727945001746, 35.995364362206324, 35.90118524015807, 35.81368155368409, 34.865713521931305, 35.12350819579683, 34.91999044538079, 35.18811409132345, 35.46085985408099, 35.737900114192946, 35.9522638074553, 36.237001445610915, 36.258516920364656, 36.34989941579555, 36.51092208815135, 36.14137417255352, 36.10772650997991, 33.18824445322194, 33.23033913584696, 33.12678478859856, 32.47836630004462, 31.819215015164453, 31.88342052517491, 32.07168869237359, 32.45134272600064, 32.62299280640347, 32.38720592066762, 31.5445088976102, 32.09539124723882, 32.64030780324969, 32.44634784589902, 32.11390405107171, 31.976674611040842, 31.501665205002656, 30.8225241633551, 30.072877502273688, 29.852997171105656, 29.56313585445288, 28.203528336876076, 28.841059437590758, 30.675931855336668, 32.71750581664289, 32.934225344715706, 33.02965747715005, 32.609402557388, 32.327090976096706, 31.779892902338236, 30.767150702652142, 30.02200545678383, 28.811034139076703, 28.06750562518115, 29.52469735719128, 29.449224910138263, 27.4410409814524, 28.56676831407171, 27.42636609420469, 28.35312972527978, 28.347023956259974, 28.008016025512028, 26.33607548495029, 26.531174036647638, 28.326618714328134, 28.855718408917674, 27.98511707072705, 29.248126920896528, 37.0, 37.0, 35.80246516290501, 34.734332919019266, 34.095856790927115, 33.087444973281286, 32.90751814037016, 31.820858430107343, 32.02562510571586, 29.920087707496727, 30.235966423841464, 29.705093670159904, 28.19274022142847, 27.03094132512568, 25.751823208949492, 24.820930043334613, 26.370551345508815, 27.333049798091913, 27.840856120686016, 28.49313096755642, 27.355760492913817, 26.02801889370916, 25.97589790815422, 26.998769916373615, 13.100184828004476, 13.236869729346516, 12.39153448889909, 14.305576760019818, 14.636009110989741, 15.383589609416317, 16.01780634123975, 16.808412348602257, 16.89171458133228, 17.203836973489036, 17.81404943996604, 19.858110428583274, 20.871611714876483, 21.123323032533047, 21.348536061888367, 21.28240771455725, 21.993302739612044, 22.416135693000573, 22.152378979606766, 22.136737008598757, 22.30381983342948, 20.654816311944227, 20.324166819618487, 20.446235546678462], "test": [31.0, 31.4, 33.0, 34.2, 35.0, 35.0, 35.4, 36.0, 36.0, 36.6, 37.0, 37.0, 37.0, 37.0, 37.0, 37.0, 37.0, 37.0, 37.0, 37.0, 37.0, 37.0, 36.6, 36.8, 36.8, 36.0, 36.0, 36.0, 33.2, 32.0, 32.0, 32.4, 33.0, 33.0, 33.0, 33.0, 33.0, 33.0, 33.0, 33.0, 33.0, 33.2, 33.0, 33.0, 32.8, 33.0, 32.8, 33.0, 33.0, 33.0, 32.2, 32.0, 31.4, 32.0, 31.6, 30.8, 31.2, 30.6, 29.199999999999996, 28.8, 27.4, 25.199999999999996, 25.4, 29.199999999999996, 30.6, 29.0, 30.0, 32.6, 32.0, 32.0, 32.4, 32.0, 32.4, 32.4, 33.6, 34.8, 36.8, 36.6, 36.0, 36.6, 34.6, 33.6, 35.6, 37.0, 36.4, 36.2, 37.0, 36.4, 35.2, 34.8, 36.4, 35.8, 33.8, 32.0, 34.2, 37.0, 37.0, 37.0, 34.4, 35.2, 35.0, 33.2, 33.0, 32.4, 32.0, 32.8, 31.6, 29.6, 27.4, 26.0, 24.0, 18.0, 11.4, 11.0, 10.4, 7.6000000000000005, 9.8, 11.600000000000001, 12.0, 12.0, 11.600000000000001, 9.200000000000001, 9.0, 7.2, 6.4, 4.0, 19.200000000000003, 5.000000000000003, 4.0, 3.799999999999998, 18.95, 20.15, 20.45, 20.25, 20.05, 19.650000000000002, 19.849999999999998, 19.75, 19.349999999999998, 19.3, 19.450000000000003, 18.2, 17.799999999999997, 2.0]}