{"day": 6, "month": 6, "station_id": 341, "predict": [12.044902682656401, 12.675924167907615, 12.533546884986464, 12.182384798519047, 13.046900465585626, 12.665417207626714, 12.371191836278491, 11.896249051639588, 12.039061400912122, 12.198143698464015, 12.105447451349338, 11.559702632276728, 11.426412736280279, 11.437846879837506, 11.526365006239066, 11.42441021136895, 11.331168327682494, 11.245894762963735, 11.167908556184912, 11.096586940120682, 11.031360368307107, 10.971707966902533, 10.917153375202728, 10.867260941613484, 18.494704963466152, 17.848555416012605, 17.20915438973275, 16.612312607436433, 16.064100530940067, 15.562897878667421, 15.105299633973106, 15.15434704081451, 14.706592474773364, 14.09218584440234, 13.9748789054576, 13.685342476829318, 13.42114633738211, 13.18007276345737, 12.960098074834665, 12.759375690653595, 12.576220639996635, 12.409095420500615, 12.256597092581593, 12.117445502628984, 11.990472536763892, 11.87461231507455, 11.768892244046942, 11.672424852088758, 21.30482904794547, 20.56894345342662, 19.77224209546875, 18.74389558621948, 18.304935543950005, 17.390290068157622, 16.730078638861574, 16.253456449019797, 16.022939337150316, 15.501308985969972, 14.884987443089017, 12.370694591550508, 11.422093988129738, 11.10310385089488, 10.811209074677743, 10.744108160254116, 12.366361759050418, 16.076042740999817, 17.204721001377184, 17.350782890359582, 17.046085156622166, 16.222609971566506, 14.612454275782817, 12.681153363763263, 15.313259327444696, 13.368763526899965, 13.506344029657845, 11.526616676717225, 11.762059927103264, 10.878181112142942, 11.14048612976724, 11.014553309875446, 10.032713522825457, 8.327381400988548, 9.631049572681098, 10.876282367954541, 11.329043123787612, 11.322021932024343, 10.654630511978102, 12.126330849365024, 11.203297568330484, 8.885080670078214, 8.504601940376816, 6.9281516640098655, 5.822052286627681, 6.0526556666842986, 5.753007228855603, 6.722843665541297, 13.627907720667466, 11.826280217765312, 11.358597895537967, 9.611793962015705, 9.11262235023344, 9.456485479938191, 9.30622133652447, 8.391762076446236, 7.776691267788542, 12.524864044872686, 14.16704538976366, 13.434221249825686, 11.790912548164368, 11.368491113196159, 11.765163837688357, 13.245958215849289, 12.676042460140312, 13.187380087282786, 14.512052208351507, 14.048914100316104, 14.530252644239477, 14.355111222383144, 12.855948672870284, 11.831965573066407, 14.528156889886471, 14.097239463043145, 13.566361317095891, 12.9315588031604, 13.589980398537245, 13.07255777712524, 12.110485537313489, 10.901826284555295, 10.311482903049718, 10.404514024127241, 10.579453002894866, 10.034961995044288, 10.03648727106246, 9.916248894807334, 10.939897983753628, 12.706508130592958, 12.415234245099825, 12.065305416327025, 11.18935173470953, 10.720065019047098, 10.656860064855785, 11.332536368322222, 12.21327361744655, 11.965294245624815], "test": [12.0, 12.0, 10.8, 11.0, 11.4, 12.0, 12.0, 12.0, 12.4, 12.4, 12.999999999999998, 11.8, 11.2, 11.2, 11.0, 11.0, 11.0, 13.799999999999999, 15.0, 15.0, 15.0, 16.2, 18.8, 19.0, 18.0, 14.6, 17.8, 18.0, 18.0, 18.0, 18.0, 18.0, 19.0, 19.0, 19.0, 19.0, 19.0, 19.0, 19.0, 19.0, 19.0, 19.0, 19.0, 19.0, 19.0, 20.0, 20.0, 21.6, 22.0, 21.8, 21.0, 20.4, 20.0, 20.0, 19.6, 20.0, 20.0, 19.0, 19.0, 19.0, 17.2, 14.0, 14.0, 14.4, 15.0, 15.0, 15.0, 15.8, 16.0, 16.0, 16.0, 14.0, 14.0, 12.999999999999998, 12.999999999999998, 12.599999999999998, 6.800000000000001, 7.0, 2.8000000000000003, 0.6000000000000003, 0.20000000000000012, 1.1999999999999995, 1.1999999999999995, 0.0, 0.0, 2.8000000000000003, 15.8, 19.6, 18.0, 17.0, 17.2, 15.8, 15.4, 14.0, 14.8, 14.8, 14.2, 16.6, 16.0, 11.4, 5.2, 2.2, 0.0, 1.8, 4.6, 5.8, 15.6, 18.0, 16.4, 14.6, 14.6, 14.4, 17.8, 19.0, 17.4, 17.4, 16.4, 16.8, 16.8, 15.4, 15.8, 16.0, 14.6, 15.2, 17.0, 16.8, 17.0, 16.6, 16.0, 15.2, 16.0, 16.0, 15.0, 15.2, 16.0, 16.0, 16.0, 16.0, 16.4, 17.0, 17.0, 17.0, 17.0, 17.0]}