{"day": 4, "month": 6, "station_id": 107, "predict": [13.485491055913187, 13.584278263594971, 13.638850724522698, 13.54046765247016, 13.687940429022884, 13.931243892800854, 14.020526359743473, 14.705956466485413, 15.187699713660333, 15.165915101253466, 15.09075486663695, 15.21236469233725, 15.630883975894605, 15.796446099090407, 15.859178687262585, 15.919203857694075, 15.976638457322352, 16.281594290196214, 16.584178335116977, 16.68449295388685, 16.582636090569693, 16.478701462152138, 16.52277874097608, 16.56495372929776, 17.981692440490427, 18.111330916577945, 18.191409287440013, 17.922282550660377, 17.703974427383272, 17.636458473856877, 17.4197017496691, 17.403671553774664, 17.588336418100468, 17.573666210255865, 17.559632099910544, 17.5462065061162, 17.733363043721354, 18.27107647161326, 18.209322643126775, 17.39807845859155, 16.98732181993484, 16.52703158725246, 17.367187537262797, 17.857770323562175, 18.198761438603622, 18.24014317732416, 16.93189860234926, 15.074011510705995, 19.997984305534004, 20.0, 20.0, 20.0, 19.882048209927344, 18.825265345130965, 18.975237376632123, 17.78168416258707, 18.094327951714966, 17.862901486644084, 16.687148816841415, 16.116825005776036, 16.101695685560337, 16.441536605339103, 16.236133195244733, 15.685280148570538, 14.838781021888556, 15.396447852416145, 15.05810079189905, 14.873567756299721, 15.142684090608823, 16.0152922481272, 15.241241483593484, 14.870387559559697, 8.362422493759116, 8.561141581175102, 10.015342869068615, 9.662896885478494, 9.252255886554828, 10.283490649886616, 9.606908284017928, 9.322839568875825, 8.681606699997037, 8.833518840607447, 9.378871940931187, 9.517949193997968, 10.351021568761979, 11.578348335166005, 11.850177568843431, 12.416746634385174, 11.828282647795664, 12.035002918990136, 11.78711537518761, 11.93481896602351, 11.728304051170898, 11.01775277122554, 11.603339402577477, 11.38523069696042, 9.829822943843457, 10.028145954163211, 10.877454970277988, 12.425066626559962, 13.070639012360257, 13.014196822975212, 12.955819224635508, 12.84559065001318, 10.63359316602531, 9.9199054091628, 10.0046025530647, 8.987756433283183, 8.419435691128847, 9.199705915012986, 9.878629776119125, 10.506267158137527, 10.682675281244796, 11.05790882057149, 11.182020019400927, 11.405058797333192, 11.62707285363819, 12.44810776601177, 12.468207084939365, 15.727412423862507, 15.085000373996348, 15.202295650508663, 14.865556625969985, 14.52375974905504, 14.584665221647239, 15.049369652698932, 15.317898318873215, 15.240109986451035, 15.415843051348341, 15.394938894980557, 14.927245380095137, 15.212617144992942, 14.750915391843835, 15.092007604859575, 15.185767268323701, 14.782073595300908, 14.28081126829277, 13.93187019158242, 13.43514525478458, 12.740536107101079, 12.947946941798227, 12.957286290443433, 12.818466826459112, 12.58140517757207], "test": [15.0, 15.0, 17.0, 17.8, 19.0, 18.0, 17.0, 17.0, 17.0, 17.8, 18.0, 18.4, 19.0, 19.0, 19.0, 18.6, 18.0, 18.0, 18.0, 18.0, 18.0, 18.0, 18.0, 18.0, 18.0, 18.0, 18.0, 18.0, 18.0, 18.0, 18.0, 18.0, 18.0, 18.0, 18.0, 18.0, 18.8, 20.0, 19.8, 18.6, 18.0, 18.8, 19.2, 17.2, 19.2, 20.0, 20.0, 19.2, 19.8, 19.8, 19.6, 19.4, 18.6, 16.8, 17.4, 17.2, 15.0, 12.0, 9.8, 10.4, 10.0, 8.8, 8.0, 8.0, 8.0, 8.2, 9.0, 8.8, 9.2, 9.0, 9.0, 8.2, 8.4, 9.6, 8.2, 9.4, 11.0, 11.8, 11.8, 11.2, 12.2, 13.2, 13.4, 13.0, 11.6, 10.2, 8.4, 8.0, 8.0, 9.8, 11.400000000000002, 12.2, 14.0, 13.0, 12.4, 12.0, 11.2, 12.0, 13.599999999999998, 14.2, 14.399999999999999, 12.8, 12.0, 11.0, 11.2, 8.2, 4.8, 4.4, 2.200000000000001, 1.6000000000000003, 2.4, 4.8, 7.4, 11.400000000000002, 11.2, 11.6, 10.0, 10.2, 12.2, 18.0, 18.2, 17.2, 17.0, 17.8, 17.8, 18.0, 16.6, 17.0, 16.2, 16.0, 16.6, 17.0, 17.6, 15.0, 10.0, 10.600000000000001, 10.600000000000001, 10.0, 9.2, 10.600000000000001, 11.0, 10.8, 10.600000000000001, 10.8]}