{"day": 5, "month": 5, "station_id": 246, "predict": [38.05247290570577, 38.031456190003624, 37.90492905210837, 37.646997787712934, 37.33113107159806, 37.15818958350797, 36.92800561946675, 36.70691046044495, 36.49455141918275, 36.157251056696424, 35.82801126050178, 35.573180185320986, 35.392451877686455, 35.218865803434795, 35.052139707583734, 34.8920024894796, 34.73819376211566, 34.590463428760046, 34.781904609629954, 34.64561991796655, 35.248054418212014, 35.655661932345595, 35.60157136045968, 35.48558634834632, 38.86154834480086, 38.6371001000621, 38.40548816219411, 38.180193924666895, 38.229944584873834, 38.08814768686075, 37.887874541340054, 37.69548179381127, 37.5106614244069, 37.3331157526007, 34.362558502737016, 33.66538127939633, 33.507986504415676, 33.55678699899142, 33.54487224239257, 33.67200797892699, 33.60463584017874, 33.47587298207992, 33.352178402928416, 33.70001927512783, 33.785870623443735, 33.676215015924235, 33.57087560031949, 33.469682485521645, 38.74474971603682, 38.45476737044082, 38.1682031004932, 37.95802285635517, 37.891641393938414, 38.30218379470049, 37.9892878080977, 37.55257687343758, 37.32501737423962, 37.10625568310103, 36.429285026746484, 36.560445087953546, 37.032754853321435, 38.64591212850275, 38.999626402369394, 38.96028506210181, 38.19428629230781, 38.701371990912044, 38.48129403451512, 39.13381389260061, 39.05870225665755, 38.722405350308314, 38.72471125322086, 38.865416238272516, 40.73465619136967, 40.62900952973836, 41.0, 40.88708898745457, 41.0, 40.635761883845355, 40.95250649257986, 40.0083428688849, 39.73638417136348, 39.46975114795063, 40.074905895439386, 40.48498501002831, 41.0, 41.0, 41.0, 40.97086881732324, 40.86953990979325, 40.7721038588953, 40.945077775427734, 40.4549845158301, 40.16835246144706, 40.085048639605716, 40.00494518618084, 39.92791914933451, 41.0, 40.432340371836744, 39.65449547563235, 39.00709477376026, 38.56285609723025, 38.05602350738809, 38.15328579980595, 38.387849153174045, 38.95956551550784, 39.00162140515745, 39.04720823887281, 38.49618945413549, 38.548433747587865, 38.2704815577716, 37.7955448721919, 37.32350703904106, 37.38758925238428, 37.72101704428091, 37.85702011697665, 37.99549884825101, 37.80302413633838, 38.07950391751469, 38.95818302278439, 38.37230970677799, 39.425867124398586, 39.56778322084899, 39.23112822548508, 38.7614161233827, 38.493966777830394, 38.56236695911386, 38.23324481060933, 38.17318187499618, 37.98208810236384, 37.726542166994776, 37.673125879210126, 37.62175759561862, 37.57235879618034, 37.52485397017654, 37.812503835138614, 37.50190522602166, 37.39299098848934, 37.352363209600206, 37.31329311909225, 37.27572099445149, 37.23958940295355, 37.20484311387205, 37.17142901405296, 37.13929602672584], "test": [37.0, 36.6, 36.0, 36.0, 36.0, 36.0, 36.0, 36.0, 36.0, 36.0, 37.0, 37.0, 37.0, 37.0, 37.0, 37.0, 37.0, 37.0, 37.0, 37.0, 37.0, 37.0, 38.6, 39.0, 39.0, 39.0, 39.0, 39.0, 39.6, 40.0, 40.0, 40.6, 41.0, 41.0, 41.0, 41.0, 41.0, 41.0, 41.0, 41.0, 40.0, 40.0, 39.8, 39.0, 39.0, 39.0, 39.0, 39.0, 39.0, 39.0, 39.0, 39.0, 39.0, 38.2, 37.2, 36.0, 36.0, 36.0, 36.0, 36.0, 38.0, 41.0, 41.0, 41.0, 41.0, 41.0, 41.0, 41.0, 41.0, 41.0, 40.2, 40.6, 40.0, 40.0, 39.4, 40.0, 41.0, 40.8, 41.0, 41.0, 40.2, 40.0, 40.0, 40.0, 40.6, 41.0, 41.0, 41.0, 40.2, 40.0, 40.0, 40.0, 40.0, 40.2, 39.4, 41.0, 41.0, 41.0, 41.0, 41.0, 40.6, 40.0, 41.0, 41.0, 41.0, 41.0, 41.0, 38.2, 39.4, 40.2, 39.4, 39.8, 38.8, 40.0, 40.6, 40.6, 40.0, 39.2, 39.0, 39.0, 39.0, 39.0, 39.0, 38.6, 37.2, 38.6, 39.0, 39.0, 39.0, 38.2, 37.4, 37.8, 37.0, 37.0, 37.0, 37.0, 38.0, 38.0, 38.0, 38.0, 38.4, 38.4, 38.0, 38.0]}