{"day": 0, "month": 4, "station_id": 217, "predict": [14.804853726673864, 14.61961238363157, 14.444593975168356, 14.529368282705871, 14.373409345162493, 14.226201037376702, 14.087252965880428, 13.956101724713344, 13.832309824188695, 13.715464309377067, 13.205175395315905, 13.00107516882315, 12.902816361518568, 12.810071191426234, 12.7225302695345, 12.639901567705385, 12.561909444496907, 12.488293725649642, 12.418808836170314, 12.353222981117105, 12.291317372353916, 12.03288549869409, 11.927732436998841, 11.875674201932332, 14.813931390423814, 14.607723143310398, 14.407990410105707, 14.418550792060664, 14.28951627507034, 13.970420173823475, 13.710727959705936, 13.509919469772562, 13.16750096073411, 13.033005745402994, 12.655993032613559, 12.286046543084915, 12.122773154995922, 12.115801617162273, 13.26478133253465, 13.569381209167634, 12.82928857507968, 13.244208153478166, 14.063861094995845, 13.087984063767708, 12.966328374352987, 13.348659176673635, 12.334754686297938, 11.424405457546497, 11.376835702869588, 11.131564693282758, 11.479560228621747, 11.431245452920537, 13.488061310164708, 12.849992695584438, 11.16680000783013, 12.688220037231288, 11.863998130803697, 9.993892770121537, 8.277675670146921, 7.415131180732573, 7.506055608032773, 7.400256555000994, 7.547552295428133, 8.097771182201232, 7.650751088300595, 6.856338878787662, 6.464389912075941, 6.374767568862673, 5.737342807187402, 5.601993742168405, 5.218605249048277, 4.98706858825587, 8.98017777846986, 8.39996251170686, 7.862901372361906, 7.736020909565961, 7.571582629512378, 6.6193589955305105, 7.128731855666428, 8.299049483232036, 8.879685760552466, 9.070048505385367, 8.819579198424442, 8.677751336893593, 8.494068644923095, 8.018063346018234, 7.999294527778199, 8.087346599337854, 8.481827837194764, 8.332369014514438, 8.88862210914857, 9.30025908585075, 8.666970748429275, 8.088465657820809, 7.514469112299006, 7.144722186249732, 8.681803643863244, 8.989157529691528, 8.29684754058634, 7.758933406699283, 6.0758759670138245, 5.097522626410336, 4.473627098286908, 5.503939271230265, 4.688220165615387, 4.3262438694774765, 4.117797242361275, 4.562679266085116, 3.560700367975544, 3.261681771398038, 2.365454881315273, 2.221860704497128, 3.530749302691276, 5.091979276926396, 4.955417281183528, 6.020937563764505, 6.888421534780296, 9.45775735827174, 10.27883956755983, 10.801568702502538, 15.686540072258104, 16.0, 16.0, 15.77636626244626, 16.0, 15.7485004487869, 15.702786028835696, 15.518339065306904, 15.344513714537431, 15.630698814270133, 15.976317958475969, 16.0, 16.0, 16.0, 16.0, 15.777966933252607, 15.919815227171144, 16.0, 16.0, 15.981316588597297, 15.89600788935078, 15.815612099487142, 15.739846285626578, 15.66844380846092], "test": [15.0, 15.0, 15.0, 15.0, 15.0, 15.0, 15.0, 15.0, 15.0, 15.0, 15.0, 15.0, 15.0, 15.0, 15.0, 15.0, 15.0, 15.0, 15.0, 15.0, 15.0, 15.0, 15.0, 15.0, 15.0, 15.0, 15.0, 15.0, 15.0, 15.0, 15.0, 15.0, 15.0, 15.0, 15.0, 15.0, 14.0, 14.0, 14.0, 14.0, 13.4, 13.0, 13.6, 12.8, 13.0, 13.6, 12.8, 12.4, 10.4, 6.8, 5.6, 9.2, 12.2, 8.8, 4.6, 5.4, 3.8, 3.5999999999999996, 3.0, 2.4, 1.0, 1.0, 1.2000000000000002, 2.0, 2.0, 2.0, 1.2000000000000002, 0.20000000000000018, 0.0, 2.4, 8.6, 9.0, 9.0, 9.0, 9.8, 10.6, 11.0, 10.6, 12.0, 11.6, 11.0, 10.4, 10.0, 10.0, 10.0, 10.0, 10.8, 11.0, 11.0, 11.0, 11.0, 11.0, 11.0, 10.4, 8.0, 7.8, 9.6, 8.8, 7.6, 9.6, 11.2, 11.6, 10.6, 11.6, 11.2, 9.6, 8.0, 7.4, 5.6, 1.6, 0.0, 0.6, 5.0, 7.0, 10.4, 11.0, 10.6, 11.2, 13.8, 15.0, 15.0, 15.0, 14.2, 14.6, 14.8, 14.0, 14.6, 13.0, 13.2, 14.0, 15.0, 15.0, 15.0, 15.0, 15.0, 15.0, 15.0, 15.0, 15.0, 15.0, 15.0, 15.0, 15.0, 15.0]}