{"day": 6, "month": 6, "station_id": 71, "predict": [32.16125454474943, 31.615684985153703, 31.19925201735966, 30.90671995559441, 29.597136817651197, 29.33033715421433, 29.367076901126108, 29.235593592140795, 29.064828856035234, 29.250997927682544, 29.124172446059646, 29.214874831249087, 29.120682651173595, 28.972841598380157, 29.56955255367273, 30.04259837776377, 29.99064288050346, 29.945867872720054, 29.907280977632517, 29.874026969510417, 29.84536881876582, 29.820671356700956, 29.799387197863172, 29.781044607995337, 32.58320370570584, 32.18799038111005, 31.843775170503203, 30.94633615842396, 30.28951522091553, 30.06778240035476, 30.47634521574392, 32.71106445707393, 32.56836633248894, 32.445165333293055, 32.738797528975695, 33.246962967012955, 33.167675941912144, 32.899222059027785, 32.50678783149408, 31.98909534206753, 32.07837461118491, 32.24033974042789, 32.20750164888628, 31.91248362372587, 31.354672633783846, 30.933539407551127, 30.71529365559279, 29.89954085661838, 33.331278332783675, 32.89511426488975, 32.652918118353064, 32.40401875401035, 32.34083818201403, 31.656243809832624, 31.54403122458673, 31.598843027680818, 31.482723206070464, 30.325016655384953, 29.855615517884566, 29.804884097740036, 30.303594076407695, 30.21620195018003, 30.007467470454074, 29.47574536775749, 29.686282784942943, 29.237854969535224, 28.52940521603166, 27.493355141690664, 25.995584792688028, 23.968748813219424, 22.412261636355257, 21.925618040175838, 22.27258576151427, 20.119974440279, 19.13984762061034, 18.66044965081681, 19.01043806641444, 18.319089193734946, 17.182903964370833, 17.532199811308168, 18.23104413443775, 20.343863428321352, 21.868727007387317, 20.40397091625062, 20.681494413459678, 21.700061546112746, 22.125273778704855, 22.75621307005109, 21.525421542539434, 22.365550626806115, 23.74267929379513, 24.056301039772276, 24.10597933606656, 24.758004628464676, 27.21205267216911, 28.001177351141028, 30.61897513622752, 30.13821104314454, 30.006901808298508, 29.890478032784586, 30.111944956147692, 32.261552120741065, 32.53081785178441, 33.04575800507746, 33.46673166268291, 33.05496892604804, 32.672450682312565, 33.315138258906224, 33.17955072502045, 33.59602120069068, 33.42863046957806, 33.341816426507485, 34.0, 34.0, 34.0, 33.96567213342171, 34.0, 33.95545586215289, 32.7247806790094, 30.0983417472083, 33.73384205879571, 33.28483064858219, 32.93840607398746, 32.71312592831383, 32.670352938370826, 32.00351915425201, 32.10677465326515, 32.04172455715614, 32.270669608712694, 32.32317849614295, 32.26267182891878, 32.01968404553914, 31.9251351488036, 31.843610925481904, 32.0399838159368, 32.04604009255276, 31.993779144570226, 31.9487174533033, 32.44319661161259, 32.609694830513064, 31.180808119209935, 31.15590072436334, 31.134424471440877, 31.382573366882152], "test": [34.0, 34.0, 34.0, 34.0, 34.0, 34.0, 34.0, 34.0, 34.0, 34.0, 34.0, 34.0, 34.0, 34.0, 34.0, 34.0, 34.0, 34.0, 34.0, 34.0, 33.8, 33.0, 33.0, 33.0, 33.0, 33.0, 33.0, 33.0, 33.0, 33.0, 33.0, 33.0, 33.0, 33.0, 33.0, 33.0, 33.0, 33.8, 34.0, 34.0, 34.0, 34.0, 34.0, 34.0, 34.0, 34.0, 34.0, 34.0, 34.0, 34.0, 34.0, 34.0, 34.0, 33.4, 33.0, 33.0, 33.0, 33.8, 34.0, 34.0, 34.0, 34.0, 33.0, 32.0, 27.2, 27.0, 26.199999999999996, 25.0, 25.0, 25.0, 25.0, 24.2, 26.0, 25.799999999999997, 25.0, 24.4, 24.0, 25.0, 24.2, 22.4, 23.4, 23.0, 25.6, 28.2, 29.0, 29.6, 29.8, 29.6, 30.4, 30.6, 30.2, 32.0, 31.6, 32.0, 32.0, 33.6, 34.0, 33.6, 33.4, 34.0, 34.0, 33.4, 32.4, 34.0, 34.0, 32.4, 32.0, 31.6, 31.2, 28.2, 28.0, 26.8, 26.0, 29.4, 33.0, 33.0, 33.0, 33.0, 33.0, 33.6, 34.0, 34.0, 34.0, 34.0, 34.0, 34.0, 34.0, 33.2, 33.0, 34.0, 34.0, 34.0, 34.0, 33.2, 33.0, 33.0, 33.0, 33.0, 33.0, 33.0, 33.0, 33.0, 33.0, 33.0]}