{"day": 5, "month": 1, "station_id": 194, "predict": [29.70363798167631, 30.365320237491964, 31.103424697761465, 31.77086673886392, 31.698817368804217, 31.820421330850866, 32.602487931358176, 33.045210623905476, 33.61545262583393, 33.846738950515686, 34.472588557776284, 35.49318099091016, 35.842023205029385, 36.11928308926016, 36.258456321591225, 36.85969988512339, 38.18983224510675, 38.31566685349229, 38.437345647833375, 38.15500587805348, 38.002113594593155, 38.11213046477747, 38.21851391757284, 38.32138395022969, 44.89817542710557, 44.582376846789025, 44.200821564317025, 44.222606927549556, 44.114707910342176, 43.87707405271101, 43.90959709706914, 43.81216225520278, 43.71799018234348, 43.02697167768051, 42.87233448005529, 42.653976522436494, 42.371799154282506, 42.29237369502002, 42.815607990300194, 42.74141297177925, 42.26970255378209, 42.333726866754816, 42.266738827394384, 43.268660712010934, 47.806084066347935, 47.545602951755534, 47.35381386094938, 46.89731563659043, 43.40211402866749, 43.36162332394858, 43.335477363478326, 43.11059096545409, 42.4847557313108, 42.9909644725767, 42.629196365638904, 42.399484266857776, 42.36853570495573, 43.46972507248855, 44.169758990028015, 43.46867612045237, 42.099847173883745, 41.66330827748903, 41.49242768284061, 40.38723913951774, 43.54777526752113, 44.974067595073706, 44.86614659516114, 44.29070838751658, 43.98111477275701, 41.80405993204367, 41.49290379230489, 40.381005390391515, 22.368300347497705, 22.119616596234575, 23.263860265658238, 21.258041753839308, 21.83429366281721, 21.65958475280366, 20.40113620315236, 17.659530575888667, 16.83533871312085, 15.729113163380116, 15.474720894199956, 16.139343722991327, 15.190145584968446, 14.360939813544034, 11.985523072077596, 11.864342599254027, 11.931163434557856, 11.719735624375204, 13.297128076034134, 12.397062393762079, 12.753246697187361, 13.232709422990958, 11.635799776960278, 11.029521503676515, 38.471410735800156, 38.15661673207154, 37.903950265213766, 36.667920881586284, 35.65190718936374, 35.25593072793425, 34.546064831469856, 35.32162135292104, 34.44858197646841, 33.392949383384796, 33.287416555565244, 33.1313665534983, 32.857538444441936, 32.66535982478412, 31.820946019981946, 30.59043264367898, 29.773308184629265, 29.902413287624796, 28.77727339419237, 27.864098075440076, 27.362447056119723, 26.938562929002497, 25.725370558697705, 25.05580984074336, 32.63720332193341, 32.14362453239324, 30.973521481673828, 31.08292248472072, 30.94232576310297, 30.551955789751485, 30.244695424179895, 30.019982243289945, 29.610582794819823, 28.9492793273901, 28.635539717670184, 28.66885085559145, 27.915384766811247, 28.10799797390478, 31.24623085863345, 39.59630704298836, 40.55779945840863, 40.13029643638751, 39.24673448648799, 38.97339776104401, 41.509917539163375, 44.45593839600392, 43.54445105665228, 43.508458600624905], "test": [28.4, 41.2, 45.6, 44.0, 44.2, 45.0, 45.4, 46.0, 46.0, 43.0, 43.8, 44.8, 45.0, 45.0, 45.8, 46.8, 46.0, 46.0, 46.0, 45.8, 45.0, 45.0, 45.0, 45.0, 45.0, 45.0, 45.0, 45.0, 46.2, 48.0, 48.0, 48.0, 48.0, 48.0, 48.0, 48.0, 48.0, 47.2, 47.0, 47.8, 47.6, 47.0, 47.0, 47.0, 46.0, 45.0, 45.0, 44.0, 43.6, 44.0, 44.0, 44.0, 44.0, 43.4, 43.0, 42.4, 41.2, 41.0, 40.8, 40.0, 41.0, 39.4, 44.0, 53.4, 53.8, 48.4, 39.2, 36.2, 35.0, 28.4, 25.2, 24.2, 21.4, 18.4, 19.0, 17.8, 26.8, 36.4, 37.8, 37.8, 39.2, 38.4, 37.8, 37.6, 37.6, 37.6, 39.4, 39.2, 38.2, 36.0, 36.0, 36.0, 36.0, 36.0, 36.0, 35.4, 32.6, 30.800000000000004, 30.800000000000004, 31.200000000000003, 34.2, 33.8, 34.0, 34.2, 35.0, 36.0, 35.4, 33.8, 34.0, 35.4, 36.6, 37.0, 36.0, 36.6, 36.4, 36.0, 35.0, 33.0, 33.0, 33.0, 33.0, 33.6, 34.0, 30.800000000000004, 30.0, 31.4, 33.2, 32.0, 32.0, 32.0, 32.0, 32.0, 34.0, 47.99999999999999, 51.00000000000001, 51.0, 51.4, 52.0, 52.0, 50.0, 51.0, 52.2, 53.0, 53.0]}