{"day": 5, "month": 7, "station_id": 374, "predict": [3.0550415854561406, 2.9471532328069574, 2.9884754935637856, 3.6187744551708354, 8.369066498534274, 8.8400651343623, 8.96611715191879, 9.214862884536727, 9.387199621519885, 9.750616313503208, 10.505865925813268, 10.786971208023909, 10.861230047996411, 11.329220383048666, 11.791471364372786, 12.715134141925063, 12.767318968364467, 12.815098651367324, 12.658845047851068, 12.565565291373789, 12.602237775233347, 12.635814578555127, 12.666557020916736, 12.894704362797366, 4.463418634189315, 5.178077841968683, 5.84536927038552, 6.2573209574028015, 5.7504668733875475, 5.529072607372016, 5.663876281248514, 6.0919561027248115, 6.350072620252926, 6.508026810080873, 6.8353514964799365, 7.134667590822958, 7.408371738488894, 7.658655508261599, 7.887522940287726, 8.096806592558716, 8.288182214332977, 8.463182163980557, 8.889874345353475, 9.902873427592665, 10.77001777154263, 10.559045478257671, 9.804269634720754, 9.639919492134826, 6.16152750869681, 6.817682008911323, 7.098896638659697, 7.14924561323712, 6.50564607618086, 6.370557079201138, 6.412786560843332, 6.6342784129939165, 7.036808266179796, 9.355332830349731, 11.524669806174453, 11.012843146546537, 11.02109393963071, 11.417223690407795, 11.335603416805494, 10.510515300387146, 13.942826958316466, 17.099998397563734, 19.31608837376106, 20.458426872341548, 19.59428709190046, 19.724223639059836, 20.44874364046992, 19.968310807578025, 22.868345266228477, 22.926967363405964, 21.66212633235157, 20.167615175785343, 18.427695128383696, 18.03887615297458, 19.599426342950004, 20.507956484191144, 21.76322133706571, 22.164084702572378, 21.70950713628713, 21.265204007818575, 25.69697130971545, 25.870678818020785, 21.785597172088732, 21.84105881851808, 22.1697861068201, 21.17121982895007, 21.111514831742156, 22.7235360011541, 23.006854586813688, 24.361078171362507, 24.652514258203098, 23.280834120158826, 8.17095953964148, 8.269159719976958, 9.680134365937661, 10.866741005373289, 11.70191988753852, 11.326090205151315, 10.279248205208827, 10.234175359958344, 10.529796516271468, 11.371221878188155, 11.429788049312105, 10.576429243326547, 11.615045282205912, 12.615866614563707, 11.915483271420545, 11.716871327046258, 11.356083746407538, 9.968939149006461, 9.357708668648332, 9.391134406541871, 7.67111296099772, 6.599377504071669, 8.110845197026325, 10.740296725695961, 4.817957864925664, 4.1749936522544555, 4.3847307685064925, 5.286918926020685, 5.947747959605146, 6.9701356125474465, 6.823887594720377, 7.578611692673578, 7.370345410619478, 9.734901407162267, 9.207885225028527, 9.19137912575842, 9.220624616710785, 9.030703669745497, 8.75655205905003, 9.266304917509467, 9.96130793786375, 10.109460970714087, 10.845227431002387, 10.236309584713695, 9.75032311488664, 10.454804360519944, 10.217216950258432, 11.104957881459145], "test": [2.2, 3.0, 3.0, 3.0, 2.0, 3.2000000000000006, 4.0, 4.0, 4.0, 4.0, 4.0, 2.999999999999999, 5.0, 5.0, 5.2, 6.0, 6.0, 6.0, 6.0, 6.0, 6.0, 5.6, 4.0, 4.0, 4.0, 4.0, 4.0, 4.4, 5.0, 5.0, 5.0, 5.0, 5.0, 5.0, 5.0, 5.0, 5.0, 5.0, 5.0, 5.0, 5.2, 6.0, 6.2, 7.0, 6.8, 6.0, 5.0, 5.799999999999999, 6.0, 6.0, 6.0, 6.2, 7.0, 10.2, 11.8, 13.8, 14.8, 16.2, 16.4, 20.8, 25.0, 26.0, 30.0, 34.0, 34.60000000000001, 35.0, 34.2, 34.0, 35.0, 34.6, 33.8, 25.2, 21.6, 20.0, 20.8, 20.2, 29.8, 35.0, 35.0, 33.0, 19.0, 15.2, 17.2, 19.2, 22.0, 23.199999999999996, 24.0, 24.8, 28.6, 26.4, 22.200000000000003, 17.2, 17.2, 14.2, 8.8, 8.0, 1.5999999999999983, 1.0000000000000004, 1.0000000000000004, 1.0000000000000004, 3.0000000000000013, 4.0, 4.0, 1.999999999999999, 1.999999999999999, 1.999999999999999, 1.999999999999999, 2.3999999999999995, 0.5999999999999999, 0.7999999999999992, 0.0, 0.5999999999999999, 0.1999999999999993, 1.7999999999999996, 1.400000000000001, 1.0000000000000004, 1.0000000000000004, 2.8, 4.0, 5.0, 6.4, 6.8, 6.0, 6.0, 6.0, 7.0, 8.0, 7.6, 5.799999999999999, 6.4, 6.2, 4.4, 5.0, 5.0, 5.2, 5.6, 5.0, 5.0, 6.0, 7.0, 7.0, 6.8, 7.6, 8.0]}