{"day": 4, "month": 2, "station_id": 71, "predict": [31.969649394166947, 31.93631751100294, 31.905456260946945, 31.877872624621553, 31.853420914431887, 31.83178838709915, 31.81265915493001, 31.79574549720573, 31.780791222139932, 31.767569432462523, 31.755879435171007, 31.74554377066282, 31.73640553496693, 31.728326001268872, 31.721182514650483, 31.714866630231352, 31.709282466906984, 31.371011918456748, 31.36664669994608, 31.362787209890538, 31.359374857575887, 31.356357840262277, 31.353690356769565, 31.351331912172057, 31.939298194246334, 31.872633802521435, 31.144244118113203, 31.08907645256715, 31.040172750758533, 30.99690750775729, 30.75864893091959, 30.59148823056006, 30.56157967719734, 30.53513613245514, 30.511756201604804, 30.55775162489629, 30.472808588455766, 30.456649633802876, 29.775696113826164, 28.3630644689204, 26.618562934338705, 24.27535529563624, 22.599958314718183, 23.192239454091702, 27.785414864775063, 26.91271427398479, 27.040712745593833, 26.835995956148977, 22.37741110102885, 22.610484229970304, 26.42824279160031, 23.90855105908127, 22.029268708049106, 16.188702836558445, 11.055750537169795, 8.899829247568947, 8.323535435596197, 11.662534269030523, 14.718896682839521, 17.694457133658226, 21.0575062796609, 20.67614825428243, 20.15165538008407, 23.685153799173293, 26.21097359972933, 26.463330348135653, 25.909671580173825, 25.350688447189494, 25.38699269085708, 25.352459100267865, 25.314233587413767, 26.27274033484044, 18.00086863031087, 20.06431704468309, 21.06626650452217, 21.244996922980054, 22.136953405165265, 22.617242076708163, 23.82781778874305, 22.97655104487515, 17.53713004912071, 17.515787071584448, 17.518047469754507, 14.482141928226838, 12.41241091396849, 12.579367948804773, 12.319755734172722, 12.03659590264637, 13.132566446659453, 13.810040799462099, 14.604455804941525, 15.31767574836549, 15.218019562680833, 16.04028494073041, 16.452436371934304, 17.722290748630066, 6.6190748249558595, 2.8380283142347706, 4.241829733024756, 5.225413689235878, 4.517288168727534, 5.9915114864553525, 10.723629319738688, 16.52198471589273, 20.19407658248999, 19.87991460439568, 19.85209696399807, 20.849224297005414, 23.409306914236954, 24.869830864126765, 27.034483346909884, 25.83987156117491, 20.75556903793766, 20.650823448027314, 21.26125979772786, 17.988912862873363, 18.035589320411752, 19.869559985014167, 20.425582512620753, 21.50492155891327, 25.035964808405335, 25.789258468832276, 26.943823735180185, 27.44833582042478, 28.237431143561555, 28.776374764818744, 29.130062084495936, 28.49681605110732, 28.541797286810812, 28.997002560756602, 28.99458231294053, 28.80015699633456, 28.87946809152122, 29.031697468698514, 29.389455005958556, 29.952100968085645, 27.919069651866536, 26.55652748561571, 26.53069878673139, 26.507859062599433, 26.48766242006783, 26.803136327114206, 28.25401031404214, 28.773378544055642], "test": [32.0, 32.0, 32.0, 32.0, 32.0, 32.0, 32.0, 32.0, 32.0, 32.0, 32.0, 32.0, 32.0, 32.0, 32.0, 32.0, 32.0, 32.0, 32.0, 32.0, 32.0, 32.0, 32.0, 32.0, 32.0, 32.0, 32.0, 32.0, 32.0, 32.0, 32.0, 31.4, 31.0, 31.0, 31.0, 31.0, 31.0, 31.0, 29.4, 29.0, 28.6, 27.0, 25.4, 25.0, 25.200000000000003, 31.6, 28.8, 24.4, 21.2, 15.2, 12.0, 20.5, 19.549999999999997, 10.8, 3.6000000000000005, 1.0000000000000002, 0.0, 0.0, 10.0, 16.0, 20.6, 20.4, 19.4, 16.8, 16.2, 16.0, 16.8, 17.0, 16.6, 16.0, 16.4, 17.0, 17.0, 17.6, 18.0, 18.0, 18.8, 17.4, 16.0, 16.0, 15.4, 15.4, 12.0, 6.4, 7.0, 7.2, 8.6, 9.0, 9.0, 9.8, 9.4, 8.8, 8.0, 8.4, 9.0, 8.2, 8.2, 10.2, 11.4, 12.600000000000001, 14.4, 15.4, 21.2, 28.8, 32.8, 30.0, 28.0, 28.2, 28.8, 22.2, 15.4, 19.0, 21.2, 21.8, 22.6, 22.0, 23.0, 22.2, 22.6, 24.0, 26.6, 27.6, 30.4, 31.0, 31.0, 31.0, 31.0, 31.0, 31.0, 31.2, 31.0, 23.4, 25.0, 25.0, 25.0, 25.0, 25.0, 25.0, 25.799999999999997, 26.0, 27.6, 28.0, 28.0, 28.0]}