{"day": 2, "month": 8, "station_id": 116, "predict": [21.0, 20.92807934541198, 20.76817104173986, 20.622271421280036, 20.490136011857004, 20.37067006043437, 20.26270135294573, 20.165132316056138, 20.076963105740763, 19.997288530514105, 19.475290259107798, 19.610228729655216, 19.551435618734327, 19.698306990002905, 19.700297093308503, 19.656912759214094, 19.617708333166984, 19.582281097652057, 19.550267135383866, 19.521337591059837, 19.495195293277874, 19.471571701918602, 19.45022414963516, 19.43093334911446, 20.86679148397899, 20.718522249854917, 20.57868995176158, 20.45109767236853, 20.23553318044782, 19.731040781032604, 19.63659687709549, 19.55124294120936, 19.474105718133597, 19.404394555900435, 19.141394613217795, 18.73445980379885, 18.4830062279949, 18.23650619659508, 18.144482821555627, 18.006505125730275, 17.872183623028583, 17.44116632400467, 17.313135125980157, 16.737802550694287, 15.364908796026613, 14.844219071556486, 14.825521190633784, 13.6586233942661, 19.539729604380124, 15.88809011179676, 12.826628513348455, 10.5594687979717, 7.843528382660545, 5.726251877173775, 4.95348073616013, 4.621066411936354, 6.3251754599177215, 5.062323598143413, 4.1793558039816565, 3.173417681928867, 2.5419273380501806, 2.2825494739077645, 2.1931718571722976, 3.1218840192874264, 5.316957983678424, 5.67683083394395, 5.050088946984532, 4.535453732178681, 3.6817687327769146, 3.187987959398083, 1.9531653379362044, 1.6764451654270593, 15.15445893377148, 15.51548039899805, 14.221155355227797, 13.169945250909622, 12.41363682382792, 10.245494595252934, 9.607752126410068, 8.943035163840946, 8.044588275160576, 8.306269570956925, 7.87250413472487, 6.688233493763141, 7.548868135675633, 6.50024410303566, 6.5385835485651835, 6.610458935189842, 6.462760553213479, 7.14266704904902, 6.34761868665236, 5.325293088341598, 4.77358322510972, 6.09057744784358, 5.874541370201291, 5.273901431448183, 12.521274503799999, 11.217599641952916, 10.934315373239897, 10.165595923306666, 11.005822439256207, 10.849811820399832, 10.842826369263568, 10.330543871986444, 11.159022783242756, 13.274669015156062, 14.77420536937848, 16.554643608984183, 16.263258982107338, 18.647566989839646, 19.505302202193462, 18.38439894187296, 17.682973671224673, 15.749308932203347, 16.73183870241935, 17.179135042406262, 18.239895920256217, 17.512934109809397, 16.747167067737966, 18.391607703210926, 21.0, 21.0, 21.0, 21.0, 21.0, 21.0, 21.0, 21.0, 20.745813188492836, 20.05865998857121, 20.78408253841867, 20.82092776647495, 19.16814831468186, 19.724792855978826, 19.78999729126096, 19.912976751774735, 19.943018334468228, 18.929474503373445, 19.121757096009947, 19.669331879346636, 19.92171360493445, 19.378461517440826, 19.389175275012906, 19.153491243708455], "test": [20.8, 21.0, 21.0, 20.8, 21.0, 21.0, 21.0, 21.0, 21.0, 21.0, 21.0, 21.0, 21.0, 21.0, 21.0, 21.0, 21.0, 21.0, 21.0, 21.0, 21.0, 21.0, 21.0, 21.0, 21.0, 21.0, 21.0, 21.0, 21.0, 20.0, 20.0, 20.0, 20.0, 20.0, 20.0, 20.0, 20.0, 20.0, 20.0, 20.0, 20.0, 20.0, 20.0, 20.0, 20.0, 20.0, 20.8, 21.0, 20.8, 20.0, 20.0, 20.0, 6.28, 4.8, 4.439999999999999, 4.4799999999999995, 6.04, 5.28, 4.92, 4.239999999999999, 4.08, 4.04, 4.16, 5.2, 7.04, 19.0, 17.8, 16.0, 15.0, 15.600000000000001, 15.0, 15.600000000000001, 16.2, 16.0, 15.0, 15.400000000000002, 16.0, 15.2, 13.600000000000001, 13.0, 12.0, 10.4, 11.0, 12.6, 15.0, 15.2, 14.999999999999998, 16.0, 15.8, 15.400000000000002, 15.2, 15.0, 13.600000000000001, 14.6, 15.199999999999998, 13.8, 7.0, 7.800000000000001, 10.6, 11.2, 12.4, 13.8, 18.799999999999997, 19.0, 19.399999999999995, 21.0, 19.6, 20.6, 13.0, 8.6, 11.400000000000002, 18.2, 20.8, 21.0, 20.4, 20.6, 20.8, 18.8, 19.2, 20.8, 21.0, 20.8, 20.0, 21.0, 21.0, 21.0, 21.0, 21.0, 21.0, 21.0, 21.0, 21.0, 21.0, 21.0, 21.0, 21.0, 21.0, 21.0, 21.0, 21.0, 21.0, 21.0, 21.0, 21.0]}