{"day": 5, "month": 12, "station_id": 107, "predict": [0.6249049543483765, 0.7821255968143503, 0.8973465874831821, 1.061881761737098, 1.073924086421778, 0.933131192172596, 0.939471952083959, 1.1929807841793572, 1.1937053246132168, 1.241695294088584, 1.3870001393561449, 1.529668543814402, 1.669748336045167, 1.5572864828885014, 1.5423291002990835, 1.174921467766774, 1.2051080432767702, 1.3329324781690077, 1.4584376317643066, 1.5816655857328876, 1.7026576582038266, 1.7214544176188573, 1.6880956963348859, 1.8026206039797033, 1.1010066636082683, 1.221607165339238, 1.3445511114778785, 1.4662094443247176, 1.885844364162993, 2.453331299259901, 2.5686752813785576, 2.6819082810045725, 2.6430674217418293, 2.1521903655060703, 2.2593143429618823, 2.3644759576738417, 2.4677111543374086, 2.569055221664934, 2.668542802452669, 2.766207904999143, 2.8620839146404276, 2.9562036051433105, 3.0485991499044567, 3.1393021329475426, 3.228343559719591, 3.3157538676896783, 3.3515629367535182, 3.485800099447448, 8.089667934235717, 7.98769026802591, 7.987469087332921, 8.087614237872499, 8.237832876823463, 8.238063371474047, 8.588292805388038, 8.788518525651918, 9.338740040625947, 9.888957312766895, 9.13917039893845, 8.189379374646593, 7.289584318099554, 7.339785306872787, 9.849982417229448, 8.290175723999985, 12.060365300579047, 12.830551218946745, 12.410733549694557, 12.590912362051865, 12.941087723912155, 12.671259701858808, 10.24142836119034, 11.491593765945236, 13.634152777930431, 15.6139344231133, 14.63286265375222, 15.809878773780264, 15.738813480859516, 15.618436679546575, 16.44849852849241, 16.678943816740226, 16.309756061158403, 16.440926566898113, 16.62244828577333, 17.40431459562075, 17.586519056222937, 16.81905535905688, 17.001917315539558, 16.88509885294611, 16.568594011883185, 16.20239694410294, 15.986501910416035, 15.920903278655125, 15.30559552167859, 15.240573215411953, 15.075831036925946, 14.861363762550369, 17.09398507330632, 16.897960242402096, 17.29486037242621, 16.691206262680815, 16.1882758504955, 15.78630668417988, 15.385330106815163, 15.385336835521118, 15.886309822991427, 16.588230774703312, 16.991081436896582, 17.74484384666149, 17.59950037611326, 17.30503373579859, 17.46142697011345, 17.168663451236686, 17.57672687286888, 17.985601244030242, 17.745270882966157, 16.95572041116816, 17.166934747509984, 16.87889910249699, 16.99159897262673, 16.905020134858546, 14.633645422270847, 14.93332539523423, 15.155873069664914, 15.222730285113393, 15.238204334906815, 15.003164234272045, 15.017788988007286, 15.032119054196434, 14.996167001590274, 15.059939715633906, 15.323442855987985, 15.33668175263687, 15.099661587337984, 15.112387431637092, 15.024864256071027, 14.737096933558075, 14.499090241591855, 14.260848864165554, 14.072377393612957, 13.78368033240432, 13.244762094905289, 12.855627009101045, 12.766279318286593, 12.576723182723995], "test": [2.1999999999999997, 1.9999999999999996, 1.9999999999999996, 1.9999999999999996, 2.000000000000001, 1.9999999999999996, 2.000000000000001, 2.000000000000001, 1.9999999999999996, 1.9999999999999996, 1.9999999999999996, 1.9999999999999996, 1.9999999999999996, 2.000000000000001, 1.9999999999999996, 1.6000000000000003, 1.9999999999999996, 1.9999999999999996, 1.2, 0.9999999999999998, 0.9999999999999998, 0.9999999999999998, 0.9999999999999998, 0.9999999999999998, 0.9999999999999998, 0.9999999999999998, 0.9999999999999998, 0.9999999999999998, 0.9999999999999998, 0.9999999999999998, 0.9999999999999998, 0.9999999999999998, 0.9999999999999998, 0.6000000000000005, 0.0, 0.0, 0.0, 0.0, 0.0, 0.0, 0.0, 0.0, 0.7999999999999996, 7.6, 8.0, 8.0, 8.0, 8.0, 8.0, 8.0, 8.0, 8.0, 9.0, 9.0, 9.4, 10.0, 10.0, 10.0, 10.0, 10.0, 9.2, 9.2, 11.2, 12.0, 12.0, 12.0, 12.0, 12.0, 13.0, 13.0, 13.0, 13.0, 13.0, 13.0, 13.0, 13.599999999999998, 14.0, 14.0, 14.6, 15.0, 15.600000000000001, 15.2, 14.399999999999999, 14.0, 14.0, 14.0, 14.6, 15.0, 15.0, 15.0, 15.0, 15.600000000000001, 16.4, 17.0, 17.0, 17.0, 17.4, 17.0, 15.0, 15.0, 15.0, 15.0, 15.2, 15.8, 15.0, 15.0, 15.0, 14.6, 14.0, 14.0, 14.0, 13.0, 13.0, 13.0, 13.0, 13.0, 12.2, 12.0, 13.2, 14.0, 14.8, 15.0, 15.0, 15.8, 16.0, 16.0, 16.0, 16.0, 16.0, 16.0, 16.0, 15.8, 15.0, 15.0, 15.0, 15.0, 15.0, 15.0, 15.0, 15.0, 15.0, 15.0, 15.0, 15.0]}