{"day": 4, "month": 10, "station_id": 73, "predict": [30.00277285646438, 30.016863298856602, 30.025188859633694, 29.833752357876524, 29.776599005536728, 30.053798609312615, 29.398676654801747, 28.94454949414861, 28.891399326582377, 28.905875202588575, 29.787959807365088, 34.27096946996614, 35.02155415946793, 34.9730308129811, 34.92538333023701, 34.8785959015822, 34.83265300273304, 34.787539389624776, 34.54324009335344, 34.36640708187583, 34.59035925513235, 34.94841577359132, 34.90722938687966, 34.86678642916519, 33.978545842173986, 33.95485197840891, 33.93126951129887, 33.90807992235768, 33.885310804395516, 34.66295871631002, 36.84101653322938, 36.8194768010843, 36.79833214608251, 36.77757532275285, 36.757199217669125, 36.73719684777405, 36.71756135807964, 36.29828601932943, 35.81269755902698, 34.72745615917223, 33.242555454039156, 32.224655861327484, 31.340417913354504, 30.989835588286027, 31.639569641406077, 32.42294760309093, 31.806630443487098, 30.723945903892396, 31.663678530587827, 30.653806489859036, 30.218845603109273, 29.38137967838597, 29.544204491359604, 27.307656581660282, 21.13843369807378, 14.836529152999244, 12.268598422932346, 9.301296613059453, 9.001278967305472, 9.168534261699612, 7.8030514752035245, 6.504819786988612, 8.207161906249937, 8.910067401978916, 9.146859366121038, 9.984194410129048, 10.822062661578592, 11.127121094178698, 11.76602685784268, 12.072103942151628, 12.112009839876183, 11.81906887722211, 9.995995486348185, 10.141884910790816, 9.28968252888438, 8.704155121621671, 8.318393562307367, 8.799037398012002, 9.679420749285063, 10.559547949983095, 11.50609038255843, 11.185719401535387, 11.265106281688084, 10.744255546060081, 9.889838300002486, 10.568525565968173, 11.51365495171206, 12.99189731847576, 13.136590115812194, 12.681070716382592, 13.2253430840595, 13.702744442002968, 12.579945274043745, 12.32361599270728, 12.267093607212406, 12.477048391445091, 17.515023241170763, 17.620604962228175, 17.393192993531443, 16.43402838202513, 16.14324346647158, 16.187493786166137, 15.900083444328391, 15.480981381341591, 15.396823478654216, 14.714246155768821, 14.833219728385236, 17.22038173569773, 18.875703597192885, 20.865823935786942, 23.19071523442136, 23.183683826172267, 23.378036551211153, 24.640414080614423, 24.504124240351768, 23.76914200211669, 23.63544280766266, 23.169669226641464, 22.83846428127412, 23.575138104517773, 22.552603573686703, 22.813831279137258, 22.756923478704408, 21.902915894258516, 22.050174932016954, 22.59846902050969, 22.014417859617225, 21.4313323951585, 22.64919377891054, 23.467983930541557, 23.887685167573657, 24.108280151094263, 23.66308520641076, 23.28541698261332, 22.44192577964057, 21.799262208890088, 22.95741052062284, 23.31635526481541, 23.742747952123104, 23.836573714951584, 23.86448463530165, 23.69313307271851, 23.189171659010118, 22.552586626399393], "test": [30.0, 30.0, 30.0, 30.6, 31.0, 31.0, 31.0, 31.0, 31.4, 33.0, 34.0, 34.0, 33.2, 33.0, 33.0, 33.4, 34.0, 34.0, 34.0, 34.0, 34.0, 34.0, 34.0, 34.0, 34.0, 34.0, 34.0, 34.0, 34.0, 34.0, 34.0, 34.0, 34.0, 34.0, 34.0, 34.0, 34.0, 33.4, 33.0, 32.2, 32.0, 33.8, 34.4, 33.6, 33.2, 33.0, 31.0, 31.8, 32.0, 32.4, 30.4, 25.199999999999996, 23.4, 19.4, 15.8, 14.599999999999998, 14.4, 13.4, 14.0, 11.0, 11.2, 11.0, 10.2, 10.0, 10.2, 11.8, 12.0, 11.2, 11.0, 10.4, 10.0, 9.600000000000001, 8.6, 9.8, 11.600000000000001, 11.8, 15.0, 15.2, 15.8, 14.8, 14.0, 14.8, 15.4, 16.0, 17.0, 17.4, 19.4, 19.6, 20.2, 20.6, 19.4, 19.0, 19.8, 18.4, 18.0, 18.2, 22.2, 22.8, 22.4, 25.6, 28.2, 26.599999999999998, 26.0, 27.0, 27.8, 28.4, 28.0, 28.599999999999998, 28.8, 30.4, 30.0, 32.6, 32.2, 30.2, 28.599999999999998, 25.8, 23.6, 23.200000000000003, 23.6, 23.4, 23.0, 25.0, 25.4, 25.0, 24.4, 24.0, 24.2, 24.0, 24.0, 25.0, 25.0, 23.6, 23.8, 23.8, 23.6, 23.0, 24.8, 25.0, 25.6, 26.0, 26.599999999999998, 27.6, 28.0, 28.0]}