{"day": 0, "month": 12, "station_id": 579, "predict": [23.238168738558855, 23.464368097579907, 23.68503662635349, 23.90015893716534, 24.109878210999458, 24.314330056032823, 24.513646774400556, 24.70795734275032, 24.89738749834344, 25.082059820352374, 25.26209380918266, 25.43760596380091, 25.60870985712063, 25.775516209494597, 25.938132960361372, 26.096665338092297, 26.251215928084157, 26.40188473914163, 26.54876926819239, 26.691964563376846, 26.831563285553198, 26.9676557682578, 27.10033007615945, 27.229672062045548, 23.23520732808952, 23.4586239815568, 23.726650878645902, 24.139266959781747, 24.346610330407767, 24.298811652705954, 24.495998450260224, 24.688295081534488, 25.07582282100986, 25.50869993559946, 25.737041759236742, 25.910960765612412, 25.530566639107448, 25.095966343967085, 25.057264191759202, 24.014561907159912, 22.817958692107528, 19.91755128836566, 17.363434038534713, 13.055698945550326, 13.944435730706248, 12.379731890238336, 7.231672750505199, 5.300341521800455, 24.668781157500447, 23.94971646882974, 24.58629906096309, 22.029419599978123, 20.028892907751768, 19.43456239890085, 21.096274813634054, 20.41388069513819, 18.93723428276857, 16.566193420923774, 15.050619469877024, 17.740377218819663, 17.335334801055197, 16.585363611290735, 16.79033822497409, 17.050136319625846, 16.664638598117087, 15.883728713844683, 15.45729319775718, 15.73522138718551, 15.467405356433924, 15.253739849087571, 15.49412221199431, 15.93845233087929, 26.267118370960404, 28.387696430097414, 28.616807447808505, 29.304129284331392, 32.39945387637402, 32.15257635874644, 31.513297152349693, 31.631421785271854, 31.556760762950745, 30.88912944076555, 30.428347899907326, 30.22424082642609, 29.926637393373674, 29.185371145962936, 29.400279889666265, 29.62120558117812, 29.69799422216822, 29.480495755754113, 28.868563965623345, 28.362056377737566, 28.36083416455243, 28.014762051688855, 27.373708226993003, 27.487544251923715, 28.9615837515031, 28.686735946934665, 26.767497472029497, 26.903892996323183, 27.645774090569866, 29.492999960859464, 30.945433344294855, 33.052940504954485, 31.86539114139398, 27.032658298486783, 25.5046182814852, 27.98115057228954, 29.862137747867465, 31.69746540076852, 32.787022061679906, 33.28069912397114, 33.928390770176534, 34.32999390036563, 34.485408062353294, 33.994535383702, 34.457280505470436, 34.32355051766355, 34.19325489634029, 34.06630544233653, 30.548349398322394, 30.514919882847085, 30.482016895508742, 30.44997656510636, 30.418769350636676, 30.28837373001326, 30.35876859357398, 30.32993338363757, 30.301848077095674, 30.27449317157249, 30.247849671881077, 30.221899076833154, 30.096623366391917, 29.92200498915897, 29.79802685018667, 29.62467229910742, 29.351925118571717, 29.32976951298683, 29.308190097548387, 29.287171887557214, 29.466700288013968, 29.746761083484426, 29.62734042822829, 29.50842483658476], "test": [23.0, 23.0, 23.0, 23.0, 23.0, 23.0, 23.0, 23.0, 23.0, 23.0, 23.0, 23.0, 23.0, 23.0, 23.0, 23.0, 23.0, 23.0, 23.0, 23.0, 23.0, 23.0, 23.0, 23.0, 23.0, 23.0, 23.0, 23.0, 23.0, 23.0, 23.0, 23.4, 24.0, 24.0, 24.0, 24.0, 23.6, 23.0, 23.0, 23.0, 23.0, 22.799999999999997, 22.0, 22.0, 22.0, 22.0, 22.0, 21.6, 19.2, 18.4, 17.0, 16.6, 15.600000000000001, 13.0, 11.8, 10.6, 10.0, 10.6, 10.4, 9.6, 9.0, 8.2, 8.0, 7.6, 18.0, 22.6, 22.4, 22.4, 23.0, 23.0, 23.0, 23.0, 24.2, 25.0, 24.8, 24.8, 24.4, 23.8, 23.0, 21.4, 21.2, 22.0, 22.0, 22.799999999999997, 23.0, 25.4, 28.0, 27.8, 28.4, 27.6, 27.0, 27.0, 28.0, 28.6, 29.0, 29.4, 30.0, 30.0, 30.0, 30.4, 32.0, 32.0, 32.0, 32.4, 31.4, 31.200000000000003, 32.0, 31.799999999999997, 31.0, 31.4, 32.4, 33.0, 33.0, 33.0, 33.4, 33.8, 31.799999999999997, 31.0, 29.8, 30.6, 31.0, 31.0, 31.0, 31.200000000000003, 32.8, 29.4, 31.0, 31.0, 31.0, 30.2, 29.8, 30.0, 30.0, 27.4, 24.4, 24.8, 25.0, 23.4, 25.6, 26.0, 28.0, 28.0, 24.4, 24.8]}