{"day": 3, "month": 3, "station_id": 270, "predict": [9.756362516391924, 9.634202568982362, 9.662848748780688, 9.941422905989459, 9.969734630655934, 9.99774476751885, 10.175447403272333, 10.302843907103268, 10.329937220601401, 10.356730602012211, 10.383227350328161, 10.409430744915866, 10.435344032552123, 10.460970424885193, 10.486313098185889, 10.511375193598946, 10.53615981750106, 10.960670041879021, 11.084908904708968, 11.108879410332591, 11.132584529829462, 11.156027201385253, 11.179210330655927, 11.202136791127877, 4.078054819560551, 4.172106691907977, 4.268778447751303, 4.365193495784303, 4.460740181512073, 4.555295314752101, 4.64884097567507, 4.741381858752548, 4.832927444389173, 4.873488154235613, 4.763074522848445, 4.851697019982276, 4.839366013216417, 5.176091760842171, 5.811884411267307, 6.146754003816218, 6.880710469821149, 7.263763633766315, 7.8459232144336735, 8.877198826039372, 9.80759997935859, 9.987136082838452, 10.065816443698996, 10.043650269022256, 5.761966424228212, 5.939097273196934, 6.3004437919418, 8.935920075561004, 11.314826771795556, 11.741314959078217, 12.566285411292581, 12.639941476376261, 14.712336773931113, 14.983492699727286, 15.203423636231978, 15.77214236230642, 16.189661214806684, 16.155992338784557, 16.221147742145934, 16.535139308347468, 16.747978800080908, 17.009677861014254, 16.97024801710634, 16.829700677820487, 17.138047137306994, 16.645298575569683, 16.701466059619765, 17.25656054461789, 15.254332232390528, 14.652138411410714, 15.518427183036266, 15.537621585812266, 15.706493235032848, 16.02438018088408, 15.391153792362282, 15.456796195996557, 15.621312451711319, 15.484712300330878, 15.7470063708216, 15.708205392832767, 15.518320033849575, 14.82736086615736, 14.285338360777816, 13.942262887003249, 14.548144713086565, 14.602994007163815, 14.756820838217468, 14.409635177040592, 14.511446897193835, 14.41226577595347, 14.162101495250342, 13.660963642599611, 10.544996985812682, 10.058790430292303, 9.425592427508246, 9.242138524415457, 8.957760299925448, 8.322327411897575, 6.5858209843445294, 5.098245171358055, 4.109608825041239, 2.8699216959903406, 1.0291936463664042, 1.2874344874698982, 1.7446539467680835, 1.450861661751391, 2.356067179344878, 2.260279956464834, 1.8135093608063269, 1.9157646716723193, 1.7670550808050889, 2.1173896932119276, 2.0167775279834745, 2.1652275191044095, 2.8127485162565384, 2.7593492856142885, 0.0, 0.0, 0.0, 0.0, 0.0, 0.0, 0.0, 0.0, 0.0, 0.0, 0.14133277880291045, 0.4477580494906551, 0.6031861684267505, 0.5576264768032153, 0.5610882295876912, 0.7135805953053551, 1.1651126566337437, 1.465693411162019, 1.7153317721787458, 1.8140365694597644, 2.011816550050263, 2.008680379039816, 2.3546366403302743, 2.1996938373964317], "test": [4.0, 4.0, 4.0, 4.0, 4.0, 4.0, 4.0, 4.0, 4.0, 4.0, 4.0, 4.0, 4.0, 4.0, 4.0, 4.0, 4.0, 4.0, 4.0, 4.0, 4.0, 4.0, 4.0, 4.0, 4.0, 4.0, 4.0, 4.0, 4.0, 4.0, 3.7999999999999994, 2.999999999999999, 2.999999999999999, 2.999999999999999, 2.5999999999999996, 2.0, 2.5999999999999996, 2.0, 2.2000000000000006, 1.4000000000000001, 1.7999999999999994, 2.0, 2.0, 2.2000000000000006, 2.5999999999999996, 1.1999999999999997, 0.0, 3.1999999999999997, 3.6000000000000005, 4.0, 6.2, 9.0, 9.6, 9.8, 11.2, 12.2, 13.2, 13.0, 14.0, 14.0, 14.0, 13.4, 13.8, 13.8, 13.0, 13.8, 14.0, 14.0, 14.0, 14.6, 15.0, 15.0, 13.4, 12.2, 12.8, 13.0, 12.4, 14.0, 14.0, 14.0, 14.8, 14.0, 13.6, 13.0, 11.4, 10.4, 10.0, 10.8, 11.8, 12.0, 11.4, 11.0, 10.6, 11.0, 11.6, 11.0, 11.0, 11.0, 10.4, 10.0, 9.4, 8.6, 7.000000000000001, 6.0, 6.0, 5.4, 5.4, 5.4, 5.8, 4.6, 3.6000000000000005, 2.999999999999999, 2.2000000000000006, 2.0, 0.8000000000000003, 0.0, 0.2000000000000005, 0.9999999999999991, 0.8000000000000003, 0.3999999999999993, 0.8000000000000003, 0.0, 0.5999999999999999, 0.9999999999999991, 0.9999999999999991, 1.0000000000000009, 1.1999999999999997, 2.0, 2.0, 2.0, 2.0, 2.0, 2.0, 2.0, 1.1999999999999997, 1.0000000000000009, 0.3999999999999993, 0.0, 0.0, 0.0, 0.0, 0.0, 0.0, 0.9999999999999991]}