{"day": 5, "month": 6, "station_id": 177, "predict": [16.83227317575096, 16.511798523845115, 16.336111616118114, 16.05550308523808, 15.9300526227168, 15.761646173050439, 15.950503720413895, 15.996510097700767, 15.749486198307473, 15.509244152284973, 15.275598458755995, 15.048368141570222, 14.82737707783972, 14.61245395699399, 14.40343216746593, 14.30014967150477, 15.20244888037125, 15.310176532336751, 15.123183573905314, 14.941325044271158, 14.764459962943477, 14.542451220455707, 14.175165472075529, 14.012473034433262, 21.710358026664323, 21.369548998734338, 21.02580226337139, 20.58871566187052, 19.860046594970594, 19.339965223574396, 18.978324293384176, 18.674916892316944, 18.379528671263976, 18.09194832589602, 17.81196960499932, 17.43939160112276, 17.024018695479292, 16.76566043564671, 16.514131402557762, 16.01925107817428, 15.630843716084044, 15.44873821540136, 15.572767997977117, 15.352770888849793, 14.888588999855495, 13.930068616314387, 13.627060086712294, 13.529417715298377, 22.446945433213834, 22.151263884201338, 22.25509455475764, 21.716715819380397, 22.48759699966477, 23.01784207809933, 21.857285056839554, 21.00571026621339, 19.712896583020807, 19.278626215724483, 19.0026863619815, 18.834869434571623, 18.024973001915196, 17.672799673771117, 17.228156978453278, 15.440857240826888, 14.360717462886491, 13.737559207217846, 16.07120848334553, 17.161495636909176, 18.15825524160091, 18.06132599379567, 17.520550609807508, 16.68577572570641, 15.761255262250312, 15.52849840665877, 15.300562517211974, 15.577119678854851, 15.408015416114068, 14.343132828880217, 12.982364814693836, 13.725608347525137, 13.57276325852445, 13.623731936696437, 14.028419218546503, 14.486732317516601, 14.848580762738948, 15.16387634086003, 14.932533039630835, 15.55446699296883, 16.479596427403834, 16.55784160986285, 17.1391247967583, 17.2733701843467, 17.16050386032603, 16.55045375664082, 16.093149603464816, 17.03852288433191, 21.806639891520433, 22.709240382006325, 23.07486756382483, 22.69670049753486, 21.723257842375848, 21.304151797387476, 21.539220168924984, 22.37834891681021, 22.271435833190804, 23.41838306967096, 22.21909556213326, 22.023480662202825, 21.531448016490792, 20.542909497600597, 18.707779146804498, 18.075973120168765, 17.747409636420837, 18.72200892618422, 19.099693182479594, 19.430386512447242, 18.464014890257843, 18.60050611118187, 18.539789746788934, 18.6817971012493, 14.961093263331815, 13.985354293486319, 13.954592880449542, 13.9434062543085, 13.386349999452943, 13.23025830818732, 12.97447991468617, 12.818878565552877, 12.71342354572034, 13.058105822788352, 12.852920872953494, 12.29786516232666, 12.44293542470216, 12.03812851203759, 11.933441362256216, 12.728870991114508, 12.374414489036125, 12.020069019000415, 12.215831814683247, 11.961700178685108, 11.957671480811719, 12.003743156399189, 11.649912704681268, 11.496177687197347], "test": [16.0, 16.8, 17.0, 17.0, 17.0, 17.0, 17.0, 17.2, 18.0, 18.0, 18.0, 18.0, 18.0, 18.0, 19.8, 22.0, 22.000000000000004, 22.0, 22.0, 22.0, 22.0, 22.0, 22.000000000000004, 22.000000000000004, 22.000000000000004, 22.000000000000004, 22.000000000000004, 22.000000000000004, 22.000000000000004, 22.000000000000004, 22.000000000000004, 22.000000000000004, 22.000000000000004, 22.000000000000004, 22.000000000000004, 22.000000000000004, 22.0, 22.0, 22.0, 22.0, 22.0, 21.2, 21.0, 21.0, 21.0, 21.2, 23.0, 23.0, 23.0, 23.8, 24.0, 23.4, 24.0, 24.0, 24.0, 23.6, 22.8, 22.0, 22.0, 22.2, 22.8, 20.6, 21.0, 21.0, 20.6, 19.0, 18.2, 16.6, 16.0, 16.4, 15.8, 15.0, 14.2, 14.6, 15.0, 16.6, 17.0, 19.6, 20.6, 18.8, 18.0, 18.0, 17.4, 16.4, 17.0, 17.8, 23.2, 25.0, 25.0, 22.4, 21.6, 21.6, 23.6, 23.2, 20.2, 20.8, 21.0, 21.0, 19.4, 17.8, 18.4, 19.8, 20.4, 20.2, 20.8, 19.6, 18.0, 18.0, 16.8, 16.4, 19.0, 18.8, 18.0, 18.2, 19.4, 18.6, 17.6, 18.0, 18.0, 15.4, 16.8, 16.8, 16.0, 12.0, 7.000000000000001, 7.000000000000001, 7.000000000000001, 7.000000000000001, 7.8, 9.6, 10.0, 13.0, 14.6, 15.0, 15.0, 15.0, 15.0, 15.0, 14.6, 14.000000000000002, 14.000000000000002, 12.0, 12.8, 13.0]}