{"day": 3, "month": 7, "station_id": 374, "predict": [23.278685180521045, 22.27114903803263, 20.791708042468688, 19.85130663013177, 18.986866171608057, 17.393320871330815, 12.06498843283863, 11.129859363017161, 10.516347602535895, 9.953269541611013, 9.436479311599829, 8.962171825254298, 8.526854788870544, 8.393989658983742, 8.093968043059512, 7.757423373150835, 7.448544360045681, 7.165056748244556, 6.904873237436244, 6.666078113845345, 6.446913144959965, 6.245764633783413, 6.06115153729123, 5.89171456161052, 6.781127699003549, 6.552819096382363, 6.340072025278769, 6.144652672488364, 6.032168521370776, 6.134643054539114, 5.984166222809323, 5.846259739339597, 5.719873608215892, 5.604045460326653, 4.897893309445981, 5.0006088468980145, 4.97811795460558, 5.696408397795934, 7.554857988775371, 8.41956318253888, 8.823334734822025, 9.699027056201478, 10.312867898610842, 14.531121679835863, 20.620086420539774, 26.579424270495267, 25.942158935981467, 21.70800665542312, 22.67363866954014, 21.585730868348662, 27.405993889732958, 28.836945256151644, 31.533512688589614, 26.62778602512547, 22.853125725927626, 22.209699815016222, 24.431013264916594, 23.250558963976193, 25.935150163831892, 21.818254657001926, 17.76666242091085, 18.247153205755183, 16.45983071568287, 16.20479005335792, 14.415451766716702, 16.025229169890103, 17.234195609860695, 19.50908501668857, 20.84995907476668, 21.190207685557606, 22.1298827252831, 22.335698434083074, 24.453772833377258, 24.23254411648365, 20.62908821016541, 17.504292543732657, 14.52330640947713, 13.418527356863036, 13.322485746585341, 14.301118819751458, 14.420425430598733, 12.546460210769823, 11.078662167871382, 9.749850419446185, 9.29288695821529, 8.840673077024078, 8.526146092003222, 8.215609672299468, 8.50873108691357, 8.005205347762155, 7.771419563156304, 7.740450817485739, 6.77873089436038, 6.552711161801863, 10.595527605973441, 15.44033266772983, 27.809878926334157, 31.42251863003486, 30.311066900777092, 31.83799123138949, 30.003667299608075, 27.605304841491822, 26.706638612697223, 30.638268787219452, 27.064350251623207, 22.515912233471646, 22.057508299325992, 19.953867247140302, 22.13654524875706, 22.670579189988636, 24.087807781722436, 23.38686035118949, 20.833146562766323, 17.09218032456701, 15.096237810132157, 15.444349530382835, 12.735626396384118, 10.90258638506009, 10.411148424523955, 11.99396011983365, 21.03588877649959, 16.685222768573126, 12.730493961590298, 10.649568749922478, 10.7643073221113, 10.602258843050327, 9.025353151473006, 9.62931235979568, 11.410219292454872, 10.031147164392332, 9.888798701927051, 9.046814969228391, 7.9690863064566155, 8.119731790812848, 8.096413724432184, 8.096987008415262, 7.986149941590146, 7.49542965993963, 7.556502108983053, 7.1011797836109425, 7.261400478013906, 7.235883629152452, 7.023454177404183, 6.756367207649507], "test": [23.8, 13.8, 6.0, 6.0, 6.0, 6.0, 6.8, 7.0, 7.0, 7.0, 7.0, 7.0, 7.0, 7.0, 7.0, 7.0, 7.0, 7.0, 7.0, 7.0, 7.0, 7.0, 7.0, 7.0, 7.0, 7.0, 7.0, 7.0, 7.0, 7.0, 7.0, 7.0, 7.0, 7.0, 7.0, 7.0, 7.0, 7.0, 9.8, 10.0, 10.0, 10.4, 10.6, 14.4, 18.2, 26.4, 34.6, 22.0, 19.6, 25.8, 32.4, 29.0, 34.8, 26.6, 26.2, 21.0, 16.2, 17.2, 22.6, 16.8, 18.2, 10.0, 7.6, 10.6, 17.6, 20.0, 21.6, 20.4, 22.4, 26.6, 24.8, 24.4, 26.0, 21.4, 13.6, 12.0, 13.2, 12.6, 14.0, 14.2, 13.2, 14.8, 16.2, 15.400000000000002, 15.400000000000002, 15.0, 14.8, 13.8, 14.6, 16.0, 15.0, 14.0, 10.2, 8.2, 15.0, 22.200000000000003, 22.799999999999997, 20.0, 17.4, 11.399999999999999, 5.999999999999998, 5.4, 9.2, 8.0, 3.599999999999999, 4.799999999999999, 8.0, 10.2, 3.8000000000000007, 8.4, 11.8, 21.6, 28.6, 27.4, 32.99999999999999, 31.6, 30.000000000000007, 29.799999999999997, 27.2, 23.4, 21.4, 17.8, 14.6, 12.4, 12.4, 13.0, 14.4, 14.4, 13.4, 13.6, 13.0, 11.0, 7.800000000000001, 5.6, 4.2, 5.0, 4.0, 4.6, 5.0, 2.0, 0.0, 0.0, 2.0, 2.2]}