{"day": 0, "month": 7, "station_id": 195, "predict": [27.75075207623898, 27.56649141059183, 27.013087419162034, 26.217411271593914, 25.381405022941195, 24.554874146656747, 24.187454265111693, 23.978780322219407, 23.82850062313767, 23.88627750627386, 25.401786883170928, 25.224717701516543, 25.054771421520314, 24.891661512643978, 24.735112970515075, 24.58486185326834, 24.440654836538002, 24.302248786351267, 24.019410349202865, 23.79191555861948, 23.41954945755085, 23.302105735950743, 23.189386382936895, 23.081201352943356, 26.764212093305154, 26.517608185123066, 26.279061349204085, 26.04982967740586, 25.829678609790182, 25.6182594785233, 25.41522689012021, 25.220248249243472, 25.033004076799205, 24.853187560275135, 24.530504057321224, 24.114670613497044, 23.505415498676577, 23.452477761802687, 23.905606803300188, 23.914561964450318, 23.529112133053946, 23.2490353647375, 22.824118519280994, 23.85415691137232, 23.838953975215528, 23.67832094244349, 23.472076532807264, 22.420046657135238, 22.388771924595687, 19.45176409735839, 17.52759996329187, 14.160774207006867, 9.400569832753767, 7.646689062153748, 5.448879297564967, 5.006900765778475, 4.52052339735041, 4.789526220164302, 4.763696981410467, 4.042831801967183, 3.2267348459124485, 3.9152180032016686, 3.758100584874879, 3.2552090302892216, 2.606376625901392, 2.561443235144355, 2.6702550389606117, 2.7326642865716435, 2.598529056079681, 2.8177130245139197, 3.590085246948586, 3.5155199443349647, 0.9254620682626027, 1.7021962521181717, 2.2780678253718327, 2.7029238621120646, 3.1267880989047794, 3.5496986611717203, 3.321693529816252, 3.292809291732724, 3.3630810826371818, 4.282542634917339, 4.051226332808939, 3.8191632661976245, 3.2363832823451526, 2.852915035554876, 3.8687860348527727, 4.634022689762774, 4.798650354252507, 4.262693368922596, 4.426175101509691, 5.439117985770653, 5.801543558812577, 5.513472496930789, 5.924924650014435, 6.335919074576922, 14.281995031327511, 18.2339970355307, 21.031215048512408, 21.089069734137794, 21.358514651837748, 20.539209679106108, 21.43071453820164, 21.932596308449362, 22.994438512985933, 24.965841309177847, 30.0, 30.0, 30.0, 30.0, 30.0, 30.0, 30.0, 30.0, 30.0, 30.0, 30.0, 30.0, 30.0, 30.0, 26.002543212046813, 26.294534287170556, 26.38671756967655, 26.575494756324343, 26.41066317119236, 26.392338302668403, 26.92066045604673, 26.945766995981728, 26.517789916402187, 27.0868558176718, 27.20308610481629, 27.066597198611987, 26.877500740011055, 26.885903786364914, 26.94190899960958, 26.745614826726477, 26.99711567279431, 27.096502066936036, 27.14386082145261, 27.389275184423198, 27.48282498604018, 27.124586778936123, 27.114633972749367, 26.853036963164822], "test": [27.0, 27.0, 27.0, 27.0, 27.0, 27.0, 27.0, 27.0, 27.0, 27.0, 27.0, 27.0, 27.0, 27.0, 27.0, 27.0, 27.0, 27.0, 27.0, 27.0, 27.0, 27.0, 27.0, 27.0, 27.0, 27.0, 27.0, 27.0, 27.0, 27.0, 27.0, 27.0, 26.6, 25.0, 25.0, 25.0, 25.0, 25.0, 25.0, 24.8, 24.0, 25.6, 27.0, 27.6, 27.2, 27.4, 26.8, 24.8, 25.2, 25.6, 25.8, 20.0, 16.0, 13.4, 9.6, 6.8, 1.8, 1.4, 1.6, 1.0, 0.8, 1.0, 1.0, 1.8, 1.4, 2.0, 2.0, 3.0, 3.0, 1.6, 1.0, 1.0, 1.0, 2.4, 3.7999999999999994, 5.4, 5.6, 4.6, 3.4, 4.8, 5.0, 5.4, 3.7999999999999994, 0.4000000000000001, 1.2000000000000002, 0.9999999999999998, 0.6000000000000001, 1.2000000000000002, 2.0, 1.4, 2.8, 2.8, 4.6, 4.2, 12.2, 14.599999999999998, 15.800000000000002, 17.6, 18.0, 18.0, 18.8, 22.0, 23.0, 24.6, 27.6, 28.0, 27.8, 27.8, 28.0, 26.6, 26.4, 26.8, 25.8, 27.8, 28.0, 27.4, 28.0, 27.8, 26.2, 26.0, 28.0, 28.0, 28.0, 27.0, 24.6, 24.6, 24.0, 24.0, 23.2, 23.0, 23.0, 23.0, 23.0, 23.6, 25.0, 26.0, 26.0, 26.0, 26.0, 26.0, 26.0, 26.0, 26.0, 26.0]}