{"day": 5, "month": 11, "station_id": 341, "predict": [16.30308311184813, 16.478633053273587, 16.895260370731318, 17.25129763933021, 17.35370444560333, 17.203571290716425, 17.200615570359638, 17.210920280539085, 17.03385531692621, 16.80213701464855, 16.848507837645347, 16.705738354066586, 16.506626629994955, 16.583997059922655, 17.070699113269583, 16.966272775550106, 16.803614041880323, 16.782307133057238, 17.5019567662544, 17.49552047799195, 17.56264099688768, 17.236311997088432, 16.98287723005256, 17.135363032465357, 19.035543652255992, 18.879662186340227, 18.635038644043714, 18.52539214221055, 18.355952780763076, 18.12763349033689, 17.040350524440917, 16.893800909537404, 16.75431061997396, 16.621543123795107, 16.495175237385844, 16.374898682287967, 16.26041988235974, 16.15145937591435, 16.047751163672007, 15.949042066459763, 15.855091108790896, 15.765668930967113, 16.01389056257382, 16.132881556229552, 16.189110813675306, 16.115723436311306, 16.31254026567214, 15.646057446052463, 17.577325013497102, 17.192269294777965, 16.740842893533117, 16.56290472920742, 16.39299232029114, 16.231080448673968, 16.076870961629968, 15.263349143789704, 14.790168558041813, 14.590329126882022, 12.796845865467887, 12.20941545673055, 12.027749015806418, 11.851571435605399, 11.680620737255708, 11.11464744538563, 14.020080658446945, 13.730027480497393, 12.710939146691512, 12.295943841249633, 11.018179540020553, 11.277460209800685, 11.606942029959157, 12.606456301971047, 13.58744920666548, 13.290885212021632, 12.655740621780927, 11.904691982001763, 10.160660114191192, 9.754405803708787, 8.885192313894057, 7.419384463116364, 6.490121509182032, 6.497240535472009, 7.040591619690313, 7.653366651275465, 8.068764679519308, 7.886658020438017, 11.10692521957893, 11.662784070656373, 9.754124658320581, 9.447509083792001, 7.876171204329063, 8.240016385488275, 7.805621265468187, 6.17290019759584, 4.875105037059033, 4.57882493801895, 5.022059551934075, 4.72162906172583, 6.5432620382349, 6.697401078421561, 6.653091684344808, 7.344143166583453, 6.903919040421832, 6.3323481296606685, 6.362672502807875, 5.994799836874496, 4.628641068840868, 4.397444576194332, 5.501129545105232, 6.53961915466415, 7.04617372541859, 6.620723866885565, 5.863203631874192, 5.173550345787995, 5.751704444263232, 5.9309426521658795, 6.044544503573391, 6.292458869033961, 6.474637156410145, 7.191033184963915, 16.355159597276913, 16.078114937817872, 16.041466135700993, 15.49675766869198, 15.639659252726709, 15.26842197963581, 15.115274206933051, 14.912629752468982, 14.526311507699912, 14.755524015547454, 15.93284552562088, 15.724224713144205, 15.462311899098857, 14.879790610782523, 14.642709284546342, 13.283813060967184, 11.269208991198878, 10.665031315006313, 10.470773473105053, 10.08595351705475, 9.11011291355494, 8.942815406835626, 8.783645936318361, 8.63220960686216], "test": [19.0, 19.0, 19.0, 19.0, 19.8, 20.0, 20.0, 20.0, 20.0, 20.0, 20.0, 20.0, 20.0, 20.0, 20.0, 20.0, 20.0, 20.0, 19.4, 17.0, 17.0, 18.0, 18.2, 19.0, 19.0, 19.0, 19.0, 19.0, 19.0, 19.0, 19.0, 19.0, 19.0, 19.0, 19.0, 19.0, 19.0, 19.0, 19.0, 19.0, 20.0, 20.0, 20.0, 20.0, 20.0, 20.8, 19.2, 18.6, 18.0, 18.0, 18.0, 18.0, 18.0, 18.0, 18.0, 18.0, 18.0, 18.0, 17.4, 16.0, 14.8, 14.0, 14.0, 14.0, 12.8, 11.6, 13.600000000000001, 14.0, 13.399999999999999, 12.999999999999998, 14.0, 13.600000000000001, 9.8, 6.800000000000001, 5.4, 5.0, 5.4, 4.4, 3.4000000000000004, 2.4000000000000004, 2.0, 2.8, 3.0, 3.0, 2.0, 2.0, 2.0, 2.0, 3.6, 5.0, 4.8, 0.8000000000000005, 0.0, 1.2000000000000002, 5.0, 5.0, 13.399999999999999, 16.2, 15.0, 15.0, 14.0, 14.0, 14.0, 14.2, 15.0, 15.0, 14.6, 12.999999999999998, 12.999999999999998, 13.600000000000001, 18.400000000000002, 18.399999999999995, 17.0, 17.0, 17.0, 17.0, 17.0, 16.0, 17.0, 16.8, 16.0, 16.0, 15.4, 16.2, 17.0, 16.4, 15.8, 17.0, 17.0, 15.8, 16.0, 16.0, 15.0, 15.0, 15.0, 14.4, 13.600000000000001, 9.8, 9.0, 9.0, 9.0, 9.0, 10.2, 14.0]}