{"day": 6, "month": 6, "station_id": 732, "predict": [7.095510777843032, 5.938879093684253, 7.26203912370727, 8.289067484647097, 8.34972964351393, 8.178877253113555, 9.045240317316624, 9.350827573333545, 9.964188176134389, 9.82041025525975, 9.921128326469736, 10.201198035413398, 10.528703837520656, 10.70496617168658, 10.664548144217825, 11.808595087548941, 12.00484035821959, 12.18761073674899, 12.357831456736893, 12.383030888648886, 12.86401156866314, 12.801520927994508, 12.929588409928927, 13.048862327055536, 10.13747549291387, 10.443461395539186, 10.918906868239366, 10.907364047609262, 11.144653419381264, 11.365487311829728, 11.571024512234429, 11.76232694008758, 11.940380758078055, 12.106103537656022, 12.260349264992982, 12.403912778621434, 12.537533870216075, 12.661901097442351, 12.777655332223695, 12.885393063205393, 12.985669469498555, 12.745667948218882, 12.832536110563606, 12.913388260148045, 12.92197436637282, 12.92534887804164, 12.590539388293006, 12.384548494476386, 11.503360029139552, 10.647394012165478, 10.450359116889121, 10.514935605757028, 10.575081831705557, 10.497802277881311, 10.416713163848128, 9.998740642666016, 9.577459356184786, 9.486427478092459, 9.859187894922442, 9.162602586245248, 9.730186926684189, 9.028777254522616, 10.32519837890435, 13.35293102990437, 14.178779255365377, 14.202871101452605, 13.691992580298388, 13.779588261212199, 12.865761821718062, 9.617276561149179, 7.300889212677278, 6.650017056148022, 1.0089359911749156, 0.27362318525995033, 0.2508242711024087, 0.140556536795054, 0.0, 0.06259223816114137, 1.5640966148631794, 5.249711429983299, 6.1871784188286965, 6.8441666214577195, 8.15494392790366, 8.92038166154706, 8.741292190264506, 9.418432915394638, 9.21917665754682, 10.210848457441584, 10.4607288088001, 13.102723339156247, 13.404032286725203, 13.765153120461047, 15.11988298283567, 12.735320967334022, 12.145203575182505, 10.949906695070545, 3.133055431212391, 3.9183108455909874, 4.289361501595175, 4.9585493807256915, 4.6001867540829116, 4.816803056652047, 5.210152847103918, 4.915127530007289, 5.133171127889431, 7.732296995688535, 9.313762157933796, 9.745406758250462, 8.428326298242983, 10.313543488015338, 6.21867974986254, 7.727959733583188, 10.092215531728709, 10.178890614763061, 9.922043504748347, 10.122351204930636, 10.580445734778834, 12.03025045228476, 11.605649510993393, 12.107157131626193, 11.49298552943267, 11.1867694062886, 11.44571058132094, 12.363988878397443, 11.337203633297605, 11.298831992012447, 10.382903258151707, 8.123474105886238, 7.521228910245367, 8.910140511911006, 9.62413878227953, 9.730446706252645, 9.162916409065117, 9.588698351874068, 9.408243692346115, 9.955306486298554, 11.230279074190396, 11.900193995778832, 12.032059108946621, 11.826192588079763, 12.28289114345432, 12.935764802542998, 13.251738260307915, 13.29771880506895], "test": [0.0, 3.000000000000001, 7.0, 7.0, 7.0, 7.0, 7.0, 7.0, 7.800000000000001, 8.2, 7.4, 7.0, 7.0, 7.0, 7.0, 7.0, 7.0, 7.0, 7.0, 7.0, 7.0, 7.4, 9.0, 10.0, 10.0, 10.0, 10.0, 10.0, 10.0, 10.0, 10.0, 10.0, 10.0, 10.0, 10.0, 10.0, 10.0, 10.0, 10.0, 10.0, 10.0, 10.0, 10.0, 10.8, 11.8, 12.0, 12.0, 12.0, 12.0, 12.0, 12.0, 12.2, 13.0, 13.0, 12.0, 9.2, 9.0, 8.6, 8.6, 9.6, 9.6, 8.6, 6.0, 5.6, 5.0, 5.4, 5.0, 7.6, 8.0, 7.0, 2.0, 1.6, 3.0, 0.19999999999999987, 0.0, 1.0, 1.6, 3.2, 0.6000000000000002, 1.2000000000000004, 0.20000000000000046, 1.3999999999999997, 1.8000000000000007, 0.0, 3.3999999999999995, 3.3999999999999995, 3.6, 5.6, 5.2, 4.6, 3.000000000000001, 2.0, 1.3999999999999997, 1.6000000000000014, 1.3999999999999997, 4.0, 4.0, 5.800000000000001, 9.0, 10.8, 12.8, 12.0, 15.2, 16.8, 17.2, 15.0, 16.8, 18.6, 19.0, 18.8, 16.6, 17.0, 16.4, 16.4, 15.2, 14.6, 14.8, 14.4, 13.0, 10.6, 13.2, 14.8, 16.0, 17.2, 17.0, 17.2, 18.2, 18.0, 17.8, 18.0, 18.0, 19.0, 19.0, 19.0, 18.4, 16.0, 16.4, 16.6, 18.0, 16.2, 17.2, 19.0, 19.0, 19.0]}