{"day": 1, "month": 7, "station_id": 95, "predict": [14.862947238294854, 14.940548830958992, 14.881566894817123, 14.23457002072728, 13.94824486355945, 13.671417868225872, 13.55304404048803, 13.49219329807157, 13.438037886423617, 13.389841126822706, 13.696947396268389, 13.808773209123393, 13.774799279942128, 13.744563459605507, 13.717654448682726, 13.69370620250383, 13.672392951835093, 13.653424771423252, 13.636543636127273, 13.521519910988971, 13.35814922749679, 13.346249703550344, 13.335659469308776, 13.326234465266932, 14.831017358566099, 14.910405274403047, 14.756094696989955, 14.618415869886205, 14.695797879422155, 14.836619590892402, 14.589411075122062, 14.452860400174371, 14.375799096206558, 14.307186758860574, 14.246097047882426, 14.191705185915069, 14.143276823751421, 13.900158125899116, 12.711766943100296, 12.177584952685365, 11.597150660654064, 10.770053171005193, 9.095926638194257, 8.674445327821235, 10.05531921886235, 9.088290088071213, 7.773128023684518, 6.359628321363481, 12.717869463129295, 11.099166901178599, 10.09547603962934, 8.956118005655986, 6.6949037043825435, 5.885644725291841, 5.912741116794737, 4.821188133309709, 4.216520363559159, 3.49475449162758, 3.5523373543818773, 3.0860995024783575, 2.893213763786907, 2.1711582801501805, 2.217683535722622, 2.030782945987112, 2.908666622941038, 3.0497379734508954, 3.5525728248141366, 4.615900804608305, 4.938588731380869, 6.269625799023577, 7.408110361126501, 7.103238142525596, 7.376672729551559, 6.549651137530722, 8.15217883704021, 7.126692399204386, 6.430323895283476, 6.2600384299214875, 5.863078578962319, 6.236974808778989, 6.079518703433698, 6.088735661054506, 6.462860167496626, 6.200313659005909, 6.84968472627965, 6.4097114144693235, 6.179265397416388, 6.0573378276796594, 4.893026684906399, 4.935525463887237, 4.934113060435603, 5.888144728253706, 6.497043993378058, 6.510295424806252, 5.677438170643697, 5.048060178709313, 13.481051375024325, 13.333366226896954, 13.153556580100268, 11.897725290053332, 11.959475677530197, 11.481947766370563, 12.108883453447147, 13.4346606831268, 13.054236896870304, 11.913090066179794, 12.707165032064099, 13.08282531070811, 13.736809867973701, 13.516194356065801, 13.31835635226653, 12.790944186599692, 13.73184898789089, 14.48917961593967, 14.311240181826324, 14.146509889140654, 14.143624956508564, 14.301362406532244, 14.118625528445605, 14.0444308416818, 14.40068746100494, 13.895570908956891, 13.550303823876067, 13.920074163726838, 13.903906330687475, 13.900342629611044, 13.608021885632224, 13.675724222713713, 13.3523615248809, 13.18696374034909, 13.478666127375966, 13.476697827572178, 13.030371673785329, 12.789075103900627, 12.402262061054799, 12.919445773228666, 12.640192316751358, 13.06411487860834, 12.990868641684825, 12.670146225313236, 12.65167362083577, 12.985206568438889, 12.970527327351235, 12.7074417966979], "test": [15.0, 15.0, 15.0, 15.0, 15.0, 15.0, 15.0, 15.0, 15.0, 15.0, 15.0, 15.0, 15.0, 15.0, 15.0, 15.0, 15.0, 15.0, 15.0, 15.0, 15.0, 15.0, 15.0, 15.0, 15.0, 15.0, 15.0, 15.0, 15.0, 15.0, 15.0, 15.0, 15.0, 15.0, 15.0, 15.0, 15.0, 14.8, 14.2, 15.0, 15.0, 14.8, 12.2, 11.8, 12.6, 15.0, 14.8, 13.2, 15.0, 7.4, 13.6, 11.8, 12.8, 12.8, 5.08, 4.5200000000000005, 4.36, 3.9199999999999995, 4.04, 3.7600000000000007, 4.000000000000001, 3.5999999999999996, 3.5999999999999996, 3.3599999999999994, 4.120000000000001, 4.04, 9.6, 10.0, 10.4, 10.0, 10.0, 10.2, 10.0, 8.6, 7.4, 6.6, 6.0, 6.0, 7.4, 8.0, 8.8, 9.2, 8.4, 8.0, 7.2, 7.0, 8.2, 11.2, 11.0, 11.0, 11.0, 11.0, 10.6, 12.8, 13.0, 13.4, 13.0, 5.0, 1.4, 3.6, 3.0, 1.7999999999999998, 0.39999999999999925, 3.2000000000000006, 2.4000000000000004, 4.8, 6.4, 7.0, 5.4, 8.2, 11.4, 12.6, 14.2, 13.6, 13.4, 14.8, 15.0, 14.6, 14.4, 15.0, 15.0, 15.0, 15.0, 15.0, 13.6, 14.8, 15.0, 15.0, 15.0, 15.0, 15.0, 15.0, 15.0, 15.0, 15.0, 15.0, 15.0, 15.0, 15.0, 15.0, 15.0, 15.0, 15.0, 15.0]}