{"day": 3, "month": 3, "station_id": 116, "predict": [20.39017054350617, 20.359477341402506, 20.329172374071053, 20.3001487807854, 20.27253260786801, 20.296292894332144, 20.471368799073666, 20.447695978392108, 20.425211951843522, 20.403857091418256, 20.383574704176574, 20.36431093197075, 20.346014618908733, 20.328637177693437, 20.312132461051466, 20.296456639280247, 20.281568083874326, 20.267427256981396, 20.25399660640696, 20.2412404658914, 20.229124960395165, 20.217617916140647, 20.206688775171948, 20.196308514205555, 20.960309959999574, 20.914310936678483, 20.868884359762237, 20.82537447990446, 20.78397225384256, 20.744631961576857, 20.707262682760277, 20.671768126792756, 20.638054758070723, 20.6060333006925, 20.575618868294878, 20.5467308156237, 20.519292540719118, 20.49323128514188, 20.468477941739565, 20.44496687154026, 20.222635729726974, 20.101425300322937, 19.88127933916862, 19.862144424778187, 19.69396981668058, 19.57670732086995, 19.560311162008556, 18.69473786204329, 18.174934428186322, 17.749523921797188, 16.88697060020545, 15.329452701301303, 12.975216321302819, 10.473782818666976, 7.874945932983992, 6.078561706670435, 4.734504270828428, 3.6926563423789225, 3.552906995319108, 4.865150965762561, 7.179288289308019, 7.745224018823923, 7.962867969403603, 8.082134478833552, 8.002942180643226, 7.775213788654879, 7.748875892362534, 7.523858762577283, 7.450096166819984, 7.4775251939717045, 8.006086087717437, 7.735722088342164, 16.099626412396262, 15.451540854883762, 15.264424751224167, 15.206777572323844, 11.70096397922899, 11.914565440680018, 16.35633276158782, 16.225306181116146, 16.060622724463737, 16.561472732314964, 17.127088835228776, 17.00674204526593, 16.449739466460837, 16.455422427639775, 17.223164774508795, 16.902371260601345, 16.04247602080608, 14.892941120925858, 14.303255178978503, 13.9229320545818, 14.451509603036921, 14.638548490911266, 14.133631070083911, 13.68636030736788, 7.6770536228410045, 7.571032502730885, 7.552274527831816, 7.2755914256007985, 7.292317315544244, 7.302997173909905, 7.807987251227204, 7.957589661672662, 8.952083024023683, 9.24172988256632, 8.676778918133689, 10.407465968451955, 11.83401475583686, 12.35663752395911, 13.125535629992562, 14.09090010372467, 14.302912177396305, 15.01174378823445, 14.86755805518155, 15.820509731167805, 16.170745632185948, 16.518405044359426, 16.763620110132823, 17.756516194655468, 15.119375701270487, 15.62101886254609, 15.889263259824489, 16.16496391616934, 16.685247237155366, 16.997591735499824, 17.20177766320428, 15.948083465732035, 15.986882425079664, 16.318553111293323, 16.443460130379254, 16.56195058715374, 16.624354030650007, 16.68098314222169, 16.732134554145734, 16.978089663347646, 16.969115411657356, 16.65546502784999, 16.98737873198551, 17.065084403659263, 17.13879821594446, 17.208725236772764, 17.27505999942217, 17.337987043698178], "test": [21.0, 21.0, 21.0, 21.0, 21.0, 21.0, 21.0, 21.0, 21.0, 21.0, 21.0, 21.0, 21.0, 21.0, 21.0, 21.0, 21.0, 21.0, 21.0, 21.0, 21.0, 21.0, 21.0, 21.0, 21.0, 21.0, 21.0, 21.0, 21.0, 21.0, 21.0, 21.0, 21.0, 21.0, 21.0, 21.0, 21.0, 21.0, 21.0, 21.0, 21.0, 21.0, 21.0, 21.0, 21.0, 21.0, 21.0, 19.8, 18.0, 16.8, 15.2, 14.6, 10.8, 8.4, 7.6, 15.600000000000001, 17.2, 16.0, 16.0, 16.4, 17.0, 17.0, 17.0, 17.0, 17.0, 18.0, 18.0, 18.199999999999996, 18.999999999999996, 19.0, 19.000000000000004, 17.2, 17.4, 17.2, 16.4, 16.0, 16.0, 16.2, 18.4, 18.0, 13.600000000000001, 10.0, 10.0, 11.8, 11.2, 10.2, 10.0, 10.0, 9.6, 8.8, 9.0, 8.4, 8.0, 8.0, 8.0, 8.0, 8.2, 8.6, 8.4, 9.0, 9.0, 9.0, 9.8, 11.8, 12.0, 12.2, 13.2, 14.0, 14.0, 13.400000000000002, 13.600000000000001, 14.0, 14.8, 16.0, 16.0, 16.0, 16.0, 16.0, 15.8, 15.0, 16.8, 15.8, 15.0, 15.0, 15.0, 15.0, 15.0, 17.0, 17.0, 16.8, 16.0, 16.0, 16.0, 16.0, 16.0, 16.0, 16.0, 16.0, 16.0, 16.0, 16.0, 16.0, 16.6, 18.4]}