{"day": 4, "month": 7, "station_id": 107, "predict": [17.732870641086073, 17.81845390166892, 17.772081475533636, 17.73034634306726, 17.359950825692717, 17.06070952949981, 16.765762787918398, 16.67492484029479, 16.588017885498584, 16.5048718110651, 16.425323865709537, 16.082551674479827, 15.276406267332208, 15.206745120870437, 15.473431879368595, 15.40966942119977, 15.348666270148335, 15.023636351105933, 14.567798756339698, 14.514377521875142, 14.72993474688937, 14.74770372236253, 14.700922068586792, 14.656164881149614, 18.79208968678558, 18.364382366681433, 18.015595736448745, 17.67620711470458, 17.745647672741725, 17.55686105499868, 17.376151981278962, 17.06984144918597, 16.704265302808455, 16.545773544951192, 16.460729727579103, 16.71551037183039, 16.709837746427855, 17.243446003184523, 17.049414001903543, 16.52749815703219, 16.010798638472416, 17.29909225899028, 18.525498714038218, 19.35648017317363, 20.0, 20.0, 19.941625285580383, 20.0, 20.0, 19.439905085245, 19.18400686819995, 19.66399954733375, 19.012945735355125, 17.49740302220454, 18.98394438941366, 19.272480915037114, 17.629594190318304, 16.988536104617594, 15.749228686917894, 14.444930624147121, 13.80890378606869, 14.307746422901179, 14.208059702059249, 12.976447583767847, 12.346183368646786, 12.717209583706113, 12.822804539869239, 14.129582227483105, 13.304158882950336, 12.279819559626793, 11.923184702802532, 15.950876728592219, 15.176319256409629, 15.243269611625482, 14.328917353505897, 16.286894763480703, 17.64958487938264, 16.883411040117277, 16.05484554386915, 16.097037931428627, 15.476479101375109, 15.19300084412012, 15.113108843517587, 13.703315699327156, 12.363473963414267, 12.360109188737216, 12.359752990551165, 12.962276119302931, 12.90088821138103, 13.642137550573594, 14.31924417310743, 14.532099649161413, 14.480600207099435, 14.564646533353049, 13.917476914234598, 13.072333719311423, 13.134130402795998, 13.430519996020662, 13.189577776227582, 12.683415078421426, 12.578926519007487, 12.409389687270211, 13.108069501782893, 13.408232982596127, 12.976483276762309, 12.546092915053071, 12.917003697993545, 13.422493251209373, 13.129174918750369, 11.97033099430804, 11.479245956804775, 11.122539710167864, 12.366834160442528, 12.745419796739132, 13.191588942517122, 14.371969010381786, 18.486522426910273, 17.88521322736271, 17.85134032014079, 17.284870754195147, 17.299674773938445, 17.146043864472613, 17.259954161985892, 17.22402448105443, 12.721542779958874, 16.9525019135824, 13.183563773430212, 13.381390574707195, 13.445978065196499, 13.377322177029768, 13.175419018354722, 13.373598199032982, 13.305189490020659, 13.436856149731945, 13.101928250704294, 13.567069339885451, 13.432276432529804, 13.164213339692166, 12.696210662640848, 13.02826578751247, 12.89370954686467, 16.359206214783423, 16.40808683553536, 16.507015885755948], "test": [19.0, 19.0, 19.0, 19.0, 19.0, 19.0, 19.0, 19.0, 19.0, 19.0, 19.0, 19.8, 20.0, 20.0, 20.0, 20.0, 20.0, 20.0, 20.0, 20.0, 20.0, 20.0, 20.0, 19.2, 19.0, 19.0, 19.0, 19.0, 19.0, 19.0, 19.0, 19.0, 19.0, 19.0, 19.0, 19.0, 19.4, 20.0, 20.0, 20.0, 20.0, 20.0, 19.8, 18.6, 20.0, 19.6, 20.0, 20.0, 20.0, 19.8, 19.0, 18.8, 11.8, 12.9, 5.599999999999998, 8.6, 8.6, 11.0, 11.0, 10.8, 10.600000000000001, 11.0, 12.8, 13.0, 13.0, 13.8, 14.6, 14.0, 14.399999999999999, 16.2, 19.0, 18.6, 17.0, 16.8, 15.4, 15.8, 17.0, 17.8, 18.4, 18.2, 15.2, 14.0, 13.8, 13.0, 13.0, 13.0, 11.8, 13.2, 13.0, 12.4, 13.4, 12.6, 11.6, 10.0, 11.8, 13.0, 11.6, 13.0, 13.4, 15.4, 17.0, 17.0, 16.6, 16.0, 16.4, 14.2, 11.8, 10.2, 9.0, 10.0, 10.0, 11.0, 14.399999999999999, 16.4, 17.0, 17.0, 18.0, 18.0, 17.8, 17.0, 18.8, 19.6, 20.0, 19.4, 19.0, 19.8, 20.0, 20.0, 20.0, 19.0, 17.4, 17.0, 17.2, 18.0, 19.2, 20.0, 17.8, 16.6, 17.0, 16.2, 16.0, 16.0, 16.6, 17.0]}