{"day": 6, "month": 4, "station_id": 270, "predict": [8.490542730819811, 8.600386974424936, 9.217245449027253, 9.435692268108987, 9.104708250211546, 9.07409959640553, 8.84382712846207, 8.863880658614722, 8.884255459394192, 8.65494785623378, 8.725954401665376, 8.697271720330566, 9.31889647963508, 9.840825383938935, 9.813055173158027, 9.785582622195289, 9.758404540530519, 9.88151777184317, 10.05491919364456, 9.928605716914985, 9.902574285744953, 9.976821876980262, 10.001345499870917, 9.82614219572379, 9.029482520942596, 9.64254633011624, 9.73386853430886, 9.721229772218802, 9.507968208191471, 9.194709474425926, 9.38156975724177, 9.418569574698894, 9.405711491045736, 9.39299471268165, 9.380417829375457, 9.36797932895941, 9.555677693844943, 9.59351141899897, 9.831479015170803, 10.0695790093505, 10.05780994470887, 10.04617038044172, 10.134658891597718, 10.273274068904726, 10.36201451859745, 10.70087886224681, 10.739865736591215, 10.72897379336966, 10.988821262865045, 10.975665469254835, 11.46225998741592, 11.248927998178194, 10.585728891829588, 10.622672514813287, 10.259759420187738, 10.34698842933916, 10.334358052446557, 10.37186675518957, 10.859513008701194, 10.497295298800307, 10.635212127575754, 10.573262013535176, 10.661443491485821, 10.649755112366634, 10.138195443072794, 10.276763066280418, 10.51545658027286, 10.954274598768857, 10.893215750752576, 10.132278680305495, 10.121462046440167, 10.260764522935798, 10.515875347332743, 10.353459082803218, 9.99516504313164, 9.037708296812722, 8.330474631135877, 8.02334859033857, 7.6163078684599865, 7.759347563385038, 7.802466031430122, 7.695662245637511, 7.938935302352277, 8.432284328985242, 8.125708466697217, 7.669206867075565, 8.212778691424816, 8.05642311054644, 8.900139304610956, 9.993926463048293, 10.48778378444247, 11.581710476428116, 10.625705755588205, 9.869768847353019, 9.813898985900217, 8.458095414056054, 6.553195361034918, 6.609920784979459, 5.914030781743169, 5.076882240556501, 5.5412326228110516, 5.605725833818066, 4.470109253872544, 3.2343371061148263, 3.0984023708973836, 2.862305276066206, 3.4260473902460555, 3.5396305157534, 3.003056481262217, 2.866327103138311, 2.5794441783904842, 2.3424094835464104, 3.1052247746368904, 3.667891787385638, 3.980412237435357, 4.042787820578424, 4.105020212986246, 4.667111071436241, 4.279062033536206, 4.740874717946128, 3.976449408506232, 3.873841837387699, 4.806259166626277, 4.535624230582526, 4.664157794915806, 4.692275922397961, 4.370058951738379, 4.747524740749044, 4.824679492316301, 5.0015272088441005, 5.328071451230399, 4.854315666415919, 4.380263248670865, 4.05591755135052, 4.431281889433604, 4.756359540342171, 5.4811537444379255, 5.805667705454471, 6.329904590913801, 7.303867532536031, 7.427559626644167, 7.400983934564196, 7.474143483020655, 7.497041264527722], "test": [8.0, 7.6, 6.4, 6.0, 6.0, 6.2, 6.4, 6.0, 6.0, 6.2, 7.0, 7.0, 7.0, 8.0, 8.0, 8.0, 8.0, 8.0, 8.0, 8.0, 8.0, 8.0, 8.0, 8.6, 9.0, 9.0, 9.0, 9.0, 9.0, 9.0, 9.0, 9.0, 9.0, 9.0, 9.4, 10.0, 10.0, 10.0, 10.0, 10.0, 10.0, 10.0, 10.0, 10.2, 11.0, 11.0, 11.0, 11.0, 11.0, 11.0, 11.0, 11.0, 10.8, 9.8, 8.2, 8.0, 8.0, 8.0, 8.0, 8.0, 10.0, 10.0, 10.2, 8.4, 8.0, 6.4, 7.4, 6.8, 7.0, 7.799999999999999, 10.0, 10.0, 10.4, 14.2, 14.6, 12.2, 12.6, 14.0, 13.0, 13.0, 14.6, 15.199999999999998, 16.0, 15.799999999999999, 15.0, 15.0, 14.6, 13.2, 13.0, 13.0, 12.4, 12.6, 11.2, 10.0, 10.0, 7.0, 5.6, 4.2, 2.0, 1.0, 1.0, 1.0, 1.0, 1.8000000000000003, 0.0, 0.7999999999999999, 1.2, 0.0, 0.0, 0.0, 0.0, 0.0, 1.0, 0.8000000000000003, 1.8000000000000003, 0.0, 1.0, 1.8000000000000003, 2.0, 3.0, 3.0, 4.0, 5.0, 6.0, 6.0, 6.0, 5.0, 6.8, 8.0, 8.0, 8.6, 9.0, 9.0, 9.0, 9.0, 9.0, 9.0, 9.0, 9.6, 10.0, 10.0, 10.0, 10.0, 10.0]}