{"day": 5, "month": 2, "station_id": 101, "predict": [20.840196611727258, 20.794619127883752, 20.81661580715039, 20.642294813625544, 20.671969801644575, 20.638938051629424, 20.476448764702187, 20.317746113394172, 20.162742016219532, 20.011350301769287, 19.863486786484188, 19.719069245799314, 19.578017370985727, 19.44025272485836, 19.039032031543798, 18.507613800552967, 18.37925828517363, 18.253894108498297, 18.13145155706576, 18.011862542094313, 17.89506056161843, 17.780980663507833, 17.66955940934844, 17.560734839165036, 20.84173019364125, 20.66453097878179, 20.488198932492168, 20.31547626210235, 20.14667378566881, 19.98175727079505, 19.820645067170688, 19.663250530445424, 19.509488034318426, 19.35927378839782, 19.21252591587765, 19.069164426507065, 18.929111175499553, 18.792289821295263, 18.65862578399917, 18.52804620473562, 18.400479905934763, 18.27585735253455, 18.15411061407792, 18.0351733276846, 18.25231399521075, 18.47213594790997, 18.36124397857652, 18.252910974485165, 20.855532858713183, 20.69378489190515, 20.532815844724343, 20.375126415523564, 20.221000387292612, 20.070407096810335, 19.456606010316694, 19.51285203017175, 19.77240096800134, 19.835176955957465, 19.701105851205643, 19.70344854518837, 19.175467593429723, 19.183760510950652, 18.928259734950778, 18.475565921642293, 18.292281243916968, 18.17834268983182, 18.067022028562064, 18.158259110469604, 18.185328501269204, 18.081506116941366, 17.980069192708143, 17.880962919388455, 15.991242136868578, 16.201535989429246, 16.14898559175766, 15.698037957369548, 15.248348381005705, 14.999842877400422, 14.952487040779271, 14.906252730027798, 14.86111325559593, 14.81704267305901, 15.174015668646609, 15.132007530358655, 15.357660798372503, 15.384285250888666, 15.278524557226225, 15.307022931275291, 15.069758451934206, 14.833376383852865, 14.797855831807581, 14.763176395367056, 14.729318157175848, 14.696261671515284, 14.330654619801926, 14.03247846635046, 14.923766461261977, 14.475668550423965, 14.023164774342664, 13.771130909182915, 13.986907493616577, 14.337231980429307, 14.955422467284206, 14.908118640137076, 14.86195909714932, 14.950249532083852, 15.172962938072008, 15.063406289742664, 15.021553865296525, 14.980713898400507, 14.607528563228907, 14.568640626454957, 14.530693432919492, 14.493664224978, 14.12419746218585, 14.088938141313566, 14.05453178335102, 14.020957754159278, 13.98819591876261, 13.956226629273148, 17.0225352429754, 16.934947361952634, 16.833652857271414, 16.732535915658673, 16.633551061237977, 16.53692953209412, 16.442654695775516, 16.350675306780023, 16.1942696389561, 15.840049908874455, 15.75462955366828, 15.671289958466067, 15.589980438262133, 15.510651542370812, 15.833255024632974, 16.024410480781054, 15.950738653150722, 15.67886140275151, 15.742068348683762, 15.406983508219222, 15.34023193752924, 15.275106373044828, 15.211567206766444, 15.149575795508616], "test": [21.0, 21.0, 21.0, 21.0, 21.0, 21.0, 21.0, 21.0, 21.0, 21.0, 21.0, 21.0, 21.0, 21.0, 21.0, 21.0, 21.0, 21.0, 21.0, 21.0, 21.0, 21.0, 21.0, 21.0, 21.0, 21.0, 21.0, 21.0, 21.0, 21.0, 21.0, 21.0, 21.0, 21.0, 21.0, 21.0, 21.0, 21.0, 21.0, 21.0, 21.0, 21.0, 21.0, 21.0, 21.0, 21.0, 21.0, 21.0, 21.0, 21.0, 21.0, 21.0, 21.0, 20.8, 19.0, 17.6, 17.0, 17.0, 17.0, 17.0, 17.0, 17.0, 17.0, 17.0, 17.0, 15.6, 14.999999999999998, 14.999999999999998, 14.999999999999998, 14.999999999999998, 16.2, 16.0, 16.0, 16.0, 14.8, 14.2, 14.0, 14.0, 14.0, 14.0, 15.6, 16.0, 15.400000000000002, 14.999999999999998, 14.999999999999998, 14.999999999999998, 16.2, 16.0, 14.0, 14.0, 14.0, 14.2, 14.999999999999998, 14.999999999999998, 14.999999999999998, 14.999999999999998, 14.999999999999998, 14.999999999999998, 12.399999999999999, 10.8, 10.6, 11.0, 11.0, 11.0, 11.0, 13.8, 14.0, 14.0, 14.4, 14.999999999999998, 14.999999999999998, 15.6, 16.0, 16.0, 16.0, 16.0, 16.0, 16.0, 16.2, 17.0, 17.0, 17.0, 17.0, 16.2, 16.4, 18.0, 18.6, 19.0, 20.0, 20.0, 20.0, 20.0, 20.0, 20.0, 20.0, 20.0, 20.0, 20.0, 20.0, 20.0, 20.0, 20.0, 20.0, 20.0]}