{"day": 2, "month": 3, "station_id": 64, "predict": [21.823842341091513, 17.041041398592743, 17.067798868888882, 17.101938998713198, 17.135226879206193, 17.164578736456455, 17.523819772658598, 17.547164486304958, 17.834986039422958, 17.920708436981524, 17.937716625102585, 17.88608710368562, 17.63257724966575, 17.64394478850267, 17.65361020329897, 17.661656917172046, 17.66816532340747, 17.673213086709016, 17.676875207361277, 17.679224040015644, 17.68032932749518, 17.680258249313756, 17.679075476199834, 17.6768432265405, 22.895796405863734, 22.744119832898978, 22.547540738835128, 22.331230834335397, 22.120760391292464, 21.92387095668414, 21.73840567059791, 21.56152008388421, 21.392008644786063, 21.229529065085515, 21.073859244980493, 20.924707776513856, 20.781749073292726, 20.777999393089395, 20.579829040781217, 20.386960705034205, 20.13246635318995, 19.549432184304234, 18.57095775105205, 19.130155281231044, 24.29348233393189, 25.0, 24.43174454314953, 24.13964888091773, 15.712917448734817, 15.20029362784262, 15.184304090525497, 15.591456515341331, 15.81435144216127, 15.376863241623132, 8.87600565737621, 7.711489117857541, 9.083428927313742, 11.125151417121229, 11.836546386769783, 12.084138095185667, 11.934451764593364, 10.254020572108875, 9.909384197477927, 10.30042030730317, 10.493677180466188, 10.2223736276807, 10.686399029459615, 10.685646660921423, 11.086680305798936, 11.422734186798984, 11.027046224984943, 10.899524630375963, 20.391708820724986, 20.49257315265688, 20.711395215278237, 20.29673863669605, 20.891761789025857, 20.216798795751814, 20.737020599778884, 19.52030675122659, 18.767536739650005, 17.612482643131973, 17.45543272303388, 16.296649004060953, 15.003052756513203, 15.308218836631655, 14.812371615668024, 14.982384623222991, 14.151781697918258, 13.920738294818808, 13.88941593409998, 14.124629824307133, 14.759849732688554, 14.395200801269242, 14.2307976482494, 14.066745088334825, 20.0687426025921, 20.02521674129809, 18.356064522531586, 17.200222210883883, 15.480585803803773, 14.0491648785896, 13.901063033286515, 18.702137306493505, 18.58533560059238, 18.550003690501278, 18.595359364028862, 16.653961241402346, 16.458416965402606, 14.474716900429197, 9.702226892537734, 9.873683119090028, 9.988522579345164, 10.179547831850025, 10.046258559776422, 10.588183146704386, 10.538210306545933, 12.69592080728852, 16.327585962297448, 16.43283288223243, 14.257643836699579, 16.48221999323448, 17.082219228951693, 16.731808845754873, 16.308253300093405, 16.81324255096962, 17.379618208678842, 17.673899790534765, 17.563088187251623, 17.180977756519553, 16.92797254249762, 16.937742802220562, 16.877256724764024, 16.81346362585693, 16.47996320522321, 16.47700485383683, 18.738154465286406, 20.196962049883997, 20.653629503471414, 20.775011608551218, 21.294616928094086, 21.412608629309464, 21.662471922953976, 21.51101478972282], "test": [23.0, 23.0, 23.0, 23.0, 23.0, 23.0, 23.0, 23.0, 23.0, 23.0, 23.0, 23.0, 23.0, 23.0, 23.0, 23.0, 23.0, 23.0, 23.0, 23.0, 23.0, 23.0, 23.0, 23.0, 23.0, 23.0, 23.0, 23.0, 23.0, 23.0, 23.0, 23.0, 23.0, 23.0, 23.0, 23.0, 23.0, 23.0, 23.0, 23.0, 23.0, 21.6, 20.4, 19.2, 18.6, 19.0, 18.4, 19.0, 22.6, 21.6, 21.2, 20.0, 21.6, 21.2, 18.0, 16.0, 16.0, 16.0, 16.8, 17.0, 16.8, 16.0, 16.0, 18.0, 20.0, 19.6, 19.0, 19.0, 19.2, 20.0, 20.2, 21.2, 21.6, 22.0, 22.0, 22.0, 22.0, 22.0, 22.0, 22.0, 22.0, 22.0, 22.0, 22.0, 21.199999999999996, 20.4, 19.4, 19.0, 19.0, 19.0, 19.0, 19.0, 19.8, 20.0, 20.0, 20.0, 21.8, 24.0, 23.4, 23.000000000000004, 23.0, 22.6, 22.4, 25.2, 25.8, 22.8, 21.0, 19.6, 13.8, 11.0, 10.8, 10.8, 12.2, 12.4, 13.4, 11.2, 12.8, 13.0, 14.000000000000002, 13.0, 21.4, 23.0, 23.0, 24.2, 25.0, 25.0, 26.0, 25.0, 25.0, 25.0, 25.0, 25.0, 25.0, 25.0, 26.0, 26.0, 24.0, 25.0, 25.0, 25.0, 25.0, 25.0, 25.0, 25.0]}