{"day": 3, "month": 11, "station_id": 246, "predict": [18.746460412339122, 18.683169393954476, 19.00501027642561, 20.0159943185949, 22.16749504542522, 22.560064731393794, 22.894012498648767, 23.21957542582913, 23.536967174896336, 23.846391504101614, 24.148046012859538, 24.442123222707238, 24.728810941011634, 25.008292432517354, 25.28074653877927, 25.546347782523345, 25.75526646668007, 26.05766877064994, 26.303716844479933, 26.543568901140752, 26.777379306967845, 27.005298670297265, 27.22747392831973, 27.44404843217474, 20.28601322503334, 20.63370048918876, 20.98973055916993, 21.341355891649524, 21.685608467127253, 22.021902585564924, 22.350235889832195, 22.67074754046504, 22.983608887576683, 24.288996290634156, 24.837084371887165, 25.128044380177634, 25.412043838005278, 25.8392465113575, 26.309812460285897, 26.673898109045375, 26.981656320285282, 27.533236469351458, 28.928784517696634, 28.418443085144947, 28.502351520948256, 29.130645973621522, 28.503459459558208, 28.520921930430916, 31.073894460825446, 30.785307562962075, 29.785916328457226, 28.98280681960521, 26.076526598076512, 22.316993335346567, 16.304184451574308, 11.688138468567935, 8.56891825196478, 5.146593776279402, 3.0712360784240826, 2.6929153828475147, 1.161700570578477, 0.0, 3.5408567453121296, 4.351358110125096, 7.809226158280739, 9.014522489981688, 9.017307320777828, 9.567639509843973, 9.41557658786555, 9.261174784498312, 9.154489055392705, 8.895573108780416, 7.283266811084552, 7.364142993798369, 7.304872329119016, 7.720751827714525, 7.290659406182495, 8.70937459541721, 9.275644629881718, 9.28920517111672, 9.700037397179159, 9.508182830001779, 9.213697185494132, 8.916638873893934, 8.51706613796745, 8.215036345468475, 8.560605819443646, 8.703829803256266, 8.894762459725928, 7.5334568792369145, 7.069965090495545, 7.20433807231759, 6.886625766002809, 6.9668770881496425, 7.145139943839319, 7.521461240139857, 11.602878875068702, 12.274103751221318, 12.163990352799303, 12.64680728100204, 12.528426953911433, 13.060259333688984, 14.042629219083206, 14.875597326670727, 18.259160504890517, 19.093300677928955, 22.577996820649275, 25.81322787266664, 28.348973426392366, 31.935213867770457, 32.87193038311764, 32.609104934094034, 32.89672022599955, 34.584759675588664, 35.0732073798871, 35.812048086326726, 36.6012671642269, 37.54085057758104, 37.93078485909228, 38.02105708540038, 27.11831949289613, 27.47718342341489, 27.5631247342801, 27.599498848273115, 27.73016993938804, 28.25383705111897, 28.870339072573106, 29.279782003351073, 29.28233197055825, 29.57816592721466, 29.767459903347465, 29.90038625491802, 30.227113081090415, 30.797804165864957, 30.912619045823252, 31.171713106939322, 31.675237686698626, 31.873340175704183, 31.966164117363213, 32.15384930533888, 32.23653187872304, 32.01434441495294, 31.937416020511474, 32.005872419454484], "test": [19.0, 19.0, 19.0, 19.0, 19.0, 19.0, 19.0, 19.0, 19.0, 19.0, 19.0, 19.0, 19.0, 19.0, 19.0, 20.0, 20.0, 20.0, 20.0, 20.0, 20.0, 20.0, 20.0, 20.0, 20.0, 20.0, 20.0, 20.0, 20.0, 20.0, 20.0, 20.0, 20.0, 20.0, 20.0, 20.0, 20.0, 20.0, 20.0, 20.6, 21.0, 21.0, 21.0, 21.0, 22.8, 29.600000000000005, 30.2, 30.6, 27.200000000000003, 26.2, 24.0, 21.400000000000002, 18.4, 17.0, 14.400000000000002, 8.4, 7.400000000000001, 4.2, 1.4000000000000001, 0.0, 6.6000000000000005, 8.6, 7.6, 8.4, 9.0, 9.4, 10.0, 10.2, 11.4, 11.0, 10.8, 8.2, 7.200000000000001, 6.0, 5.8, 3.400000000000001, 1.5999999999999992, 1.0000000000000009, 1.0000000000000009, 1.7999999999999994, 3.799999999999999, 9.0, 8.8, 8.8, 8.4, 9.0, 9.0, 9.0, 8.6, 8.8, 9.0, 9.4, 10.0, 10.0, 10.0, 11.0, 11.0, 10.2, 9.2, 9.0, 9.6, 9.8, 9.8, 9.8, 13.0, 13.4, 13.0, 12.8, 14.400000000000002, 17.2, 18.6, 19.8, 21.0, 21.400000000000002, 24.8, 25.2, 26.8, 27.8, 26.400000000000002, 26.0, 26.6, 27.0, 26.2, 27.0, 28.6, 29.600000000000005, 29.2, 30.0, 30.0, 29.0, 29.8, 30.0, 30.0, 30.0, 30.6, 31.0, 31.0, 31.400000000000002, 31.0, 30.0, 30.0, 30.0, 30.0, 30.0]}