{"day": 1, "month": 3, "station_id": 199, "predict": [22.002887433951408, 22.009918148326832, 22.01876235693199, 22.095344128901274, 22.37274283523366, 22.384157449136236, 22.396153650873934, 22.408644275675577, 22.421551050812184, 22.434802970902474, 22.448335489995877, 22.462089950965808, 22.476013105624652, 22.490056684395242, 22.504177002122056, 22.518334594483065, 22.532493881887813, 22.546622858585607, 22.560692805062214, 22.574678022001283, 22.588555584230093, 22.602305113188883, 22.61590856657032, 22.629350043873806, 22.03282406437778, 22.066447055890443, 22.099207205295336, 22.131154790283762, 22.1623399487667, 22.19278108874466, 22.22248648146457, 22.251462251877275, 22.279714709583676, 22.10725095321114, 21.667412300781017, 21.693540906906602, 21.318979674881014, 20.743738829674676, 20.567829161558016, 19.457928609628627, 19.34738218565516, 18.90286857131784, 16.724400055075808, 17.011989141526758, 19.432315166138686, 19.98539091492792, 21.337895915354352, 19.423176398067234, 12.936230088388534, 8.229062489173984, 6.299361983659029, 6.416001119054144, 10.380524077214123, 13.327703907999872, 12.792185546680589, 10.50850145445651, 10.144422092754194, 11.300967322658366, 10.845747616510884, 9.846303582807733, 8.37011130161213, 7.684587131330096, 6.857092117478757, 6.221602729998617, 5.84538129728598, 5.862312829096362, 5.272908249722354, 4.0109740605672854, 3.7436151162723954, 4.004570530534093, 4.127549393209205, 3.446232979205222, 0.0, 0.7140214331586072, 2.619044633780876, 3.979384422883482, 3.8634421139002666, 3.738700572851596, 6.939111344913446, 7.465222588119371, 8.517538526169497, 9.163193339085833, 9.202621296393614, 9.102892678318783, 8.997716050560868, 8.887440346167892, 8.772390121058939, 8.7862006654771, 8.662486316229424, 9.26817531314131, 9.803511208951669, 10.668720841158768, 11.464015540347598, 13.78959224893537, 14.112301223723076, 13.632313661800598, 9.348193983069859, 10.559388823560862, 12.486230816926433, 12.592252691269806, 10.677756375005742, 12.67724280049538, 15.65870291732361, 16.95676345455107, 17.23930660792351, 18.10746164723905, 19.428940581889805, 19.87137665366986, 20.035663350651966, 19.85595993296517, 19.46636328492805, 20.267579391129637, 20.52692777939875, 20.311678953043902, 20.68905817065238, 21.059582264501255, 21.023729520497476, 21.515275974239756, 21.601298142836164, 21.282175543915166, 22.339662214310344, 22.321562109003985, 22.500500287688094, 22.543908875176925, 22.318358347504542, 22.4905645126421, 22.727304085947786, 22.762032338759933, 22.794868491532693, 22.6925919977403, 22.455308545481905, 22.549783568429365, 22.576109312246476, 22.601038609891273, 22.624651979443666, 22.647024696254867, 22.668227169695992, 22.688325291781183, 22.707380759345014, 22.725451371689324, 22.742591305583616, 23.02551803605898, 23.10761257130623, 23.12225300319412], "test": [22.0, 22.0, 22.0, 22.0, 22.0, 22.0, 22.0, 22.0, 22.0, 22.0, 22.0, 22.0, 22.0, 22.0, 22.0, 22.0, 22.0, 22.0, 22.0, 22.0, 22.0, 22.0, 22.0, 22.0, 22.0, 22.0, 22.0, 22.0, 22.0, 22.0, 22.0, 22.0, 22.0, 22.0, 22.0, 21.8, 21.0, 21.0, 21.0, 21.0, 21.0, 20.8, 18.0, 17.0, 19.0, 19.0, 17.0, 15.8, 14.8, 13.4, 12.0, 13.2, 12.400000000000002, 12.600000000000001, 11.4, 8.2, 7.800000000000001, 8.8, 7.4, 11.6, 10.8, 9.0, 8.4, 7.6, 6.8, 4.0, 3.0, 3.8, 2.4, 0.19999999999999996, 0.0, 0.0, 0.0, 0.3999999999999999, 1.3999999999999997, 2.7999999999999994, 4.2, 5.0, 11.6, 12.600000000000001, 11.6, 11.0, 10.4, 9.4, 8.2, 7.800000000000001, 7.0, 7.6, 9.6, 9.0, 7.6, 6.0, 7.6, 9.0, 9.2, 9.0, 9.0, 9.2, 10.0, 10.0, 11.0, 14.599999999999998, 18.4, 19.2, 19.6, 20.8, 20.2, 21.8, 20.4, 21.2, 21.6, 21.2, 22.0, 22.0, 22.0, 22.0, 22.0, 22.0, 22.0, 22.0, 22.0, 21.8, 21.6, 21.2, 21.4, 22.0, 22.0, 22.0, 22.0, 22.0, 22.0, 22.0, 22.0, 22.0, 22.0, 22.0, 22.0, 22.0, 22.0, 22.0, 22.0, 22.0, 22.0, 22.0]}