{"day": 0, "month": 10, "station_id": 213, "predict": [22.208475551801182, 22.589630296986503, 22.854948880478492, 23.096367610946288, 23.332766697360675, 23.564770440068962, 23.789267047542964, 24.007389952187523, 24.219719972945054, 24.426289190730778, 24.627247344820653, 24.822753046684273, 25.012946297068726, 25.19797097802427, 25.37796896419715, 25.553076708438763, 25.723426807783454, 25.88914832477435, 26.050366815858602, 26.207204443373165, 26.35978007102011, 26.508209336781356, 26.65260474247727, 26.793075739357235, 25.29911092092212, 25.635641860923183, 25.80598587840715, 25.97318659937146, 26.137284963606724, 26.295960195916134, 26.450948160270194, 26.601682273382558, 26.748378178569787, 26.891053591951145, 26.979892968657712, 27.1649637221494, 27.29638768164637, 27.424253631452466, 27.54866242950714, 27.669704788645653, 27.487473224450007, 27.302055515612015, 27.51353822570283, 27.522004958890793, 27.027537381748296, 27.080214782062995, 27.030114395500952, 26.527311321687097, 21.797715292487688, 21.452793069258036, 20.671125749165647, 19.242984880882307, 18.216858037855125, 15.579277072735419, 14.043742299933669, 13.001422623009045, 11.856131614487566, 11.505982900523513, 11.002147279596672, 10.544206946438145, 11.132572191716786, 10.517184356606368, 10.948222847097375, 9.52574006680128, 7.899852739141546, 2.9806400510107665, 2.8381972641904007, 8.20260740331723, 9.913956350412436, 10.822325012311262, 11.577793555107824, 12.380439254920244, 6.85378910559806, 10.213559027773885, 13.521050446594035, 13.781753532338039, 13.486176295181847, 13.130114763925185, 14.020094967238014, 14.551997650799617, 14.476440558749868, 14.393316776565204, 13.853159351564143, 13.206018400386393, 13.652168225735938, 14.041741578633626, 13.374932495247272, 12.651899311420134, 12.822814565227791, 13.487836492317324, 14.94712406772315, 14.700829297394032, 15.149101541544375, 15.792085435965088, 20.319922162015352, 21.592748925162308, 18.955675752158204, 13.898680367827522, 12.153776255595869, 13.185883253263585, 18.471805101171693, 13.205584578583181, 12.840601298874786, 14.22114070934938, 13.943353333448322, 15.111459434669616, 14.373559570988508, 17.030548630646273, 18.712177443405796, 19.618797611219936, 21.6604210850679, 22.92723137303087, 24.139321344212274, 25.216824298312783, 25.549848123949502, 24.638509478385476, 21.472916239364594, 22.233176543352407, 22.889394285999046, 23.09167152747819, 26.40594917348425, 26.250861942454097, 26.560183390929094, 26.780253098844792, 27.14652985514538, 27.21231769176449, 27.525581897252813, 27.837829397044366, 28.09825883422075, 28.20728513357468, 28.26477654477092, 28.32086493850459, 28.52553580117123, 28.678849541898316, 28.080827694710507, 28.031510180763366, 28.080926265199675, 28.129109446026153, 28.42608982660597, 28.721898046720874, 28.866563312563127, 29.06011443295701, 29.102579317723677, 28.9939852618149], "test": [23.8, 24.0, 24.0, 24.0, 24.0, 24.0, 24.0, 24.0, 24.0, 24.6, 25.0, 25.0, 25.0, 25.0, 25.0, 25.0, 25.0, 25.0, 25.0, 25.0, 25.0, 25.0, 25.0, 25.0, 25.0, 25.0, 25.0, 25.0, 25.0, 25.0, 25.4, 25.0, 25.0, 25.0, 25.0, 25.0, 25.0, 25.0, 25.0, 25.0, 25.0, 25.0, 25.0, 24.8, 23.8, 24.4, 23.199999999999996, 22.6, 22.0, 21.800000000000004, 20.8, 20.0, 19.4, 18.6, 15.600000000000001, 14.6, 13.4, 13.0, 13.0, 12.0, 12.0, 11.2, 10.6, 11.8, 12.0, 11.599999999999998, 7.6, 7.2, 5.6, 4.6, 2.999999999999999, 2.999999999999999, 4.4, 6.999999999999999, 5.200000000000001, 5.999999999999998, 5.999999999999998, 5.999999999999998, 5.999999999999998, 5.200000000000001, 2.5999999999999988, 19.28, 18.639999999999997, 0.0, 0.0, 2.3999999999999995, 3.4, 5.999999999999998, 8.0, 8.2, 7.2, 8.0, 8.0, 8.6, 11.0, 17.8, 18.4, 15.8, 14.8, 13.6, 13.0, 14.0, 13.2, 14.0, 15.8, 16.4, 16.6, 16.8, 17.4, 18.4, 20.0, 22.6, 24.2, 25.2, 26.0, 26.0, 26.0, 26.0, 26.0, 26.0, 26.0, 26.0, 28.0, 30.0, 30.0, 30.0, 30.0, 30.0, 30.0, 30.0, 30.0, 30.0, 30.4, 31.0, 31.0, 30.4, 30.0, 30.0, 30.0, 29.8, 30.0, 30.0, 30.0, 30.0]}