{"day": 2, "month": 8, "station_id": 55, "predict": [32.524284057316265, 32.37384149399317, 32.24208228429554, 32.37134385878599, 32.258494932241234, 32.15331325121668, 32.0553297374897, 31.963905047950398, 32.12851146585609, 32.04869112078423, 31.97401296994902, 31.904078155150142, 31.83852381293834, 31.77701861860188, 31.71925874866766, 31.664965626703427, 31.613883936973945, 31.56577956942306, 31.520437723091288, 31.477661220434793, 31.437268979015993, 31.399094612855354, 31.362985156939576, 31.328799906426394, 31.971667681843964, 32.3415997789145, 32.41230726269283, 32.382269506301014, 32.351728546348845, 32.32098069769657, 32.29008746600545, 32.25913457268504, 32.478235684274566, 31.947483388915927, 30.916950964936618, 30.336703136449447, 29.106797372812988, 28.97728305278822, 29.348202125658673, 29.31959014526759, 29.5914769822434, 30.163887379473152, 30.486841488107103, 30.560355369586283, 30.384441444658716, 30.25910889581844, 29.734364031399117, 27.460210614848815, 28.86161544368284, 27.601601260611414, 24.97152638843853, 24.65568114705659, 22.636805828317602, 19.11365842513541, 12.893784349229085, 8.677912844473498, 4.81499314093439, 3.0046970574981793, 3.1969934420944264, 2.9917756073364377, 2.6388993097165674, 2.7882398310098626, 3.039687984375969, 2.5931400597923475, 2.1484973960518383, 1.7056674939442658, 1.764563647659127, 1.6251042763408208, 1.7372125270130925, 2.1508159785037653, 2.1158463366297116, 2.232239140322522, 7.234349388715654, 7.248243712043563, 6.718013167694078, 6.846847258569448, 6.825674053721834, 6.45274788009921, 7.0297344273584, 7.007522661083046, 6.33627378139973, 7.416143860022021, 7.697368327233807, 8.93015606457013, 8.964669672799115, 8.901044582623861, 8.389396645618726, 8.179822158022574, 7.972399040739865, 7.6171891266848775, 7.864240107221211, 8.863587074702211, 12.01525392068005, 12.269254633249089, 12.175594467275259, 11.884270992235107, 22.88986846723905, 21.43576740527733, 20.29826400552951, 19.007101095965456, 19.18509794144539, 17.578426027074215, 16.187558363607657, 14.412129093865577, 11.851345730787466, 15.454452045884166, 18.42078017993711, 19.899712531865777, 20.84066632055279, 24.04309294852029, 26.406477120159593, 29.030334181678185, 31.964207550609487, 33.0, 33.0, 33.0, 33.0, 33.0, 33.0, 33.0, 31.82321671979106, 31.64204383185677, 31.546337207753147, 32.45763124794413, 32.66712412646692, 32.67576690652647, 32.63428692618555, 32.59287257581342, 32.551648310634576, 32.51071376469747, 32.170153554028026, 31.930047454518785, 31.790465956874527, 31.951467836979493, 32.263102160246255, 32.275410099858846, 32.23842572146254, 32.20217661562398, 32.066684617518895, 32.131966479972874, 32.09803445504391, 32.06489681137285, 32.03255830330644, 32.001020593931976], "test": [32.0, 32.0, 32.0, 32.0, 32.0, 32.0, 32.0, 32.0, 32.0, 32.0, 32.0, 32.0, 32.0, 32.0, 32.0, 32.0, 32.0, 32.0, 32.0, 32.0, 32.0, 32.0, 32.0, 32.0, 32.0, 32.0, 32.0, 32.0, 32.0, 32.0, 31.6, 31.0, 31.0, 31.0, 31.0, 30.4, 30.0, 30.0, 31.0, 32.0, 31.4, 31.6, 29.8, 30.0, 29.8, 31.0, 30.2, 29.0, 31.2, 29.8, 29.0, 29.199999999999996, 31.2, 31.4, 15.999999999999996, 12.600000000000001, 9.559999999999999, 8.16, 8.36, 8.399999999999999, 8.040000000000001, 8.120000000000001, 8.16, 7.719999999999999, 7.16, 6.84, 6.8, 6.640000000000001, 6.960000000000001, 7.3999999999999995, 7.08, 7.039999999999999, 7.4799999999999995, 7.4799999999999995, 7.08, 7.48, 7.760000000000001, 7.760000000000001, 8.36, 8.2, 7.68, 8.48, 8.56, 9.559999999999999, 9.48, 23.0, 22.2, 21.4, 21.0, 21.0, 21.8, 22.0, 22.8, 22.4, 22.0, 23.0, 25.6, 24.8, 25.200000000000003, 25.8, 12.280000000000001, 10.8, 10.0, 8.52, 6.16, 18.8, 19.0, 13.8, 14.2, 21.4, 29.8, 30.2, 30.6, 29.4, 30.8, 31.2, 29.6, 31.0, 32.0, 32.0, 32.0, 32.0, 30.4, 31.8, 31.6, 30.0, 30.6, 31.4, 32.0, 32.0, 32.0, 32.0, 32.0, 32.0, 32.0, 32.0, 32.0, 32.0, 32.0, 32.0, 32.0, 32.0, 32.0, 32.0]}