{"day": 6, "month": 9, "station_id": 18, "predict": [21.90433820421103, 22.037695973886798, 22.197788398435698, 22.354985913342283, 22.004867168710348, 21.7071022437711, 21.56313096526066, 21.47226192746514, 21.384170482241494, 21.29873472724878, 21.215836729326373, 21.83535462132615, 22.407174751863025, 22.731192157516407, 22.657309110648914, 22.785434513032147, 22.765483485179875, 22.697376912435136, 22.781041004196773, 23.016406891096874, 22.90341025340539, 21.691990975335145, 21.632092823646786, 21.573663149339517, 20.003161475491215, 19.991500903164003, 19.98261811554572, 19.979211562774783, 19.97758534947644, 20.17612732085203, 20.22482376958713, 20.223773306577367, 20.222923096175, 20.222185871670938, 20.221490591228644, 20.220779773121834, 20.22000352718678, 20.369118121860623, 20.468085735009254, 20.466874061448348, 20.465455827076074, 20.463808327874908, 20.461913009490402, 20.459755079442516, 20.45732314763968, 20.454608893316227, 20.451606756825274, 20.44831365471629, 21.020966839966196, 20.778607710860072, 20.778734295865338, 20.479862906985463, 20.281633652947455, 20.282764913381698, 20.483110112060796, 20.78278948781674, 20.781830004316305, 20.380218181972324, 19.727947963421176, 19.625022057679576, 19.67144685131005, 20.01723111779855, 20.01238598748992, 20.00692477884389, 19.850862713302064, 19.544216645087744, 19.237004823145888, 19.429246675193408, 19.670962609636963, 19.41217383435615, 19.352902191438748, 19.493170006782236, 14.870612192089688, 16.700786016920134, 17.528018613855124, 18.034385201278223, 16.990295000236937, 15.444969810404723, 15.296678432684638, 14.945495759986683, 14.241771238693698, 14.085712059080386, 13.427472600784661, 13.36720233734953, 13.405044308029051, 11.691131439896337, 10.975586876481309, 11.158524925239167, 12.640051699916048, 12.670265641483947, 10.999258018928959, 10.477113407824504, 9.903910139737121, 10.77972072348453, 11.104612240446649, 11.128646715518236, 2.8707239652500025, 4.267279751324753, 4.646930689967017, 6.271658943034015, 6.874768162604339, 7.462822466951235, 8.385045204932332, 8.541494221837429, 12.872958023836388, 12.350259613312147, 9.57413617045379, 10.325272417316421, 12.764317838225105, 14.74188930857902, 14.958571942717494, 14.364920483061521, 14.611460853102876, 14.648691655835723, 14.92708558887182, 14.147090782956912, 14.35913207135519, 14.46361219505832, 14.310912947115343, 13.40139625890373, 26.334971100627733, 25.41214935398765, 24.416279489319468, 25.31148288925914, 25.012050083476066, 24.565455066655275, 24.42452427362143, 24.24004949424765, 24.112020747876812, 23.99045574169403, 23.475423220535667, 22.91697696730602, 22.815145514168904, 23.169937895809266, 23.18134692312735, 23.049350599933373, 22.923913376643274, 23.35498744806752, 23.292513986356127, 22.986424280136895, 22.08664078970811, 22.09307812684227, 22.005643963981495, 22.6242398769069], "test": [22.0, 22.0, 22.4, 23.0, 21.8, 21.0, 20.8, 20.0, 20.0, 20.0, 20.0, 20.0, 20.0, 20.0, 20.0, 20.0, 20.0, 20.0, 20.0, 20.0, 20.0, 20.0, 20.0, 20.0, 20.0, 19.0, 19.0, 19.0, 19.0, 19.0, 19.4, 20.0, 20.2, 21.0, 21.0, 21.0, 21.0, 21.0, 21.0, 21.0, 21.0, 21.0, 21.0, 21.0, 21.0, 21.0, 21.0, 21.0, 21.0, 21.0, 21.0, 21.0, 21.0, 21.0, 21.0, 21.8, 22.0, 21.4, 21.0, 21.0, 21.0, 21.0, 21.0, 20.6, 21.0, 21.0, 18.6, 18.0, 17.2, 17.2, 17.0, 16.2, 15.400000000000002, 15.0, 13.0, 13.0, 16.6, 22.4, 23.0, 23.0, 22.6, 21.0, 19.8, 17.6, 15.0, 12.2, 11.0, 10.2, 8.6, 6.6000000000000005, 7.0, 5.4, 3.7999999999999994, 3.0, 3.0, 2.599999999999999, 2.4000000000000004, 1.7999999999999996, 1.5999999999999992, 2.4000000000000004, 3.0, 3.0, 1.5999999999999992, 4.2, 19.2, 21.8, 22.4, 25.4, 27.0, 27.0, 27.0, 27.0, 27.0, 26.2, 26.0, 25.2, 25.6, 26.6, 27.0, 27.0, 26.6, 26.0, 26.0, 26.0, 26.0, 27.0, 26.0, 25.0, 25.0, 25.0, 25.8, 25.2, 25.0, 25.0, 26.0, 26.0, 26.0, 26.2, 27.0, 27.0, 27.0, 27.0, 27.0, 27.0]}