{"day": 1, "month": 7, "station_id": 55, "predict": [32.88671302896276, 33.0, 33.0, 33.0, 32.92232147276657, 32.83122733030339, 32.7493733785949, 32.67587165237251, 32.60990254892676, 32.55072140507039, 32.49765470786517, 32.4500941444714, 32.407490566075886, 32.36934835834354, 32.33522030516632, 32.30470293132157, 32.27743228695578, 32.253080134095114, 32.231350497541655, 32.21197654566193, 32.194717769734275, 32.179357433462016, 32.16570026694328, 32.1535703818233, 32.916014030268094, 32.82242841517795, 32.7334383449368, 32.6525866536821, 32.580088206366696, 32.51537055765101, 32.30771198260094, 31.906408157509965, 31.710810342642134, 31.3203304452309, 31.034437855376314, 30.002654566462827, 28.874550238403607, 28.74973759855781, 28.577868249317312, 28.65862886985101, 29.49173778122404, 29.526941841984467, 28.614013643125624, 28.65274897394459, 29.8429645329338, 27.38449586027673, 25.777195470738743, 22.470931167758977, 16.348200802032107, 15.685294517565275, 13.501235481136574, 8.062435594434502, 6.247393325393538, 3.052515233288656, 0.0, 0.0, 0.705296115055141, 1.709755059241786, 1.4945632370609352, 1.511590851299989, 0.962532426088016, 0.5989222704311234, 2.0721493153025263, 4.98347076947621, 4.384024545047632, 4.3748405266295585, 4.006850782142714, 4.0308988119656695, 4.147747926208984, 3.7080888319859033, 3.4625465049967774, 3.461686412793922, 4.641566213438047, 5.8171592169932484, 8.252114617754504, 8.892730648016586, 9.437767781489578, 8.536729214355077, 8.389293710339224, 8.095197498416265, 8.10420368406132, 8.266093963423176, 7.78066574195592, 7.247730657773772, 7.767113506440186, 7.988651313673359, 8.512192489085898, 8.287596041287605, 8.414730846771338, 9.193474968217682, 10.073715018813232, 13.405345569556, 13.888268596746785, 13.222392967044497, 10.907633957625224, 9.14391280913577, 16.60126364791849, 15.72773915482437, 14.747128586825507, 13.171240521072802, 14.999244402242285, 15.377334690605966, 12.401280318220799, 10.767037481515676, 11.170879583943723, 9.109405618681706, 12.579519863656436, 16.57840632573564, 15.053503728545893, 19.102482347215627, 23.17322286388069, 27.213797144350995, 30.622450780002122, 32.34758723675909, 32.73775346351757, 32.34162682502596, 32.10800323655519, 32.28578638904282, 32.17397796374733, 32.221668744844536, 32.97293106341101, 32.239916919672254, 31.651098161548717, 32.2200431581149, 31.999301008493504, 32.08878929492256, 32.23781160554471, 31.945576837952004, 31.811325042376883, 31.684354402854456, 31.464023508973185, 31.549747785296837, 31.59099482019853, 31.737279760861075, 31.58816103805703, 31.393236458598523, 31.352139648880016, 31.16453682157731, 31.280123836887956, 31.2486235315196, 31.21978329090089, 31.193372842303063, 31.1691822486078, 31.14702008432441], "test": [33.0, 33.0, 33.0, 33.0, 33.0, 33.0, 33.0, 33.0, 33.0, 33.0, 33.0, 33.0, 33.0, 33.0, 33.0, 33.0, 33.0, 33.0, 33.0, 33.0, 33.0, 33.0, 33.0, 33.0, 33.0, 33.0, 33.0, 33.0, 33.0, 33.0, 33.0, 33.0, 33.0, 33.0, 33.0, 33.0, 33.0, 32.6, 32.0, 31.4, 31.4, 32.6, 32.2, 31.0, 29.0, 26.4, 22.4, 18.0, 17.4, 16.6, 12.8, 8.8, 3.8, 0.7999999999999996, 0.4000000000000001, 0.20000000000000004, 0.0, 2.6, 1.4, 0.5999999999999998, 0.0, 1.2, 2.0, 1.8000000000000007, 3.8, 4.0, 6.0, 6.0, 6.0, 6.0, 5.2, 5.0, 4.4, 6.0, 5.0, 12.4, 19.0, 19.0, 17.8, 17.0, 16.2, 16.6, 16.0, 16.8, 17.2, 18.0, 18.0, 17.8, 18.2, 18.8, 19.0, 19.6, 20.8, 21.4, 20.6, 18.4, 18.0, 16.8, 14.599999999999998, 13.0, 13.0, 13.4, 15.4, 17.2, 14.2, 13.2, 14.2, 16.0, 15.6, 21.8, 27.0, 27.4, 30.6, 33.0, 32.4, 31.4, 31.2, 31.8, 32.6, 33.0, 32.0, 31.8, 32.2, 33.0, 33.0, 33.0, 33.0, 32.4, 32.0, 32.0, 32.8, 33.0, 32.8, 31.6, 31.0, 31.0, 31.8, 32.4, 32.0, 32.0, 32.0, 32.0, 32.8, 33.0]}