{"day": 0, "month": 1, "station_id": 564, "predict": [10.171018589016319, 11.041949725626916, 11.25153738625179, 11.194755562872173, 11.404212861269283, 11.879839627020115, 12.088277827249694, 12.29614941338195, 12.636731582437932, 13.043299124596809, 13.782461801315623, 14.454165731667507, 14.65836039251057, 14.86166525433432, 15.064036304652241, 15.265432543753423, 15.4658158130513, 15.665150630631757, 15.86340403595827, 16.0605454438731, 16.256546507509572, 16.45138098960122, 16.645024641661575, 16.83745509052951, 11.160583347336294, 11.355152719940653, 11.556850931492518, 11.759928577546999, 11.963104584428104, 12.166045443556204, 12.368621108696285, 12.570748032469439, 12.772356049565719, 12.973381271436606, 13.173764413536777, 13.373450254584919, 13.572387337753812, 13.770527731780714, 13.501160148352223, 13.16424307458312, 13.359737918450287, 13.554275499477589, 13.347822550532786, 12.60701489667442, 12.931823977036728, 13.322223375785708, 13.311522028220875, 13.366364101470326, 24.06466862573436, 22.502935574669046, 21.097727939079995, 20.896077731871948, 19.96006951112999, 19.288671811961034, 15.948361167341359, 13.80581320494004, 13.327749122942938, 11.71423197978759, 11.231991060714083, 10.681086446515483, 10.261575291120344, 10.240178528502195, 9.683614350699212, 9.12526503898269, 7.9651771257582915, 7.07006154809241, 5.839960458352024, 6.208247358740943, 6.308293893537751, 5.9401366329214325, 5.770477182268836, 6.132682284115843, 0.08022498756108498, 0.21904291098071316, 0.039246868931793744, 0.0, 0.0, 0.0, 0.0, 0.0, 0.0, 0.0, 0.0, 0.0, 0.0, 0.0, 0.0, 0.0, 0.0, 0.0, 0.008311974878179196, 0.3215123042486187, 0.8347051086750125, 0.6811340191592681, 1.1273828649125917, 1.3733752169375417, 4.661000455740194, 5.229501518764199, 4.945433018561594, 5.000707308524372, 5.059471039350498, 5.187495707289346, 5.251026054524182, 5.78311760663196, 6.6502104030550555, 7.852102598860047, 9.321942552029702, 10.659559345575111, 12.798128066099336, 14.204168837941186, 16.14421267492657, 18.418134075128524, 19.69248366997183, 19.633820919717312, 20.508713517835528, 21.317070167898496, 22.125473397031833, 23.200512403527522, 25.075449269720078, 26.083551871377367, 9.996654335288323, 10.944988799817901, 11.948515438501907, 12.566008675310462, 13.320308165042801, 13.741985970982453, 13.763564236422294, 14.184730317354306, 14.405305502636008, 14.29181960403806, 14.844153921293554, 15.328868078204591, 15.612531224354587, 15.828387705917411, 16.243023055324528, 16.92303009070571, 17.13500840322431, 17.34556388303251, 17.55464161141937, 17.76219211613193, 17.968170987665967, 18.172538521298854, 18.3752593831393, 18.576302298595063], "test": [10.0, 10.0, 10.2, 11.0, 11.0, 11.0, 11.0, 11.0, 11.0, 10.8, 10.4, 11.0, 11.0, 11.0, 11.0, 11.0, 11.0, 11.0, 11.0, 11.0, 11.0, 11.0, 11.0, 11.0, 11.0, 11.0, 11.0, 11.0, 11.0, 11.0, 11.0, 11.0, 11.0, 11.0, 11.0, 11.0, 11.0, 11.0, 11.0, 11.0, 11.0, 10.8, 10.0, 10.4, 23.2, 25.4, 24.600000000000005, 24.0, 24.0, 23.6, 23.000000000000004, 20.8, 18.2, 15.8, 12.6, 10.6, 9.399999999999999, 9.399999999999999, 8.199999999999998, 7.400000000000002, 4.8, 3.2000000000000006, 1.9999999999999996, 0.8000000000000007, 0.0, 0.6000000000000005, 0.20000000000000018, 0.0, 0.0, 0.0, 0.0, 0.0, 0.0, 0.0, 0.0, 0.0, 0.0, 0.0, 0.0, 0.0, 0.0, 0.40000000000000036, 1.0000000000000009, 1.0000000000000009, 1.1999999999999988, 1.0000000000000009, 1.0000000000000009, 1.0000000000000009, 0.40000000000000036, 2.4, 4.0, 4.0, 4.0, 4.0, 4.0, 4.0, 4.200000000000001, 5.6, 6.0, 6.2, 6.6000000000000005, 8.6, 8.6, 6.800000000000001, 5.0, 1.200000000000001, 1.9999999999999996, 1.7999999999999994, 1.9999999999999996, 3.999999999999999, 5.0, 6.600000000000001, 8.599999999999998, 8.199999999999998, 8.999999999999998, 9.6, 9.399999999999999, 8.400000000000002, 8.799999999999999, 8.800000000000002, 9.2, 11.199999999999996, 13.000000000000002, 12.999999999999998, 12.799999999999997, 13.399999999999999, 13.999999999999998, 13.999999999999998, 15.6, 16.6, 18.000000000000004, 19.0, 21.400000000000002, 23.2, 24.0, 24.8, 26.0, 27.0, 27.0, 27.0, 27.0, 27.0, 27.0, 27.0]}