{"day": 3, "month": 5, "station_id": 331, "predict": [29.09471385951341, 29.18370571215947, 29.263380713892467, 29.2343616031813, 29.147560220141983, 29.20382714068626, 29.25392472073365, 29.298532135018412, 29.338253845859164, 29.373627727053822, 29.405132382917234, 29.43319367523518, 29.45819053366433, 29.48046012664796, 29.50030246295547, 29.517984486473765, 29.533743720023466, 29.547791507841804, 29.560315900912066, 29.571484224458256, 29.581445362596686, 29.59033179128542, 29.598261387285525, 29.6053390377978, 29.09208361505349, 29.161757210233613, 29.221696559280023, 29.274390507982137, 29.320906329203417, 29.361984638639985, 29.398250640067058, 29.430254163274412, 29.458482325838233, 29.483367207480335, 29.355292115672643, 29.274597066498455, 28.441583640329597, 28.30651929312923, 27.969641185783026, 27.28115958546082, 26.741260886772064, 25.850110295124033, 24.507854209962193, 23.064622341373834, 20.270529589805673, 17.975677715331358, 16.88015681995901, 18.434046663850975, 15.23875188962024, 15.239327305340225, 13.294397443686078, 7.060122268156851, 4.155377143677123, 2.0817300896366615, 2.0409926712872184, 3.0848468387853485, 0.0, 2.4222191176519337, 2.098299292270807, 4.914127197876167, 7.320671270566864, 8.168798996432953, 7.7592880126051895, 7.2928359558386475, 7.920069201125683, 8.041550616991483, 7.907786449660178, 7.71923243540927, 7.626299229030705, 7.579357226228552, 7.728740848856157, 8.624752353996056, 1.5618130979063536, 2.6583165853437882, 2.9123305310535397, 4.335822216102178, 4.7383790735000675, 5.178191263380702, 5.8624597717354625, 7.597548305173316, 8.789085326138256, 9.34204995556376, 9.160847337481396, 9.399375169872522, 9.061082491365852, 9.499021633490143, 9.31589413542753, 8.764091324449609, 8.945730183133138, 8.162685052036045, 7.816615652557463, 7.608991858210023, 8.991115592627049, 10.91414018854213, 11.67908750303485, 11.936863049934455, 11.079893124959584, 11.94573493469179, 12.050464430359773, 11.999539926008916, 12.843476732889307, 10.592536744598014, 11.256948588291126, 15.89693096110556, 16.372695088454236, 18.444444842911988, 19.712376647359964, 21.62667941413667, 22.737534541465877, 22.945115960872318, 23.94959022704483, 25.651116642392378, 24.949847409571138, 25.0959278062055, 25.589496376854623, 25.68068513799865, 25.96961979244732, 26.706419950119834, 26.89119935261968, 27.52406609943899, 29.21261633523962, 29.86941428523022, 30.0, 29.895606571914378, 29.854661520726257, 29.725149794562327, 29.805648215566688, 29.494916557818495, 29.441868004458758, 29.045549462614225, 27.805125071350282, 27.419861825291996, 27.439116968876775, 28.96232693397793, 29.088997630921316, 29.06869592732284, 28.951042169551954, 28.78570361938242, 28.672388693962777, 28.510841910906066, 28.500839452296002, 28.492185271938787, 28.484707679435502, 28.47825634276649], "test": [29.0, 29.0, 29.0, 29.0, 29.0, 29.0, 29.0, 29.0, 29.0, 29.0, 29.0, 29.0, 29.0, 29.0, 29.0, 29.0, 29.0, 29.0, 29.0, 29.0, 29.0, 29.0, 29.0, 29.0, 29.0, 29.0, 29.0, 29.0, 29.0, 29.0, 29.0, 29.4, 30.0, 30.0, 30.0, 30.0, 30.0, 30.0, 28.8, 25.0, 25.0, 25.2, 25.0, 27.8, 27.0, 24.6, 19.8, 14.6, 11.2, 9.6, 8.6, 2.8, 0.9999999999999998, 2.8, 13.0, 5.2, 0.6, 0.19999999999999962, 0.20000000000000004, 2.6, 3.0, 3.7999999999999994, 4.0, 2.8, 1.9999999999999996, 1.9999999999999996, 2.6, 1.4, 1.4, 0.0, 0.9999999999999998, 1.399999999999999, 2.2, 0.19999999999999962, 1.4, 1.9999999999999996, 2.2, 1.1999999999999993, 0.39999999999999925, 0.19999999999999962, 1.399999999999999, 1.399999999999999, 0.39999999999999925, 9.0, 0.0, 0.9999999999999998, 1.1999999999999993, 5.0, 5.0, 6.4, 4.6, 3.7999999999999994, 3.4000000000000004, 3.2000000000000006, 1.6000000000000003, 10.079999999999998, 10.879999999999999, 4.6, 3.7999999999999994, 4.2, 3.999999999999999, 4.2, 8.8, 15.199999999999998, 17.6, 21.6, 28.0, 29.2, 27.2, 24.0, 25.4, 27.2, 28.8, 28.2, 26.8, 28.0, 28.6, 30.0, 29.0, 29.4, 30.0, 30.0, 30.0, 29.8, 29.0, 29.6, 28.0, 29.0, 30.0, 30.0, 29.8, 29.0, 28.2, 27.8, 28.2, 28.0, 29.0, 29.0, 29.0, 29.0, 29.0, 29.0, 29.0, 29.0]}