{"day": 0, "month": 11, "station_id": 14, "predict": [21.45103518276234, 21.778701620992177, 21.95117851142624, 22.120546231663123, 22.273912585556715, 22.4125967703798, 22.538632988667924, 22.65275623500294, 23.155754545374666, 23.515126003400827, 23.598293438498313, 23.672622786206155, 23.738769291047625, 23.79734502952312, 23.848921058127456, 23.894030226219638, 23.933169632921132, 23.9668028888742, 23.99536225684313, 21.55258399301696, 18.03884356104706, 18.054490728724456, 18.066517887895664, 18.07522827089284, 21.4741405084321, 20.612714573253225, 20.33838643207575, 20.009215749894988, 19.494462341724102, 19.262603525646878, 19.045451027266928, 18.50861143977337, 18.31795711268886, 18.139351654831028, 17.972032867553306, 18.281959587171638, 18.335135085749293, 18.13093683820342, 18.6687812857, 18.281454748243412, 20.701777757720233, 22.929269593122477, 27.03014628111452, 30.337318716943678, 37.183724236540556, 31.902324965440854, 14.826106270602606, 14.954741975449018, 10.318807112864322, 9.52287629545035, 15.18605269406767, 17.526184155850736, 19.686889231130706, 18.503772958776842, 26.37516214994986, 29.908655656189655, 36.30373076217142, 32.226830625239316, 27.411659269564645, 29.391798201322725, 30.234110589694964, 32.07212952312651, 34.57271346522527, 36.06937672185053, 32.362291214897255, 31.1849537841208, 27.87085321010595, 35.17013732150817, 35.44961341580971, 36.559415313075995, 36.68300372134522, 36.93716658163833, 44.2344489363948, 43.12822299766172, 42.16101100278149, 42.35466554517105, 37.12726910771801, 34.06692937682644, 33.87079572208068, 32.60446958109122, 32.83390932948316, 31.958305831722853, 31.793570786989036, 31.555676429102206, 31.22730544846764, 30.67451560261169, 22.580071181320772, 22.193440236398132, 22.080792095421014, 21.508328432447197, 20.408947808484765, 19.582243683767544, 18.561169229354828, 16.745368927992246, 15.734510289372462, 14.661615672321215, 30.258654885989113, 38.383622729007485, 48.0, 44.46511882474853, 43.591608184073124, 43.89116341955547, 47.95512636487626, 42.781595911987644, 42.30264113856698, 33.65009404011349, 40.02254359077461, 36.08533242182648, 34.37053973140373, 35.14364974425977, 32.87021460892282, 25.01584958569981, 19.71289591306611, 14.827084008261373, 11.490863495469252, 8.23673343048648, 6.99723938367516, 6.771637367073598, 7.025891261469334, 6.292670399876095, 13.061660735389289, 12.885341073008615, 12.324513921692613, 11.998018396197912, 11.830575892889247, 11.361602647876996, 11.121784445456, 10.97543283369376, 10.720936595106071, 11.356696495416452, 11.814517287389073, 11.426316616649107, 10.657440935404683, 9.839989808674737, 9.506144332079169, 8.388161716303335, 7.818370099541677, 7.529163784392681, 6.386332129994166, 6.122388740232055, 10.136567600916626, 5.694819479420002, 5.263141901718452, 5.107576023605111], "test": [22.0, 22.0, 22.0, 22.0, 22.0, 22.0, 21.8, 21.0, 21.0, 21.0, 21.0, 21.0, 21.0, 21.0, 21.0, 21.0, 21.0, 21.0, 21.8, 22.0, 22.0, 22.0, 22.0, 22.0, 22.0, 9.6, 5.000000000000001, 5.000000000000001, 5.000000000000001, 5.000000000000001, 5.000000000000001, 4.4, 3.999999999999999, 3.999999999999999, 3.999999999999999, 3.6000000000000005, 3.0, 2.5999999999999988, 2.000000000000001, 2.6000000000000014, 5.2, 7.6, 11.600000000000001, 16.2, 23.0, 14.2, 19.4, 8.6, 19.8, 8.8, 18.8, 20.0, 12.600000000000001, 19.4, 17.6, 12.0, 28.0, 36.8, 40.8, 38.8, 37.6, 37.0, 36.8, 37.0, 38.8, 39.6, 40.6, 42.0, 42.4, 42.8, 43.6, 44.6, 44.0, 44.0, 43.6, 44.0, 43.0, 42.0, 42.2, 43.4, 43.4, 45.0, 45.0, 44.0, 43.8, 41.8, 41.0, 40.8, 39.8, 39.8, 40.0, 37.4, 35.2, 34.2, 33.0, 32.0, 30.6, 37.2, 30.6, 30.0, 38.6, 35.8, 32.0, 30.800000000000004, 29.6, 21.2, 16.4, 16.8, 15.8, 15.600000000000001, 20.0, 26.4, 32.6, 30.6, 23.8, 20.8, 15.8, 13.6, 10.999999999999998, 11.2, 8.4, 7.4, 6.6, 6.0, 6.0, 6.0, 5.4, 6.4, 6.0, 5.2, 5.2, 4.8, 4.0, 4.8, 5.6, 6.0, 3.0, 1.6, 2.0, 2.0, 1.9999999999999996, 2.0, 2.0, 2.0]}