{"day": 2, "month": 10, "station_id": 732, "predict": [1.6626492898272716, 2.2827115451613897, 3.0386841271697946, 3.818884424679907, 5.022308539431103, 5.549817171660388, 6.25255665471733, 6.931677964071403, 7.488288493258235, 7.923445488612557, 8.338156860126734, 8.733383222249246, 9.110040066301067, 9.468999871639516, 9.811094124953309, 10.13711524599591, 10.447818423074954, 10.743923362344402, 11.026115954914623, 11.295049865635496, 11.50134804723154, 11.745604183296201, 12.028384063487747, 12.250226894112261, 1.5507027357879506, 2.1755169297920274, 2.7910492985633177, 3.3834857685458366, 3.9512918361664373, 4.495068547776206, 5.015757998135372, 5.514327163250883, 5.991713426970563, 6.248816380182376, 7.036497751879506, 7.555582721323745, 8.20686141848216, 8.691090403920695, 9.558994093470009, 9.511266123714158, 8.848570659701599, 8.521543647136085, 8.03079401137137, 6.87690480546387, 7.860434309446545, 9.131917082896367, 9.941864972779848, 10.190768078476772, 0.0, 0.0, 1.1099172772057477, 2.6649356137910507, 1.1499741622791224, 1.0140638120883891, 0.7577290878426304, 0.23172947137528865, 0.0, 0.0, 0.19336297279259335, 0.0, 0.3329688352882422, 0.9543276392574729, 1.4608848011252247, 1.2032302856073374, 1.4819305426106828, 2.0975294444539685, 3.2505491857606796, 3.8414911474889437, 3.920836726523712, 4.489048132203142, 4.296569151097032, 4.643825881302639, 4.430509040184376, 5.165840551433892, 5.06135045039898, 4.650294081454269, 6.129992826403127, 6.8502962216856815, 7.311496971059828, 8.263954636286623, 8.35802816426616, 7.5940642166389924, 7.372395564442167, 7.343341281240313, 6.207207241332123, 5.414286653914631, 4.614860585354367, 5.359198461677574, 5.74755855058392, 4.6301884235579145, 4.157325398852789, 4.3291969661300636, 4.4460211935129355, 5.108007117781504, 5.615355118407996, 6.318257276101215, 3.8168873650888893, 4.261042978861579, 3.0755593333424986, 2.9276614222258535, 3.1707705852720456, 0.20578695676138872, 0.0, 0.0, 0.0, 0.0, 0.0, 0.0, 0.9035831910968526, 1.1355938495613012, 1.4621525237986164, 0.5834843784657264, 0.24980527899768737, 0.4613221756755513, 0.9182334718209778, 0.4207293767824935, 0.0, 0.4131968971522625, 1.5035109377576403, 4.240095046793116, 3.5391581659012408, 5.131412014321161, 8.519528662416102, 8.071204213340101, 8.421749899265702, 8.018665481967727, 8.011642825832787, 8.300763209148718, 8.786172440683227, 9.01802250170235, 9.496461248395503, 10.171630772941578, 10.193667317140848, 11.712701457346046, 13.07885832996773, 14.742257856288948, 15.203014959480466, 15.561239772854314, 15.817037839488632, 17.120510303541568, 17.07175409359312, 17.32086209834577, 17.46792333500216, 17.463023110624974], "test": [0.9999999999999988, 0.9999999999999988, 0.9999999999999988, 0.9999999999999988, 1.000000000000001, 1.000000000000001, 0.9999999999999988, 1.000000000000001, 1.000000000000001, 1.000000000000001, 1.000000000000001, 1.000000000000001, 1.000000000000001, 1.000000000000001, 1.000000000000001, 1.000000000000001, 1.000000000000001, 1.000000000000001, 1.000000000000001, 1.000000000000001, 1.000000000000001, 1.000000000000001, 1.000000000000001, 1.000000000000001, 1.000000000000001, 1.000000000000001, 1.000000000000001, 1.000000000000001, 1.000000000000001, 1.2000000000000004, 2.0, 2.0, 2.0, 2.1999999999999993, 2.9999999999999987, 2.9999999999999987, 2.9999999999999987, 2.9999999999999987, 2.6, 2.7999999999999994, 4.199999999999999, 4.6, 4.200000000000001, 1.3999999999999997, 2.400000000000001, 3.000000000000001, 2.7999999999999994, 0.6000000000000002, 0.4000000000000009, 1.2000000000000004, 5.0, 9.6, 9.0, 5.2, 2.3999999999999995, 1.8000000000000007, 0.7999999999999995, 2.6, 5.6, 6.0, 6.4, 6.6, 5.0, 5.0, 5.0, 5.4, 5.4, 5.800000000000001, 5.2, 5.4, 4.6, 4.2, 6.0, 6.6, 5.0, 5.0, 5.4, 5.0, 4.2, 2.0, 2.0, 1.6, 0.0, 0.6000000000000002, 4.0, 4.6, 6.0, 5.0, 4.6, 3.2, 0.39999999999999974, 0.0, 0.0, 0.39999999999999974, 1.3999999999999997, 3.0, 2.7999999999999994, 0.6000000000000002, 0.0, 1.3999999999999997, 4.8, 0.6000000000000002, 1.6, 0.4, 0.8, 0.0, 1.2, 1.1999999999999997, 1.1999999999999997, 5.4, 6.800000000000001, 4.2, 2.4, 1.6, 2.2, 3.4000000000000004, 5.0, 5.6, 5.2, 4.2, 3.8, 2.3999999999999995, 4.2, 6.0, 6.6, 7.0, 7.6, 7.6, 7.0, 7.4, 7.0, 7.0, 7.800000000000001, 9.2, 10.0, 10.0, 10.0, 10.0, 10.0, 10.0, 10.0, 10.0, 10.6, 11.0]}