{"day": 5, "month": 7, "station_id": 12, "predict": [38.50703038439954, 38.81799158855137, 39.11943351608936, 39.41006987736136, 39.69012738799142, 40.093336386020106, 40.55343024921013, 40.8041254518676, 41.04578686573775, 41.27876200862017, 41.50338215825503, 41.98663007085615, 42.26214094576126, 42.463536640886474, 42.657759813425216, 42.845074659877774, 43.02573426210628, 43.19998121207368, 43.36804818729244, 43.530158481775715, 43.68652649677897, 43.837358195169344, 43.9828515228582, 44.12319680037365, 38.314981730081506, 38.65888801669397, 38.995352094360115, 39.32011798217979, 39.63304339034256, 39.93450152260504, 40.22491604437199, 40.50470134019729, 40.77425554465876, 41.033960430730836, 41.28418214189793, 41.525271981460364, 41.75756716011504, 41.98139149322011, 42.19705605065098, 42.404859763266444, 42.605089989781646, 42.79802304748451, 42.98392470988946, 43.163050674112995, 43.06898033381184, 43.168617193276994, 43.328855924722006, 43.48324940393907, 37.86410891661364, 38.206040158425225, 38.54589271297207, 38.87358684232615, 39.18837770156561, 39.49072079930682, 39.51452645981484, 39.72702030038153, 38.26206111665196, 37.72014151669353, 37.50172374069367, 37.407242152609115, 37.57043885252107, 36.925032403490235, 37.07138635879655, 37.276510943306484, 36.874064574281874, 36.331021905002636, 36.31434173946089, 35.89096816478877, 36.19449824665814, 36.35851629828708, 36.449928065886716, 36.335628172372076, 35.03473576604982, 35.16593838076547, 35.94273389215336, 35.89788246922361, 36.23262397064794, 37.28189855333576, 37.713910071874245, 38.26339680363471, 38.3316343615039, 38.053113923830594, 38.42888719215075, 38.12657697665621, 37.94705336933907, 37.424442265536584, 37.95946633540918, 38.68611853839575, 38.60500159742084, 38.98333350745137, 40.28828581173256, 40.986988038607485, 40.61319835215556, 40.36730713089281, 40.38300685038818, 39.39396164113371, 28.22544770691228, 28.52184014565017, 29.710828769754958, 29.742089438657505, 30.01925123762547, 30.410583420002965, 30.78397700811254, 31.273856764950043, 31.681222858348754, 32.2736633443452, 32.8520286466109, 31.550438130342364, 32.236285964165326, 32.710246396308996, 34.172945178336995, 34.6916305233045, 34.733510312230685, 35.89908892450049, 36.25550373013967, 36.93652794469439, 37.742573210633864, 37.0073585994055, 36.66457939213646, 36.847908994461115, 15.11029880536584, 15.61281529342486, 16.115483170453256, 16.9552700827055, 17.46438931842814, 17.97451318006187, 18.417440089005606, 18.658493887497972, 20.09651200797788, 20.86382614729472, 21.35957733401621, 22.649699549006645, 22.600238473082854, 22.277338512225636, 23.747231258783387, 24.409558564793297, 24.064030087238375, 24.44374851370933, 24.815202357266593, 25.111592888132638, 24.79949511401537, 25.478852730515417, 25.416306971666348, 25.94519263164607], "test": [38.0, 38.0, 38.0, 38.0, 38.0, 38.0, 38.0, 38.0, 38.0, 38.0, 38.0, 38.0, 38.0, 38.0, 38.0, 38.0, 38.0, 38.0, 38.0, 38.0, 38.0, 38.0, 38.0, 38.0, 38.0, 38.0, 38.0, 38.0, 38.0, 38.0, 38.0, 38.0, 38.0, 38.0, 38.0, 38.0, 38.0, 38.0, 38.0, 38.0, 38.0, 38.0, 38.0, 38.0, 38.0, 38.0, 38.0, 37.6, 37.0, 37.0, 37.0, 37.0, 36.4, 36.0, 36.0, 36.0, 36.0, 36.0, 36.0, 36.0, 36.0, 36.6, 36.6, 36.0, 36.0, 35.2, 34.0, 33.0, 33.0, 33.0, 34.2, 35.0, 35.8, 36.0, 36.0, 34.6, 31.999999999999996, 31.600000000000005, 31.0, 31.0, 31.400000000000002, 31.999999999999996, 31.8, 30.8, 29.200000000000003, 29.0, 30.0, 29.799999999999997, 28.0, 24.6, 22.2, 23.0, 23.6, 28.6, 28.0, 28.0, 29.0, 30.0, 31.0, 30.2, 31.0, 30.4, 30.0, 31.0, 30.0, 30.0, 19.2, 11.999999999999996, 12.599999999999998, 14.0, 14.400000000000004, 15.0, 15.0, 15.0, 15.0, 15.0, 36.35, 15.0, 15.0, 14.600000000000001, 34.85, 34.75, 34.75, 35.199999999999996, 15.0, 35.25, 14.0, 14.0, 35.699999999999996, 35.49999999999999, 35.39999999999999, 36.0, 35.599999999999994, 35.1, 36.0, 36.150000000000006, 35.550000000000004, 35.5, 35.349999999999994, 34.85, 34.35, 34.75, 34.39999999999999, 34.49999999999999]}