{"day": 4, "month": 6, "station_id": 361, "predict": [0.29672986893435666, 0.37788251579452276, 0.37675568233843215, 0.37293115171375246, 0.43097325816876964, 0.5042967998355734, 0.592017291930677, 0.6920987153111042, 0.8024112737113334, 0.921015520040257, 1.0462101198238334, 1.176518506972584, 1.3106640064541817, 1.94754547899573, 2.086215664462055, 2.225862195872324, 2.3657909231706507, 2.505411220938941, 2.6442230230129162, 2.7818053766805844, 2.9178063418831925, 3.051934083782664, 3.183949024762852, 3.313656936667243, 0.3536635385938455, 0.6062685943627936, 0.7992411559777065, 0.9211109017820001, 0.8872945203228579, 1.0524038279832477, 0.8672475416037679, 0.3815182499886054, 0.544670118503707, 0.7061719123817554, 0.8655671350137698, 1.022480023030272, 1.0266082487712263, 1.0777134237902843, 1.3756121054374386, 1.870167815582553, 3.7612840642323446, 5.8488982735039, 10.98297649327379, 17.463508811671772, 27.390505375739256, 30.61399294789775, 30.18401193262706, 29.85061381534255, 45.980328869212855, 43.52771120213142, 37.956992762744264, 35.6718099321256, 39.27215442747729, 47.17907470088072, 48.475214287254886, 48.04897861809982, 46.891562886824175, 45.84563782070676, 47.054799649648785, 44.76333371065409, 40.916099568157186, 42.50846248166836, 41.186243198623096, 41.14567591239585, 38.083370749898386, 38.89627947781774, 39.78166392501218, 40.68706688931018, 40.91028538068642, 41.09934607390618, 41.80248284582043, 42.018116270439386, 39.798661469334085, 38.09430151596168, 36.03478438395204, 36.58297141207373, 37.087556448737665, 37.07602062093055, 37.63748167833157, 37.866014339139326, 38.30788134615627, 38.36038578693937, 38.82139505400191, 39.43913738724046, 39.91210750962555, 39.689016077646954, 40.51875733632195, 40.950385003670476, 40.433092471680325, 40.96619573872978, 41.149118379512515, 40.781378201475235, 40.462575371817735, 40.09238185554862, 40.220532031862355, 38.996814371616324, 42.028699944057685, 37.74596365275904, 27.50679623211847, 23.511634667106932, 21.514094298248406, 16.46806684874883, 19.226126539428815, 22.689779036912896, 23.809882577067228, 25.886917472888918, 29.121131055210224, 29.91261481657663, 29.561348606393548, 31.517228945214406, 33.58008917195497, 43.90971486336067, 35.47585612534799, 35.20823757757635, 35.79656651648702, 35.140539586856754, 33.93984821125514, 33.794182978017936, 33.753237154374894, 33.16670946522834, 16.60245926818402, 15.802415172772573, 16.21338481198045, 15.846309806405978, 15.966037289412455, 15.666402980187287, 15.089662263609165, 14.679625291342111, 14.781526861764565, 14.991590519546211, 15.506734698413847, 15.17440190792539, 14.292454970715534, 14.109106757692025, 14.522867366569152, 14.832501501459172, 15.086992710453682, 14.785512792524825, 15.127395392811662, 14.312113125329237, 13.839257723063943, 13.258522809137736, 13.419688946105616, 13.622610668533206], "test": [0.0, 0.0, 0.0, 0.0, 0.0, 0.0, 0.0, 0.0, 0.0, 0.0, 0.0, 0.0, 0.0, 0.0, 0.0, 0.0, 0.0, 0.0, 0.0, 0.0, 0.0, 0.0, 0.0, 0.0, 0.0, 0.0, 0.0, 0.0, 0.0, 0.0, 0.0, 0.0, 0.0, 0.0, 0.6000000000000001, 1.0, 1.0, 1.0, 1.0, 1.0, 3.6, 5.4, 9.2, 19.8, 35.2, 46.4, 33.6, 46.8, 32.0, 20.6, 21.2, 6.800000000000001, 8.4, 8.599999999999998, 28.6, 49.6, 54.39999999999999, 55.00000000000001, 55.00000000000001, 55.00000000000001, 49.4, 48.8, 42.6, 41.2, 42.6, 43.4, 44.8, 46.2, 48.8, 50.8, 42.8, 41.0, 41.0, 41.0, 41.0, 41.8, 42.0, 42.0, 42.0, 42.0, 42.0, 42.0, 42.0, 42.8, 44.6, 45.0, 45.0, 45.0, 45.0, 45.0, 45.0, 44.4, 44.0, 43.6, 43.0, 43.0, 43.0, 37.4, 27.400000000000002, 24.6, 25.6, 27.400000000000002, 27.199999999999996, 38.4, 44.0, 44.8, 48.0, 53.0, 53.0, 53.0, 51.0, 43.4, 29.4, 28.8, 27.400000000000002, 28.0, 24.0, 18.4, 16.6, 16.0, 16.0, 15.199999999999998, 15.0, 15.0, 13.399999999999999, 12.999999999999998, 12.6, 12.0, 12.0, 11.400000000000002, 11.0, 10.999999999999998, 11.0, 10.999999999999998, 11.0, 11.0, 11.0, 10.8, 10.0, 10.0, 10.0, 10.0, 10.2, 11.0]}