{"day": 1, "month": 4, "station_id": 12, "predict": [44.70915765073764, 44.727884658020066, 44.784515828593555, 44.96910888424661, 45.13218870772835, 45.14893490758651, 45.18564256005901, 45.131132828041224, 44.88563491744968, 44.89824885022831, 44.91764329406839, 44.92897037842751, 44.94199389512335, 44.95040279404261, 44.96014908926367, 45.16662217958282, 45.30632182487335, 45.11027889417576, 44.980602433235205, 44.982543824331444, 44.98389350404248, 44.98386367936673, 44.98319275497419, 44.98145188677677, 44.99055668581454, 44.996486969254626, 45.00419544425084, 45.01104321857639, 45.014179415814425, 45.01927137257491, 45.02376024027746, 45.02791945267693, 45.03009652135427, 45.031889969618575, 45.03282831133548, 45.03334510865243, 45.03285300576625, 45.031775303339465, 45.02997257099769, 45.02768531706295, 45.02475852236344, 45.0213336985993, 44.81736925812495, 44.67963997416757, 44.341452914330056, 44.00287187534713, 43.79722806487748, 43.324572937855095, 41.647428950881576, 40.441019305373494, 40.46141253345518, 39.39005445952897, 37.16926932272161, 36.057801120485, 34.90968171094053, 36.20938537930257, 34.89216675198358, 33.202175756201, 31.305497818285083, 29.703825322255216, 26.585545782604274, 24.380130501791744, 24.059281343583642, 23.59394076913003, 23.668556045563033, 22.468417272701636, 21.139835063443556, 20.54057046642892, 20.21028408382387, 20.07698405373232, 20.27822438367742, 19.877773690781474, 1.3541267525788323, 1.3334374649499274, 1.4039462657491435, 1.8191818380614293, 1.7921349751543827, 0.7132276063248482, 0.5164343153242592, 0.8421479238339316, 3.1724586836867243, 4.307913069671235, 4.159865132999561, 4.5568188132266965, 4.22249258973962, 4.56124222734678, 3.6297097582027615, 6.2344630738418205, 6.505905918896567, 3.7799270642061376, 1.0531654928768335, 1.3937742990520838, 1.8671235219837632, 2.4741215256802844, 2.9469991898904175, 3.0860880087427347, 14.760100594688309, 16.16049481810977, 17.849912138547882, 19.233659534544323, 19.840197294408345, 21.94607753089363, 23.784203945004663, 24.447980078328044, 24.481644647638294, 24.60616958726778, 26.505392947210954, 27.96422048358743, 30.15058467654799, 31.150338798157865, 32.27761895455446, 34.21403391472277, 34.94999934034537, 36.0257924536702, 36.6349032423624, 38.18159784842863, 39.26263564872491, 39.94700077854185, 39.09921508277138, 39.05382809698515, 44.717606443232256, 44.47409691120242, 44.509895166034376, 44.81930531210349, 45.68780308053492, 45.517725450058805, 45.77512938112659, 45.67955968858403, 46.14623464174709, 46.447339102627566, 46.5718295233529, 46.691091380086974, 46.62495323038943, 46.552382920733564, 46.48791261701828, 46.42277934896926, 46.36422562204339, 46.30581568876176, 46.25152876487259, 46.198380416871125, 45.948704039621106, 45.76721867337146, 45.72172480476922, 46.011173644154624], "test": [45.0, 45.0, 45.0, 45.0, 45.0, 45.0, 45.0, 45.0, 45.0, 45.0, 45.0, 45.0, 45.0, 45.0, 45.0, 45.0, 45.0, 45.0, 45.0, 45.0, 45.0, 45.0, 45.0, 45.0, 45.0, 45.0, 45.0, 45.0, 45.0, 45.0, 45.0, 45.0, 45.0, 45.0, 45.0, 45.0, 45.0, 45.0, 45.0, 45.0, 45.0, 45.0, 45.0, 45.0, 45.0, 45.0, 44.8, 42.8, 41.6, 37.8, 35.4, 35.8, 34.6, 31.2, 29.6, 25.6, 17.6, 12.399999999999999, 10.2, 7.599999999999999, 5.0, 1.6, 1.7999999999999998, 1.000000000000001, 1.000000000000001, 0.599999999999999, 0.0, 0.0, 0.0, 0.0, 0.8000000000000014, 1.4000000000000004, 3.5999999999999996, 1.9999999999999996, 0.19999999999999968, 0.0, 0.0, 0.19999999999999968, 0.0, 6.4, 15.800000000000002, 12.8, 11.6, 9.8, 10.6, 12.0, 11.8, 12.599999999999998, 12.599999999999998, 11.8, 12.0, 13.0, 12.0, 12.2, 12.599999999999998, 13.4, 14.2, 5.0, 7.600000000000001, 10.8, 14.600000000000001, 16.6, 19.0, 22.4, 20.8, 15.6, 20.6, 21.4, 22.6, 25.8, 30.2, 32.6, 36.6, 38.4, 41.2, 44.0, 44.6, 45.0, 45.0, 45.0, 45.0, 44.8, 45.0, 45.0, 45.0, 45.0, 45.0, 45.0, 44.6, 45.0, 45.0, 45.0, 45.0, 45.0, 44.2, 44.2, 45.0, 45.0, 45.0, 45.0, 45.0, 45.0, 45.0, 45.0]}