{"day": 0, "month": 4, "station_id": 48, "predict": [19.05277885850612, 19.095451242771972, 19.12874095210099, 19.154158014373277, 19.172762488247088, 19.18527228394391, 19.192472919062556, 19.095136561941118, 19.19395455699421, 19.18953060371675, 19.18239249007678, 19.173002285818182, 19.16176388657873, 19.149029488432845, 19.135105478446196, 19.12025773911381, 19.104716371608838, 19.08867989215222, 19.072318961965717, 19.055779702754133, 19.039186642489003, 19.022645331343583, 19.00624466351667, 20.490058936916302, 25.0, 25.0, 24.536777606741428, 24.29891998718373, 24.0667823888783, 23.844876938584637, 23.383894598894123, 23.183666982261016, 22.99378662283664, 22.81378450521, 22.643187406921005, 22.481535999606777, 22.328388987363578, 22.18332354910842, 22.04593508438915, 21.515836813674376, 20.892659300641267, 20.376049927832938, 19.465672349490244, 19.91120593354804, 20.512345198579965, 20.418799249677306, 19.330291216670553, 17.846557697610958, 19.21565359636049, 18.828624252213157, 16.772504702738832, 13.448528633787642, 11.017660150841637, 10.132357119957168, 10.144025317181802, 10.454021355912852, 10.563468871906572, 9.723265265781311, 10.284149318727334, 10.046739668080049, 9.661551872622907, 10.979010366916416, 12.099459687499895, 11.373174790532152, 13.900370181322302, 15.53120794548944, 15.715804837483605, 16.154238543789884, 16.19655321155639, 15.992764322353606, 19.082862983290795, 15.846819700322035, 20.735572956063653, 17.324833815628836, 17.140851090154623, 14.583021785086773, 14.073808425838047, 13.620627968191915, 13.124842045791404, 12.836559296055317, 12.605534448132468, 13.431435100448457, 13.51391412417788, 14.452633007611201, 16.14726790925396, 16.397510581439974, 16.503068033952857, 16.113661947167774, 15.979028036124749, 16.448915411681693, 16.423085956090425, 16.001313719672243, 15.933384340319751, 16.519094485922373, 16.65825131943053, 16.200671986161275, 8.309951791482174, 7.287560776121259, 7.363098074661578, 7.471121335612918, 4.270362104048632, 3.563448841600815, 4.200521965213942, 5.3814775773137455, 6.456243523433693, 8.674782594975769, 12.137087832762427, 14.24318530609667, 15.093132387374375, 16.68701327610701, 18.724934345993503, 19.85702006575191, 19.483409473547724, 19.754253111980255, 19.019710366831518, 20.07994716617379, 20.435133998917077, 19.985444214863186, 20.631052572334543, 20.672134003326313, 24.915717121516582, 25.0, 25.0, 25.0, 25.0, 22.662742531334352, 21.90899865198818, 20.660925564058726, 20.768221659948388, 20.88059629978551, 20.9477729957776, 20.919489793038046, 20.795498789241407, 20.375565481134707, 20.309468078865482, 20.246996834337246, 20.18795339791916, 20.18215020705219, 20.07940990645211, 20.02956479863994, 19.982456323368613, 19.93793456452424, 19.69585778312383, 19.606091975086347], "test": [19.0, 19.0, 19.0, 19.0, 19.0, 19.0, 19.0, 19.0, 19.0, 19.0, 19.0, 19.0, 19.0, 19.0, 19.0, 19.0, 19.0, 19.0, 19.0, 19.0, 19.0, 19.0, 21.6, 25.0, 25.0, 25.0, 25.0, 25.0, 25.0, 25.0, 25.0, 25.0, 25.0, 25.0, 25.0, 25.0, 25.0, 25.0, 25.0, 24.0, 23.0, 23.0, 22.0, 22.0, 23.0, 22.4, 21.6, 21.0, 19.2, 20.4, 18.4, 16.0, 13.8, 16.8, 18.2, 18.6, 18.4, 16.6, 16.4, 16.6, 16.0, 16.0, 16.0, 16.0, 15.8, 15.0, 15.0, 15.0, 15.0, 16.0, 16.6, 17.0, 16.6, 16.0, 16.0, 16.0, 16.0, 16.0, 17.0, 17.0, 16.0, 16.0, 16.0, 16.0, 16.8, 16.4, 16.0, 16.0, 16.0, 16.0, 16.0, 16.0, 10.8, 9.0, 9.0, 9.6, 10.0, 10.2, 11.8, 11.6, 10.6, 11.0, 13.0, 15.8, 17.4, 19.2, 20.8, 20.0, 19.6, 22.2, 24.4, 24.6, 24.0, 23.2, 24.6, 24.8, 25.0, 25.0, 25.0, 25.0, 23.8, 23.6, 24.4, 24.0, 24.6, 24.4, 25.0, 25.0, 25.0, 25.0, 25.0, 25.0, 25.0, 25.0, 25.0, 25.0, 25.0, 25.0, 25.0, 25.0, 25.0, 25.0, 25.0, 25.0]}