{"day": 0, "month": 8, "station_id": 331, "predict": [18.621518354423387, 19.204280172131423, 19.75080866914969, 20.263457312874106, 20.744421521567006, 21.195749543183076, 21.61935257182967, 22.017014155985432, 22.190398948722336, 22.741060846576925, 23.070450560377452, 23.379922658234783, 23.670742118029725, 23.944090424061283, 24.2010712400444, 24.442715688347928, 24.669987263231175, 24.883786403858295, 25.084954751033035, 25.274279109891417, 25.452495139207713, 25.620290786500135, 25.778309486759305, 25.92715314135696, 18.570022115562068, 19.1071249397162, 19.613306418994085, 20.090438230621615, 20.540274018189255, 20.96445707721283, 21.364527527987008, 21.74192901055732, 22.098014934239192, 22.434054311881837, 22.751237206999146, 22.98401315329151, 22.66676257095176, 22.933801202475557, 23.386050922472922, 24.024376941195587, 23.982924753479278, 23.795790183544618, 23.530355874932244, 22.587294240426036, 20.83390355247289, 19.804110520330962, 16.83180603263426, 15.384180743243926, 16.524501948786916, 12.914339463571928, 13.436361553873384, 11.490733585615931, 15.860938675167693, 9.663778975430613, 7.516043528745496, 6.434509360777821, 5.619275822331524, 4.6037655188592534, 2.388058500296164, 1.9055597167373908, 1.356333078404557, 0.8071021246349493, 0.9245839729428559, 1.3088232188774132, 1.293192457099888, 1.4777260938239496, 1.2624541205035722, 1.2474025184132413, 1.099260296876109, 0.8847131676896896, 1.1371105247744322, 1.8564657312269568, 6.5500653499757195, 7.56537970880731, 8.128321512675635, 7.837999729808638, 7.293582736298518, 7.494294177843424, 9.239409127529697, 8.994917184807688, 7.0268524957256195, 7.534624009280827, 7.4510126194349695, 6.708835176927144, 6.574275356180401, 5.5802146970065944, 4.5928971418112114, 3.7452603899232355, 3.8369340581971723, 4.33423797116016, 4.570180571377941, 4.477790774727002, 4.590116595890368, 5.906890536645147, 5.76119506338419, 5.686128167482284, 10.720878021653657, 13.382549309208839, 14.784759981889353, 13.127263883910679, 13.609822441062178, 13.032204510289134, 15.460852890242567, 18.228884160630543, 20.736088518082173, 23.582262942790795, 27.700544363434737, 30.0, 30.0, 30.0, 30.0, 30.0, 30.0, 30.0, 30.0, 30.0, 30.0, 30.0, 30.0, 30.0, 26.724482158459775, 26.641300145312957, 26.950977360675942, 26.72066573967721, 27.150815300721085, 27.24184347155268, 27.194137543787214, 27.40805693853963, 27.21726863120339, 27.222082415606035, 27.289452686705552, 27.352980086678212, 27.61291302501278, 27.802815749061025, 27.856236307394962, 27.906707747615663, 27.954415889608153, 27.999533681304435, 28.04222214346484, 28.082631242812614, 28.120900699054626, 28.157160730889544, 28.1915327457066, 27.890796643978454], "test": [18.0, 18.0, 18.0, 18.0, 18.0, 18.0, 18.0, 18.0, 18.0, 18.0, 18.0, 18.0, 18.0, 18.0, 18.0, 18.0, 18.0, 18.0, 18.0, 18.0, 18.0, 18.0, 18.0, 18.0, 18.0, 18.0, 18.0, 18.0, 18.0, 18.0, 18.0, 18.0, 18.4, 19.0, 19.0, 19.0, 19.0, 19.0, 19.0, 19.0, 19.0, 19.0, 19.0, 19.0, 19.0, 19.0, 19.0, 19.0, 19.0, 19.0, 19.0, 19.0, 18.8, 18.0, 18.0, 18.0, 17.4, 17.0, 5.75, 5.3999999999999995, 4.65, 14.2, 4.2, 4.6, 15.0, 14.0, 14.0, 12.0, 12.0, 13.6, 5.9, 6.749999999999999, 6.6, 7.5, 8.35, 8.299999999999999, 8.450000000000001, 8.75, 10.55, 10.5, 9.249999999999998, 9.9, 10.05, 9.75, 9.55, 9.049999999999999, 8.2, 7.65, 8.049999999999999, 8.5, 8.75, 8.75, 8.9, 10.2, 10.25, 10.2, 10.700000000000001, 13.05, 14.5, 13.2, 13.450000000000001, 12.95, 14.399999999999999, 22.6, 22.8, 22.8, 23.8, 24.8, 25.0, 27.4, 28.0, 28.0, 28.0, 28.2, 29.0, 29.0, 29.0, 29.0, 27.6, 26.0, 26.0, 25.0, 25.0, 25.2, 26.0, 26.0, 26.0, 26.0, 26.0, 26.0, 26.0, 26.0, 26.0, 26.0, 26.0, 26.0, 26.0, 26.0, 26.0, 28.2, 29.0, 29.0, 29.0, 29.0]}