{"day": 3, "month": 10, "station_id": 192, "predict": [13.418172675579878, 13.457245563795299, 13.872098326251088, 14.065393398427787, 14.173226121148112, 14.264816628030257, 14.342417276473723, 14.407988360016212, 14.063229314333206, 14.376277923785102, 14.54840652679933, 14.580714680912012, 14.407485203690685, 13.96287063130901, 13.980910456553872, 14.128879469723119, 14.340634153264688, 14.349957378754917, 14.357234956763664, 14.362797562657727, 14.433594870677735, 14.703202040931979, 14.7051586855734, 14.70630709103198, 14.286558678440727, 14.484653038020747, 14.641182487738526, 14.766549843700409, 14.866196841967904, 14.944269968941564, 15.00423225966072, 15.049033641903, 15.081195841111308, 15.102873687244543, 15.115905777032465, 15.121857918873017, 14.922060727511315, 14.784308884061387, 14.776222728407326, 14.765272750100975, 14.752134134832707, 14.7373717934366, 14.721456245554574, 14.104777348988991, 13.42098949076449, 13.137021819542962, 13.186420400618019, 11.236022480339006, 12.037840968278466, 10.421076943243767, 10.60977342560212, 11.146891988636886, 10.766034155767441, 8.265757691478003, 5.511110362040387, 3.567264027631894, 3.0995588794567683, 1.7734954082991208, 0.7213839967243327, 1.0089944677359217, 0.635540621573029, 0.3336665863907825, 0.23610150315223477, 0.808982355078727, 0.31851142895172513, 0.1642815816043871, 0.2792691708160482, 0.4631611937973901, 0.7156831917204893, 1.0365944921448957, 0.892350706265981, 0.6161000748664183, 0.0, 0.0, 0.0, 0.0, 0.0, 0.6168394227467431, 0.9144789878882589, 0.34121089487595957, 0.030927092058493616, 0.0, 1.2678608832761002, 1.6825373317933325, 1.8951308140006868, 2.5059207825201235, 2.9818170334202234, 3.256364338388773, 3.9964131597267207, 3.0687898546515178, 2.206966432839871, 2.6777299231569596, 2.41451806521381, 2.150754701958609, 1.9531849108301234, 2.6218765729874476, 1.1710262438262307, 1.4650109333608743, 1.831562028932875, 2.074535016051541, 2.7262778287021625, 3.7849286058107836, 4.115364618378515, 4.716041717309927, 3.9189986466621676, 5.656496158983803, 8.860986513301619, 8.99841901780918, 8.534882383655848, 9.069917005785163, 10.069830126841891, 10.067680182118524, 10.06326332913372, 10.189768539441648, 9.447101000523693, 9.835206941471663, 8.48739969128607, 8.737020136781686, 8.984098102094423, 9.162014524016316, 2.197350338142132, 4.407317801846399, 5.473165417100874, 6.4670881344978906, 7.529953151940374, 8.26877256361212, 8.756492232758156, 9.665370659241514, 9.933716830792958, 10.165957857697407, 10.432699718916215, 10.737448003736313, 11.349989311321565, 12.273100633665939, 12.842587317721401, 13.260650137392819, 13.462581946925711, 13.583461001136321, 13.424841314406228, 13.188107055418367, 13.807824604330028, 13.951759199604748, 14.154223072594307, 14.416088608761894], "test": [15.0, 15.0, 15.0, 15.0, 15.0, 15.0, 15.0, 15.0, 15.0, 15.0, 15.0, 15.0, 15.0, 15.0, 15.0, 15.0, 15.0, 15.0, 15.0, 15.0, 15.0, 13.2, 13.2, 14.0, 14.0, 14.0, 14.0, 14.0, 14.0, 14.0, 14.0, 14.0, 14.0, 14.0, 14.0, 14.0, 14.0, 13.6, 13.0, 13.2, 14.0, 14.8, 15.0, 15.0, 15.0, 14.6, 14.0, 12.4, 12.0, 12.4, 11.2, 11.0, 11.4, 10.8, 9.6, 6.8, 6.0, 5.8, 4.4, 3.2, 3.0, 3.0, 2.6, 0.8, 0.6, 0.0, 0.0, 0.0, 0.0, 0.20000000000000007, 0.0, 0.0, 0.0, 0.0, 0.4, 1.0, 0.8, 0.0, 0.0, 0.0, 0.0, 0.2, 1.4, 1.2, 0.5999999999999999, 0.0, 0.0, 0.0, 0.6000000000000001, 1.4, 0.6000000000000001, 1.2, 0.3999999999999999, 0.19999999999999996, 0.0, 0.6000000000000001, 1.4, 2.2, 2.0, 1.4, 0.40000000000000036, 1.0, 0.7999999999999998, 2.2, 3.8, 3.4, 2.0, 7.75, 7.55, 4.6, 3.8, 8.75, 8.8, 8.6, 1.4000000000000004, 8.25, 1.4000000000000004, 1.7999999999999998, 1.4000000000000004, 2.0, 3.5999999999999996, 2.4000000000000004, 8.5, 9.2, 3.0, 9.7, 10.0, 10.599999999999998, 10.049999999999999, 9.8, 9.8, 9.75, 10.1, 11.0, 12.0, 8.4, 9.8, 11.0, 11.0, 11.0, 11.8, 14.2, 15.0, 15.0]}