{"day": 4, "month": 7, "station_id": 564, "predict": [38.597886670178305, 37.36073077849342, 37.40268460805303, 37.38538290834752, 37.10716097387158, 37.1672943652953, 37.298648416404916, 37.23417457744585, 37.17353677929788, 37.31643350079642, 37.529259417904065, 38.01176859395173, 37.96373825853844, 38.05163295937897, 38.20860234807866, 38.1678125581246, 38.129111142595875, 38.0923588772379, 38.39076173814711, 38.357536366344284, 38.32590900080776, 38.29578119716024, 38.26706231786778, 38.23966878155514, 38.94656761368369, 38.8851010040647, 38.82547001859785, 38.16923238532243, 37.716390033253916, 37.66669729105643, 37.619892137991926, 37.575733616204275, 37.53400553881519, 37.494514607278916, 37.457087847625864, 37.421570203328805, 37.387822401304, 37.35571908116971, 37.325147158634785, 37.16267106050304, 37.268198138506506, 37.10831090575915, 36.8162660758887, 36.5919937208105, 36.36876319868264, 35.879849172200935, 35.32519770575785, 34.10475909813501, 34.18778130506101, 35.39598519629499, 33.94648126320892, 31.697527788072925, 29.97904281396029, 27.857210307747806, 24.998946332284874, 23.60461761496873, 22.274576152349855, 21.40913703742712, 21.341911632893737, 20.139811200041663, 18.869717463074288, 18.331819492060685, 18.05961683821296, 17.319922286383353, 17.31286426916685, 17.43855565115878, 17.297095587160122, 16.088571153494463, 15.813058780810055, 16.13729217979856, 16.127996781447752, 15.651890710702903, 7.218166778742255, 5.76891581525177, 5.329067601978004, 5.491523270849273, 5.721812142607806, 5.15264293755266, 4.783451503169145, 5.74706703948265, 7.5763839999310125, 8.604358030747786, 8.230666203023215, 6.921700662406907, 6.7438962196223, 5.9637252551417665, 5.1143598825006125, 5.995667970099335, 5.474209626093665, 7.683234091293161, 7.956010324968554, 7.825824574378626, 6.559311557348348, 6.4897858917707785, 6.417240409879189, 5.0750113319479935, 18.51372476686836, 18.21902941136129, 17.775550125693204, 16.47199688300556, 15.645206596390302, 16.49583373566812, 13.957409122194374, 12.563337212084349, 12.846946903834313, 12.408174005666025, 14.980238582467916, 15.362987203774995, 15.956233894926617, 15.959766646435869, 15.840019632192458, 15.196744600822822, 15.363014887294634, 16.938562143305674, 18.123112538413675, 18.449722505702084, 20.451447429146814, 22.72800999454908, 24.74580158508609, 27.104550096051327, 12.948610713256175, 14.088769368045513, 14.477774068344736, 14.668354358766551, 15.042332974429298, 15.664539445221488, 15.13589187033256, 16.45767791692173, 16.29780007847226, 16.79071098737731, 17.270747526133135, 17.7388092015909, 17.79570381285427, 17.84215859314245, 17.545496641766142, 18.63964542926708, 19.591810864541305, 20.002483735991945, 21.80544532125008, 22.267772276454387, 22.85650756781066, 24.50533086184552, 26.01456177954463, 26.851162743200085], "test": [39.0, 39.0, 39.0, 39.0, 38.4, 38.2, 39.0, 38.6, 37.6, 39.0, 39.0, 39.0, 39.0, 39.0, 39.0, 39.0, 39.0, 39.0, 39.0, 39.0, 39.0, 39.0, 39.0, 39.0, 39.0, 38.0, 38.0, 38.0, 38.0, 38.0, 38.0, 38.0, 38.0, 38.0, 38.0, 38.0, 38.0, 38.0, 37.4, 38.0, 37.2, 36.0, 35.0, 34.8, 34.8, 34.8, 34.0, 34.0, 32.2, 30.6, 29.4, 27.6, 25.6, 24.2, 22.0, 21.8, 22.0, 19.0, 17.6, 17.2, 16.2, 12.8, 12.0, 11.6, 9.6, 7.8, 10.0, 10.0, 10.0, 8.4, 8.0, 7.200000000000001, 4.8, 2.4, 3.2000000000000006, 1.399999999999999, 1.399999999999999, 5.8, 4.8, 3.400000000000001, 1.399999999999999, 0.6000000000000005, 0.8000000000000007, 1.9999999999999996, 0.0, 0.0, 0.40000000000000036, 8.8, 16.0, 23.800000000000004, 23.800000000000004, 22.200000000000003, 19.6, 20.2, 20.2, 19.2, 17.0, 18.0, 17.4, 17.0, 17.0, 16.2, 15.4, 15.2, 16.0, 16.0, 16.4, 16.2, 17.0, 16.2, 17.2, 17.0, 17.0, 16.4, 16.0, 15.2, 13.600000000000001, 13.0, 15.0, 12.4, 13.600000000000001, 15.0, 15.0, 16.6, 17.0, 17.0, 17.0, 17.0, 19.0, 18.8, 19.0, 19.0, 19.0, 19.0, 19.0, 19.0, 20.0, 20.8, 17.2, 16.0, 15.0, 15.0, 15.0, 15.2]}