{"day": 3, "month": 10, "station_id": 154, "predict": [4.117516893727421, 3.7312777664504977, 3.4560893858845936, 3.2543415069411887, 3.0403528318513895, 2.6687647190436192, 2.597481822181202, 2.552982792666628, 2.52975602375244, 2.5233299088941488, 2.53006839906354, 2.54701525373093, 2.5717695810674677, 2.6023847413880845, 2.6372857817449407, 2.6752018776297244, 2.7151110121278443, 3.0228613247381633, 3.131133977913615, 3.17274605657952, 3.2139589536662685, 3.2544579157513787, 3.2940019367749582, 3.332410002005216, 3.5081875820036212, 3.111438252236299, 2.81081893817319, 2.589720251725339, 2.4332769963412697, 2.328888471031081, 2.2661325605480913, 2.236465564313324, 2.2329135924090378, 2.249797973430178, 2.282502829993349, 2.3272823590667233, 2.3811023612316244, 2.9081770146706902, 7.106529195142122, 15.507903439187238, 25.9110280511002, 30.31489014852507, 29.51868796191252, 28.988458463832963, 28.79037875417647, 25.990739913656522, 21.52259227228838, 28.25239456444779, 18.034547913122214, 20.723397052275697, 21.29485175704736, 23.334589250474163, 25.048932405497222, 26.223303069138865, 27.297194540859262, 27.301768159301144, 23.328711209177083, 25.864915554005133, 29.460105777275384, 30.1942485788552, 30.47814450509645, 30.787237797573525, 30.995334786745573, 31.174915371764733, 31.330718383697462, 31.39994552381436, 31.452426386793114, 31.490751993260968, 31.317049507302315, 30.933069669167246, 31.2735908795513, 31.13980978787348, 31.503507424624644, 31.312202613099135, 31.13725672605847, 31.236079954561912, 31.204639599803965, 31.373889861967275, 31.47561062375337, 30.575428011450704, 29.539317218027318, 29.30017197444568, 28.4577398168148, 27.878575074715535, 27.16266974766731, 27.176759059362, 27.18763312332799, 26.46212007064083, 25.933739643081974, 23.8693598014081, 22.80252239098502, 22.000104032086686, 20.86231183533646, 18.58934695621416, 14.714735733564849, 11.571994875385624, 15.555230307611328, 21.75735608977611, 24.963006371425454, 20.431465659624084, 31.444931378879968, 29.286023211986013, 32.50823606941876, 30.768277790551412, 15.391786297836614, 9.906067220874478, 12.106372468954177, 13.655622920640337, 16.784197603014434, 16.68976863336212, 6.570503805657532, 3.291629281218072, 1.7520135035461417, 1.6174347062798187, 1.153861945918195, 1.2940802778437748, 1.437657902200212, 1.1175868710748815, 1.066929294054384, 0.8188012565387626, 1.0217114365367435, 1.183069111231301, 1.1944154154364615, 1.1449114268466067, 1.0211529061005835, 1.0887794564279787, 0.8838628274415428, 0.5428053913286999, 0.6014623401846594, 0.6617083869099225, 0.8581974597216402, 0.8584807051703272, 0.32977645280456164, 0.5390532121179636, 0.7530946091168846, 0.23854966269039604, 0.12863813445490424, 0.08984679099573133, 0.0, 0.0, 0.0, 0.041078738641013475, 0.08749985048734547, 0.0], "test": [5.0, 5.0, 5.0, 5.0, 5.0, 5.0, 5.0, 5.0, 5.0, 5.0, 4.8, 4.0, 4.0, 4.0, 4.0, 4.0, 4.0, 4.0, 4.0, 4.0, 4.0, 4.0, 4.0, 4.0, 4.0, 4.0, 4.0, 4.0, 4.0, 4.0, 4.0, 4.0, 4.0, 4.0, 4.0, 4.0, 4.4, 7.800000000000001, 9.4, 14.0, 16.6, 26.0, 30.0, 32.4, 35.0, 30.2, 15.600000000000001, 13.2, 25.75, 21.8, 27.8, 27.6, 22.0, 26.15, 21.4, 32.6, 33.0, 33.0, 33.4, 33.4, 34.0, 34.0, 34.0, 33.8, 33.0, 34.0, 34.0, 34.0, 34.0, 32.0, 32.0, 32.0, 31.4, 32.2, 33.4, 34.0, 33.6, 31.200000000000003, 30.4, 29.000000000000004, 28.0, 28.8, 29.000000000000004, 29.4, 30.0, 29.8, 29.000000000000004, 28.4, 28.2, 27.8, 26.0, 25.6, 23.8, 21.2, 20.199999999999996, 16.0, 11.4, 8.2, 2.7999999999999985, 17.099999999999998, 8.200000000000001, 16.6, 27.6, 22.8, 22.400000000000002, 21.4, 24.6, 24.4, 29.4, 15.3, 10.4, 9.1, 6.749999999999999, 5.35, 14.4, 9.8, 8.8, 5.2, 1.0, 1.0, 1.0, 1.6, 2.8000000000000003, 2.0, 2.2, 2.0, 3.0, 3.0, 3.0, 2.0, 1.0, 1.0, 1.0, 1.0, 1.4000000000000001, 0.4, 0.0, 0.0, 0.0, 0.0, 0.0, 0.0, 0.0, 0.4]}