{"day": 1, "month": 9, "station_id": 374, "predict": [21.599034500712293, 20.490190989818288, 19.56690581627098, 18.76094902998385, 18.193494033855817, 17.785101544336868, 17.257313119005744, 16.799617146267295, 16.402765260175396, 16.058664097792644, 15.76024864340612, 15.501360593751773, 15.276638023358355, 15.08141714512505, 15.0449787456329, 15.097138201201222, 14.968177978674111, 14.855454939358715, 14.756681526477866, 14.669880008874504, 14.593342372827248, 14.525595199189523, 14.46536893482094, 13.811571032429946, 3.922588627463497, 4.590375966789161, 5.27426035560535, 6.078101371593883, 6.532098570317081, 6.910993336876315, 7.22573027584423, 7.486855236717483, 7.703547717523218, 7.883506245487151, 8.299764322767146, 8.290894283444214, 5.927866927779029, 6.347550842587672, 7.819517362375944, 8.81282118437866, 8.996093892505092, 9.83762060848993, 11.072069440925672, 16.167209553587412, 28.990619900808046, 34.276390312254776, 32.42514964186659, 32.23742211498764, 14.09217544227857, 13.270557579061482, 13.068004104015658, 21.00294206127588, 23.75846131366167, 24.681635827496496, 18.56672520088567, 23.19282057930206, 17.795310954725018, 12.73564164151141, 20.50318969155881, 17.916467476940724, 7.457298333732202, 4.871450247218859, 5.9691346518572, 5.758741824253891, 7.113835252916248, 9.106753340924646, 9.408829581663195, 10.290573288327451, 10.355151272517837, 9.805176242816248, 9.376139995638033, 8.86982863013004, 21.0338841518057, 20.28393700343429, 20.144396505755594, 21.059673939164355, 19.910391163620105, 18.8985366045423, 18.820170187927264, 18.73572154945505, 18.23849876580374, 21.388797200297603, 23.447497575925183, 24.009450135395774, 23.40344533994422, 23.092159155312302, 21.938760411968588, 21.94018755847415, 21.22709702866073, 20.263816943381883, 19.781639248004545, 19.712116535079865, 19.320363100093132, 19.538359793196204, 22.431595593623506, 21.399045534476443, 30.851449859131705, 31.669935170782963, 36.0, 36.0, 36.0, 35.977030001892, 34.43749964188504, 30.472404329184545, 22.01126740340669, 12.784106456348777, 16.921307293897627, 16.753545032493026, 16.611739463476457, 11.427027654904075, 7.930744089563276, 5.921070648517719, 7.396354764148153, 10.088428537099256, 13.329262031459997, 15.717617421856076, 15.585704018011413, 12.06583417791951, 9.823746767204218, 8.258598138160236, 7.141097307489682, 6.24429905173283, 5.26405828608248, 4.967694681998437, 5.2428338808711255, 4.7464599908080976, 4.213175665299681, 4.51393572337755, 7.653459152246713, 7.036078695903551, 6.265537352803189, 5.211660529636727, 4.743757623182553, 4.730701067631063, 4.907665876786859, 5.27619207543149, 5.77090339404374, 5.32621684994435, 4.943044695754588, 5.22215674798725, 5.564204234561857, 5.236406100208917, 5.23923187034669, 5.239748365323725], "test": [23.0, 23.0, 23.0, 23.199999999999996, 23.0, 23.0, 23.6, 24.0, 24.0, 24.0, 22.799999999999997, 8.4, 8.0, 8.0, 8.0, 8.0, 8.0, 8.0, 8.0, 8.0, 8.0, 8.0, 8.0, 8.0, 8.0, 8.0, 8.0, 8.0, 8.0, 8.0, 8.0, 8.0, 8.0, 8.0, 8.0, 8.0, 8.0, 8.8, 11.0, 12.0, 12.6, 14.6, 16.0, 15.8, 22.4, 16.6, 21.2, 11.0, 9.400000000000002, 19.6, 18.8, 29.2, 32.8, 33.0, 33.0, 32.4, 23.0, 12.8, 2.000000000000001, 2.000000000000001, 5.6, 7.6, 8.6, 9.2, 11.399999999999999, 14.6, 16.2, 17.6, 18.0, 19.6, 20.2, 21.6, 22.200000000000003, 21.6, 20.8, 21.0, 21.0, 20.2, 19.8, 19.4, 21.6, 22.799999999999997, 22.6, 23.8, 23.0, 22.200000000000003, 20.2, 18.6, 18.6, 18.0, 18.8, 20.0, 19.2, 25.2, 29.2, 31.200000000000003, 30.0, 27.2, 22.799999999999997, 23.6, 33.4, 30.0, 23.0, 14.8, 1.7999999999999996, 1.4, 3.4, 0.0, 0.0, 1.1999999999999997, 0.20000000000000004, 2.2, 8.0, 13.2, 22.200000000000003, 19.4, 16.6, 11.0, 8.0, 3.6, 1.1999999999999997, 0.5999999999999999, 0.0, 0.0, 0.0, 0.0, 0.8000000000000002, 1.0, 1.0000000000000004, 1.0000000000000004, 0.9999999999999994, 1.0, 1.0, 1.0, 1.0, 1.0, 1.0, 1.0, 1.0, 1.0, 0.4000000000000001, 0.0, 0.0, 0.0]}