{"day": 4, "month": 1, "station_id": 109, "predict": [54.890068589628754, 54.71659319915739, 54.7168195936782, 54.753789834965545, 54.69998931476781, 54.9617454297743, 55.083033905208396, 55.22424615440965, 55.131805027203235, 55.28717453567743, 55.612396976375024, 55.95936960443711, 55.940373859769984, 55.91033755466684, 55.86098191571748, 55.83079753998666, 56.0644029318529, 56.49409617475329, 57.0, 57.0, 57.0, 57.0, 57.0, 57.0, 56.85422926414271, 56.74905487452215, 56.735832310679996, 56.74289350021114, 56.73386630664169, 56.741762508556825, 56.71873635058405, 56.68789466988969, 56.68552002165926, 56.69205851802265, 56.68650082642603, 56.68738624519274, 56.68601213189259, 56.67706594017995, 56.674482246949154, 56.677611649275946, 56.675590884123636, 56.674046659778035, 56.67454196980632, 56.672226660455614, 56.67015408012235, 56.87088899454331, 56.403666370772456, 55.4022494891138, 53.05483150786666, 51.7751181713903, 49.63627241665475, 48.09434621534071, 44.38020902770189, 41.35091066933029, 39.26709690713183, 33.07854509240447, 29.931880109313607, 29.84597428346673, 29.455450391219212, 28.158170522971933, 26.468325963148278, 25.148538730456192, 25.099216347407324, 25.058967932217815, 25.098905520187262, 25.514563420319938, 24.87217071803432, 24.25240732833123, 23.747236995242407, 24.76895770091072, 26.868302158897457, 26.82795446246685, 23.68031794503973, 24.097286809246228, 23.11744559017797, 22.369793797297827, 21.77199686371773, 20.31696963683736, 20.268510100060983, 18.632282217588838, 19.09519778795835, 19.28832870418433, 19.377241214432242, 18.547379459147216, 19.844256133601668, 19.797278493955805, 19.297820942067, 19.092951458950044, 19.319902512429397, 18.73435993825644, 17.628035813468554, 17.6327008332787, 17.884998100856944, 18.02492293848118, 18.44321063226429, 17.70160167133308, 13.299269778972537, 14.435660830648544, 14.314309726577658, 14.923394782616821, 14.27305532231583, 14.412064451750187, 15.01870003909651, 16.404947458959267, 17.735710779278495, 18.8222905166542, 21.06144252103232, 22.24201509830622, 25.04134613915052, 27.09340666037226, 27.67208389709354, 27.988189220390662, 30.496801981894485, 30.533620101353133, 30.30442018546087, 29.27197165801199, 30.101964676039774, 30.26361054632273, 29.889257670347494, 30.911660323664016, 19.965640659890063, 21.09897320390967, 21.346154199188906, 20.594515879659177, 20.5305462926182, 21.39384590038809, 22.28276796778807, 23.21046831116606, 23.601679970341333, 24.301885523742293, 24.277883149577356, 24.34627509170048, 23.123062200339778, 23.162292108750915, 25.81277277856895, 26.916832849040308, 27.145193094546073, 27.307446525062346, 28.99681944159882, 29.9458654028715, 30.69231231552615, 31.03399299710202, 32.16984003732911, 32.30168033793837], "test": [55.6, 56.0, 56.4, 57.0, 57.0, 57.0, 57.0, 57.0, 57.0, 57.0, 57.0, 57.0, 57.0, 57.0, 57.0, 57.0, 57.0, 57.0, 57.0, 57.0, 57.0, 57.0, 57.0, 57.0, 57.0, 57.0, 57.0, 57.0, 57.0, 57.0, 57.0, 57.0, 57.0, 57.0, 57.0, 57.0, 57.0, 57.0, 56.8, 56.0, 56.0, 56.0, 56.0, 57.0, 57.0, 57.0, 55.0, 53.4, 53.2, 49.8, 48.6, 48.4, 45.0, 40.4, 32.2, 26.6, 19.2, 15.2, 12.4, 8.2, 5.799999999999999, 4.599999999999999, 1.4000000000000012, 1.0, 1.2000000000000006, 7.2, 20.8, 21.0, 21.0, 20.8, 21.0, 20.4, 17.0, 17.0, 16.4, 15.0, 14.4, 12.6, 12.2, 15.4, 15.800000000000002, 14.4, 14.800000000000002, 13.8, 14.0, 16.2, 15.0, 13.2, 14.600000000000001, 14.800000000000002, 14.600000000000001, 15.600000000000001, 15.2, 14.0, 12.6, 12.8, 14.600000000000001, 14.2, 14.600000000000001, 16.2, 17.6, 16.4, 17.2, 18.4, 19.8, 22.0, 24.6, 25.2, 26.2, 26.2, 25.6, 27.8, 27.6, 26.4, 24.8, 25.6, 25.8, 21.8, 21.0, 21.0, 22.2, 23.0, 24.4, 26.6, 27.8, 29.0, 28.8, 29.0, 30.2, 31.799999999999997, 33.8, 35.0, 35.0, 35.2, 37.4, 38.6, 39.0, 39.0, 39.0, 33.8, 33.0, 33.0, 34.0, 34.4]}