{"day": 6, "month": 5, "station_id": 64, "predict": [14.623281310391938, 14.23928454014477, 13.750370648106141, 13.49424573894964, 13.069050942666586, 13.071929572999727, 13.100081066726666, 13.017618880124223, 13.088918102221339, 13.178595287473401, 13.018150232294753, 13.005942412609475, 13.273836453263185, 12.887183280848022, 12.844803409193467, 13.412305453927187, 13.655406323894493, 13.50658622769978, 13.165078323039678, 12.896859523568738, 12.70130899607107, 12.644534229919454, 12.592697908100625, 13.278678821366844, 25.0, 24.796677606129975, 23.981317562098468, 23.2385877786091, 22.429968286241213, 21.61602025043652, 21.390950714037043, 20.882818261076668, 20.420196107852735, 19.998795823918663, 19.414753795649638, 18.931254226169777, 18.545156445092932, 17.92029303918611, 17.38743841416284, 17.210947385539576, 17.255396762719826, 17.052229596193293, 16.866401794566585, 16.696364184573078, 16.20737978326833, 16.06484274430886, 16.067598796574217, 16.347933680438288, 22.182359852752832, 21.897108538487466, 23.189152949717943, 22.53039195950968, 21.784816410363117, 21.21513460491667, 20.750783935163692, 19.988181055940696, 18.92407827289703, 19.022207847450126, 18.479919313477218, 17.961484504132695, 17.331405114333545, 16.787722882318054, 17.26199885279885, 17.48596147710121, 17.191489985127053, 16.710599486514667, 16.308760947606316, 15.918222544787225, 17.337998913175365, 18.30052815933137, 17.204996521166063, 15.983997237756483, 19.139846648268456, 19.20891928300395, 20.400189025765076, 19.27910868763855, 18.915962277942022, 19.309594654259154, 18.591539350689988, 15.226701405612728, 12.480120597909371, 10.550307177405646, 10.63589793775985, 11.402311682561022, 11.781738967813972, 11.43979949375778, 11.708867038191583, 11.254728501645497, 11.609910318104093, 12.640338829378608, 12.878667895787205, 13.124273688847335, 11.043249950520217, 9.235070341750916, 5.96591784072943, 4.968681155192573, 4.071246307284846, 3.451695112327654, 5.32044797428291, 7.697977830681693, 11.589902664079887, 13.732513680627886, 12.861447549825266, 10.978679815686895, 11.619259210141703, 12.851340263010897, 15.6762109049974, 16.69498421279347, 16.975287472970578, 18.117948588364968, 17.990346707463043, 19.526427343855328, 18.260048912859762, 17.458327588144208, 15.788314020893923, 16.050335438800335, 15.911336619533834, 17.23821988007642, 17.431184205760406, 18.15706362748039, 21.59099826623585, 20.925407091990404, 22.162377244763405, 22.337046637822585, 21.70857256728697, 21.542998886836745, 19.641417860394647, 19.80517376461523, 20.168817826549258, 20.466699893317905, 21.29964023345653, 21.201619667944446, 20.639804888992185, 20.414571586279727, 20.926191322170663, 20.70818227657015, 20.160657500015517, 20.350337660128734, 20.810561905541483, 20.60796377026079, 20.809145675346873, 20.480685555518466, 20.489142445965523, 19.967727842249595], "test": [15.0, 17.2, 23.000000000000004, 23.0, 23.0, 23.000000000000004, 23.0, 23.0, 24.0, 24.0, 24.0, 24.0, 24.0, 24.0, 24.0, 24.0, 24.0, 24.0, 24.0, 24.0, 24.0, 24.0, 24.0, 24.0, 24.0, 24.0, 24.0, 24.0, 23.6, 24.0, 23.8, 24.0, 24.0, 24.0, 24.0, 24.0, 24.0, 24.0, 23.8, 23.0, 23.0, 23.0, 23.0, 23.0, 23.0, 23.0, 23.0, 23.0, 23.0, 23.0, 23.0, 23.0, 23.0, 23.0, 23.0, 23.0, 23.0, 23.0, 23.0, 23.0, 23.0, 23.0, 23.0, 23.0, 23.0, 23.0, 23.0, 23.0, 22.8, 20.0, 20.0, 20.0, 19.8, 20.0, 19.4, 18.4, 17.8, 17.0, 17.0, 17.0, 14.6, 14.400000000000002, 15.4, 15.2, 16.0, 15.2, 14.000000000000002, 11.6, 9.2, 7.200000000000001, 5.4, 3.4000000000000004, 3.0, 3.0, 2.8, 3.2, 2.8, 3.0, 7.400000000000001, 7.8, 9.6, 11.2, 13.0, 14.000000000000002, 14.2, 14.000000000000002, 15.0, 17.4, 18.0, 19.4, 19.8, 22.0, 23.0, 23.0, 23.6, 24.0, 23.2, 21.6, 21.0, 21.0, 21.0, 22.6, 23.0, 20.8, 20.0, 16.4, 14.2, 14.000000000000002, 15.2, 18.0, 18.0, 19.0, 19.0, 19.0, 19.0, 20.6, 21.2, 21.8, 21.2, 20.2, 18.6, 18.2, 20.8, 21.2]}