{"day": 2, "month": 4, "station_id": 55, "predict": [32.07518041366229, 32.16094769511006, 32.23908621313382, 32.30838391425432, 32.36940403258442, 32.422865244525134, 32.46945200867905, 32.50979418824403, 32.54446839599967, 32.574002021967004, 32.59887732837819, 32.61953525759331, 32.36971225820487, 32.31644348160996, 32.32673237326978, 32.33422001520029, 32.33918757439749, 32.34189187674092, 32.34256745756063, 32.341428438505964, 32.33867024560761, 32.33447118213479, 32.32899386867205, 32.32238656176521, 32.057370341078844, 32.31507154256764, 32.49978841603307, 32.544534512970394, 32.58313346460273, 32.61614527150649, 32.6440980728408, 32.66747667967026, 32.68672410546443, 32.70224479668768, 32.71440787251164, 32.6568834658119, 32.329978814001485, 30.93397411514993, 30.002458168634544, 30.202330485400257, 30.133803218109176, 31.330402926678648, 31.45897219336543, 30.586337766993083, 29.512645248132475, 29.5046936593551, 28.762603243745694, 29.219816500674202, 25.353316329169, 25.3746639641319, 25.510851112023143, 25.087868722202792, 25.900946068264894, 23.94608584164196, 19.753057072425737, 17.051976612633737, 13.373269842368234, 10.914308003338654, 9.606049236806696, 9.313015430686029, 8.899937838653823, 7.965071258512927, 8.240176596715045, 8.723838331494715, 8.881450068061417, 10.645201391876517, 12.01406590408589, 12.120457000194577, 12.563551295825425, 13.942612945317531, 17.990318773401327, 18.306084147303626, 9.293069724609522, 10.282051478697557, 11.041307961316878, 10.761112748099986, 9.842700462893717, 9.355014355758014, 10.033641015010677, 9.614027936108775, 9.69814598752619, 10.021164946541656, 9.85146326998093, 7.590637290425592, 7.440176376150427, 8.068137424671304, 8.34248540899826, 8.53110002682418, 12.035115165543946, 13.788924558784137, 13.793520339886763, 14.783164527857934, 15.158726811640035, 15.121021995835957, 15.670813801850715, 16.608818382799377, 9.505563663132573, 10.330941099957245, 10.041819540540745, 9.776705966865618, 10.339063186451519, 8.731700966426102, 7.557180246944439, 7.75120038225466, 5.1826140357830175, 3.786774061203711, 4.1655468357920205, 5.987324740661099, 7.320370965801947, 9.699496674623735, 11.459403936496122, 11.334694504750892, 13.593211179016933, 15.502711817916378, 18.06420939560981, 21.478644823626336, 23.480225921175386, 23.46976591267366, 23.848021493826792, 24.34903050391163, 26.568374753901928, 26.8152140715216, 27.176764096023675, 26.996322305192987, 29.20871384762278, 30.34796772840861, 30.547995225035613, 30.209316856985957, 30.265737867106658, 30.65101964573377, 30.698883910159594, 30.40968316423646, 30.450404129073405, 29.821337507992247, 24.989414117081242, 24.688207410637947, 25.051269094777, 25.6121311865612, 25.637641206989194, 25.661297194040948, 25.94991588672712, 26.03696742935541, 26.055909943664886, 26.073523981738358], "test": [32.0, 32.0, 32.0, 32.0, 32.0, 32.0, 32.0, 32.0, 32.0, 32.0, 32.0, 32.0, 32.0, 32.0, 32.0, 32.0, 32.0, 32.0, 32.0, 32.0, 32.0, 32.0, 32.0, 32.0, 32.0, 32.0, 32.0, 32.0, 32.0, 32.0, 32.0, 32.0, 32.0, 32.0, 31.6, 31.0, 30.6, 30.0, 30.8, 30.2, 28.4, 29.199999999999996, 30.8, 28.8, 28.8, 27.4, 23.8, 23.8, 23.2, 23.6, 23.4, 22.2, 23.2, 22.0, 15.0, 7.2, 3.799999999999999, 3.000000000000001, 1.4, 0.9999999999999991, 0.0, 0.0, 0.0, 0.0, 0.0, 0.7999999999999996, 2.1999999999999993, 1.2000000000000004, 1.2000000000000004, 7.000000000000001, 9.8, 9.0, 9.0, 9.0, 9.8, 13.8, 14.0, 14.0, 14.0, 13.4, 13.0, 11.2, 10.0, 9.0, 7.0, 8.2, 8.8, 8.6, 9.0, 8.6, 8.0, 8.0, 8.0, 8.2, 8.2, 8.4, 7.4, 7.799999999999999, 8.0, 7.2, 7.6, 8.0, 7.6, 8.2, 5.2, 7.0, 7.2, 4.6, 6.8, 7.0, 6.999999999999999, 10.2, 15.8, 18.6, 20.0, 21.8, 23.8, 22.2, 23.6, 25.4, 26.4, 28.0, 28.2, 27.4, 28.4, 28.2, 29.0, 29.0, 29.0, 29.0, 29.0, 29.0, 29.0, 29.0, 29.0, 29.0, 29.0, 29.0, 29.0, 29.0, 29.0, 29.0, 29.0, 29.0]}