{"day": 2, "month": 8, "station_id": 374, "predict": [0.0, 0.0, 0.4138471106743906, 1.8889527218698243, 1.966507575563076, 2.599745171421804, 3.1915942160708797, 3.794631447324064, 5.011227874790518, 4.2936327910931205, 1.4940046523588095, 1.714416996903645, 2.0068555787691604, 2.3732137751104023, 2.71528885014541, 3.0347797875057694, 3.3332867038655363, 3.612311631620099, 3.873260410817107, 4.417445443990067, 4.796089098667522, 4.810327575870845, 5.011215093943683, 5.199728264300735, 0.20763950325224045, 0.5334200205304377, 0.9065121710433796, 0.5372416481559851, 0.0, 0.0, 0.0, 0.0, 0.0, 0.0, 0.0, 0.0, 0.0, 0.0, 2.552951564064588, 3.803399916787552, 3.942543855978173, 5.671065538071729, 6.339612564908037, 6.298798057407876, 12.14920110224135, 16.291367490022306, 14.875810677663281, 10.75301291872039, 14.278885287007924, 13.641092704752108, 14.962536134130165, 21.489467056259432, 31.415092374692225, 34.14430983294433, 28.975216543902807, 25.55486766533208, 24.230198248677194, 28.898131602433857, 28.105596392986918, 25.89955125936145, 25.92701601213856, 21.53510142713911, 20.971033801542212, 20.632173387434467, 20.966027099267432, 20.47025630472147, 19.94268056400197, 18.581278112676213, 16.384183779403763, 13.699684925155486, 14.226215895168778, 14.912351391344421, 32.998201131669035, 31.70689693379991, 30.9551557264651, 30.795469672788332, 30.022889891825137, 28.680610000841664, 27.562151356132528, 26.91169105001285, 26.173959889605108, 28.694124689957462, 30.76771573063041, 31.29058595999442, 31.008885683841086, 30.119043684267382, 29.76775078513748, 29.401944362006727, 29.218793328525425, 22.115683514545882, 20.140203473589633, 19.5901307839283, 20.313418902205747, 19.658184614488782, 18.22269611476777, 21.70536172764646, 33.554728243080724, 33.178375628107894, 32.32795676792804, 35.00933925765193, 35.24687426740933, 36.0, 36.0, 34.617522539326266, 29.0154836789702, 22.74607972676001, 21.45678366659377, 20.2952208103601, 16.65918045065499, 12.396616818434975, 14.805644047828219, 12.934528298766864, 16.431678676326815, 15.345637744528483, 8.47507203154207, 7.868762739250482, 9.275596781855953, 8.59455823089076, 10.324720214826637, 10.265237301307646, 27.57232282452798, 27.44424821862043, 25.254969131802703, 21.871531623722227, 22.59781156967515, 25.931022722659492, 24.215788834486535, 23.445860893815144, 20.964799580971754, 19.516258175956096, 18.64410737586216, 17.442493821916166, 15.805868474989296, 13.778999627392853, 13.456976962559718, 12.735209739892284, 11.15942081812955, 10.425637633123374, 10.130180947299129, 10.269652009814376, 10.090918641302967, 9.941100659663856, 10.017554983531344, 9.767860683325448], "test": [0.0, 0.0, 0.0, 0.0, 0.0, 0.0, 0.0, 0.0, 0.0, 0.0, 0.0, 0.0, 0.0, 0.0, 0.0, 0.0, 0.0, 0.0, 0.0, 0.0, 0.0, 0.0, 0.0, 0.0, 0.0, 0.0, 0.0, 0.0, 0.0, 0.0, 0.0, 0.0, 0.0, 0.0, 0.0, 0.0, 0.0, 0.4000000000000001, 1.0000000000000004, 1.0000000000000004, 1.4, 3.2000000000000006, 4.0, 5.6, 6.999999999999999, 8.2, 12.4, 17.2, 17.4, 17.6, 20.2, 7.800000000000001, 3.0000000000000013, 26.36, 2.5999999999999988, 4.6, 0.8000000000000012, 1.0000000000000004, 1.0000000000000004, 2.2, 3.4, 2.3999999999999995, 3.2000000000000006, 5.0, 5.999999999999998, 7.2, 10.2, 11.0, 11.599999999999998, 25.6, 34.99999999999999, 34.2, 33.4, 33.0, 33.0, 35.0, 35.0, 35.4, 34.8, 35.0, 36.0, 34.0, 34.0, 34.6, 35.0, 35.0, 35.0, 35.0, 35.2, 36.0, 36.0, 35.2, 33.0, 32.0, 32.0, 32.0, 31.4, 29.0, 26.4, 27.8, 35.0, 31.799999999999997, 33.8, 33.0, 32.4, 35.0, 33.4, 34.8, 29.8, 24.8, 20.2, 33.2, 33.4, 30.2, 30.0, 11.08, 33.6, 31.799999999999997, 31.0, 31.0, 31.0, 30.0, 29.0, 28.0, 27.0, 27.0, 26.4, 26.0, 25.6, 24.0, 22.0, 22.4, 22.200000000000003, 21.2, 21.0, 18.6, 17.4, 15.0, 15.0, 15.0, 14.4, 14.0, 14.0, 14.0]}