{"day": 2, "month": 5, "station_id": 579, "predict": [35.222863318034406, 35.26219605568823, 35.33751712600055, 35.56045023550821, 35.71296760496373, 35.75958270893552, 35.79911368477685, 35.8335005212031, 35.86316816816642, 35.88900656789686, 35.91107693403609, 35.92994550097342, 35.94599585063658, 35.95963585253006, 35.971159098227865, 35.98084603850971, 35.988928055089865, 35.99561829974305, 36.0, 36.0, 36.0, 36.0, 36.0, 36.0, 36.0, 36.0, 36.0, 36.0, 36.0, 35.913654785006806, 36.0, 36.0, 36.0, 36.0, 36.0, 35.52878029369509, 34.628182763725036, 33.97703327295853, 33.1754278083665, 31.3234507665249, 29.121171364314428, 23.76865128923356, 19.415943430210678, 16.963093874102537, 21.360141837028767, 24.207120867297114, 22.354059420450138, 16.45098165401381, 21.540302775046715, 17.36859265918344, 13.169230153393382, 10.959013470865399, 12.39647249447942, 9.318058868238417, 6.822983213873789, 5.874507960659513, 5.413426866383133, 4.981081688722275, 5.026251336592456, 4.997828680812995, 4.644082300525806, 7.562116826868599, 5.45955542565504, 5.704383666443907, 8.374970568298023, 7.559837579366878, 10.207655796698937, 11.317210023402351, 12.68741539748077, 11.967301264689478, 11.256001354051408, 11.002737763077851, 6.78703317760657, 7.156664653684652, 9.854142756061451, 9.45429771369065, 8.949229402041926, 9.190385977205874, 8.608852922157707, 8.428356228231086, 8.900503479612047, 8.518874421987874, 8.03672708128333, 8.253441186819424, 7.519707377811353, 7.184730649881798, 7.798384512724018, 8.86036723732565, 10.070649262058465, 9.879134607195915, 9.48578816395808, 10.240557937604605, 10.093424176930087, 10.19437597261904, 10.04342087280484, 9.840574649374824, 2.632036143079139, 3.853325074678356, 5.312825235624889, 5.810347768802536, 7.327233707251821, 11.598134458674416, 15.490541295084242, 19.71914482551314, 22.04175370002213, 23.973919473250415, 26.564742295252827, 24.418357341855764, 25.63723872430124, 28.77622365170448, 31.638757674375636, 33.3780898930462, 33.5967008701714, 34.09691593287258, 34.33075609135982, 34.600075684694396, 32.20649944682962, 31.95147465918293, 33.28627445711298, 34.06203058236949, 36.0, 36.0, 36.0, 36.0, 36.0, 35.59556366425079, 32.83939777793837, 33.58947738632469, 34.04667898693964, 34.70738534713989, 35.12287269151519, 35.14214499857141, 35.11526447241073, 35.34156729162589, 35.2207452206281, 35.30239082980059, 35.28625125775028, 35.12205929389138, 35.009599235266684, 35.348664514521886, 35.73907846424308, 35.730681352041124, 35.72333405925812, 35.71691252446406], "test": [35.0, 35.0, 36.0, 36.0, 36.0, 36.0, 36.0, 36.0, 36.0, 36.0, 36.0, 36.0, 36.0, 36.0, 36.0, 36.0, 36.0, 36.0, 36.0, 36.0, 36.0, 36.0, 36.0, 36.0, 36.0, 36.0, 36.0, 36.0, 36.0, 35.4, 34.8, 35.0, 35.0, 35.0, 35.0, 34.2, 32.2, 32.0, 31.799999999999997, 30.0, 27.8, 23.0, 19.8, 17.4, 15.600000000000001, 26.4, 28.2, 25.2, 22.0, 15.2, 8.6, 3.4, 0.8000000000000002, 12.6, 19.4, 17.8, 15.0, 13.8, 13.0, 10.4, 10.0, 9.4, 8.8, 8.0, 8.0, 7.6, 6.0, 6.0, 5.799999999999999, 6.6, 7.0, 6.6, 4.0, 1.8000000000000007, 1.399999999999999, 10.6, 12.0, 10.8, 11.0, 13.0, 13.0, 11.0, 9.8, 11.0, 10.0, 8.8, 7.800000000000001, 8.0, 8.2, 6.6, 6.0, 4.0, 3.8000000000000007, 5.0, 2.999999999999999, 1.4, 2.0, 0.4000000000000006, 0.7999999999999992, 2.6000000000000005, 4.0, 8.6, 8.0, 20.08, 22.16, 16.0, 18.8, 17.2, 18.2, 22.4, 24.8, 28.2, 32.0, 36.0, 36.0, 36.0, 36.0, 36.0, 35.2, 35.4, 36.0, 36.0, 36.0, 34.6, 30.4, 32.2, 34.0, 34.4, 35.0, 35.0, 35.0, 35.0, 35.0, 35.0, 35.0, 35.8, 36.0, 36.0, 36.0, 36.0, 36.0, 36.0, 36.0, 36.0]}