{"day": 6, "month": 5, "station_id": 71, "predict": [33.71108168380311, 33.63239694111182, 34.0, 34.0, 34.0, 34.0, 34.0, 34.0, 34.0, 33.96046240869577, 33.85459438617514, 33.75419181387628, 33.65909890183119, 33.56901130344325, 33.483603970838914, 33.40260091333083, 33.32576717061632, 33.25288313311627, 33.183735129660676, 33.11811831719706, 32.78917347460193, 32.330053689594976, 32.27392274801392, 29.820620547901374, 32.565877642081155, 31.935919134742022, 31.36800725429294, 31.43948470245174, 31.40104861691196, 31.255516083929642, 31.06563872151394, 30.880143725689955, 30.71720253610351, 30.570894658638267, 30.43218768624818, 30.631993368297106, 30.50485937050865, 30.38502886843867, 30.27217457696762, 30.165550810140164, 30.064619078733017, 29.969077831086178, 30.14535044300121, 30.126497510618886, 30.045564529467125, 29.635613760920076, 29.563066258155793, 29.494361883576282, 32.61279723390876, 32.308026135073504, 31.99900449009936, 31.47354768768642, 31.282804174246902, 30.95960005530693, 30.910924397960287, 30.808421092592393, 30.650818410227302, 30.50251402515556, 30.362301961409877, 29.829919041135152, 29.438508574054524, 29.321005677246035, 29.276916623534003, 29.372460706474335, 29.14059414096989, 29.247643997211973, 28.626618214566196, 28.74387085007145, 28.1991073420203, 27.258719548316087, 26.922450573760912, 25.8567258550586, 27.248124494228136, 27.701855680939893, 27.981498875154763, 27.811178654599033, 28.260479446610347, 28.38195075722725, 28.099500862328128, 27.34916640493605, 27.26801224644541, 25.656866499331056, 24.648167470103182, 23.907959429204787, 23.502896236179577, 22.499814160599207, 21.365436045591313, 20.233046318009936, 20.30258211091415, 21.24067110545299, 21.113953933317745, 23.98906835478094, 24.73264581434886, 24.744648234041346, 24.691704078235816, 24.9071086772598, 20.34858662355519, 19.443282578499847, 18.794726121802615, 18.867858830213798, 18.486114678709882, 16.82092823579616, 15.868723520920543, 16.155659648045674, 17.30663978658866, 18.583548577987422, 19.04399122106458, 18.686601781125727, 19.247722019992718, 19.196620431985597, 19.73431105978713, 21.79452694709855, 22.844492321692158, 22.95163987210415, 29.933400881035077, 30.423768611571045, 30.223319219911133, 30.949254743809558, 31.152084590373832, 31.08228794281, 32.80416714587923, 32.09389718329505, 25.19160579357417, 25.598214536825484, 25.934877132917975, 32.758754383701934, 32.667350212609946, 32.693513229900994, 32.65355759548787, 32.61460161951176, 32.57683856819953, 32.57360428766111, 32.70483960027328, 32.40386982988022, 32.58738233977079, 32.638727058101374, 32.59123976695736, 32.54491588556298, 26.599749588302725, 26.95573452835661, 26.912862603394316, 26.871123442333364, 26.830504732558172, 26.79099268543987], "test": [34.0, 34.0, 34.0, 34.0, 34.0, 34.0, 34.0, 34.0, 34.0, 34.0, 34.0, 34.0, 34.0, 34.0, 34.0, 34.0, 34.0, 34.0, 34.0, 34.0, 34.0, 34.0, 34.0, 34.0, 34.0, 34.0, 34.0, 34.0, 34.0, 34.0, 34.0, 34.0, 34.0, 34.0, 34.0, 34.0, 34.0, 34.0, 34.0, 34.0, 34.0, 34.0, 33.0, 33.0, 33.0, 33.0, 33.0, 33.0, 32.2, 32.0, 32.0, 32.0, 32.2, 33.0, 33.0, 33.0, 33.0, 33.0, 32.4, 32.0, 32.0, 31.6, 32.0, 32.0, 31.8, 32.0, 33.6, 32.8, 30.2, 29.0, 29.0, 27.8, 27.0, 27.0, 25.799999999999997, 25.0, 25.0, 25.0, 25.6, 25.0, 24.0, 22.0, 22.0, 22.0, 21.8, 21.0, 19.8, 16.6, 15.4, 17.0, 16.8, 16.8, 14.8, 13.6, 15.4, 19.0, 18.4, 20.0, 20.8, 22.0, 23.2, 24.0, 23.4, 22.4, 22.2, 23.0, 24.800000000000004, 27.8, 29.8, 30.2, 31.0, 31.4, 33.0, 33.0, 33.8, 34.0, 34.0, 34.0, 34.0, 34.0, 34.0, 34.0, 31.4, 25.0, 25.0, 25.0, 24.6, 25.6, 27.4, 28.0, 28.0, 28.0, 28.0, 28.0, 28.8, 29.0, 29.0, 29.0, 29.0, 29.0, 29.0, 29.6, 31.0, 31.0]}