{"day": 3, "month": 2, "station_id": 270, "predict": [12.27865404859164, 12.285039849434778, 12.306395165696092, 12.308137829452455, 12.574038981839358, 12.64157185099825, 12.642851561584667, 12.643988333246146, 12.645059289389144, 12.646141714581201, 12.647234153700706, 12.64832605896911, 12.64941652671267, 12.650506925957501, 12.65159751891552, 12.652688140159064, 12.853778737040681, 12.98820266097855, 12.989293254394148, 12.990383848954243, 12.991474443229478, 12.99256503731767, 12.993655631428016, 12.994746225566619, 11.617428349934817, 11.61847553119214, 11.619487976618787, 11.55380509678858, 11.288135018042727, 11.289138817649292, 11.223474460476453, 10.95780876006493, 10.958809788440336, 11.093144345283806, 11.494145579138126, 11.628480120513132, 11.429481324832427, 11.097149199044614, 11.2981504073924, 12.099151615367054, 12.300152823197198, 12.70115403106566, 13.23548857229085, 13.236489780179555, 13.570824321398089, 13.971825529283402, 14.972826737169209, 16.373827945055048, 16.760686998891828, 17.444446959873275, 18.68430445687715, 21.23279407719349, 21.640803494432465, 21.84133759117965, 23.042557246998545, 23.178215279122163, 23.9138537396946, 25.582672712630814, 25.051481897986182, 26.253644133716296, 26.655809401516574, 26.591305645898046, 26.660134610554618, 26.528963833074773, 26.26445982671686, 26.39995579554493, 26.468785081618343, 26.070947702867006, 25.93977699308247, 25.941939616594453, 25.610768906464674, 25.27959819631194, 25.158834818615837, 25.078212595226734, 25.67892840504635, 25.28314998919536, 25.75327272550672, 26.22278678718248, 26.29228565090674, 26.095202896072298, 26.031468615571, 25.301057979388975, 24.903977471090045, 25.106897912916732, 24.64315221656303, 25.112739779210045, 25.382327263366665, 25.185248083068622, 24.921502246897074, 25.124423078170672, 25.32734390806946, 24.86359807105958, 24.399852234210368, 24.269439730743052, 24.13902722725898, 23.408614723766718, 22.335051888000017, 20.859141740728578, 20.322341132170067, 20.734035124409775, 21.206353852159605, 19.74312055638044, 17.947051590244534, 18.01798200236752, 16.15555237567897, 14.626409984488253, 12.963932812968611, 13.301461551982259, 12.43899108972337, 10.576519924955143, 9.114048582891119, 8.118243983098083, 7.389106081225735, 7.393301505769316, 7.3308302587837915, 6.53502567889585, 6.205887766365771, 6.076749853847974, 6.08094527457268, 6.751807361953263, 7.3765242369845225, 7.266430939504466, 7.532392059202114, 7.138510429999001, 7.074726691306368, 6.942065026986617, 7.009871470785364, 7.611381284575152, 8.212856237290678, 7.947613008286466, 7.282369893051879, 7.0171333520039365, 7.418564058896938, 7.41999398883376, 7.154757104984428, 6.622853638073673, 6.157616864423311, 5.9590467495412325, 5.560476630555466, 4.961906512159208, 4.696669727667895, 5.164766276491753, 4.96619615857554, 4.96762604065445], "test": [14.0, 14.0, 14.0, 14.0, 13.2, 13.0, 13.0, 13.0, 13.0, 13.0, 13.0, 13.0, 13.0, 13.0, 13.0, 13.0, 13.0, 13.0, 13.0, 13.0, 13.0, 13.0, 13.0, 13.0, 11.616666666666662, 11.616666666666662, 11.616666666666662, 11.616666666666662, 11.616666666666662, 11.616666666666662, 11.616666666666662, 11.616666666666662, 11.616666666666662, 11.616666666666662, 11.616666666666662, 12.216666666666661, 12.616666666666662, 12.616666666666662, 13.616666666666662, 14.816666666666661, 14.21666666666666, 15.016666666666659, 15.016666666666659, 15.016666666666659, 15.016666666666659, 16.41666666666666, 17.816666666666663, 17.816666666666663, 15.349999999999998, 14.149999999999999, 13.950000000000003, 15.349999999999998, 14.55, 14.149999999999999, 16.950000000000003, 19.150000000000002, 20.750000000000004, 21.950000000000003, 23.55, 25.35, 26.15, 25.55, 25.950000000000003, 26.95, 27.150000000000002, 27.150000000000002, 27.150000000000002, 27.150000000000002, 27.150000000000002, 27.150000000000002, 27.150000000000002, 27.150000000000002, 25.28333333333333, 25.28333333333333, 25.28333333333333, 25.28333333333333, 25.28333333333333, 25.28333333333333, 24.883333333333333, 23.68333333333333, 23.28333333333333, 23.083333333333332, 22.28333333333333, 22.28333333333333, 22.28333333333333, 22.48333333333333, 24.28333333333333, 25.28333333333333, 25.28333333333333, 25.28333333333333, 25.28333333333333, 25.28333333333333, 24.48333333333333, 23.28333333333333, 23.28333333333333, 23.68333333333333, 24.15, 24.95, 22.949999999999996, 22.949999999999996, 23.75, 23.15, 22.349999999999994, 23.949999999999996, 22.949999999999996, 19.349999999999994, 16.549999999999997, 16.549999999999997, 17.95, 15.549999999999999, 15.149999999999999, 11.349999999999996, 8.75, 8.549999999999999, 7.349999999999999, 6.9499999999999975, 6.9499999999999975, 6.9499999999999975, 6.9499999999999975, 6.149999999999998, 7.083333333333333, 8.283333333333333, 7.683333333333331, 7.4833333333333325, 7.4833333333333325, 8.683333333333332, 8.483333333333334, 7.4833333333333325, 8.483333333333334, 8.483333333333334, 8.483333333333334, 7.683333333333331, 7.683333333333331, 5.4833333333333325, 5.4833333333333325, 5.883333333333334, 6.083333333333332, 5.083333333333333, 5.283333333333333, 6.083333333333332, 6.483333333333333, 6.483333333333333, 6.483333333333333, 5.883333333333334]}