{"day": 5, "month": 10, "station_id": 213, "predict": [32.95901209406458, 32.89575114696506, 32.075285058296636, 32.86578755322654, 32.8480642759834, 32.70137072502545, 33.15313316428945, 33.339023978979746, 33.458339028847284, 33.44504204987822, 33.89872540918759, 33.619537513143904, 33.007374338338835, 33.39560692925013, 33.384201221119376, 33.37316055404068, 33.56246769420707, 33.68544956187402, 33.6754279141782, 33.66572772465138, 33.65633936685018, 33.713920923976445, 33.971796960460125, 33.96329249430167, 33.022354143194455, 33.030027919687576, 33.29917620583211, 33.37801811500408, 33.38827323386718, 33.39913236433321, 33.07586423250567, 33.0859849234037, 33.095769132707694, 32.77215919724057, 32.781693144184686, 32.791097544767965, 32.667006191888454, 32.476106823756886, 32.485059826371106, 32.493873014441526, 32.50254641276262, 32.51108389353949, 32.51948721994149, 32.52775920896532, 32.53590205936658, 32.543918218556534, 32.55180992632442, 32.55957945655115, 33.757705342571086, 33.25601743092791, 33.02172581008511, 33.19563506786151, 33.102754346736745, 33.34439996106364, 33.18604731926361, 32.561908790460635, 32.40504125811857, 32.18228655092716, 31.493511711800437, 30.672072910109605, 29.85125727854307, 28.697729175241303, 29.67813170165655, 30.459119028703476, 30.64067296099437, 29.622778814357396, 30.672087419063235, 30.655250888039483, 28.505587957472613, 27.75641798194969, 27.20772723608711, 27.192835759377914, 29.669803532101113, 26.517676577496534, 31.77585303182003, 22.79902486459215, 20.660511112134202, 19.862648155547667, 19.869708401257757, 25.280651556971524, 26.49453735136305, 27.511631490983234, 29.531711227037714, 29.42149190624222, 28.780860664359857, 29.476425423408084, 29.374760499039535, 33.7424649399369, 31.77946388306738, 33.552356441728996, 33.52774057904576, 33.5055507598346, 35.08572239671877, 35.06819302866919, 34.586234978890865, 34.70645563277154, 31.283654317867185, 33.38979176813233, 33.51064442590897, 33.39239493620839, 33.32193515880668, 33.22048444974757, 34.4606668895493, 32.428691499401474, 33.9341784800262, 31.77249618397822, 30.34593712698674, 30.31961073166233, 29.560898010547913, 32.53607085638604, 32.9786673305106, 31.02188985236256, 29.799113980512352, 30.510288202353625, 29.622079557553203, 28.60112871482383, 29.04742471070972, 28.160949134493354, 28.208354835145887, 28.78962614888467, 36.0, 36.0, 35.76809127344887, 35.44894135190671, 35.336487112809664, 36.0, 36.0, 36.0, 36.0, 36.0, 36.0, 36.0, 36.0, 36.0, 36.0, 35.89903912806787, 35.83404760654491, 35.70582375736075, 35.58094446023116, 35.52598837995673, 36.0, 35.09217307547641, 34.97981619594893, 36.0], "test": [33.0, 33.0, 33.0, 33.0, 33.0, 33.0, 33.0, 33.0, 33.0, 33.0, 33.0, 33.0, 33.0, 33.0, 33.0, 33.0, 33.0, 33.0, 33.0, 33.0, 33.0, 33.0, 33.0, 33.0, 33.0, 33.0, 33.6, 34.0, 34.0, 34.0, 34.0, 34.0, 34.0, 34.0, 34.0, 34.0, 34.0, 34.0, 34.0, 34.0, 32.8, 34.0, 34.0, 34.0, 34.0, 34.0, 34.0, 34.0, 34.0, 34.0, 34.0, 34.0, 34.0, 34.0, 34.0, 34.0, 34.0, 34.0, 34.0, 34.0, 33.4, 33.2, 31.0, 30.6, 30.800000000000004, 30.800000000000004, 31.799999999999997, 32.0, 32.6, 34.2, 32.0, 32.2, 31.0, 31.799999999999997, 32.8, 32.6, 33.0, 32.6, 35.0, 34.6, 35.0, 35.4, 36.0, 35.8, 36.0, 36.0, 36.0, 35.6, 35.8, 35.4, 34.8, 34.8, 34.4, 34.6, 34.4, 33.2, 34.4, 33.8, 33.2, 35.4, 35.4, 34.0, 33.2, 33.0, 35.2, 36.0, 36.0, 36.0, 35.8, 36.0, 36.0, 36.0, 36.0, 36.0, 36.0, 36.0, 36.0, 36.0, 36.0, 36.0, 35.0, 33.0, 33.0, 33.0, 33.0, 33.0, 33.0, 33.0, 33.0, 33.0, 33.0, 33.0, 33.0, 33.0, 33.0, 33.0, 33.0, 33.0, 33.0, 34.0, 34.0, 34.0, 34.0, 34.0]}