{"day": 1, "month": 5, "station_id": 213, "predict": [10.764321840449156, 11.39520968639209, 11.741157461344686, 12.07489725385771, 12.405766894407446, 12.73267676570337, 12.754644850963576, 12.821728748710912, 13.184096452584663, 13.491825578548665, 13.694971464925372, 14.99359498415037, 15.387759101628092, 16.07752573533437, 16.462955733102454, 16.744109186697756, 17.02104547799271, 17.29382326041767, 17.562500459203086, 17.82713428019099, 18.087781217776815, 18.344497061878865, 18.59733690485306, 18.846355148469772, 11.42070407160074, 11.762899921003797, 12.089132987140784, 12.416539298682437, 12.74106247801756, 13.0606026792553, 13.325374379717196, 13.435668997830234, 13.741557589970144, 13.943077098106423, 13.790281587455546, 14.383229846596265, 14.471978870827666, 14.706584329213962, 14.98710126963615, 15.51358416114265, 15.786086834949458, 16.054662479066085, 16.319363649228315, 15.830242276429383, 15.087349672424885, 15.290736535320912, 14.190452955355813, 11.786548420679047, 8.283901889214107, 7.904874825088201, 7.695134116482234, 6.486411016451319, 4.312882837696609, 2.2286341308103577, 0.0, 0.0, 0.0, 0.0, 0.0, 0.0, 0.0, 0.0, 0.0, 0.0, 0.0, 0.0, 0.0, 0.0, 0.0, 0.0, 0.0, 0.0, 4.078967236089978, 4.990081658516419, 7.756973941641272, 8.623407986899469, 9.841959126231217, 10.664807344766777, 11.037188417913615, 13.558328296984056, 12.678582008832027, 14.098057150158215, 13.06672573822531, 12.184568056831722, 13.3015786704387, 11.567753426558593, 9.033087366971653, 9.297575710587566, 10.061214154403322, 11.373998803574596, 12.585926123688251, 13.94699293114893, 12.257196386119814, 11.666533982381603, 12.625003536834933, 13.032603179492785, 10.581520494441564, 10.703806213029708, 9.505988081245563, 10.400515026108444, 11.088655528785406, 11.924184246001172, 12.457462192876028, 12.588203810137866, 13.516373253582337, 12.89202584025286, 14.165203401296314, 14.685937075543736, 13.904257671864187, 15.8201966323684, 17.5337851562757, 17.89505400660465, 20.154033574088235, 22.510753906138216, 22.015244707016173, 21.567535337943276, 22.417654819963094, 23.765631837136684, 23.911494739512456, 22.95527154603584, 16.73604383033479, 16.575275381028412, 16.165857390886032, 16.76602060363413, 17.158810593337485, 17.44607510255035, 17.629589313776812, 17.50945432459491, 17.83558178810651, 18.05800936285138, 18.376805626815454, 18.642030752758437, 19.103740329401486, 19.411989327320647, 19.816832240912937, 19.968322763907256, 20.56651374972823, 20.96145724699441, 21.1532045184241, 21.341806050937414, 21.52731156604257, 21.85977003089275, 22.139229669252185, 22.315737972248872], "test": [10.0, 10.0, 10.400000000000002, 11.0, 11.0, 11.0, 11.0, 11.0, 11.0, 11.0, 11.0, 11.0, 11.0, 11.0, 11.0, 11.0, 11.0, 11.0, 11.0, 11.0, 11.0, 11.0, 10.600000000000001, 11.0, 11.0, 11.0, 11.0, 11.0, 11.0, 11.0, 11.0, 11.0, 11.0, 11.0, 10.600000000000001, 11.0, 11.0, 11.0, 11.0, 11.0, 11.0, 11.0, 11.999999999999996, 9.599999999999998, 8.0, 8.8, 9.0, 9.0, 9.0, 9.4, 8.8, 7.800000000000001, 4.4, 3.2000000000000006, 2.999999999999999, 1.1999999999999997, 2.6000000000000005, 0.5999999999999999, 0.5999999999999999, 0.0, 0.2000000000000003, 0.8000000000000002, 0.8000000000000002, 1.1999999999999997, 1.0000000000000004, 0.0, 0.0, 0.0, 0.0, 0.0, 0.0, 0.0, 0.5999999999999999, 4.800000000000001, 5.4, 5.999999999999998, 5.6, 5.200000000000001, 5.999999999999998, 5.999999999999998, 5.999999999999998, 5.999999999999998, 5.999999999999998, 5.999999999999998, 5.999999999999998, 5.999999999999998, 5.999999999999998, 5.999999999999998, 5.999999999999998, 5.999999999999998, 5.999999999999998, 5.999999999999998, 5.999999999999998, 5.999999999999998, 8.4, 9.0, 9.0, 9.0, 8.2, 7.800000000000001, 8.8, 14.2, 16.0, 16.0, 16.2, 16.8, 16.8, 10.6, 11.599999999999998, 13.0, 14.0, 15.400000000000002, 15.400000000000002, 15.8, 14.200000000000001, 14.0, 16.0, 16.0, 17.0, 17.0, 17.0, 16.8, 18.2, 18.8, 18.0, 18.0, 17.6, 17.0, 17.0, 17.0, 17.0, 17.0, 17.0, 17.6, 18.0, 18.0, 16.8, 16.4, 17.0, 17.6, 18.0, 18.0, 18.0, 18.0]}