{"day": 5, "month": 10, "station_id": 107, "predict": [9.576061742039917, 9.438825916345893, 8.888322001388977, 8.481573301935429, 8.479740111102165, 8.479247520612859, 8.479257326969204, 8.479796357648414, 8.480906450418367, 7.949217476085306, 7.4846753198297025, 7.420565594517795, 6.8235128350308365, 6.826811398309513, 6.630424925382083, 6.500986290753224, 6.5051308171532005, 6.509496115688874, 6.514055267609377, 6.518783352365896, 6.523657318140326, 6.52865586013009, 6.53375930625609, 6.538949509931168, 9.977227281541834, 9.95312456877655, 9.929075502896945, 9.901821769371393, 9.870984958489801, 9.837184159755477, 9.800857651093152, 9.762292315864407, 9.721747524093303, 9.679472818834851, 9.635700703693546, 9.590645228315571, 9.54450352423963, 9.497457197217676, 9.449673384598562, 9.401305715504215, 9.352495226140094, 9.303371221379509, 8.987385413955804, 9.1379793449698, 9.62191842273667, 9.639292583010102, 9.790183573364708, 10.007998864373242, 8.999289884939092, 9.055926249246555, 8.841161263493891, 8.35002245805822, 8.385009348518475, 8.347623420074235, 8.438472824348942, 8.657929633301805, 8.006354508086428, 9.150771602413146, 8.958184324077521, 8.428905206892313, 9.16322468982588, 8.494746376364047, 9.090388372345581, 9.15038446452493, 8.741618585004545, 8.064292548557832, 7.385260389247568, 7.771362633550154, 9.022760514687691, 9.939603465233219, 10.055363224653489, 10.90350123161696, 14.166282909354955, 14.834413098077377, 14.378650843454153, 15.018616528908062, 15.406009033382325, 15.468961465844671, 15.139921682416615, 14.151939352929874, 14.304628200718312, 14.397550810386432, 15.163619560568174, 16.469109106825034, 16.446985943632818, 16.496905337401344, 16.61854317529485, 16.078261486432346, 14.942440634150806, 13.67747821192113, 14.749788005170574, 14.359132351181284, 13.505287891204416, 13.254711377388112, 12.940538864631241, 13.42925161765007, 14.577438204081364, 15.362488136214658, 14.771180972567524, 14.411718995722406, 14.378142038224311, 13.813075911001054, 13.383812391614374, 13.623162063194247, 14.330865977045377, 13.906815597897724, 12.217590166087993, 11.929767315042897, 11.776594280829194, 12.024656927234235, 12.47387955702032, 11.924191097983313, 12.242191451433893, 12.094484572247886, 12.081011561077815, 12.401717100400855, 11.5898825707931, 12.178792513905936, 13.70173444113883, 13.091998653850974, 3.4949447187769556, 3.035399108250666, 3.2540124879144647, 3.538328259414234, 3.889739451371118, 3.5709557579791795, 4.314257152876371, 4.319727018398539, 4.5208163865650395, 3.9842330080078625, 3.91000395556277, 4.098163641300672, 4.082086251580361, 3.4618168705465626, 3.637404064290972, 3.075566208459711, 2.309691146195416, 2.4731691741590844, 2.6327260514496444, 2.3217560351713895, 1.873654939812739, 2.088486551589468, 2.2329823962503657, 2.373874859002206], "test": [10.0, 10.0, 9.2, 8.6, 7.800000000000001, 7.0, 7.0, 9.4, 10.0, 10.0, 10.0, 10.0, 10.0, 10.0, 10.0, 10.0, 10.0, 10.0, 10.0, 10.0, 10.0, 10.0, 10.0, 10.0, 9.4, 9.0, 9.0, 7.4, 7.0, 7.0, 7.0, 7.0, 7.0, 7.0, 7.0, 7.0, 7.0, 7.0, 7.0, 8.0, 8.0, 8.0, 8.0, 8.0, 8.8, 9.0, 9.0, 9.0, 9.0, 8.4, 8.0, 8.2, 9.0, 9.6, 10.0, 9.0, 9.0, 9.0, 9.4, 10.2, 10.2, 10.0, 9.6, 10.0, 7.800000000000001, 9.0, 8.6, 8.6, 9.0, 9.2, 9.8, 12.4, 12.6, 11.0, 12.6, 12.4, 15.0, 15.4, 15.0, 15.2, 14.8, 16.2, 17.6, 18.0, 19.0, 19.4, 19.8, 20.0, 20.0, 20.0, 20.0, 20.0, 19.8, 18.0, 18.0, 14.2, 9.0, 8.6, 9.0, 9.6, 10.0, 9.0, 8.6, 8.4, 5.2, 4.2, 4.0, 3.5999999999999996, 3.0000000000000004, 4.0, 4.0, 4.0, 4.0, 2.1999999999999997, 1.7999999999999994, 2.6, 4.0, 3.5999999999999996, 3.0000000000000004, 3.0000000000000004, 3.0000000000000004, 4.0, 4.0, 4.0, 4.0, 4.0, 4.0, 4.0, 4.0, 4.0, 4.0, 3.0000000000000004, 3.0000000000000004, 3.0000000000000004, 3.0000000000000004, 1.9999999999999996, 1.9999999999999996, 1.9999999999999996, 1.9999999999999996, 2.000000000000001, 2.000000000000001, 2.000000000000001, 2.000000000000001, 2.000000000000001]}