{"day": 2, "month": 6, "station_id": 214, "predict": [12.102237694170295, 12.363814802191522, 12.432830435296287, 12.066112387258185, 12.73838154408503, 13.051093606915734, 13.53987422155853, 13.80767624292881, 13.85713726453084, 13.890487617587684, 14.10970310691443, 14.583235697005488, 14.24602253678755, 14.232829124770221, 14.211599494405124, 14.183472937647638, 14.016131513350267, 14.310479044562825, 14.400652282662417, 14.354031068903085, 14.304580855248146, 14.252860984674967, 14.199365488375042, 14.14452981696985, 11.548317658582219, 11.05934404718325, 10.672626059603092, 10.35862737993844, 10.086544873834931, 9.849020931694465, 9.64509324640072, 9.47242142269566, 9.3276699941547, 9.40770432770584, 10.309837452267072, 10.365034505111849, 9.971152106042183, 10.126244683012445, 11.428553604130164, 11.543159449152578, 11.80196557231693, 12.870349509290671, 13.213816208523474, 15.697986033370068, 19.12191721815662, 21.084762647303545, 24.119094217363788, 26.090894706427896, 30.387355136907512, 31.373024553971216, 30.573833708185525, 27.37246448630929, 28.327749382025928, 25.002210172281814, 26.60271441328619, 27.069328253447555, 26.3361740535321, 22.269503503667643, 24.002767053041104, 24.80297906369548, 25.4037517530082, 25.871949055151763, 26.67439867373268, 26.544573792248983, 26.682592414071586, 26.621884165448755, 23.029192781481203, 21.4379121226415, 21.5814216479483, 21.12642151937805, 20.20626751939506, 19.62097248660246, 23.805478965671668, 23.70235809859677, 24.208384915445546, 24.452444519520515, 25.314228809977607, 25.924347347685526, 26.087631454903555, 25.7371308341826, 25.070643162584158, 25.01973583630078, 24.783121662893823, 25.226328766367, 25.348279133567488, 25.08130702579292, 25.09116803194042, 25.110364971799555, 24.804805269358837, 25.040460780903672, 25.01669564127378, 25.999594549493057, 27.72195805740234, 27.049964925991368, 26.983168211159477, 27.321158370617024, 17.71605710645572, 15.506446746015165, 13.83770503565721, 13.704148455946667, 14.789301208928974, 14.361599218426488, 12.61789569101467, 13.42226344755418, 12.106033087420206, 10.667412370266709, 8.90479537845722, 6.483428109450601, 4.60204073518311, 4.526157806259679, 4.988088719239821, 6.053586036299531, 6.0551686066237735, 9.658778145928522, 9.863770378172777, 10.06957391568745, 9.075683221476382, 8.148318859943794, 8.220421667420656, 9.158314137754703, 21.030723249100287, 21.539138205326157, 23.044047990161936, 23.781097416413285, 23.749718365415077, 23.70805856431278, 23.720187496969782, 23.982958799249058, 23.69741789584709, 23.79901739490148, 24.089371521054307, 24.503010979227938, 24.307666640554654, 24.371007454768147, 25.027289945317367, 26.01068306004266, 26.788608486156054, 26.69508324844094, 26.66406002365674, 26.562766000334115, 26.591707918234093, 26.55134346462569, 26.70875229710892, 26.79764001334337], "test": [12.0, 12.0, 12.0, 12.0, 12.0, 12.0, 12.0, 12.0, 12.0, 12.0, 12.0, 12.0, 12.0, 12.0, 12.0, 12.0, 12.0, 12.0, 12.0, 12.0, 12.0, 12.0, 12.0, 12.0, 12.0, 12.0, 12.0, 12.0, 12.0, 12.0, 12.0, 12.0, 12.0, 12.0, 12.6, 13.0, 13.0, 12.8, 13.4, 16.4, 17.0, 19.6, 20.8, 20.4, 21.2, 24.8, 26.6, 31.2, 31.8, 32.0, 30.0, 18.0, 15.0, 19.6, 23.4, 22.8, 28.0, 16.6, 17.4, 20.2, 19.0, 18.2, 19.0, 20.8, 21.6, 22.4, 22.2, 22.0, 22.0, 22.8, 23.0, 23.4, 23.4, 23.4, 23.6, 21.8, 19.6, 17.8, 17.6, 18.6, 21.0, 21.0, 19.2, 19.0, 19.4, 20.6, 21.0, 20.8, 20.0, 19.8, 19.2, 19.0, 19.6, 20.0, 19.6, 19.2, 20.0, 19.8, 20.2, 18.2, 18.0, 18.4, 18.4, 17.4, 14.4, 14.8, 16.8, 12.6, 7.4, 6.0, 5.2, 17.2, 20.6, 18.6, 18.0, 17.4, 16.4, 16.0, 16.0, 16.0, 16.4, 15.4, 13.2, 11.8, 10.0, 10.2, 10.8, 11.2, 12.0, 12.0, 16.8, 18.0, 16.2, 16.0, 16.0, 15.6, 15.6, 17.0, 17.0, 17.0, 17.0, 17.0, 17.0, 17.0]}