{"day": 1, "month": 3, "station_id": 17, "predict": [23.227439966793156, 23.394109790567047, 23.427591842767182, 23.45976103622934, 23.490304854833326, 23.519210405252398, 23.546539790000242, 23.572371185150228, 23.596783629583335, 23.619853248004045, 23.641652439915003, 23.662249827949786, 23.68171039382988, 23.700095654725565, 23.71746384253509, 23.733870076848223, 23.749366529598763, 23.76400258124696, 23.77782496878426, 23.790877925950678, 23.803203316063758, 23.814840757844294, 23.82582774460601, 23.836199757157388, 23.03804398225012, 23.081510443721733, 23.12427579548993, 23.165295142218717, 23.20446420014281, 23.241841603120985, 23.277508882300836, 23.311547106557192, 24.410700301513018, 25.041708637278642, 25.071308643019524, 25.099566750730553, 25.1265461458626, 25.152306934179858, 25.176906297333637, 25.200398639604202, 25.42283572687387, 24.710933485083423, 24.264738791930984, 24.21762959551277, 24.236315026908745, 24.05416884036221, 23.604562848018393, 22.887533682837667, 21.69407155625453, 20.400943418888538, 18.23362654331232, 18.06677799951627, 15.76823878915665, 13.671404446496632, 9.909521612637262, 6.015830224265721, 4.123577843503452, 3.5660185386026773, 2.27641144662571, 1.6546866936434395, 1.767444995200114, 2.5479573886324856, 3.7294983483720383, 3.0453455904138633, 2.628779890683458, 3.4130849144077233, 5.198213721946739, 6.9841219503725975, 6.237434336906371, 6.624777917054352, 7.079448563654395, 9.134744199737886, 17.40213165661836, 17.51371060105501, 17.03681037523069, 16.608877639897244, 15.937990725460336, 15.817128361783588, 15.577268254044023, 15.350593489051914, 14.802952348803371, 13.066971809241748, 12.008668033106392, 12.294097597224118, 11.92268553070027, 11.827222596821112, 11.273863286143019, 11.528790725890719, 11.391548388681953, 11.261705234682102, 11.138854275420417, 11.08927788610538, 10.57927986142952, 10.075184210409702, 9.110000686128073, 8.750090379823567, 10.076975507526823, 9.340385986173636, 8.232859900126048, 8.711653872823415, 8.82851962390648, 9.895232182817946, 13.37250771529774, 14.125096822890251, 14.685469229865234, 16.253051071041877, 18.894030091624984, 22.074638519069307, 23.994472471385144, 22.653153961128364, 23.38366195743745, 23.852330778573474, 25.392182045684695, 26.0, 25.0842807492803, 25.569330307110363, 25.79116440579233, 25.749557091863753, 25.57762989238806, 23.675184284503725, 17.803813205312583, 17.367630278195612, 18.006798805653894, 18.84057935519411, 20.614276369161942, 20.847754110798945, 21.00470441026401, 21.48477904636096, 21.68826701457325, 21.948930219214255, 21.20054727498804, 21.176884023566316, 20.74502047025541, 19.905350032780497, 20.458246799817235, 20.537399744326915, 20.876480302219136, 21.14247658918289, 21.26902757621367, 21.38975722254632, 21.438275234071536, 21.54817778254326, 22.05304818759972, 22.153124230216253], "test": [23.0, 23.0, 23.0, 23.0, 23.0, 23.0, 23.0, 23.0, 23.0, 23.0, 23.0, 23.0, 23.0, 23.0, 23.0, 23.0, 23.0, 23.0, 23.0, 23.0, 23.0, 23.0, 23.0, 23.0, 23.0, 23.0, 23.0, 23.0, 23.0, 23.0, 23.0, 23.0, 23.0, 23.0, 23.0, 25.0, 25.0, 25.0, 25.0, 26.0, 26.0, 26.0, 26.0, 25.4, 25.0, 25.0, 24.4, 24.0, 23.6, 23.8, 25.4, 26.0, 25.8, 22.8, 21.8, 21.2, 8.15, 7.85, 6.800000000000001, 5.95, 5.95, 6.5, 20.0, 20.0, 19.4, 19.0, 18.2, 18.0, 19.2, 18.0, 17.0, 16.2, 16.0, 14.799999999999999, 14.0, 14.0, 16.0, 17.4, 17.6, 16.4, 16.0, 16.2, 17.8, 17.8, 18.0, 18.0, 18.2, 18.2, 18.4, 19.6, 19.6, 21.2, 21.0, 21.2, 21.0, 12.6, 12.0, 12.4, 13.0, 14.0, 14.999999999999998, 15.199999999999998, 16.2, 17.2, 19.0, 19.2, 23.2, 25.8, 26.0, 26.0, 26.0, 25.8, 25.8, 26.0, 26.0, 26.0, 26.0, 26.0, 26.0, 18.8, 19.2, 20.8, 22.2, 23.6, 24.4, 25.0, 25.0, 25.0, 26.0, 26.0, 25.0, 25.0, 25.0, 25.8, 26.0, 26.0, 26.0, 26.0, 26.0, 25.4, 25.0, 25.0, 25.0, 25.0]}