{"day": 6, "month": 7, "station_id": 18, "predict": [23.05473152248645, 23.009917387982487, 22.57882910350571, 22.56297738058255, 22.461415678473525, 22.37353297556882, 22.498737184127855, 22.686451382547226, 22.786112435060325, 22.647171817324022, 22.36909641793024, 22.3013691729937, 22.343489531964376, 22.29497377394837, 22.505355193670226, 23.424184174314508, 23.701028162631022, 23.735471560024973, 24.07711554186003, 24.275577815859556, 24.180492329281375, 24.14150893345283, 24.25829301327305, 24.180525088408228, 24.61015388302235, 24.734705480231963, 24.616274359926727, 24.505103946914087, 24.500860068814887, 24.553218297537867, 24.461857640329296, 23.526465520217236, 23.14673867999986, 23.22238363963449, 23.10311697790642, 22.838665510005544, 22.778766381654734, 22.723167092285333, 22.671625457429222, 22.62390951923155, 22.57979741297461, 22.53907719661087, 22.501546649503332, 22.46701304585357, 23.485292907652774, 24.80621174141286, 24.87960376241579, 24.855311609754654, 25.033568068268973, 25.069278687049355, 25.101006539674795, 25.128321111526564, 25.15150623696001, 24.920928585780104, 24.33694109746295, 24.149870999360267, 23.960019774695333, 23.917664770844556, 23.573060931863935, 22.82644244303356, 22.42802426393414, 22.02800355359906, 21.626560994717952, 21.873862023902618, 21.020057974600775, 21.465287138783072, 21.959675753093247, 21.85333891474686, 22.29638143208906, 22.238898614374673, 21.630977005011964, 21.522695062213163, 24.429328107728427, 23.82689292797567, 23.178428899850594, 22.535030938636694, 21.046617949635298, 20.113122524454422, 18.734460064072096, 18.760538069448447, 18.091257858168134, 18.326515729227832, 19.166203907782748, 17.36021138176786, 19.158424652061008, 18.770728405590813, 18.467006118205756, 17.137140593306466, 15.09101444173003, 14.708510507938918, 17.049512247169602, 15.22390405782948, 14.161571573092186, 14.77240191532862, 15.456283916721803, 16.863108309146565, 22.484958440505903, 22.390388776726272, 22.90949235004475, 22.793708604047275, 22.54030500355272, 21.65777325848355, 22.184766369793472, 22.110040842945264, 22.302437189137603, 22.060872571744035, 22.334335224506965, 23.471879481218128, 24.972621202375795, 25.33573354454784, 26.41044304195955, 26.446025975190267, 26.441805004358088, 26.847146046112076, 25.36145537547504, 24.9341769351474, 24.61478983631411, 23.55280603630433, 22.04776817964918, 21.649247590176127, 19.08056540802607, 19.035707969539814, 19.310335425578614, 19.843135907370886, 19.23166427129645, 19.27512079395579, 19.522979036235437, 19.274783994145977, 19.680120499125834, 20.78860672567374, 21.19989136200717, 20.913651416863427, 20.829590229020646, 21.147435612433704, 21.616938121345587, 21.637869427234957, 22.06002080082092, 21.98320169284003, 23.40723840767051, 23.431972864206408, 23.25726143869383, 22.582973884536003, 21.85899232435339, 21.68521030985105], "test": [24.0, 24.0, 24.0, 24.0, 22.0, 21.2, 21.0, 21.0, 21.0, 21.0, 21.0, 21.0, 21.0, 20.2, 21.0, 21.0, 22.8, 24.0, 24.0, 24.0, 24.8, 25.0, 25.0, 25.0, 25.0, 25.0, 25.0, 25.0, 25.0, 25.0, 25.0, 25.0, 25.0, 25.0, 25.0, 25.0, 25.0, 25.0, 25.0, 25.0, 25.0, 25.0, 25.0, 25.0, 25.0, 25.0, 25.0, 25.0, 25.0, 25.0, 25.0, 25.0, 25.0, 25.0, 25.0, 25.0, 25.0, 25.0, 25.0, 25.0, 25.0, 25.0, 25.0, 25.0, 25.0, 24.2, 24.0, 24.0, 24.0, 25.0, 25.0, 25.0, 25.2, 26.0, 26.0, 26.0, 26.0, 25.6, 25.0, 20.8, 21.8, 22.0, 17.2, 13.4, 13.0, 13.0, 12.8, 12.0, 12.6, 13.4, 12.8, 13.4, 14.0, 14.4, 19.8, 22.8, 23.0, 23.0, 23.0, 23.0, 23.0, 23.0, 23.0, 23.6, 24.0, 24.0, 23.6, 23.0, 22.0, 22.2, 20.0, 20.0, 20.0, 20.0, 19.0, 19.0, 19.0, 19.0, 19.0, 19.0, 19.0, 19.0, 19.0, 19.0, 18.8, 18.0, 18.0, 18.0, 18.0, 18.0, 18.0, 18.0, 18.0, 18.0, 18.0, 18.8, 19.0, 19.0, 19.0, 23.0, 23.0, 23.0, 23.0, 22.0]}