{"day": 2, "month": 3, "station_id": 541, "predict": [26.74024492518378, 26.6760161930244, 26.674902569527653, 26.67190887166303, 27.001315991106537, 27.130223873465408, 27.32548616716479, 27.320520538342954, 27.31537107587271, 27.310066231892993, 27.304628020150343, 27.299075362342382, 27.29342530694523, 27.287693495945643, 27.281894369716404, 27.27604128050114, 27.270146572770017, 27.26422165016156, 27.258277035692366, 27.25232242756072, 27.246366751424983, 27.240418209557852, 27.234484327115553, 27.2285719957027, 27.97805793987212, 27.95068996454453, 27.922402714477816, 27.89444109201415, 27.867142774463986, 27.84058906072684, 27.814788204142964, 27.789727719032268, 27.765389430552545, 27.741753828455696, 27.718801330633944, 27.69651264998725, 27.674868900096985, 27.653851624353173, 27.63344280230726, 27.613624848955332, 27.594380611570365, 27.509026698802906, 26.49088014249164, 25.539925059014166, 25.056145976924658, 24.172861164265285, 23.090055955594863, 22.67438274543983, 24.493491069007995, 23.620656583619677, 23.922923118580112, 22.820797885587524, 21.45319588000933, 19.754911538578643, 19.05960257391981, 18.03394876438098, 17.61121343368289, 16.124639615550073, 15.374133891911644, 14.49293766933053, 14.680961686449777, 15.27145292329215, 15.130994595074133, 14.926172748400012, 14.390242842503357, 13.72312966185757, 12.658093896823987, 11.99506539314803, 11.4006430704667, 11.208094843162517, 10.950690876859872, 10.96170351385076, 27.079995883568344, 25.631436415243797, 24.36738643926529, 22.62482745108766, 21.690164916020006, 21.03531156416354, 20.46137679730064, 20.23496757437161, 23.15570394104212, 24.95646118296157, 24.50343847743364, 23.59617800443793, 22.834236608986902, 22.883853458243003, 22.94461657435198, 23.21612906236919, 23.698008598944256, 22.8565535805428, 23.891409282633823, 25.002234034538272, 25.38869874419245, 25.317153106025984, 24.920625158202597, 24.798820855401832, 20.51620396781585, 20.005959919986946, 20.081788517456808, 19.974926789556644, 19.075012996007764, 20.31232875725783, 21.685941296949665, 21.928862486223668, 22.440947131497186, 24.022101598621063, 26.67224830572424, 26.19131567280889, 24.91256861110513, 25.635941033532326, 28.0, 28.0, 28.0, 28.0, 28.0, 28.0, 28.0, 27.891937703339455, 27.831728456013447, 28.0, 24.826197549668514, 25.223884782876123, 25.434143564816043, 25.643432323322592, 26.313281765499738, 25.1754638824477, 24.296398883039934, 24.342953531580537, 24.648799120659184, 23.74763948092058, 23.37317619558867, 23.059097670552703, 23.20574280496221, 22.94676725730848, 23.949143870032685, 24.013163337303126, 23.80576825978051, 23.860553859057024, 24.444435333204545, 24.357648515189954, 24.46708383363149, 24.506286910073083, 24.675459127347658, 25.04145817034878], "test": [27.0, 27.0, 27.0, 27.0, 27.0, 27.0, 27.0, 27.0, 27.2, 28.0, 28.0, 28.0, 28.0, 28.0, 28.0, 28.0, 28.0, 28.0, 28.0, 28.0, 28.0, 28.0, 28.0, 28.0, 28.0, 28.0, 28.0, 28.0, 28.0, 28.0, 28.0, 28.0, 28.0, 28.0, 27.8, 27.0, 27.0, 27.0, 27.0, 27.0, 27.0, 27.4, 28.0, 26.8, 26.0, 26.0, 26.0, 26.0, 26.0, 26.0, 26.0, 26.0, 26.0, 26.0, 25.8, 25.0, 25.0, 25.0, 24.4, 24.6, 25.0, 25.0, 25.0, 25.0, 25.0, 25.0, 25.000000000000004, 25.000000000000004, 25.0, 25.0, 26.799999999999997, 28.0, 28.0, 27.8, 27.0, 27.0, 27.0, 27.0, 26.0, 19.2, 17.0, 17.0, 17.0, 17.0, 17.0, 17.4, 18.0, 18.0, 18.0, 18.0, 18.6, 19.0, 19.0, 19.4, 20.0, 19.2, 18.0, 18.6, 17.4, 11.8, 12.0, 12.4, 13.4, 12.2, 12.4, 11.6, 12.8, 12.0, 12.0, 14.8, 18.2, 19.6, 20.2, 22.2, 23.8, 25.0, 25.0, 24.0, 24.0, 24.6, 25.8, 26.0, 26.0, 27.4, 28.0, 28.0, 28.0, 28.0, 28.0, 27.0, 27.0, 27.0, 27.0, 27.0, 27.0, 27.0, 27.0, 27.8, 27.6, 27.0, 27.2, 28.0, 28.0, 28.0]}