{"day": 1, "month": 3, "station_id": 579, "predict": [34.091410466470315, 34.18177348438745, 34.26210868662148, 34.33707369054472, 34.4076702434642, 34.47389819044132, 34.53593208374448, 34.59402465302226, 34.648410125994445, 34.699301403265835, 34.74689858175615, 34.79139118989922, 34.83295837969604, 34.871769287042795, 34.907983580049695, 34.94175200124585, 34.97321686540916, 35.00251252474456, 35.029765808714835, 35.05509644018308, 35.07861742870565, 35.100435442110694, 35.120651157576695, 35.1393595933553, 34.08870672279435, 34.176237143888876, 34.25396602526306, 34.32645157210036, 34.39466560025314, 34.45860709869894, 34.11844872911246, 34.17443972837036, 34.29347750493903, 34.342438338097075, 34.121519153636754, 34.09757306857538, 33.53744291792652, 33.041294949165604, 32.67595270256032, 30.774897551609097, 28.33826919910325, 23.832866140498204, 17.858812768530722, 16.149559787416884, 18.971884604151334, 24.859225031389116, 26.345012969800916, 24.696008071055232, 28.115138822448486, 24.454929210324323, 18.902808613676697, 14.467103698652933, 20.708297407306183, 18.210615222417278, 15.112606515739827, 11.083375189560758, 8.456283889606667, 7.831067373926867, 7.674289196422637, 7.585913949464915, 11.965906971656546, 11.614228202217046, 11.064170821465913, 10.982363035190396, 11.702101218073878, 15.890016304716179, 15.746073699740357, 16.27023990774043, 15.929149158449855, 15.78943669424438, 15.384405392577102, 14.714025724515821, 16.752812073346394, 17.034900717345547, 17.201690073526837, 16.511755219981765, 15.828236642335614, 15.017178523878746, 14.944970031891703, 14.744695524804149, 14.216106805723554, 13.025627262740043, 12.906358798630754, 12.658083146234993, 12.880594152446623, 13.173696810811526, 12.670539933455894, 12.570948914047193, 12.808091843335339, 13.248478981474031, 12.958628926757939, 13.071734813512133, 13.120997203622332, 13.439623669942522, 13.89416173680213, 13.684498509602896, 20.627013254881, 20.73120961642536, 17.773475550354107, 17.37627537067625, 19.402530097523055, 22.18128347064883, 23.710902283945508, 24.923925101003043, 27.286205151505, 24.863551971080728, 26.52180919395825, 28.19353866390157, 30.4113477746031, 33.24121769332504, 36.0, 36.0, 36.0, 36.0, 36.0, 35.83985902560287, 34.271236331659516, 34.11039633715359, 35.35692885155638, 36.0, 34.91092490878931, 36.0, 36.0, 36.0, 36.0, 36.0, 36.0, 36.0, 36.0, 36.0, 36.0, 36.0, 36.0, 36.0, 36.0, 36.0, 36.0, 36.0, 36.0, 36.0, 36.0, 36.0, 36.0, 35.999538362614054], "test": [34.0, 34.0, 34.0, 34.0, 34.0, 34.0, 34.0, 34.0, 34.0, 34.0, 34.0, 34.0, 34.0, 34.0, 34.0, 34.0, 34.0, 34.0, 34.0, 34.0, 34.0, 34.0, 34.0, 34.0, 34.0, 34.0, 34.0, 34.0, 34.0, 33.8, 33.8, 34.0, 34.0, 34.0, 34.0, 34.0, 34.0, 34.0, 33.4, 33.0, 33.0, 31.4, 30.0, 28.6, 26.2, 26.0, 25.4, 30.2, 27.6, 26.2, 30.800000000000004, 15.299999999999999, 32.2, 33.0, 33.6, 29.8, 26.399999999999995, 25.8, 24.2, 24.4, 22.799999999999997, 21.800000000000004, 21.0, 19.8, 17.6, 17.2, 18.0, 18.0, 17.0, 17.0, 17.0, 17.0, 17.0, 17.0, 18.6, 18.0, 18.0, 19.2, 19.6, 20.0, 20.8, 19.4, 18.0, 18.0, 17.4, 18.0, 18.2, 19.0, 19.0, 19.4, 20.4, 22.0, 22.0, 21.4, 21.0, 21.0, 23.199999999999996, 23.4, 24.0, 24.2, 25.4, 27.6, 29.8, 33.0, 34.0, 34.2, 33.0, 33.2, 33.8, 33.8, 33.8, 34.0, 33.8, 33.8, 33.6, 34.0, 34.0, 34.0, 34.0, 34.0, 34.0, 34.0, 34.0, 34.0, 34.0, 34.0, 34.0, 34.0, 34.0, 29.8, 31.0, 31.0, 32.2, 33.0, 33.8, 34.0, 33.6, 33.8, 34.0, 34.0, 34.0, 34.0, 34.0, 34.0]}