{"day": 2, "month": 1, "station_id": 278, "predict": [17.0, 16.96419770846173, 16.90993681346753, 16.853303041924313, 16.797839249498193, 16.744630991759102, 16.69394645413698, 16.64578509634181, 16.60006104270525, 16.55666422990917, 16.515480650544372, 16.476398916917752, 16.439312256891732, 16.4041189910356, 16.370722511197783, 16.339031101445396, 16.308957715017833, 16.280419744885613, 16.103338800071388, 15.97764049139881, 15.953254227513328, 15.93011302109407, 15.908153304885001, 15.887314757093762, 16.948961332669178, 16.8834312720585, 16.815523304940093, 16.74916989085987, 16.685568481979175, 16.62500617564878, 16.56747084821353, 16.512855649578334, 15.811027246515652, 15.66184842210785, 15.115185393509172, 14.820910021821255, 14.778900322695446, 14.989040419268242, 14.901220319384949, 14.6153356445349, 14.181287352656332, 13.548981468423854, 13.06832882509222, 12.93924481879845, 11.961649175185253, 12.23546572788283, 12.41062220829851, 12.087050046154301, 12.178846020751816, 12.518720448596433, 12.130065153291518, 11.5495645509109, 12.022704641788886, 10.797925072264727, 9.224658241156751, 7.752671704504554, 7.93184757107, 8.61210842307753, 7.743392371377169, 7.025644590457134, 6.708814384233638, 6.592854111221204, 7.477718737840575, 8.063365606796292, 7.649754281795465, 7.536846421874626, 7.474605669458194, 7.512997546628669, 7.551989357571343, 8.09155009633365, 7.981650359443188, 7.772262263072501, 13.651426396651024, 13.197325601851729, 13.302601168451341, 13.5553347890804, 13.567761696525286, 12.043441564413014, 11.533041384080121, 11.786282013993246, 11.602592425555441, 11.681328675944776, 12.571846321670886, 12.473523531156397, 11.685767657045256, 11.758016301079545, 11.989736584860776, 12.23042387418092, 12.129600374156338, 12.536813732798088, 12.10163569661614, 11.923660830323364, 11.702505302222518, 11.087805733460229, 10.479218108312047, 9.876416742437549, 12.939669493069282, 13.080175346106556, 13.062223942785803, 12.016949881918912, 11.371381472469304, 11.184217794621157, 11.457964478735539, 11.693049401224691, 12.23921768588572, 12.696003790964111, 13.812890564099623, 14.439362160612411, 14.574921010084127, 15.26909263817915, 16.321426417356207, 16.88149498284218, 16.598893239736373, 16.873237273039056, 16.45416326419764, 16.7413264472475, 16.33440011381032, 15.433074668236948, 14.687056731572639, 15.696068292230164, 17.0, 17.0, 17.0, 16.48662416055206, 16.078315061408357, 15.328297468385788, 14.734414707495418, 14.64576224863599, 14.461868337236542, 13.932416330154126, 13.80715030810195, 13.685842712068277, 15.16828298438395, 15.154273336958179, 15.393626950986498, 15.936167018566637, 15.981726087476476, 15.880145525899277, 16.031275044203365, 16.084972251634714, 16.041102239611966, 15.749537188035402, 15.710155992659598, 15.52284391217232], "test": [17.0, 17.0, 17.0, 17.0, 17.0, 17.0, 17.0, 17.0, 17.0, 17.0, 17.0, 17.0, 17.0, 17.0, 17.0, 17.0, 17.0, 17.0, 17.0, 17.0, 17.0, 17.0, 17.0, 17.0, 17.0, 17.0, 17.0, 17.0, 17.0, 17.0, 17.0, 17.0, 15.6, 15.0, 14.8, 14.0, 13.8, 13.0, 13.0, 13.0, 13.0, 12.8, 12.0, 12.0, 12.0, 12.8, 13.0, 12.400000000000002, 11.0, 10.2, 9.4, 7.8, 6.6, 4.4, 4.4, 5.0, 0.8, 0.0, 0.20000000000000023, 0.0, 0.0, 0.8, 12.0, 16.0, 15.6, 15.0, 13.4, 13.0, 13.0, 13.0, 13.8, 14.0, 14.0, 14.0, 14.8, 15.0, 17.0, 15.6, 14.0, 13.4, 13.6, 14.0, 13.2, 12.8, 12.400000000000002, 13.6, 13.4, 13.8, 14.2, 15.0, 15.0, 14.2, 13.2, 12.400000000000002, 12.400000000000002, 13.2, 14.0, 13.4, 13.0, 13.0, 13.0, 13.6, 15.2, 15.4, 17.0, 15.2, 14.8, 16.8, 15.4, 15.8, 17.0, 17.0, 14.8, 14.2, 13.8, 16.2, 17.0, 17.0, 17.0, 17.0, 17.0, 17.0, 17.0, 17.0, 16.8, 16.4, 17.0, 17.0, 17.0, 17.0, 17.0, 17.0, 16.0, 16.6, 17.0, 17.0, 17.0, 17.0, 17.0, 17.0, 17.0, 17.0, 17.0, 17.0]}