{"day": 6, "month": 9, "station_id": 340, "predict": [10.028272267903958, 9.871227868734222, 9.727610981870674, 9.59627321648821, 9.476164419842089, 9.866324272105334, 10.06587460044423, 10.174012350779194, 10.090003160946534, 10.1131754837938, 9.94291521314635, 10.27866076961067, 10.319898606863115, 10.166159102440565, 9.96701280012921, 9.622066973863612, 9.880962485623288, 12.423370912168583, 12.60899191761079, 10.877550850780164, 12.248796548155875, 12.222499324768068, 11.998449136987597, 11.926453902495423, 15.642468813215645, 15.314921524077445, 15.01483498584955, 14.73989895461354, 14.487998085521816, 14.25719545412587, 14.045717473416781, 13.851940088199962, 13.674376138477493, 13.511663792708399, 13.362555960232754, 12.725910599846028, 12.600681848556237, 12.485911901004057, 12.380723575925884, 12.284313511438468, 12.045945935863852, 11.86494696533383, 11.790699383549715, 11.672637862858494, 11.410244589270336, 11.353045257212086, 11.300605402712101, 11.252527046366042, 15.583097547342371, 15.199681617208174, 14.847041574468586, 14.522687600769586, 14.224332613311404, 13.949875670296244, 13.697386740406863, 13.46509272382114, 13.501364621570115, 13.004705758578261, 12.423740973549458, 12.057206696038396, 11.253941837629334, 11.262879430180982, 10.633038949633434, 10.313519268951863, 10.25349218843989, 10.002196495928596, 9.558932513266196, 9.623057089128688, 10.093979001469247, 10.271154735949311, 10.30408460946904, 10.042309210460312, 10.321010725819608, 10.202288816795999, 9.993008332368124, 9.6924103557364, 9.799797516293001, 9.714528962259891, 9.586015746364785, 9.063716590464866, 8.64713399785186, 8.935810684561286, 11.129326303382914, 8.777294436446478, 8.07935983425304, 8.185195880853042, 8.094502266550789, 8.107002851054602, 8.072443701403612, 8.390591290296895, 8.261230841637992, 8.334164811196848, 8.359211491289829, 8.336203729294542, 9.814987750656256, 10.395422077813215, 13.94871541915019, 13.8759720019619, 13.429424689594368, 12.956922849560835, 12.956494040657503, 12.426329141114138, 12.614768725008702, 13.870290581714306, 15.09149828204773, 15.07711070293492, 13.125952429864434, 13.536944963223311, 13.559098660855012, 13.191505354895149, 13.883331586172375, 14.283812404250504, 14.592245685570916, 14.257986926166264, 13.680444469088911, 13.909075130058959, 14.143380187913905, 14.08290170925879, 13.577219179294152, 13.325946413159787, 7.510193897846953, 8.132678334327064, 8.42055975940809, 8.7766876595816, 9.103675881525309, 9.553922181932826, 9.929626151344198, 10.382805647472425, 10.915311862214033, 11.32884313616912, 11.574957624999431, 11.75508491324924, 11.920536663277248, 12.572516379637113, 12.812128362544206, 13.140385917925684, 13.458218885923083, 13.566480544558692, 14.665953940549523, 14.757357694919964, 14.841351327093015, 14.918540137500266, 14.989479685414837, 15.054679895653784], "test": [11.6, 12.0, 11.6, 12.0, 13.0, 13.0, 13.0, 13.0, 13.0, 12.0, 12.0, 12.0, 12.0, 12.0, 12.0, 12.0, 12.6, 14.0, 16.0, 16.0, 16.0, 16.0, 16.0, 16.0, 16.0, 16.0, 16.0, 16.0, 16.0, 16.0, 16.0, 16.0, 16.0, 16.0, 16.0, 16.0, 16.0, 16.0, 16.0, 16.0, 16.0, 16.0, 16.0, 16.0, 16.0, 16.0, 16.0, 16.0, 16.0, 16.0, 16.0, 16.0, 16.0, 16.0, 16.0, 15.4, 14.4, 14.0, 14.0, 14.0, 13.4, 13.0, 12.2, 12.2, 12.2, 12.0, 11.6, 11.0, 10.8, 11.0, 11.0, 11.0, 11.0, 11.0, 11.0, 10.2, 9.0, 8.8, 9.0, 10.0, 10.8, 10.0, 10.0, 10.0, 10.0, 10.2, 11.0, 11.0, 9.2, 7.8, 13.4, 15.0, 15.0, 15.0, 15.0, 14.6, 13.0, 13.0, 13.0, 13.0, 13.0, 12.8, 13.0, 13.0, 13.0, 13.0, 13.4, 14.0, 14.0, 14.0, 11.8, 10.2, 9.0, 9.0, 8.2, 7.0, 7.0, 7.0, 7.0, 7.0, 7.2, 7.0, 7.0, 7.4, 8.6, 8.0, 8.8, 10.0, 12.0, 12.0, 12.0, 12.0, 13.0, 13.4, 14.0, 14.0, 14.6, 15.0, 15.0, 15.8, 16.0, 16.0, 16.0, 16.0]}