{"day": 3, "month": 5, "station_id": 177, "predict": [5.017992403699237, 5.211504354251506, 5.372648250372464, 5.525667771277306, 5.669974992751461, 5.80902229516295, 5.9440605133735165, 6.075114056270838, 6.202133359078296, 6.325210096030213, 6.444485116657657, 6.560091399700674, 6.672149436626593, 6.780773721324451, 6.886075466281197, 6.988162652041235, 7.08713977231086, 7.183107845433656, 7.276164545744465, 7.366404332500931, 7.453918558873343, 7.538795572299387, 7.621120812141799, 7.700976905030308, 4.1611646500554125, 4.347500626603129, 4.527913344341705, 4.701637233820742, 4.870047405078257, 5.033459715331022, 5.191890682155555, 5.345431656754948, 5.294238308539287, 5.388472221841253, 5.528283284801357, 5.6638126735618455, 5.745196628705053, 5.772567424995763, 5.746053270364561, 6.215778245936015, 7.331862407945552, 7.644421933567125, 7.6035692551777805, 8.409413181595502, 7.362059013590222, 6.711608656304444, 6.2081607285206, 6.401810668490201, 3.082300422162662, 1.1148983816501397, 0.0, 0.0, 1.1719061664078572, 3.7913072187193446, 5.106350191996369, 8.666416250806058, 9.621178382435252, 9.670741053029897, 10.665311615886663, 10.7050757480191, 11.69019571614427, 12.720824721155127, 13.647111816181418, 14.469201867731574, 14.737235077592825, 14.851346965600634, 15.161668545678353, 15.118326500716083, 15.021443329248829, 14.721137479989624, 14.767523482636069, 15.160712075590247, 10.51780497532602, 10.387484469414163, 9.731045906385578, 9.00302516460927, 8.873819139641721, 9.984208837375384, 9.785163416307244, 9.828188184208509, 10.36382523316909, 10.292275287362349, 10.163754613314884, 10.578522558745885, 10.536842518606445, 8.738965777100386, 8.685131767977156, 8.575570602762147, 8.510504117123318, 8.690146115484652, 8.864702541865624, 8.234371725452569, 7.099344652982581, 6.159805232797582, 5.465930545634742, 4.567891085395008, 6.776385867936032, 7.534067502718643, 6.537721800137726, 6.105041671984595, 5.861568209628917, 2.6188369464561227, 1.177215161765453, 0.885390095748673, 0.3929244021597819, 0.0, 0.3563277784449349, 1.2123445263401516, 1.6179479652615243, 2.1231626519013282, 1.2780142040869054, 0.932527827644845, 0.38672745979515083, 0.0, 0.044274054906346186, 0.0, 0.0, 0.0, 0.2065196318850906, 0.4590932668807647, 8.69271337759248, 7.408878484019449, 6.117821723455935, 4.982714164463542, 4.403411970131685, 7.672471195194561, 11.941374284386976, 12.16791084743985, 11.904146047614686, 12.499515080575316, 14.353322923590921, 13.815159025585197, 13.88472863015201, 13.811749668874837, 13.895939265783728, 13.587021070554162, 13.58472888122701, 13.488806695800942, 13.3490080465587, 13.065095516741312, 13.286840406551987, 13.21402243614781, 12.99642945237631, 13.133857140628713], "test": [5.0, 4.200000000000001, 4.000000000000001, 4.000000000000001, 4.000000000000001, 4.000000000000001, 4.000000000000001, 4.000000000000001, 4.000000000000001, 4.000000000000001, 4.000000000000001, 4.000000000000001, 4.000000000000001, 4.000000000000001, 4.000000000000001, 4.000000000000001, 4.000000000000001, 4.000000000000001, 4.000000000000001, 4.000000000000001, 4.000000000000001, 4.000000000000001, 4.000000000000001, 4.000000000000001, 4.000000000000001, 4.000000000000001, 4.000000000000001, 4.000000000000001, 4.000000000000001, 4.000000000000001, 3.4000000000000004, 3.0, 3.0, 3.0, 3.0, 2.8, 3.0, 3.0, 3.4000000000000004, 5.0, 5.0, 5.0, 5.0, 5.0, 4.6, 4.199999999999999, 3.6000000000000005, 3.6000000000000005, 2.0000000000000004, 1.6, 6.800000000000001, 7.400000000000001, 1.4, 2.600000000000001, 4.200000000000001, 2.5999999999999996, 2.1999999999999993, 0.8000000000000007, 1.200000000000001, 2.3999999999999995, 3.0, 3.0, 1.4000000000000012, 1.0000000000000009, 0.40000000000000036, 0.0, 0.6000000000000005, 1.0000000000000009, 1.0000000000000009, 2.8, 5.199999999999999, 9.8, 9.8, 9.0, 9.2, 9.6, 8.4, 6.6000000000000005, 7.400000000000001, 9.0, 10.2, 8.8, 8.6, 9.0, 9.0, 9.0, 9.0, 9.0, 8.4, 7.6, 8.0, 8.2, 8.6, 8.6, 9.0, 7.200000000000001, 5.6, 3.0, 14.000000000000002, 15.0, 15.4, 13.8, 11.800000000000002, 9.8, 7.000000000000001, 6.6000000000000005, 7.000000000000001, 2.0, 0.20000000000000018, 0.0, 0.0, 2.2, 1.6, 0.0, 2.4, 4.0, 4.6, 5.0, 8.2, 8.6, 10.2, 9.8, 9.4, 11.0, 11.000000000000002, 11.2, 11.8, 11.6, 12.0, 12.0, 12.0, 11.8, 11.0, 11.0, 11.0, 11.8, 10.0, 10.8, 10.6, 10.0, 10.0, 10.2, 9.8, 9.0]}