{"day": 3, "month": 7, "station_id": 374, "predict": [22.488715610310898, 21.069348199548397, 19.288681090338365, 18.099902799694306, 17.03490237570377, 15.287518558427042, 9.848712336158036, 8.841685700772846, 8.189699010077806, 7.616619700392727, 7.113787640533652, 6.673380029647912, 6.288373106516036, 6.219145841391793, 5.993411554804006, 5.739485076231832, 5.519554774899513, 5.329626792490015, 5.166141371823958, 5.025927573247443, 4.906162598475471, 4.804335277598973, 4.718213303760673, 4.645813836159617, 6.581255060808724, 5.96008381710689, 5.353594451857088, 4.811213501997372, 4.404404825847632, 4.261698185844461, 3.9099696056513866, 3.6095715097844288, 3.354723669670699, 3.1402271870127736, 2.3614278260266266, 2.414163392827988, 2.36137925990513, 3.0664156337447013, 4.92629995897147, 5.805043827516985, 6.233610434874019, 7.143218746744886, 7.798650643079821, 12.06489404516615, 18.207121747394662, 24.224005711023388, 23.647699938390684, 19.477158402363397, 22.76052282941717, 21.48935538723203, 27.163755484762167, 28.49811141675447, 31.123757993459495, 26.159261648523884, 22.33255786981095, 21.642039989999194, 23.82080809225326, 22.602379942751632, 25.253670895761005, 21.108208662233864, 17.032769864261844, 17.494048362635738, 15.692000416442118, 15.426525270821326, 13.63081163829236, 15.238015857830337, 16.447938257612833, 18.72703117535241, 20.07507216755295, 20.425169281196325, 21.37709857963695, 21.59730742594811, 24.541746984493702, 24.412849931364292, 20.929328983284492, 17.927863221069472, 15.05782860347061, 14.046166208770673, 14.025058845812785, 15.0620471164067, 15.22528390898585, 13.382981737695946, 11.936552415855768, 10.620553848608807, 10.169355339858724, 9.717153618569435, 9.397993307953, 9.079120531861552, 9.361001481784092, 8.844005582641616, 8.595086632300633, 8.547795417973777, 7.5689573415705835, 7.325348580569505, 11.350370961445197, 16.177392370883346, 27.750672218666487, 31.502416778425758, 30.58365067423034, 32.308731427012404, 30.662475199552013, 28.43705575236202, 27.69505836286593, 31.76738193034705, 28.318981518407423, 23.881832782679723, 23.521454785101692, 21.50351700527181, 23.76047686244311, 24.358228564017622, 25.82942329146695, 25.17345839844955, 22.65646809404513, 18.94464858147849, 16.970917464065295, 17.334907296261985, 14.63629318640083, 12.808121039538662, 12.316803038769152, 13.895446970952577, 21.47299936647682, 16.998136315056847, 12.732222538359753, 10.3161276973683, 10.12579017771144, 9.703598190136244, 7.912688366887852, 8.345478409258703, 9.993498587227975, 8.515172969551443, 8.302844386187388, 7.41619248394706, 6.315555561651133, 6.461887572793725, 6.450040398649322, 6.475379707717779, 6.400403847241362, 5.954699861048353, 6.06823667205299, 5.671328555686934, 5.894601959956815, 5.935632053455773, 5.792248729828691, 5.595845150752384], "test": [23.8, 13.8, 6.0, 6.0, 6.0, 6.0, 6.8, 7.0, 7.0, 7.0, 7.0, 7.0, 7.0, 7.0, 7.0, 7.0, 7.0, 7.0, 7.0, 7.0, 7.0, 7.0, 7.0, 7.0, 7.0, 7.0, 7.0, 7.0, 7.0, 7.0, 7.0, 7.0, 7.0, 7.0, 7.0, 7.0, 7.0, 7.0, 9.8, 10.0, 10.0, 10.4, 10.6, 14.4, 18.2, 26.4, 34.6, 22.0, 19.6, 25.8, 32.4, 29.0, 34.8, 26.6, 26.2, 21.0, 16.2, 17.2, 22.6, 16.8, 18.2, 10.0, 7.6, 10.6, 17.6, 20.0, 21.6, 20.4, 22.4, 26.6, 24.8, 24.4, 26.0, 21.4, 13.6, 12.0, 13.2, 12.6, 14.0, 14.2, 13.2, 14.8, 16.2, 15.400000000000002, 15.400000000000002, 15.0, 14.8, 13.8, 14.6, 16.0, 15.0, 14.0, 10.2, 8.2, 15.0, 22.200000000000003, 22.799999999999997, 20.0, 17.4, 11.399999999999999, 5.999999999999998, 5.4, 9.2, 8.0, 3.599999999999999, 4.799999999999999, 8.0, 10.2, 3.8000000000000007, 8.4, 11.8, 21.6, 28.6, 27.4, 32.99999999999999, 31.6, 30.000000000000007, 29.799999999999997, 27.2, 23.4, 21.4, 17.8, 14.6, 12.4, 12.4, 13.0, 14.4, 14.4, 13.4, 13.6, 13.0, 11.0, 7.800000000000001, 5.6, 4.2, 5.0, 4.0, 4.6, 5.0, 2.0, 0.0, 0.0, 2.0, 2.2]}