{"day": 1, "month": 3, "station_id": 18, "predict": [24.991420418863477, 24.9776612356001, 24.962871040270976, 24.948533271989696, 24.93500960329674, 24.92235101988733, 25.1105360986096, 25.232861870877834, 25.222623371814233, 25.213116473115214, 25.204305156028482, 25.196154942421746, 25.1886328710322, 25.18170744443253, 25.175348570024187, 25.1695275012036, 25.16421678032478, 25.159390183845094, 25.155022669696233, 25.15109032682701, 25.147570326839997, 25.14444087763935, 25.14168117900837, 25.139271380037894, 24.998709403203474, 24.997141340668865, 24.995860716546282, 24.99489435165239, 24.994232604919016, 24.993865341345547, 24.993779322906867, 24.993959416704993, 24.99439010230437, 24.995056206916313, 24.99594316295994, 24.997037072091025, 24.99832470352118, 24.999793472440956, 25.001431413320272, 25.003227152576788, 25.00516988191312, 24.40724933266862, 22.942789084584422, 22.67844654230041, 22.080879579547318, 21.68341318432561, 21.019372771696034, 19.48875083080804, 23.629514359176344, 25.923236547784136, 25.61124846732319, 22.4414108739469, 19.946243491870344, 18.924754995076846, 17.709724875207737, 17.300792934328378, 15.831005014889705, 14.900104033484395, 14.241182898620586, 14.120679980300444, 13.671710770283491, 13.427400417427295, 12.8542165364365, 11.951968776616289, 11.520475096905841, 11.159561397559603, 10.002394503195184, 9.182148495170756, 8.832004392222633, 8.41848317859668, 7.941445512348658, 7.267424779872898, 7.910560902549258, 6.728169738445693, 4.50544436031598, 5.013129006122277, 5.390179303565692, 5.970739204632108, 8.154828364262764, 8.475655731250745, 7.466404802932669, 7.193591938539013, 7.7237387495443155, 8.25670665916064, 8.059030324248818, 7.997250762281244, 8.00458174071245, 7.680909490136116, 8.292792424735657, 7.906794207707366, 7.522816829120841, 8.274100362679041, 8.027222734236346, 8.38209950154061, 9.338650311333604, 10.430132033296086, 4.826151371807945, 5.7990096138497265, 6.594210921717114, 7.922180243448787, 9.44300928689431, 9.955333548525225, 10.525814480229808, 13.421425985332192, 14.9092004269917, 15.656170091016342, 16.79602083706488, 17.0624229213429, 15.122364283110311, 17.842817746793266, 18.22407501558602, 14.799747340861938, 12.170099504364053, 12.402050439417618, 14.429173823536047, 15.11836530979624, 16.469843064789984, 17.61714828103769, 17.96047899839846, 17.966690568964395, 24.51385321326562, 24.336235100913875, 24.564474317419304, 24.26757180744125, 22.24497946230329, 22.49618145010705, 22.75411642351418, 22.285109995242173, 22.08884742559539, 23.098365406773045, 22.980049398335396, 23.133632408046296, 25.02552749427941, 25.255493726798264, 25.823302205116676, 25.728735448983716, 25.704920154759808, 26.618326648185676, 27.0, 26.85606802481022, 26.713390496099667, 26.90724235233973, 26.837471450083925, 26.770599861980433], "test": [25.0, 25.0, 25.0, 25.0, 25.0, 25.0, 25.0, 25.0, 25.0, 25.0, 25.0, 25.0, 25.0, 25.0, 25.0, 25.0, 25.0, 25.0, 25.0, 25.0, 25.0, 25.0, 25.0, 25.0, 25.0, 25.0, 25.0, 25.0, 25.0, 25.0, 25.0, 25.0, 25.0, 25.0, 25.0, 25.0, 25.0, 25.0, 25.0, 25.0, 25.0, 24.6, 23.4, 23.0, 23.0, 23.0, 24.2, 24.8, 22.8, 22.0, 22.8, 22.6, 21.2, 20.0, 18.8, 16.4, 14.2, 13.0, 11.8, 11.4, 11.6, 11.0, 11.0, 10.4, 10.2, 9.0, 8.4, 7.4, 7.2, 5.2, 6.4, 8.0, 7.4, 6.6, 7.0, 7.0, 6.2, 6.0, 6.0, 6.799999999999999, 7.0, 7.2, 6.799999999999999, 6.0, 6.0, 6.2, 7.4, 6.4, 6.4, 7.0, 5.0, 3.0, 3.0, 3.7999999999999994, 3.3999999999999995, 4.4, 4.8, 2.4000000000000004, 3.0, 3.2, 4.4, 6.0, 7.799999999999999, 11.6, 13.800000000000002, 14.6, 15.800000000000002, 16.8, 18.0, 18.0, 20.2, 20.0, 21.0, 20.2, 19.2, 19.8, 21.8, 23.6, 24.0, 24.0, 23.2, 23.8, 24.0, 24.0, 24.0, 24.0, 24.0, 23.4, 24.0, 24.0, 24.0, 24.0, 24.0, 24.0, 24.0, 23.8, 24.0, 24.0, 24.0, 24.0, 24.0, 24.0, 24.0, 24.0]}