{"day": 1, "month": 4, "station_id": 272, "predict": [9.050451282410348, 9.012823270330848, 8.981853170555128, 8.94095238202977, 8.894674177920326, 9.247034865622847, 9.465611874100222, 9.417002629503344, 9.367885713683862, 9.318418107060246, 9.268779872598643, 9.219126092057648, 9.169588480624444, 8.520283390468407, 8.404648467942133, 8.356110159076875, 8.308084296321555, 8.26064354924747, 8.213851590086303, 8.501097200500087, 8.455761640882503, 8.411219295810643, 8.367504938065812, 8.191314281788488, 10.768006348404503, 10.664768382969745, 10.559170219013264, 10.461867431697357, 9.834231750367636, 8.273275902135506, 8.178889898514818, 8.084937849835963, 7.9917598479426895, 7.899528247424405, 7.808369649376526, 7.718404082134512, 7.629742724828941, 7.542482906183591, 7.456707753555824, 7.9058210240459115, 8.489881850042764, 8.675605806417472, 8.99636581357682, 9.18552630949162, 9.90977737008313, 10.169135439085721, 10.5636106673023, 11.493207531890489, 3.5930835590352803, 3.3668975157080667, 2.2362929959454236, 2.828456137887683, 4.721047871678703, 4.6677929302828725, 5.13622176596202, 5.791203852953797, 5.966048682985525, 6.794927321778146, 7.07867859859963, 6.817995262906126, 6.6134909231916446, 6.999075745377356, 5.575296728203392, 4.676002961874522, 4.901679285444896, 5.252781472744777, 5.1964049235556615, 4.999619782748703, 5.0628058682388435, 5.45298748289397, 5.703834801397008, 5.948998502313178, 4.351332143720638, 7.013057180598928, 9.52048442773613, 9.583905173069956, 9.457926932666211, 9.466229005749188, 9.940355374657624, 9.94742901914951, 10.354319485301906, 9.960881776533022, 9.433574861438341, 9.572231126044107, 9.510051976787564, 8.51359200728531, 8.182753209768237, 7.584117337109062, 7.450945305385911, 7.449842853062522, 7.714092762607089, 8.51032050469918, 7.971826656683383, 8.098586071439874, 8.490580448562682, 12.147797635082355, 14.323267873556338, 12.706177074532517, 12.506356318019403, 12.737019534351708, 11.125113517107742, 11.329537590827073, 11.875766851652477, 10.902772394293269, 9.278853692413032, 8.602707396634056, 12.072673323058613, 10.354099204964188, 9.17923243291279, 5.813756406533043, 3.9900898628058874, 4.640720829139697, 5.098206590532828, 2.6285026899959596, 2.8976242570419166, 2.771641182228412, 2.5833405239000844, 1.9322226173651424, 2.0844974641293126, 2.773081380338726, 3.6053932193730924, 4.133922986059811, 4.579841818251481, 4.240331711406404, 3.6026632335207083, 3.5612047105433633, 3.055625463467271, 3.684475663185303, 3.246448556547297, 3.674590515921431, 4.035599620801623, 4.32948920500236, 4.156232096778794, 3.182461306704599, 4.14148340835585, 4.499944927151437, 5.324496896466094, 5.948460545757808, 6.1718269450924526, 6.661256737316197, 6.816746511940385, 7.304961848745361, 7.3925703857108145, 7.412908246376104], "test": [10.0, 10.0, 10.0, 10.6, 11.0, 11.0, 11.0, 11.0, 11.0, 11.0, 11.0, 11.0, 11.0, 11.0, 11.0, 11.0, 11.0, 11.0, 11.0, 11.0, 11.0, 11.0, 11.0, 11.0, 11.0, 11.0, 11.0, 11.0, 11.0, 11.0, 11.0, 10.4, 1.5999999999999999, 0.9999999999999998, 0.9999999999999998, 0.9999999999999998, 0.9999999999999998, 0.40000000000000013, 0.0, 0.20000000000000007, 0.8000000000000003, 1.0000000000000004, 1.1999999999999997, 2.0, 1.2000000000000004, 1.3999999999999992, 1.3999999999999992, 1.8000000000000007, 2.8, 0.6000000000000002, 2.8, 2.8, 6.6, 8.8, 8.0, 9.0, 9.0, 7.4, 9.8, 9.0, 7.2, 6.0, 6.0, 6.0, 5.8, 6.0, 6.0, 6.0, 5.4, 4.0, 4.0, 4.8, 5.0, 5.0, 5.0, 4.0, 3.0, 3.0, 3.8, 3.0, 2.8, 2.8, 2.5999999999999996, 3.0, 3.0, 3.0, 3.8, 2.3999999999999995, 2.3999999999999995, 3.0, 2.5999999999999996, 1.6000000000000005, 1.9999999999999996, 0.8000000000000003, 4.0, 12.800000000000002, 16.0, 14.599999999999998, 13.8, 13.8, 13.6, 16.8, 20.2, 19.0, 17.4, 14.2, 12.200000000000001, 12.399999999999999, 8.0, 3.2000000000000006, 2.3999999999999995, 1.0000000000000004, 0.20000000000000007, 0.9999999999999998, 0.9999999999999998, 0.40000000000000013, 0.8000000000000003, 3.2000000000000006, 5.0, 4.0, 3.4, 2.2, 2.0, 0.6000000000000002, 0.8000000000000003, 0.0, 0.40000000000000013, 1.0000000000000004, 0.40000000000000013, 0.0, 0.40000000000000013, 2.0, 1.1999999999999997, 0.40000000000000013, 1.8, 0.8000000000000003, 0.0, 0.0, 1.0000000000000004, 1.0000000000000004, 1.6000000000000005, 1.9999999999999996, 2.8, 3.0]}