{"day": 3, "month": 10, "station_id": 217, "predict": [15.01883653924198, 15.032019118402312, 15.040848402538387, 15.180498691013897, 15.385069843287884, 15.388262226986587, 15.190321175158473, 15.391443161206016, 15.391794080720766, 15.391515494791195, 15.390728226962539, 15.38953517828031, 15.388023732399486, 15.386267847553142, 15.384329881236734, 15.382262181594035, 15.38010847442243, 15.377905071087266, 15.375681919561842, 15.373463518119404, 15.171269708835645, 15.035783032641508, 15.03368265916311, 15.031644902968766, 15.000021938475847, 14.999398981266484, 14.998676049317778, 14.998046430288625, 14.997539090032697, 14.997142537480332, 14.796839170916337, 14.996612492739123, 14.996448207211243, 14.996334146508781, 14.79626001845546, 14.596217154546961, 13.929531618595549, 14.19619734370079, 12.996209294711635, 11.729563319765964, 11.462922688112835, 11.196284645083963, 12.262980315380371, 10.863007952772161, 10.596366201209467, 12.663054032548198, 10.929737359608328, 10.996415656774644, 7.976638563962368, 7.569017656758676, 6.8780518546827665, 5.765025374283409, 6.565611350877864, 5.48184770079018, 2.848706049438021, 2.6009472681389445, 2.8065241763473523, 1.8666059728541922, 1.1155911142160388, 1.4877837754982857, 2.184069058993138, 3.738587359060233, 3.7520746798877607, 3.8252023147308725, 3.4252492808583215, 4.219440897478857, 4.07495355526869, 4.125585721472502, 3.638428553710239, 2.880536158524351, 3.252262193970261, 3.0872628458165767, 3.1220428006966365, 3.8881871903657874, 4.052471427456345, 2.816093368831108, 2.112094066370766, 2.2736381174779017, 2.233983822182847, 1.7264296616912687, 1.617629418478507, 1.5742523121742076, 2.262979510478708, 2.550501582918105, 2.436849758335171, 2.322060856699074, 2.1395091694791266, 2.222571913508323, 2.371294890431647, 1.9857249887050998, 1.7992428357934278, 2.545228911677161, 2.690396437790868, 2.6347910248027855, 3.311790398261009, 3.1881041897825835, 3.9272707284424655, 3.606089856087816, 1.730392922975346, 1.59205034975204, 1.5923676428637117, 0.8637849025220952, 0.07207366433419293, 0.08314531464024016, 0.2296982502649353, 1.3111982110885823, 1.1271968281455167, 0.4106528241459878, 0.5612549527496988, 1.5787463247118279, 1.1962499207734685, 2.613595137577904, 3.5639785690583525, 3.5806255757979546, 4.063452542316049, 7.679063067889517, 10.160744680671606, 9.841799341048997, 10.122207675205464, 9.66862688720796, 14.010456585361197, 13.97766440566561, 13.166425300185482, 11.91489696526729, 11.688029557412515, 11.550186880418918, 11.765860981090084, 11.266411756414488, 11.250058355859395, 11.11519486811409, 11.260373119159887, 11.084287025421306, 11.919091832325648, 12.430391434016364, 12.550560299386477, 12.6787332084701, 13.280796016261077, 13.556044006307916, 13.170507740503437, 13.056946321107937, 13.148174656330301, 13.910391328513763, 14.143173670893157, 13.712806665092758], "test": [15.0, 15.0, 15.0, 15.0, 15.0, 15.0, 15.0, 15.0, 15.0, 15.0, 15.0, 15.0, 15.0, 15.0, 15.0, 15.0, 15.0, 15.0, 15.0, 15.0, 15.0, 15.0, 15.0, 15.0, 15.0, 15.0, 15.0, 15.0, 15.0, 15.0, 15.0, 15.0, 15.0, 14.0, 14.0, 14.0, 14.0, 11.6, 10.6, 10.8, 10.2, 8.4, 7.4, 6.2, 6.4, 9.0, 8.4, 7.8, 9.6, 11.8, 9.0, 10.6, 9.8, 1.3999999999999995, 0.20000000000000018, 0.3999999999999999, 0.20000000000000018, 0.6000000000000001, 1.0, 0.8, 0.0, 0.0, 1.7999999999999998, 2.6, 3.0, 2.0, 2.0, 1.2000000000000002, 1.6, 2.6, 2.8, 2.8, 3.0, 1.0, 0.0, 0.0, 1.0, 1.4, 2.0, 2.8, 4.0, 0.8, 0.3999999999999999, 0.20000000000000018, 1.2, 2.4, 2.0, 1.2, 2.6, 2.2, 1.2, 0.8, 0.0, 0.3999999999999999, 0.6000000000000001, 2.6, 1.7999999999999998, 11.6, 12.0, 10.6, 7.6, 7.0, 8.2, 9.4, 7.2, 3.8, 1.8, 0.6, 2.4, 3.0, 3.5999999999999996, 5.4, 7.4, 8.2, 9.0, 12.6, 13.4, 14.0, 13.2, 13.2, 14.4, 15.6, 16.0, 15.0, 15.0, 15.0, 14.4, 14.2, 16.0, 16.0, 16.0, 16.0, 16.0, 15.8, 15.0, 15.0, 14.0, 13.2, 13.2, 14.0, 14.0, 14.0, 14.0, 13.4]}