{"day": 4, "month": 6, "station_id": 177, "predict": [14.588307216175567, 14.520548840354635, 14.640959808656737, 14.657267885483899, 14.870892594652036, 14.932167099459093, 14.941237128441584, 14.948213893367873, 14.953199593312922, 14.9562916038956, 14.957583228242418, 15.007163925664695, 15.455119466938488, 15.451532077983938, 15.44648057846418, 15.24004051547464, 15.182284292235169, 15.173281291861754, 15.363097996370215, 15.401798101084388, 15.389442624622273, 15.426090014628894, 15.611796249418761, 15.596614935684737, 22.88237167083299, 22.735068112065264, 22.582218881240323, 22.37983012251048, 22.029311490441234, 22.380970943632878, 21.834860495132563, 21.340973545985676, 21.199289944071698, 21.009786159825723, 20.722437594576963, 20.387219131164223, 20.40410529287161, 20.273070313836044, 20.49408818792036, 21.117132710878295, 20.942177519157426, 21.319196126164442, 21.648161956260846, 21.479048376632072, 20.76182872714165, 20.6464763482719, 21.332964607246634, 21.271266922427095, 19.495888526718495, 17.44554982471928, 17.549041355703213, 16.902589604199292, 17.306487599283553, 21.860992763760763, 23.816210464317074, 25.0, 25.0, 23.686542269778005, 23.644962626002812, 24.25423794400199, 25.0, 24.47541938093004, 24.2373540840919, 24.35020111891322, 24.263970842603715, 24.078672195386215, 23.94431278099902, 23.660898943383028, 23.57843583973241, 23.246927510070467, 23.31637694350296, 22.936786141294775, 17.281617783577822, 16.743602865719485, 15.487219077059292, 14.77298586021713, 14.953175933426163, 14.678417011401057, 14.549008475914729, 14.615179373917941, 15.227138195012923, 14.485082491512802, 14.439200923381323, 14.239673906578595, 14.336674004595032, 12.880366265969101, 12.72090854226002, 12.008451792185399, 11.443140373096922, 11.025112320345514, 11.304499615019646, 11.931428440528313, 10.7560194284863, 10.828387894342747, 10.398644063176443, 10.716893286064133, 7.274340426963074, 6.9715764785309915, 6.6364534577388445, 6.984985125658416, 7.3234076927627525, 8.30371162562097, 8.826647172670569, 9.59264003219561, 9.95202832852812, 7.905119817065039, 7.552205464053774, 5.943562909941849, 5.4794576373328265, 6.760143614201603, 6.385863806215156, 8.156850645208861, 8.923326473392915, 8.28550396813179, 8.59358654892248, 8.097768767479105, 8.598236681654054, 9.04516821386596, 9.288733494671076, 8.979095192087303, 13.345694103610306, 13.04456122452026, 12.681046191205542, 13.164455452842866, 12.747147764360314, 13.679730831966483, 13.512390126955031, 13.395209968125855, 13.378248691579264, 13.811556004643707, 13.445177050026466, 12.579153454549424, 12.513523695232253, 13.048323307001997, 12.433585049255726, 12.26933905757528, 12.055612986674607, 12.042432146169974, 11.979819629760001, 11.667796438170653, 11.106381596159235, 11.095592263848786, 10.985443842650083, 10.725950076016847], "test": [15.8, 16.0, 19.0, 19.4, 21.4, 22.0, 22.0, 22.0, 22.0, 22.0, 22.0, 22.0, 22.2, 23.0, 23.0, 23.0, 23.0, 23.0, 23.0, 23.0, 23.0, 23.0, 23.0, 23.0, 23.0, 23.0, 23.0, 23.0, 23.0, 23.0, 23.0, 23.0, 23.0, 23.0, 23.0, 23.0, 23.0, 23.0, 23.0, 23.0, 23.2, 24.4, 25.0, 25.0, 25.0, 22.8, 22.4, 21.8, 19.8, 18.6, 18.4, 17.4, 15.4, 20.4, 22.0, 20.2, 19.8, 20.0, 16.4, 15.0, 17.2, 18.8, 18.2, 14.000000000000002, 14.6, 15.0, 16.0, 16.4, 17.0, 17.0, 17.2, 17.4, 17.6, 17.2, 16.0, 15.8, 15.0, 15.0, 15.0, 16.0, 16.0, 16.0, 16.0, 16.4, 16.6, 14.2, 15.0, 14.6, 14.000000000000002, 13.4, 11.2, 10.8, 9.8, 8.6, 8.0, 8.0, 7.000000000000001, 5.6, 4.8, 4.6, 4.6, 5.8, 6.0, 8.6, 7.400000000000001, 10.6, 9.6, 8.6, 8.8, 6.800000000000001, 5.6, 3.8, 4.6, 7.6, 11.2, 15.2, 17.4, 14.800000000000002, 13.200000000000001, 13.0, 14.400000000000002, 15.0, 10.8, 10.0, 9.4, 8.4, 7.000000000000001, 7.000000000000001, 6.6000000000000005, 8.0, 8.0, 8.0, 7.6, 8.0, 8.0, 7.200000000000001, 7.000000000000001, 8.4, 9.8, 12.4, 13.0, 13.4, 15.4, 16.8]}