{"day": 1, "month": 5, "station_id": 732, "predict": [19.029959136249346, 18.76371759464253, 17.80566583950454, 17.76030976334259, 17.478228789530082, 17.05908807219397, 16.902356397012383, 16.85747652226126, 17.07390487364015, 16.60112010061053, 16.28862424292965, 15.93594217381227, 15.742620670329552, 16.058227431630257, 15.882350119802798, 15.714595439615321, 15.554588259463358, 15.401970772606528, 15.256401697068592, 15.117555512471343, 14.985121732109993, 14.858804208645676, 14.738320471863256, 14.623401097013765, 11.044905969848273, 11.098531850939523, 11.152237741089703, 11.404032669764199, 11.753527152892747, 11.800714210714025, 11.845675130877755, 11.888508591683527, 11.929313728133835, 12.068186218918662, 15.055217510173092, 16.040494788912607, 16.024101129928287, 15.856115677319082, 15.936613827472776, 16.115667405806708, 16.143344835723312, 16.71971129970441, 17.344828892809435, 16.268756768911253, 16.241551280007467, 17.51326610893353, 16.03395239578994, 17.25365885838115, 2.9958152930750916, 3.1749085135220287, 4.006014649861195, 4.549952803562392, 4.474224703868897, 4.772038225357867, 3.4427588851596784, 2.68719233470719, 0.5064475259029226, 0.0, 0.0, 0.0, 0.0, 0.0, 0.0, 0.0, 0.0, 0.0, 0.0, 0.3025220089407304, 0.5964743096024346, 0.9768136516711243, 1.4941704525348243, 2.5491459348934207, 5.682303538340773, 6.368059276061521, 5.9632900773091215, 5.507314818057344, 4.7976657423090705, 4.883895122191699, 4.616046303162461, 4.544276524200226, 3.9687641322509744, 3.539686006289615, 3.707212302413531, 4.021505460767031, 5.082720250273845, 4.64100405575614, 4.846497211688447, 4.749333334881735, 4.4996396449203315, 4.547537270165379, 4.343141539331255, 4.686562259156631, 4.427903978794226, 3.967266241544876, 3.6047438245392955, 4.540426966944014, 4.710583496460872, 3.8857084747239687, 3.502366295737082, 1.9300269993457808, 1.511088263284298, 1.7436332603957567, 1.977156165299922, 1.7615024119115226, 3.846605907785659, 3.382423821517925, 4.868920352711615, 4.7060626480116134, 4.993819731101414, 4.382162182629545, 4.421062008668141, 4.8104925584050955, 4.600428456417637, 5.3408455408232856, 5.2817208050422195, 5.8730323425062965, 6.61475929405189, 6.5568817978379315, 7.7993809416609565, 10.042238717550697, 11.846891656437741, 11.9145449760906, 11.379141317971438, 11.954171274591996, 12.333577405037998, 12.366257502844794, 12.301919973401162, 12.440409916725653, 11.831599368635995, 12.02536925297254, 12.721606250144848, 13.470202098944627, 13.771053302176247, 14.174060905862252, 14.979130297996178, 14.486171017727772, 14.59509657318072, 15.105824267305936, 15.568275031382424, 15.932373265824381, 16.4480466879731, 16.915226186566983, 16.933845682596676, 17.153841996265214], "test": [21.0, 21.0, 21.0, 21.0, 21.0, 21.0, 21.0, 21.0, 21.0, 21.0, 15.8, 11.0, 11.0, 11.0, 11.0, 11.0, 11.0, 11.0, 11.0, 11.0, 11.0, 11.0, 11.0, 11.0, 11.0, 11.0, 11.0, 11.0, 11.0, 11.0, 11.0, 11.0, 11.0, 11.0, 11.2, 12.0, 12.0, 12.0, 11.2, 12.0, 12.0, 11.600000000000001, 12.2, 9.8, 8.8, 6.4, 4.799999999999999, 2.6, 2.7999999999999994, 1.2000000000000004, 1.6000000000000014, 2.400000000000001, 2.9999999999999987, 4.6, 6.0, 5.4, 6.0, 6.0, 6.0, 6.4, 7.0, 7.0, 8.0, 6.800000000000001, 6.0, 5.0, 5.0, 5.0, 5.0, 5.0, 5.0, 5.6, 5.0, 5.0, 5.0, 5.0, 5.0, 5.2, 6.0, 6.0, 6.0, 6.0, 6.0, 6.0, 5.2, 5.0, 5.0, 5.0, 5.0, 5.0, 5.0, 5.2, 6.0, 6.0, 6.0, 6.0, 6.0, 5.4, 5.800000000000001, 5.4, 6.0, 6.0, 6.0, 4.0, 4.0, 4.0, 4.0, 5.0, 14.0, 7.32, 7.36, 20.0, 7.599999999999999, 19.6, 18.6, 13.400000000000002, 14.0, 13.2, 12.0, 12.2, 15.400000000000002, 15.8, 15.400000000000002, 17.6, 18.0, 18.0, 18.0, 19.8, 20.0, 14.2, 14.4, 13.8, 13.0, 13.600000000000001, 14.0, 14.0, 14.0, 14.0, 14.0, 14.0, 14.0, 14.0, 14.0, 14.0]}