{"day": 1, "month": 5, "station_id": 246, "predict": [41.0, 41.0, 40.85985165662223, 40.81537518342356, 40.92553929027933, 40.29009184294906, 40.308837661221936, 40.63159876438077, 40.80820787022764, 40.83850689048373, 40.72234620648474, 40.509584097453676, 40.850086226407036, 40.743725167044786, 40.640379966497825, 40.53993574067783, 40.44228329946212, 40.347318799222606, 40.25494342043593, 40.26506306831569, 41.0, 41.0, 41.0, 41.0, 40.06726054577336, 40.143454906287076, 40.2161991609102, 40.28345082914311, 40.34518274602938, 40.40170920935395, 40.45337970605973, 40.500527754373614, 40.543464200145465, 40.582477763045176, 40.617836602047845, 40.649789909649726, 40.82856939271534, 41.0, 41.0, 41.0, 41.0, 41.0, 41.0, 40.807526814109885, 41.0, 41.0, 40.48267932668888, 40.43799341288702, 40.403693932279516, 38.42899349996146, 35.885963378080596, 32.44292646673344, 28.00343055620685, 23.367730911697187, 17.38549381018041, 10.006323015895482, 3.9298495327550835, 1.955742756075471, 4.283708700334897, 8.113486500357638, 8.144844971997609, 6.57757947877006, 7.0115091118896125, 8.39647415783672, 8.682333825357876, 10.218964205920885, 10.156256444141293, 10.044115097025013, 9.682456662980698, 9.221208263455908, 8.510306461763388, 8.299696205205615, 14.922563109016512, 15.243057664705363, 16.163015382074214, 16.890011521012454, 15.974922257117015, 15.367640096109536, 16.417919708191214, 16.725500287470158, 17.34012329337176, 17.211535314908186, 17.239488790039594, 17.77374236104886, 18.364061118385887, 18.36021677493887, 17.511987783428772, 16.31915940495331, 15.08152373538772, 14.598879695542315, 14.72103299030183, 14.947796041373714, 15.178987897738208, 15.064434127415703, 14.653966693739966, 15.097423818945014, 15.599672938982645, 15.047445783879297, 14.605917602470996, 12.72034719298962, 12.939993221586056, 13.764600529595358, 14.293975619456138, 15.777936550653237, 17.566307294808258, 18.858917185861394, 20.35560090013146, 30.87619846255273, 35.59055523079299, 35.46852185644401, 37.57995422649675, 36.894713388213, 36.012665460139374, 36.53368153167702, 36.90763755332886, 36.934414219486946, 37.86389684539146, 38.295975239687884, 38.98054357382526, 39.367500249376086, 29.83690989816713, 30.868332047961708, 31.338215305447047, 31.245127277491843, 31.989150797771714, 32.2206923430368, 32.99021216167912, 33.44817170203866, 34.09502361818375, 34.4812095335411, 34.8071592499329, 35.173290304963395, 35.48000768188332, 35.07770362750418, 34.91675755973008, 34.947536051694605, 35.12039288148702, 35.38566913778875, 35.69369337286684, 36.044781795367086, 36.2392384962385, 36.377355701914176, 36.75941404958326, 36.73568288002069], "test": [40.0, 40.0, 40.0, 40.0, 40.0, 40.0, 40.0, 40.0, 40.0, 40.0, 40.0, 40.0, 40.0, 40.0, 40.0, 40.0, 40.0, 40.0, 40.0, 40.0, 40.0, 40.0, 40.0, 40.0, 40.0, 40.0, 40.0, 40.0, 40.0, 40.0, 40.0, 40.0, 40.6, 41.0, 41.0, 41.0, 41.0, 41.0, 41.0, 41.0, 41.0, 41.0, 40.2, 41.0, 41.0, 41.0, 40.8, 40.8, 40.0, 37.6, 36.4, 34.0, 27.6, 22.0, 17.0, 11.0, 8.4, 3.0, 1.0, 0.40000000000000036, 5.2, 16.0, 15.8, 15.0, 16.0, 16.0, 15.8, 15.6, 16.0, 15.8, 15.0, 15.0, 16.0, 16.0, 16.8, 17.0, 16.6, 16.0, 16.0, 16.0, 16.0, 16.0, 16.0, 16.0, 16.0, 16.0, 16.0, 16.0, 16.0, 16.0, 16.0, 16.0, 16.0, 16.0, 16.0, 16.0, 16.0, 18.0, 18.4, 18.8, 19.0, 19.6, 22.8, 26.8, 29.4, 31.2, 35.0, 35.8, 39.6, 40.4, 40.6, 41.0, 40.6, 40.2, 39.8, 36.0, 22.8, 24.4, 28.000000000000004, 28.800000000000004, 28.4, 28.000000000000004, 29.8, 31.6, 33.2, 34.4, 36.0, 37.0, 37.0, 37.0, 37.0, 36.8, 35.0, 35.0, 35.0, 35.0, 35.4, 35.6, 36.0, 36.0, 36.0, 36.0, 36.0, 36.0]}