{"day": 1, "month": 7, "station_id": 48, "predict": [23.708757279218684, 23.400952484815498, 23.26076718651028, 23.13456943512621, 23.02073579786683, 22.86797081899721, 22.57513325548862, 23.241207967881415, 24.41529054284572, 24.34657438891426, 24.33433944829156, 24.477942289689025, 24.42680740442722, 24.380419552511494, 24.338317025614877, 24.300085711393145, 24.265353858692965, 24.18378745631468, 24.20508614933466, 24.178979626818514, 24.155224423272447, 24.13360108356449, 23.913911647453183, 23.84597741542207, 25.0, 24.953205179440385, 24.894125809492618, 24.832441788164093, 24.969763800104204, 24.95707024341901, 24.895110584561728, 24.784464604248242, 23.77557278851756, 23.718760846173563, 23.664260315454865, 23.61222589434647, 23.562749988373422, 23.465874896313707, 23.221602992729924, 22.579905213498538, 21.640728105389318, 21.253999662141503, 20.769634136466287, 21.48753598917855, 21.55760311253745, 20.779729444267915, 17.80380707113786, 16.12972790594646, 16.36338876206784, 9.034146277056859, 5.824642782689471, 5.3051850629760064, 4.870288448747499, 4.867035386315871, 8.542884507078643, 10.74549659014952, 10.322712215244566, 11.872538902164155, 10.04313928780797, 7.932819975702277, 6.290021043605631, 5.413306195011561, 5.151353535022748, 4.952946947658725, 6.166968049342882, 6.592388691805392, 6.2782639867740615, 5.5737258244771715, 5.027976858044517, 4.990284926276674, 4.859977887884444, 3.8364388411200068, 2.302892103595346, 1.4377998408096508, 1.901188996525477, 2.2810781776227076, 2.873303702131338, 2.225179339620969, 2.2845507744021885, 2.299647206669356, 2.1190153111930212, 2.6414675726798844, 3.5660388334164765, 4.491949591166514, 4.268575019692421, 2.8954188455291456, 2.8720913436785356, 3.598290824867254, 4.473788080778018, 4.748413333569106, 4.372045304073326, 5.044602071054101, 5.266033443277834, 5.686314608205464, 5.605440856893537, 6.973423215149191, 3.7514088199856506, 5.787757055129828, 7.771228806685539, 8.498871798879133, 9.627787986860383, 5.234516011190703, 8.074692676663696, 10.863176779799584, 18.474160598172983, 19.591263613983525, 18.687612598900913, 18.665910301024333, 21.228494399601495, 22.977388123435283, 23.71434372498026, 23.540879830293786, 21.658313538232207, 23.01778801673735, 24.32029623665067, 24.566701391592318, 24.507754473804017, 24.244109408557186, 24.62633609212971, 24.704931629052698, 25.0, 24.87172127613412, 24.940577813856766, 25.0, 22.311726795051854, 20.966181382281604, 21.417663047304814, 21.76682201753043, 21.91419310753012, 21.760214570185127, 19.955243982771638, 21.049571634063497, 22.193431796692405, 23.13701221021959, 22.930462051001037, 22.673898623001037, 22.76741296808995, 22.911074564107896, 23.40493525328389, 23.64903252178547, 23.793392232656352, 23.888030898683912, 24.032957568404072, 24.228175387140134], "test": [24.0, 24.0, 24.0, 24.0, 23.4, 23.0, 23.0, 22.6, 24.0, 24.0, 24.0, 24.0, 24.0, 24.8, 25.0, 25.0, 25.0, 25.0, 25.0, 25.0, 25.0, 25.0, 25.0, 25.0, 25.0, 25.0, 25.0, 25.0, 25.0, 25.0, 25.0, 25.0, 25.0, 25.0, 25.0, 25.0, 25.0, 25.0, 25.0, 23.4, 23.6, 25.0, 24.0, 22.8, 21.0, 21.0, 22.8, 22.6, 22.6, 6.64, 3.960000000000001, 13.0, 10.2, 8.6, 5.6, 2.8, 0.0, 1.6, 4.2, 3.0, 2.8, 2.2, 2.0, 2.6, 3.0, 1.6, 0.20000000000000018, 1.6, 2.0, 2.0, 2.0, 2.6, 2.6, 0.0, 1.0, 0.4, 0.4, 2.0, 2.4, 3.0, 3.0, 2.4, 2.0, 2.0, 1.2000000000000004, 0.5999999999999999, 1.4, 1.0000000000000002, 1.4, 2.0, 2.0, 2.4, 3.4000000000000004, 3.0, 4.0, 2.8, 2.8, 2.600000000000001, 5.4, 6.2, 8.0, 8.0, 6.4, 7.6, 10.8, 15.8, 19.2, 24.0, 24.8, 25.0, 25.0, 24.2, 22.2, 23.8, 25.0, 25.0, 25.0, 25.0, 24.8, 25.0, 25.0, 25.0, 25.0, 25.0, 25.0, 23.8, 23.0, 24.6, 25.0, 25.0, 25.0, 24.2, 21.2, 16.6, 20.4, 23.0, 23.2, 24.0, 24.0, 24.0, 24.0, 24.0, 24.0, 24.0]}