{"day": 3, "month": 3, "station_id": 107, "predict": [14.781287277901168, 14.590472104907148, 14.416717692977898, 14.254119040384479, 14.101142438227058, 13.957094697263381, 13.821455427792932, 13.693755699430676, 13.57355574216136, 13.460440062724693, 13.354015600527285, 13.253910449270919, 13.159772723589281, 13.071269497876266, 12.988085802766648, 12.909923674501435, 12.836501254137806, 12.767551933962608, 12.702823548644657, 12.642077608795168, 12.58508857472755, 12.531643168322578, 12.481539721013542, 12.434587556009083, 11.948361930411277, 11.891569284414325, 11.837779087311308, 11.788170873327395, 11.742713301554819, 11.701181271672496, 11.663329791970952, 11.628922545980258, 11.597735973415098, 11.569559317443181, 11.544194042805229, 11.521453183077092, 11.551160706369128, 12.233150912326064, 12.667267861001779, 13.253364832285186, 13.441303814323486, 13.18095501942266, 13.072196425976792, 13.314913345052332, 14.258998010324952, 14.704349190134678, 15.000871820489563, 15.598476657909268, 17.504458762068847, 16.98619078864673, 17.513249324624358, 16.997050525450184, 15.688116706859107, 14.036063557335234, 12.590488375175848, 12.051017379372555, 10.917299986316946, 10.689005390470447, 10.915820967741986, 10.597451197553445, 10.433616733099186, 10.274053537750095, 10.618512069796484, 10.616756510411417, 10.318564032136772, 10.373724105712661, 10.08203784324785, 10.493317375843198, 11.85738526387902, 10.024073938270238, 12.633225171080403, 9.71468957396908, 20.0, 18.873144939744666, 20.0, 20.0, 20.0, 20.0, 20.0, 18.94621073833016, 17.81133570808218, 16.53578345564761, 16.769161340721958, 16.761094142415594, 16.61122324520986, 16.719205871713022, 16.884714353437936, 17.307435436454956, 17.187069619988318, 17.22333052631875, 17.06594430047165, 16.06464903825079, 15.869194241249463, 15.629340297537901, 15.694857986789707, 15.815528008670423, 11.12622056373654, 11.532704067030839, 11.890242618398453, 11.44543445440103, 11.447983924042367, 11.547970230274053, 11.745513733829767, 11.290734582036936, 11.283747686281206, 10.67466232094481, 11.713582316113634, 11.700606318387894, 11.785828049466861, 12.019336553278265, 12.801216430881606, 14.081548063562241, 15.060407824682411, 15.937868280852708, 15.513998382963145, 15.338863647586141, 15.112526329238076, 14.285045583961335, 13.856477624665454, 13.626875868643701, 14.674602741484232, 14.958417368171542, 14.886592699272418, 14.165397621225686, 14.645832885428387, 14.677973717167518, 14.211740558507024, 14.69703270792708, 14.583750937417182, 14.371801057011528, 14.31109425306624, 14.251546895294545, 14.043080267765575, 13.935620299822917, 13.829097309006954, 13.773445757372059, 13.668604020830863, 13.214514170894898, 12.961121768166679, 13.558375666964086, 14.656227830488946, 14.654633155982182, 14.453549309337097, 14.452936568669879], "test": [13.0, 13.0, 12.0, 12.0, 12.0, 12.0, 12.0, 12.0, 12.0, 12.0, 12.0, 12.0, 12.0, 12.0, 12.0, 12.0, 12.0, 12.0, 12.0, 12.0, 12.0, 12.0, 12.0, 12.0, 12.0, 12.0, 12.0, 12.0, 12.0, 12.0, 12.0, 12.0, 12.0, 12.0, 12.0, 12.0, 12.2, 13.0, 13.0, 13.599999999999998, 13.4, 12.8, 12.8, 12.8, 13.4, 14.6, 16.0, 17.8, 18.0, 18.6, 19.2, 19.8, 17.8, 17.2, 15.600000000000001, 13.599999999999998, 13.599999999999998, 13.8, 13.599999999999998, 13.4, 14.8, 15.0, 14.2, 15.600000000000001, 16.0, 16.6, 17.6, 18.8, 19.0, 18.6, 19.0, 18.0, 18.8, 18.6, 16.0, 11.8, 9.6, 9.8, 9.2, 7.800000000000001, 8.0, 8.0, 8.0, 9.2, 10.0, 10.0, 10.0, 11.0, 11.0, 10.4, 9.4, 10.2, 10.600000000000001, 11.0, 11.0, 11.0, 11.0, 11.0, 11.0, 11.2, 12.2, 13.0, 12.6, 11.8, 11.0, 10.600000000000001, 11.0, 10.2, 6.4, 7.800000000000001, 9.4, 11.2, 11.8, 11.400000000000002, 12.0, 12.6, 13.0, 13.4, 14.0, 14.0, 13.4, 11.0, 10.2, 9.8, 9.8, 8.0, 7.800000000000001, 7.0, 7.0, 7.0, 7.0, 7.0, 6.0, 6.799999999999999, 7.0, 7.0, 6.6, 6.0, 6.799999999999999, 7.0, 7.0, 7.0, 7.0, 6.6]}