{"day": 6, "month": 9, "station_id": 71, "predict": [30.331024277230902, 30.76958496471286, 30.552618661135075, 30.78330004920832, 30.793247317177215, 30.815147185070103, 31.048928290433288, 30.85792994238442, 30.779966497780567, 30.996342132585312, 31.02915051347442, 30.999888739629252, 30.90919557959449, 30.757187503855825, 29.403986025078623, 29.36984229403748, 29.335088708327493, 29.3000436279399, 29.304958686424325, 29.82002255106086, 29.81538557264312, 29.76117780691591, 29.727515347302507, 29.694499184042044, 31.049626961561042, 31.048848034608387, 30.97213799443143, 30.87774203962253, 30.801961598127544, 30.740597872171477, 30.717442638952445, 30.6819776062922, 30.62192604437307, 30.589717703120233, 30.547930714688373, 30.487871570834514, 30.42961525600169, 30.372744423911875, 30.317045333973407, 30.26256988167331, 30.209494797084872, 30.147975292870935, 30.108087217571363, 30.059848430439295, 30.013256374737548, 29.96830820192232, 29.89500305563903, 29.733336252896844, 30.78625182675752, 31.024294326556713, 30.6616145136559, 30.409881380434733, 26.098109724648214, 26.98922950037896, 26.70855379591402, 26.845489758159772, 26.595732674272607, 25.946026430069278, 25.488871868729273, 25.277287586046622, 24.314501804046316, 24.102527654568352, 24.09199230498323, 23.932469373067725, 23.623645370874314, 23.515546584232393, 23.458384809929047, 22.452403959056884, 21.54776345730016, 22.29453899403472, 21.592768062454187, 20.492479504806415, 29.351681258549586, 28.03968628381179, 24.793640398644946, 23.639402461029654, 23.377603520414194, 23.046905080136032, 22.55458297830026, 22.91213785169466, 23.730488311449392, 23.975852087156454, 23.050884781407085, 21.599873752794068, 20.81819876955549, 20.75285261438126, 20.752849171132098, 19.718062542556634, 20.64804635725714, 20.441983433413068, 20.39888210708611, 20.21778489685838, 19.34788259558002, 19.038484842087446, 18.73896394035114, 20.098721621768206, 25.96576108683172, 25.922645891667845, 25.517275860554246, 25.445319093484784, 30.112157721320763, 30.56601865372498, 30.56455335121953, 25.563219875787123, 26.77379376042479, 32.570590084581575, 32.03754077286057, 31.542138873957203, 33.074159625328434, 33.19300126021745, 30.248698576525683, 30.250527354663088, 30.658469825612624, 31.322680206781474, 31.24315725143521, 31.169861719540787, 31.152668027864884, 30.891424423811735, 31.28599829206269, 31.536263361769503, 32.87073078754068, 33.10878053640558, 33.50232824312592, 34.0, 34.0, 34.0, 34.0, 34.0, 34.0, 34.0, 34.0, 33.58568751534072, 33.98128019167104, 33.942955988703645, 33.46950065805298, 33.00984649005975, 32.91284248027099, 32.82730287511456, 32.90212446496015, 32.936317060300055, 33.12900245718279, 33.0793900861887, 32.7367529256377, 32.45041866437605], "test": [30.0, 30.0, 30.0, 30.0, 30.4, 31.0, 31.0, 31.0, 31.0, 31.0, 31.0, 31.0, 31.0, 31.0, 31.0, 31.0, 31.0, 31.0, 31.8, 32.0, 31.4, 31.0, 31.0, 31.0, 31.0, 31.0, 31.0, 31.0, 31.0, 31.0, 31.6, 32.0, 32.0, 32.6, 33.0, 33.0, 33.0, 33.0, 33.0, 33.0, 33.0, 32.8, 33.0, 33.0, 33.0, 33.0, 33.0, 31.0, 31.0, 31.0, 31.0, 31.0, 30.2, 30.0, 30.0, 30.0, 30.0, 30.0, 30.0, 30.6, 30.0, 30.0, 29.6, 28.0, 28.0, 29.6, 30.0, 30.0, 30.0, 30.8, 30.8, 30.2, 29.0, 29.0, 29.0, 29.0, 29.2, 30.0, 28.8, 27.8, 28.2, 29.8, 30.4, 31.0, 30.0, 29.0, 27.6, 27.6, 27.4, 27.4, 27.0, 27.0, 28.0, 28.0, 28.0, 26.4, 25.200000000000003, 25.0, 25.4, 27.6, 31.6, 33.0, 33.0, 32.4, 32.4, 30.0, 30.0, 33.0, 33.0, 33.0, 33.0, 31.8, 31.4, 33.0, 33.0, 33.0, 33.0, 33.0, 33.0, 33.0, 33.0, 33.0, 32.6, 33.0, 33.0, 33.0, 33.0, 33.0, 33.0, 33.0, 33.0, 33.0, 33.0, 32.8, 33.0, 33.0, 33.0, 33.0, 33.0, 33.0, 33.0, 33.0, 33.0, 33.0]}