{"day": 6, "month": 12, "station_id": 541, "predict": [27.83982687957167, 27.53464531962591, 27.665835292434572, 27.04240352996071, 26.79912916428642, 26.72036084411226, 25.89474456938227, 26.318256082740458, 26.246498834667875, 26.57798141826178, 26.86160357081505, 26.798185896892296, 26.937482392066826, 26.879150038598528, 26.873213325117426, 26.769556097136046, 26.66802354363665, 26.368530634733467, 26.020980457488655, 26.12526980100941, 26.48131123816109, 26.839020660128135, 26.998316020719223, 26.959121304255387, 27.860996470715538, 27.737848878159387, 27.661066678678417, 27.77217908651085, 27.736073995121522, 27.661258920857428, 27.58799926885328, 27.51752662710063, 27.45168486156731, 27.388792079313458, 27.328702892248106, 27.271667309946388, 27.217312904413255, 27.16546388816987, 27.116060375127486, 27.0689441396399, 27.023982494757625, 26.981073871768974, 26.940106443758403, 26.90097512110428, 26.863585428219082, 26.827845851781944, 26.79366967830244, 26.710975910717977, 27.715177093915987, 27.27568377430314, 27.057997199922326, 27.079074241840928, 27.50121490428745, 27.080512251199956, 27.01123884076229, 26.94457324464458, 27.081743033578903, 27.321676450524993, 26.964291146606033, 26.65971261791826, 26.807661913189488, 26.85799167190411, 26.260624385584354, 25.515420122974593, 25.52225836372209, 25.081039677878216, 24.89165965634932, 24.854020223827973, 24.918031725569524, 24.93360796664871, 24.050667398709155, 22.319133574624324, 15.28774201388211, 14.908083078360853, 15.599443038113602, 15.453995369006673, 15.764470305431711, 15.669175679598768, 15.394441980731127, 14.505663152656835, 14.004165494430236, 13.885859321548248, 13.553686151361898, 13.35899824364368, 13.801640789933264, 14.132599382599464, 14.702731841372703, 15.062528819605411, 13.66262436021582, 13.503635152424318, 14.736078614242766, 15.060464826247808, 15.227282594160373, 14.586980330497815, 14.339982408677267, 14.086690428726772, 16.945417655153967, 17.157594982325826, 18.88943150565009, 18.727136218644013, 17.560930380839967, 17.325936744220318, 18.695038231357117, 18.39282203717039, 18.518872489991544, 21.794340985726436, 21.70525546067234, 18.51254885785815, 18.480132615012963, 18.297767846859813, 17.817552723043896, 18.4385899939386, 18.560583098803185, 21.243859900614062, 21.16826613021558, 21.14367444565493, 20.800095871841155, 21.83747303261296, 20.61574152784248, 22.344865806356378, 26.760144774210477, 26.349990019446494, 25.77135332648032, 25.41082872104985, 25.282232602386646, 25.05081905488939, 26.83209434972999, 27.51524443365033, 27.492462392078252, 27.3257107608352, 27.175499008474585, 26.931909106152784, 26.64519448170978, 26.517370284465805, 26.39657305278218, 26.182251897826923, 25.924500406846725, 26.12275312414777, 26.22659240760853, 26.335775294872114, 26.549968746760772, 26.468861775129383, 26.3921934138637, 26.31970310429367], "test": [28.0, 28.0, 28.0, 28.0, 28.0, 28.0, 28.0, 28.0, 28.0, 28.0, 28.0, 28.0, 28.0, 28.0, 28.0, 28.0, 28.0, 28.0, 28.0, 28.0, 28.0, 28.0, 28.0, 28.0, 28.0, 28.0, 28.0, 28.0, 28.0, 28.0, 28.0, 28.0, 28.0, 28.0, 28.0, 28.0, 28.0, 28.0, 28.0, 28.0, 28.0, 28.0, 28.0, 28.0, 28.0, 28.0, 28.0, 28.0, 28.0, 28.0, 28.0, 28.0, 28.0, 28.0, 28.0, 28.0, 28.0, 28.0, 28.0, 22.8, 20.0, 20.0, 20.0, 19.6, 17.2, 16.0, 17.2, 16.8, 17.2, 16.4, 16.0, 14.8, 18.0, 17.0, 17.0, 14.400000000000002, 14.2, 9.4, 2.9999999999999987, 2.9999999999999987, 7.6, 8.0, 8.6, 8.0, 9.0, 10.8, 14.0, 12.4, 11.4, 9.0, 9.0, 9.0, 9.0, 8.4, 11.6, 15.8, 16.8, 20.0, 20.0, 20.0, 19.8, 21.0, 22.0, 25.4, 24.4, 25.8, 28.0, 28.0, 27.6, 27.0, 27.0, 27.0, 27.4, 28.0, 28.0, 28.0, 28.0, 28.0, 28.0, 27.4, 27.2, 28.0, 28.0, 28.0, 28.0, 28.0, 28.0, 27.6, 28.0, 28.0, 28.0, 28.0, 27.6, 26.0, 26.0, 26.0, 26.0, 26.0, 26.0, 26.0, 26.0, 26.0, 26.0, 28.0]}