{"day": 1, "month": 8, "station_id": 703, "predict": [23.58414618023178, 23.907819096056514, 23.82163095124609, 23.767240420224176, 23.750525860959094, 23.737055154063864, 23.719418263944295, 23.70272667305395, 23.68883563362914, 23.676835160993807, 23.6661131117568, 23.656627721418864, 23.648357726039265, 23.641189746504054, 23.635008570605315, 23.62972572621041, 23.625263893279104, 23.62154918178852, 23.618512757192715, 23.61609189446755, 23.614229237145604, 23.612872058895913, 23.611971919652028, 23.611484393681287, 23.04077346282476, 23.076630910548474, 23.099727776716435, 23.121334128482324, 23.14523030304165, 23.168980500899288, 23.191337070217248, 23.21260087615099, 22.899718788991102, 22.25267808186239, 22.27144995553985, 21.022734403271034, 17.773243740758357, 16.32301347230842, 14.07207534185365, 9.953795119730652, 8.034871500965313, 4.2486683203136355, 1.5952146040876853, 5.741204787893069, 7.753332082588087, 5.564955138348647, 7.509431416031663, 2.9201172397063004, 8.014371727579308, 6.189230245100948, 5.920355839596164, 9.097449203545233, 10.36760368868295, 10.020320511261879, 5.999610471692664, 5.615401265505523, 5.114985103473074, 3.8329075330735334, 3.5050702818490063, 10.26337360543445, 12.305720597817269, 12.030812392859472, 11.83764604166489, 12.058504252929472, 15.29235207635029, 14.804909642576522, 19.211976610122523, 18.029412333391235, 17.53979781266911, 17.35910151757743, 17.220009431202065, 16.80525428042187, 19.603714888447897, 14.3282816157484, 14.122007793612973, 14.098566171448331, 13.407499864198527, 13.399039726429498, 13.549143085064092, 12.253849550801505, 11.109291251679956, 11.047613701014857, 10.668021161725505, 9.836007240214377, 9.083711321029938, 8.743437726030145, 9.614266285787322, 9.562002715887617, 9.452511543957195, 9.818387117411016, 9.458949044466298, 10.10690268662062, 9.961668256968082, 10.889377461622992, 10.95620349486076, 10.695024479278244, 5.167025307972006, 6.0499395243886385, 4.843123905963633, 5.168249106691239, 6.0786773686959785, 7.442439424131045, 9.582646930156764, 12.29907259237726, 14.32869622896032, 16.540306413142, 19.334977693702623, 21.580526690510215, 21.811559490353556, 19.56258918534019, 19.76800151351279, 21.76209743569702, 22.612443906777152, 22.919873199885483, 22.818484826715775, 23.175651134783863, 23.525355899387602, 23.468198500574122, 23.80473104745252, 23.86879535849982, 24.97492936103659, 24.989488063818165, 24.274465106636914, 24.4471771925689, 24.562366255791577, 24.81196669117893, 24.862052516561043, 24.846400485772325, 24.764709443967188, 24.4832963917741, 24.735390095222748, 24.787655891648882, 24.773432552407876, 24.759394729374574, 24.74555846567869, 24.731943480697897, 24.71856880823518, 24.705451540938054, 24.692606682025918, 24.680047043828736, 24.667783219030905, 24.655823682975928, 24.64417496049961, 24.63284180428725], "test": [23.0, 23.0, 23.0, 23.0, 23.0, 23.0, 23.0, 23.0, 23.0, 23.0, 23.0, 23.0, 23.0, 23.0, 23.0, 23.0, 23.0, 23.0, 23.0, 23.0, 23.0, 23.0, 23.0, 23.0, 23.0, 23.0, 23.0, 23.0, 23.0, 23.0, 23.0, 23.0, 23.0, 23.0, 22.2, 21.2, 20.0, 19.8, 18.4, 14.400000000000002, 13.600000000000001, 12.0, 9.8, 9.4, 5.4, 4.2, 14.000000000000002, 12.6, 7.000000000000001, 0.6, 0.2, 0.5999999999999999, 0.0, 0.0, 0.0, 0.0, 0.0, 7.400000000000001, 12.8, 12.0, 10.4, 9.2, 8.0, 8.0, 6.2, 11.6, 21.0, 20.6, 20.0, 20.0, 20.8, 21.0, 21.2, 22.2, 22.800000000000004, 23.4, 22.799999999999997, 22.0, 22.0, 22.0, 20.8, 21.6, 21.199999999999996, 20.6, 18.8, 18.8, 19.6, 20.0, 19.4, 5.6, 4.0, 3.2, 3.0, 3.0, 4.4, 4.6, 4.2, 5.8, 7.000000000000001, 7.8, 9.4, 11.8, 12.6, 15.8, 18.0, 19.8, 23.4, 25.0, 25.0, 25.0, 25.0, 10.0, 19.7, 12.8, 18.6, 20.2, 24.8, 25.0, 25.0, 25.0, 25.0, 24.2, 24.6, 25.0, 25.0, 25.0, 25.0, 25.0, 25.0, 25.0, 25.0, 25.0, 24.2, 23.4, 24.0, 24.0, 24.0, 24.0, 24.0, 24.0, 24.0, 24.0, 24.6, 25.0]}