{"day": 0, "month": 12, "station_id": 541, "predict": [28.0, 28.0, 28.0, 28.0, 27.965043830044927, 27.80648645524785, 27.473493053440848, 27.32634802334635, 27.202014746751182, 27.1823394435777, 27.215030571096918, 27.106852792779122, 27.005066858209204, 26.908364426140974, 26.81766094168055, 26.732374250830816, 26.651933552660605, 26.57624866581179, 26.505027554626174, 26.43794947591367, 26.3747971006637, 26.31534047324989, 26.25934871383273, 26.206619419614363, 27.870490294789647, 27.737454109354054, 27.619206196008378, 27.483900074937488, 27.352458170823496, 27.231679862363404, 27.11496610711857, 27.00433823218584, 26.901057456630973, 26.803658692012554, 26.711987936280515, 26.626043083788204, 26.345316438435482, 25.96949099764052, 25.89833616175082, 25.831546180033193, 25.968850025275913, 25.960011024586752, 25.654792288824, 25.252971825123822, 24.75434501419342, 23.30871744544963, 21.46590616644111, 20.925740065813322, 27.414924530643223, 27.53434881268574, 26.828413977523162, 24.974545895728646, 23.331974846585112, 22.24494411311644, 19.07094431641421, 17.11558900299778, 15.176339072710789, 13.702978430331328, 13.495593115522787, 15.252958461103134, 15.854213164855436, 12.478705745937663, 14.905609910884879, 16.56417601025753, 17.683742027288584, 16.513652209721595, 15.903289867482425, 16.052084486329704, 15.359494856609263, 15.275011178452848, 14.998155880883209, 14.378479295155385, 17.85414589594734, 18.001862666364467, 18.98971865369415, 18.893011534851702, 19.22687440576655, 20.343813785596524, 19.18711846711137, 17.422453143093456, 15.681384820324842, 16.997441321832294, 16.769413383675698, 16.152843592610424, 15.945060182632561, 12.504899149787637, 12.832944377114437, 14.76849899419623, 9.8709355904595, 10.100018288405453, 14.255346327609576, 14.396513077305052, 10.673203285016191, 15.095098263688827, 13.051887973647322, 10.913292680505647, 7.188116647862799, 7.24284861587925, 7.981738431329763, 8.426855686216124, 7.398803412889259, 6.05790646844237, 5.830763329206129, 6.749715697596219, 8.383678828508014, 10.250130811237508, 10.309475149881237, 9.91791776983501, 10.370092197200218, 13.017196854069656, 12.96091745177266, 13.250621879548977, 14.33656074901732, 14.519262430451299, 15.84882197020687, 16.67542155690052, 17.049312579607346, 16.370663879823216, 15.789639239406162, 16.25641007902673, 22.083477118760126, 24.96085126657664, 25.9129841631865, 25.735605509003385, 25.69833621684083, 25.693762970453882, 25.415584201968155, 25.272089497632745, 24.913717437469174, 24.621021795410165, 24.29221615432097, 24.616752759125948, 24.798677231463294, 24.78834065232622, 24.88347106566572, 24.734258075468503, 24.39064532096793, 24.401987029364967, 24.518030924119287, 24.58856501449138, 25.06327222733851, 25.391903183862958, 25.474239032742165, 25.410053102428613], "test": [28.0, 28.0, 27.4, 27.0, 27.0, 27.0, 27.0, 27.0, 27.0, 27.0, 27.0, 27.4, 28.0, 28.0, 28.0, 28.0, 28.0, 28.0, 28.0, 28.0, 28.0, 28.0, 28.0, 28.0, 28.0, 28.0, 28.0, 28.0, 28.0, 28.0, 28.0, 28.0, 28.0, 28.0, 28.0, 28.0, 28.0, 28.0, 28.0, 28.0, 27.6, 27.0, 27.0, 27.0, 27.4, 28.0, 28.0, 28.0, 28.0, 28.0, 28.0, 28.0, 27.8, 26.0, 23.6, 18.0, 17.0, 17.0, 17.0, 17.0, 17.0, 17.0, 17.0, 17.0, 17.0, 17.4, 19.0, 19.0, 16.0, 16.0, 16.0, 18.0, 18.0, 16.8, 16.0, 16.8, 12.0, 11.6, 11.0, 9.0, 9.0, 8.2, 8.0, 6.4, 7.4, 4.8, 4.0, 4.200000000000001, 3.8, 8.2, 9.0, 9.0, 8.2, 8.0, 8.0, 8.2, 10.4, 16.8, 18.0, 18.0, 18.4, 18.0, 18.0, 18.2, 18.0, 20.2, 23.0, 23.0, 23.2, 24.0, 24.0, 24.0, 25.2, 26.0, 26.0, 26.0, 26.0, 26.0, 24.0, 20.8, 19.0, 19.0, 19.0, 19.0, 19.0, 18.4, 18.0, 17.6, 16.0, 16.0, 16.0, 16.4, 19.2, 17.8, 16.0, 14.400000000000002, 14.600000000000001, 17.4, 22.8, 24.0, 23.2, 26.0, 24.4, 16.4]}