{"day": 4, "month": 10, "station_id": 73, "predict": [30.09024270635452, 30.171929114316136, 30.23851952868701, 30.10149589083007, 30.09635321568574, 30.423521232966078, 29.816446510546307, 29.408517538968134, 29.39977793402802, 29.456934764704467, 30.38002672918513, 34.902424455476, 35.69083058802783, 35.67861316915932, 35.66580567945318, 35.65244040921971, 35.638548495335534, 35.624159956985636, 35.40930373036673, 35.26067436905255, 35.51163207671619, 35.895536072237014, 35.87907795388501, 35.86228172927516, 33.988978675936686, 34.00020740650692, 34.01770962025632, 34.03591199055119, 34.05350766644362, 34.87024917507771, 37.0, 37.0, 37.0, 37.0, 37.0, 37.0, 37.0, 36.774761102262296, 36.317884573400555, 35.26036575844661, 33.80222812518492, 32.8101610851491, 31.950853347482333, 31.62432627224266, 32.29726722316684, 33.10302958657356, 32.50829945641984, 31.446428985524246, 31.69495661607039, 30.722178949886658, 30.325177998473144, 29.5249988642567, 29.72403075533763, 27.522537460557125, 21.38722712132511, 15.118121408646603, 12.581907192633997, 9.645270872677468, 9.3748982803505, 9.570807974347199, 8.233017910551476, 6.961545456358742, 8.689740740346858, 9.417620001984291, 9.678532274321167, 10.539159399599036, 11.399516044443304, 11.726283047980052, 12.386140769554062, 12.712435769391531, 12.771847488884227, 12.497721597171527, 10.063529438873363, 10.264796644288174, 9.461566062683241, 8.922231101226117, 8.580883456157157, 9.104413562606226, 10.026238439669996, 10.946410832438131, 11.931643180170028, 11.6486457171044, 11.764127385027958, 11.278129352614267, 10.457358402820812, 11.168520296567563, 12.144986465161688, 13.653460701454698, 13.827312516974645, 13.399910498474668, 13.971288997259968, 14.474814817975385, 13.377187240199767, 13.145104706192868, 13.111931508140025, 13.344364474906374, 17.587571098282506, 17.745846349767405, 17.562404035053966, 16.64405911633485, 16.3924210145942, 16.474495008116016, 16.223683592801432, 15.840002481695738, 15.790123659126387, 15.140716922131883, 15.291784742362776, 17.709995886757504, 19.395352145429605, 21.41452168538211, 23.767505730018417, 23.787638570375393, 24.008254242464172, 25.296019870910655, 25.18426901226991, 24.473001664695488, 24.36221761064007, 23.918583092595636, 23.6087641552151, 24.366093320489735, 22.61502505936095, 22.935927085596617, 22.934931475151412, 22.13447974529157, 22.333452214046908, 22.931779380857297, 22.39615175921868, 21.859929960077107, 23.123139540123177, 23.985804894190377, 24.447949567802816, 24.70959635570771, 24.304100672468948, 23.964817242034822, 23.15843345061024, 22.551636031818838, 23.744444417956984, 24.13687742410517, 24.595619931791, 24.720689572217545, 24.77877007573486, 24.63654462089842, 24.160695849791225, 23.55123921628614], "test": [30.0, 30.0, 30.0, 30.6, 31.0, 31.0, 31.0, 31.0, 31.4, 33.0, 34.0, 34.0, 33.2, 33.0, 33.0, 33.4, 34.0, 34.0, 34.0, 34.0, 34.0, 34.0, 34.0, 34.0, 34.0, 34.0, 34.0, 34.0, 34.0, 34.0, 34.0, 34.0, 34.0, 34.0, 34.0, 34.0, 34.0, 33.4, 33.0, 32.2, 32.0, 33.8, 34.4, 33.6, 33.2, 33.0, 31.0, 31.8, 32.0, 32.4, 30.4, 25.199999999999996, 23.4, 19.4, 15.8, 14.599999999999998, 14.4, 13.4, 14.0, 11.0, 11.2, 11.0, 10.2, 10.0, 10.2, 11.8, 12.0, 11.2, 11.0, 10.4, 10.0, 9.600000000000001, 8.6, 9.8, 11.600000000000001, 11.8, 15.0, 15.2, 15.8, 14.8, 14.0, 14.8, 15.4, 16.0, 17.0, 17.4, 19.4, 19.6, 20.2, 20.6, 19.4, 19.0, 19.8, 18.4, 18.0, 18.2, 22.2, 22.8, 22.4, 25.6, 28.2, 26.599999999999998, 26.0, 27.0, 27.8, 28.4, 28.0, 28.599999999999998, 28.8, 30.4, 30.0, 32.6, 32.2, 30.2, 28.599999999999998, 25.8, 23.6, 23.200000000000003, 23.6, 23.4, 23.0, 25.0, 25.4, 25.0, 24.4, 24.0, 24.2, 24.0, 24.0, 25.0, 25.0, 23.6, 23.8, 23.8, 23.6, 23.0, 24.8, 25.0, 25.6, 26.0, 26.599999999999998, 27.6, 28.0, 28.0]}