{"day": 6, "month": 1, "station_id": 107, "predict": [1.0718599152925756, 1.1911696903852698, 1.3174342586872778, 1.441633295179261, 1.5633013620876801, 1.9495557216569293, 2.1340093954913195, 2.25008892252347, 2.3644799174078357, 2.477195593603594, 2.5882568738914227, 2.697687729380559, 2.805511897626306, 2.9117524393100123, 3.016431988831881, 3.119572877784046, 3.2211971456034396, 3.321326532748384, 3.419982480911976, 3.5171861368939563, 3.6129583567103483, 3.7073197093700996, 3.800290480507323, 3.8918906759755156, 1.1666500169288774, 1.2046239283993176, 1.1612820706916716, 1.3115459067980373, 1.459030443263919, 1.6040472915015314, 1.7464331406279299, 1.8861602173656322, 2.02327506291462, 2.157833403437024, 2.2898865922196086, 2.419483074974902, 2.5466700419382384, 2.671493829771523, 2.7939999078108304, 2.9142328490109493, 3.2989030033191256, 3.4813865170419156, 3.661725352228873, 4.039960637796503, 4.149466019876033, 4.256947678471859, 4.362444343811105, 4.532660645694585, 2.716655099942784, 2.8762275700538553, 3.0286520489387114, 3.1737210181949838, 3.51527514828762, 3.7209459922101873, 3.590722936976202, 3.724573523621001, 3.322531411225249, 2.851315218936165, 2.5109761850152257, 2.8348964401869505, 2.689789985733688, 2.9423698332953787, 3.0593480920040825, 2.374102633958175, 1.8200104324836897, 1.6637809115157332, 2.3054559645246533, 2.345076639548034, 2.649349823431205, 2.8183149255890836, 2.4520105614179224, 2.2171412353681417, 12.939755918576816, 12.860407709055636, 12.007214456832553, 12.28221816828297, 12.757359307229502, 13.502395515274308, 12.850758150031304, 11.868842138953966, 11.156527199891046, 11.247080413851105, 11.673768558291023, 12.436522626276211, 12.535274757714356, 12.436625625181799, 12.007177576707056, 11.113534513609247, 11.088968517892619, 11.200086489028415, 11.046830109746896, 10.895809144385105, 11.346968071533244, 10.466919384316018, 10.522276891477333, 9.979655685886357, 14.354988228883471, 14.030230080222799, 14.262108621696887, 15.172421451182935, 15.219947702258665, 15.470663875423831, 14.524775989536991, 13.9822532906147, 14.709675335835918, 14.573633105144408, 14.440721175279352, 14.57753400995134, 14.850667290766125, 15.060051871594977, 14.405620317931449, 13.820640094162313, 13.771713512979545, 13.992111042808816, 13.615104610460683, 13.440634233830353, 13.335307988341487, 13.565735307847714, 13.465193619748483, 13.233628314167731, 14.264307051084884, 14.707064308825002, 15.214476024272145, 15.354206943846606, 14.838070780987863, 14.458317793964689, 14.480793120111187, 14.57239172105087, 14.466535206324329, 14.363190370571424, 14.195626962773368, 13.830449374524836, 13.734266570203651, 13.640356640372108, 13.548665684834846, 13.459140982502012, 13.371731036279444, 13.286385579576997, 12.936388882785668, 12.788359721465108, 12.708918013876357, 12.63135146031684, 12.55561551654317, 12.48166670107818], "test": [0.9999999999999998, 0.9999999999999998, 0.9999999999999998, 0.9999999999999998, 0.9999999999999998, 0.9999999999999998, 0.9999999999999998, 1.8000000000000005, 2.000000000000001, 2.000000000000001, 2.000000000000001, 2.000000000000001, 2.000000000000001, 2.000000000000001, 2.000000000000001, 2.000000000000001, 2.000000000000001, 2.000000000000001, 2.000000000000001, 2.000000000000001, 2.000000000000001, 1.4000000000000001, 0.9999999999999998, 0.9999999999999998, 1.2, 2.000000000000001, 2.000000000000001, 2.000000000000001, 2.000000000000001, 2.000000000000001, 2.000000000000001, 2.000000000000001, 2.000000000000001, 2.000000000000001, 2.000000000000001, 2.000000000000001, 2.000000000000001, 2.000000000000001, 2.000000000000001, 2.000000000000001, 2.000000000000001, 2.000000000000001, 2.000000000000001, 1.9999999999999996, 1.9999999999999996, 1.9999999999999996, 1.9999999999999996, 1.9999999999999996, 1.9999999999999996, 1.9999999999999996, 1.9999999999999996, 1.9999999999999996, 1.9999999999999996, 2.8000000000000003, 3.0000000000000004, 3.0000000000000004, 3.0000000000000004, 2.999999999999999, 3.5999999999999996, 3.5999999999999996, 2.000000000000001, 1.6000000000000003, 1.6000000000000003, 0.40000000000000036, 0.0, 2.000000000000001, 5.0, 10.600000000000001, 12.0, 12.6, 13.8, 13.0, 13.0, 11.400000000000002, 11.2, 12.0, 12.6, 13.0, 12.4, 12.0, 12.6, 9.0, 9.0, 10.0, 10.0, 11.2, 13.0, 12.6, 12.4, 13.0, 13.2, 14.8, 13.0, 13.8, 14.8, 14.8, 14.0, 15.4, 15.600000000000001, 14.8, 13.599999999999998, 10.4, 6.2, 5.4, 6.4, 8.4, 9.0, 8.2, 7.0, 6.0, 6.799999999999999, 8.6, 10.4, 11.0, 10.0, 10.0, 10.2, 11.0, 12.0, 14.0, 15.600000000000001, 14.6, 14.0, 14.0, 14.0, 14.399999999999999, 15.0, 15.0, 15.0, 15.0, 14.0, 13.599999999999998, 12.8, 13.0, 13.0, 13.0, 13.599999999999998, 14.0, 14.0, 14.0, 14.0, 14.0, 14.0, 14.0]}