{"day": 0, "month": 4, "station_id": 12, "predict": [36.100531145786256, 36.45010922942448, 36.714960205473396, 36.947004563101636, 37.142880165786856, 37.36606291599546, 37.576612174327174, 37.77622453648848, 37.95743367746548, 38.132476033582016, 38.29811768962077, 38.45548886690546, 38.50263427438651, 38.49159996322566, 38.622466125939866, 38.74597073886751, 38.86203565820208, 38.97120673157968, 39.073769295261215, 39.17014571108314, 39.26058277204256, 39.34540211691186, 39.424873301266544, 39.49928660237155, 36.31108534515096, 36.57066702097235, 36.832488447644, 37.041722427264396, 37.27547734500656, 37.595972717205655, 37.960715767638945, 38.15489641889806, 38.34167737771403, 38.517388348285, 38.68483628343578, 38.84129893577274, 38.98889897244846, 39.12749264865292, 39.258121703614705, 39.380668897020094, 39.445740191659105, 38.55358832538946, 38.45469882581321, 38.54933808805367, 38.28786462263082, 37.52056260853876, 37.89775057346931, 37.71970066884015, 43.970684461050716, 43.38682082249674, 43.55027419659477, 44.48416536997197, 43.998617980636084, 43.70250118524787, 40.95113096909014, 37.848101067743805, 34.463336661827654, 33.18185810930893, 31.758211955094875, 30.828739006015745, 29.25224389845703, 27.37748567727681, 30.71656259944965, 30.016954142750308, 29.539562844449833, 28.99407318812648, 27.000991866264112, 26.5599347648527, 22.420976292181418, 21.413997550982426, 19.759066285015933, 19.356107147388055, 17.272882362937096, 16.43101298512416, 18.045656063903344, 15.86674035863042, 16.133518647242507, 16.237329292229724, 16.671626030138416, 16.334226295925415, 16.120170602840215, 16.075623337647666, 15.46583180149874, 15.815633685981984, 15.830903718490198, 15.97255930551484, 15.583700800063095, 15.641560068736018, 15.004801853321519, 14.614269027854677, 14.326833186985315, 13.83950379885114, 14.154075408135077, 14.568772396230784, 14.484550917999396, 14.350924682246374, 14.194141077659964, 16.305049155288728, 19.833172856769927, 18.9940706947859, 19.11294601625159, 19.932681489856446, 21.49416576774659, 23.30346767830876, 24.576112179646792, 26.322058370682967, 28.788762859253513, 34.48743918825268, 35.87235943759045, 36.636595885444095, 37.72373150373935, 38.91648884701928, 40.91208764600994, 40.88474808028043, 42.51873781834109, 42.90426953865319, 43.08171409832625, 43.819799160167776, 44.06879270031161, 40.58870888388235, 43.32501423638976, 43.657310631014006, 43.6457430295519, 43.8652984354799, 43.78964263920328, 44.189257248816716, 43.92489081018788, 44.75391957616035, 44.93510129917711, 44.96505073891501, 44.947177547392286, 44.729370113593774, 45.012386246173904, 45.1957426705762, 45.12985530490137, 45.714557196538685, 45.749948653983864, 46.03597782684628, 46.17269797565318, 46.31010403647497, 46.2482178163544, 46.18704136639599, 46.1765867762705, 46.3168592471025], "test": [36.0, 36.0, 36.0, 36.0, 36.0, 36.0, 36.0, 36.0, 36.0, 35.0, 35.0, 35.0, 35.8, 36.0, 36.0, 36.0, 36.0, 36.0, 36.0, 36.0, 36.0, 36.0, 36.0, 36.0, 36.0, 36.0, 36.0, 36.8, 37.0, 37.0, 37.0, 37.0, 37.0, 37.0, 37.0, 37.0, 37.0, 37.0, 37.0, 37.0, 37.0, 37.0, 37.0, 37.0, 44.6, 45.0, 45.0, 44.2, 44.0, 43.4, 42.2, 41.8, 40.8, 38.0, 37.0, 39.6, 37.6, 36.8, 34.8, 32.4, 31.2, 30.4, 30.0, 30.0, 31.600000000000005, 35.0, 34.0, 34.4, 35.0, 34.0, 34.0, 19.16, 19.08, 18.88, 18.68, 18.0, 32.6, 32.2, 32.2, 33.0, 32.8, 31.999999999999996, 31.999999999999996, 31.2, 29.0, 28.0, 28.4, 29.6, 30.0, 31.8, 17.72, 17.16, 17.599999999999998, 31.600000000000005, 31.8, 17.840000000000003, 18.12, 18.92, 20.199999999999996, 20.599999999999998, 21.639999999999997, 22.64, 38.2, 25.72, 27.52, 29.48, 31.68, 47.2, 47.0, 48.0, 48.0, 47.8, 47.6, 48.0, 48.0, 48.0, 47.6, 47.8, 48.0, 44.0, 39.6, 40.0, 42.4, 46.4, 46.4, 47.0, 47.0, 47.0, 47.0, 47.0, 47.0, 47.4, 48.0, 48.0, 48.0, 48.0, 48.0, 48.0, 48.0, 48.0, 48.0, 48.0, 48.0, 48.0]}