{"day": 0, "month": 1, "station_id": 109, "predict": [54.09924163440964, 53.878296767222615, 53.795920259460786, 53.56583318192095, 53.36878299713099, 53.315464364360864, 53.67850101845618, 53.74143820694161, 53.875789464818624, 53.585743502026055, 53.4951579092226, 53.52636573010268, 53.48740353599737, 53.67253816930632, 47.99968379160369, 48.05757483174656, 48.717901862281494, 48.63041591843805, 48.144421063713914, 49.010337784347804, 49.37816237972939, 49.297589657662996, 49.818708004080676, 49.891548136046694, 55.99201402038881, 55.737128467167835, 55.50126330475911, 55.364625799869536, 55.15862085116672, 54.908046492587374, 54.55343401922501, 54.38312568627836, 54.205842126678675, 54.045731922786224, 53.88554215530922, 53.57393982131014, 53.370263022317374, 53.419832039124614, 53.270255662080984, 53.62485924890036, 53.73284362331213, 53.59294894879376, 53.45616698954062, 53.12245435940234, 52.94122114800203, 52.81268484725894, 52.63689593434549, 52.063610140737374, 52.35827715077158, 50.504790219488264, 48.871934545806695, 48.09892833114172, 46.73075000433703, 46.93695433531797, 45.76852435689922, 41.70746070108917, 37.127282939843255, 34.597260143190795, 32.13474942168978, 31.06523713842905, 29.79348723167156, 28.480505598167536, 27.61917147494988, 27.358065532467528, 26.85094407418102, 25.94596302470865, 27.34209403861863, 29.84077136993218, 29.441713026323775, 29.34432721593135, 28.99898588499439, 29.105672625753357, 0.0, 0.0, 0.0, 0.0, 0.0, 0.0, 0.0, 0.0, 0.0, 0.0, 0.0, 0.0, 0.0, 0.0, 0.0, 0.0, 0.0, 0.0, 0.0, 0.0, 0.0, 0.0, 0.0, 0.0, 13.861628553663246, 13.10778962938217, 11.147621229846678, 12.274870383248578, 12.28555187115892, 12.72891121660498, 13.381299016542975, 15.403857149409292, 18.081917983098343, 19.060558687864024, 21.387327986253894, 25.26762577194435, 26.796025884296082, 30.37055049644718, 32.244926760858874, 30.819268482763874, 32.14277974192754, 34.316268081752234, 35.039611163233694, 36.91239176383268, 37.93495525208158, 39.25746101450272, 39.52981020373491, 39.852099264656324, 46.469479540278364, 46.94339599301017, 47.73230267687482, 53.829591814564594, 53.9926338939008, 54.324329873736815, 54.4170864824786, 54.73871452091678, 54.854834355227666, 54.42631106950036, 54.1676347010982, 54.197073721442955, 54.73607046340716, 55.488598423131336, 55.398937456561754, 55.612755914186785, 55.71267706076061, 55.573516215897236, 55.73692618381325, 55.95477361127077, 56.125267947589755, 55.9983665175201, 55.874743563639484, 55.75383977666073], "test": [56.0, 56.0, 56.0, 56.0, 56.0, 56.0, 56.0, 56.0, 56.0, 56.0, 56.0, 56.0, 56.0, 56.0, 56.0, 56.0, 56.0, 56.0, 56.0, 56.0, 56.0, 56.0, 56.0, 56.0, 56.0, 56.0, 56.0, 56.0, 56.0, 56.0, 56.0, 56.0, 56.0, 56.0, 56.0, 56.0, 56.0, 56.0, 56.0, 56.0, 56.0, 56.0, 56.0, 56.0, 56.0, 56.0, 55.6, 53.8, 52.0, 49.0, 47.2, 44.4, 42.4, 39.0, 33.4, 25.4, 19.8, 12.4, 10.4, 8.4, 5.2, 4.2, 0.20000000000000062, 0.0, 0.0, 0.0, 0.0, 0.0, 0.0, 0.20000000000000062, 1.0, 0.0, 0.0, 2.0, 1.5999999999999988, 1.0, 0.40000000000000124, 1.4000000000000012, 15.600000000000001, 16.4, 14.800000000000002, 16.2, 14.600000000000001, 17.4, 19.4, 18.4, 18.0, 17.4, 16.4, 16.0, 15.600000000000001, 14.800000000000002, 14.2, 15.0, 15.0, 15.0, 14.800000000000002, 14.2, 15.4, 17.0, 16.6, 16.6, 16.6, 19.6, 20.6, 24.2, 21.8, 24.4, 23.2, 25.8, 27.8, 31.799999999999997, 36.8, 40.6, 42.8, 44.0, 44.0, 46.2, 47.0, 46.4, 46.0, 47.0, 47.2, 48.0, 47.8, 49.4, 49.2, 50.0, 51.2, 51.0, 52.4, 54.6, 55.0, 55.0, 55.0, 55.0, 55.0, 55.0, 55.0, 56.0, 56.0, 56.0, 56.0, 56.0]}