{"day": 2, "month": 10, "station_id": 192, "predict": [15.03068722150023, 15.01531388292514, 15.001486539504786, 14.98887350656111, 14.977348389946416, 14.966814349901638, 14.957185103233407, 14.948382169454103, 14.740333969852216, 14.932975191890998, 14.926246232171417, 14.920092691768724, 14.914464916944846, 14.909317580869262, 14.90460930261717, 14.600302300082408, 14.396362073752325, 14.39275711856994, 14.389458661361063, 14.486440421533038, 14.633678392959753, 14.631150645156573, 14.628837142020403, 14.62671957656608, 14.977677866405442, 14.958486063643688, 14.940431234026931, 14.92301968224126, 14.90621581220614, 14.890044777645908, 14.874530026975583, 14.859686404798328, 14.845520648665802, 14.832032645290722, 14.81921661986822, 14.807062175921574, 14.595555192919898, 14.234678597851776, 14.024413026244405, 14.014737386458567, 14.00562933949075, 13.997065705078661, 13.939022803631001, 13.53147674237057, 13.624403653076142, 13.217779887919047, 12.361582179102376, 11.655787767313106, 12.454204486992305, 12.01147473193435, 10.72113773983554, 9.594814151544398, 8.132472744808286, 6.682769535493385, 4.944342928094539, 3.415957834086023, 2.6465095363531503, 2.285011967528826, 1.380585387812863, 0.7324451337805777, 0.9898915199648337, 1.0523007966341735, 0.8691170568141416, 0.8398449941948216, 0.8140434234223483, 0.5413194833722886, 0.7213234522001939, 1.0037441103245546, 1.6383045941020975, 1.2247586888815896, 0.9628875154393257, 0.6024965685695524, 9.091636918790064, 8.90699754897382, 7.401853741359371, 6.267945820963325, 5.797658216226753, 5.234552373341098, 4.822908506429878, 4.757586817290965, 4.583960207900168, 5.147862165577587, 5.195540923472977, 5.373618295351513, 3.939052599892478, 4.139105255765435, 5.161310683320103, 5.033449186211174, 4.673522518656277, 4.429731873047288, 2.9004580487825304, 2.5342435867603332, 2.279776675227914, 1.7858766518417128, 1.6014809440715467, 1.7256333056565674, 0.3706601584382305, 0.8883268439427365, 1.0920755652058578, 1.683606103338686, 1.6143940301216388, 1.035659560666278, 1.0984734500657065, 2.3537877607977817, 3.0524505950150274, 4.495217424785208, 5.782760994612619, 6.015680157362722, 6.294507780486827, 6.969717821896554, 7.9917316617951775, 6.960923767593877, 5.477626761100253, 5.9921359500687155, 6.754713379829707, 9.435591454990504, 8.124976176058412, 8.783050031218933, 7.789974579353852, 7.5458927566597245, 7.970214129498169, 8.158503855312926, 7.729179390666572, 8.039397209899734, 8.440601255551444, 8.883916815012862, 9.720349515481884, 10.150790525861929, 11.026026447966238, 13.29675053240014, 13.41357308973063, 13.72703083166537, 14.587595205681541, 14.995679823112914, 15.301647075967255, 15.305814028551367, 15.258457661106336, 15.359819534614665, 15.16010993871644, 14.909511578188846, 15.258182847628031, 14.956260738756544, 14.753863420102459, 14.851092524602915], "test": [15.0, 15.0, 15.0, 15.0, 15.0, 15.0, 15.0, 15.0, 15.0, 15.0, 15.0, 15.0, 15.0, 15.0, 15.0, 15.0, 15.0, 15.0, 15.0, 15.0, 15.0, 15.0, 15.0, 15.0, 15.0, 15.0, 15.0, 15.0, 15.0, 15.0, 15.0, 15.0, 15.0, 15.0, 15.0, 15.0, 15.0, 15.0, 14.0, 14.0, 14.2, 15.0, 14.6, 14.0, 13.8, 12.2, 13.0, 13.0, 14.0, 13.0, 12.2, 12.0, 11.6, 9.2, 6.4, 5.2, 1.0, 0.0, 0.0, 0.0, 0.0, 2.8, 12.0, 11.0, 10.4, 9.4, 10.0, 9.8, 9.0, 8.6, 8.8, 9.2, 10.0, 10.399999999999999, 11.0, 11.0, 10.4, 7.4, 7.4, 6.8, 5.6, 4.6, 5.0, 3.8, 2.8, 1.6, 2.0, 2.8, 0.8, 1.0, 0.0, 0.0, 0.0, 0.0, 0.0, 0.0, 0.20000000000000007, 2.4, 3.8, 4.2, 6.0, 6.6, 8.4, 11.2, 14.4, 15.8, 15.8, 14.4, 14.600000000000001, 14.0, 16.0, 15.8, 13.4, 12.0, 10.2, 10.0, 9.2, 8.2, 5.0, 7.0, 8.2, 9.0, 10.8, 10.8, 11.8, 12.6, 14.0, 14.0, 14.0, 14.0, 14.0, 14.4, 15.0, 16.0, 15.4, 15.0, 16.0, 16.0, 16.0, 16.0, 16.0, 16.0, 16.0, 16.0]}