{"day": 2, "month": 8, "station_id": 12, "predict": [48.85638645537538, 48.79245249559259, 48.73020586296556, 48.67010280250396, 48.612121615382684, 48.55619416956251, 48.50224973772723, 48.45021956880765, 48.40003730866346, 48.351638965104506, 48.30496282390084, 48.259949362340535, 48.21654116572489, 48.174682847308866, 48.134320971604595, 48.09540398089971, 48.057882124840674, 48.02170739293804, 47.98683344985766, 47.95321557336908, 47.92081059482857, 47.889576842080885, 47.85947408466938, 47.83046348124999, 48.93843777938831, 48.8732337184866, 48.80975395268525, 48.74844461042673, 48.68928072277065, 48.63219281913366, 48.5771092240872, 48.52396034759838, 48.472679058972375, 48.4232006418831, 48.37546270590813, 48.32940509658414, 48.284969808728405, 48.24210090343403, 48.00074442863145, 47.91084834305292, 47.87236244343768, 47.83523829482294, 47.79942916377414, 47.264889954415025, 45.93157714712606, 45.04944873978595, 44.818464191437826, 44.33858436826764, 47.043548417596185, 46.05829138474862, 44.024025223467056, 42.99343844289808, 41.766697951551436, 40.64373024167859, 40.574439462786536, 38.00872908958533, 34.79650418384829, 32.787671649687034, 31.082140267963805, 29.32982070214705, 26.780625497569645, 25.88446907695644, 24.69126773283814, 23.000939617177167, 21.81340472847736, 20.978584896625843, 19.896403765697073, 19.766786774932125, 19.439661138090717, 19.814955821358957, 19.292601519981943, 18.72253063377784, 12.238454268145622, 11.983688148172842, 11.724407403728454, 10.36497050885876, 9.555863557543912, 8.447113601089137, 7.83869232745199, 6.930565549987876, 6.622699411533432, 6.265061158831302, 5.8076192225225505, 5.750343206672991, 6.14320386605043, 7.136173081461612, 7.579223834583277, 7.6723301825467445, 6.865467232373987, 7.058611115335961, 6.851738961295313, 6.64482887308963, 7.037859901006057, 7.580812017393475, 8.373666091453716, 8.766403864249398, 11.017891170525766, 11.846409944811663, 12.819580792755943, 13.039503481472618, 14.156335724312513, 15.620181297276202, 17.1811536815171, 19.38936599317437, 21.644927764774778, 28.857944429585928, 32.278517368607325, 36.836744052319666, 37.84271819256881, 41.1365298906309, 41.87826577945424, 43.26800915999938, 43.905840131892184, 43.69183571863981, 43.02606998765375, 42.95861416531356, 43.33953674729342, 43.91890360436298, 44.39677808386371, 44.57322110705203, 48.064996141619034, 46.8791561340825, 47.546960960466855, 48.26960142269406, 48.2971683119569, 48.82952919989802, 49.0, 49.0, 49.0, 48.653578257484, 48.557438979306944, 48.46513701825796, 48.02653066267104, 48.44148324022904, 48.65986294179628, 48.631542651323876, 48.80639978168109, 48.73431611621376, 48.565177655829515, 48.598874471414696, 48.535300561395445, 48.47435371426143, 48.41593537587803, 48.359950521418334], "test": [49.0, 49.0, 49.0, 49.0, 49.0, 49.0, 49.0, 49.0, 49.0, 49.0, 49.0, 49.0, 49.0, 49.0, 49.0, 49.0, 49.0, 49.0, 49.0, 49.0, 49.0, 49.0, 49.0, 49.0, 49.0, 49.0, 49.0, 49.0, 49.0, 49.0, 49.0, 49.0, 49.0, 49.0, 49.0, 49.0, 49.0, 49.0, 49.0, 49.0, 49.0, 49.0, 49.0, 49.0, 49.0, 49.0, 48.2, 48.0, 47.8, 47.0, 47.4, 48.0, 48.0, 48.0, 47.2, 45.2, 44.6, 30.8, 25.0, 25.0, 23.6, 23.0, 23.0, 23.0, 20.2, 17.8, 15.0, 13.0, 13.0, 12.599999999999998, 12.2, 12.2, 12.599999999999998, 13.4, 14.0, 14.0, 15.0, 15.0, 14.8, 15.0, 15.4, 15.999999999999998, 14.0, 12.8, 11.8, 11.0, 10.2, 10.0, 9.4, 9.4, 9.0, 9.6, 10.0, 9.2, 10.0, 11.0, 12.0, 13.0, 14.400000000000002, 15.2, 17.0, 18.6, 19.2, 21.4, 23.2, 25.199999999999996, 29.799999999999997, 29.799999999999997, 18.6, 22.8, 31.2, 33.8, 37.4, 39.0, 41.4, 44.0, 45.2, 47.6, 47.8, 47.8, 48.0, 47.2, 47.0, 47.0, 47.0, 47.0, 47.0, 48.0, 48.0, 48.0, 48.0, 48.0, 48.0, 48.0, 48.0, 48.0, 48.0, 48.0, 48.0, 47.4, 47.6, 48.0, 48.0, 47.6]}