{"day": 0, "month": 12, "station_id": 251, "predict": [31.844979291471347, 31.760417406380242, 31.847759840979833, 31.886616966799878, 31.825565642431055, 31.767179422945006, 31.462443124348983, 31.411131239515974, 31.362864729264068, 31.517406262094983, 31.524594771434067, 31.484280395375112, 30.446313187302867, 30.160548618569422, 30.126850558792427, 30.09509107085022, 30.065149588368712, 29.78691237201045, 29.51027215730528, 29.48512783771101, 29.46138414548665, 29.438951340281285, 29.417744913278163, 29.397685307336808, 31.95754674879843, 31.878140723078488, 31.800304830199195, 31.23271629508705, 31.07019618474216, 30.859344449096785, 30.049792701300827, 29.99187970329128, 29.835703138262616, 29.63117871891712, 29.578203393876663, 29.526698360318875, 29.476598445737963, 29.427842273250118, 29.38037052872058, 29.134126681191773, 28.58905731429154, 27.29511198903177, 26.352243021924018, 26.16040531050284, 27.369556192463023, 26.579655314790486, 30.79066450709944, 29.052547660438833, 22.52315546370287, 21.086130002612084, 17.81508785956535, 13.642705807382455, 11.062792661894388, 9.797622172506246, 8.087257249367077, 8.174342750408014, 12.157906082270278, 12.088801007088282, 12.96755463050099, 13.69432071883729, 11.869174980320684, 10.6922166028662, 9.063558349479393, 8.733308903289334, 8.301568847102207, 8.018432157378776, 7.733987500754053, 7.798318662045049, 7.961504710542029, 9.32362019665866, 9.53473538588817, 9.84491649072269, 10.420959084629981, 10.534548367152901, 9.459071627946189, 10.216221569855213, 11.532618568561334, 11.74733024564178, 12.413563527346165, 11.32770868782214, 10.888395594163104, 10.44578092173918, 10.250196865731748, 9.651825384276137, 9.650773803353129, 9.64714206340705, 9.391034113593014, 9.082552661515436, 9.42179610952581, 9.558858426693746, 10.043829656882538, 9.926796226149945, 10.357841094006568, 10.487043876867956, 10.364480978979893, 10.29022572483527, 30.57626461737651, 31.14135028375386, 31.128836545582686, 31.600403300859345, 31.78454853677338, 31.32489415367283, 31.37238149349284, 32.277998356550086, 33.191768327213246, 32.76339599679925, 30.842604261275408, 30.229165474246273, 29.472871473749212, 30.47352024199554, 31.23091505971396, 33.04486565756325, 34.0, 34.0, 34.0, 34.0, 34.0, 34.0, 34.0, 34.0, 26.574180976254187, 27.17582700307603, 28.11959712232759, 29.010012992097682, 29.90300487174542, 30.85973690085483, 31.124750622013917, 31.094036094596074, 31.116712543098245, 30.892855186923633, 31.52246356527767, 31.755390658253386, 31.691455603175832, 31.63049182315625, 31.82234838906526, 32.016883790018746, 31.963963294180004, 32.01345857749193, 31.665247681113193, 31.01921479793654, 30.77524996890865, 30.733248781867054, 30.693112093818534, 30.754745771257625], "test": [32.0, 32.0, 32.0, 32.0, 32.0, 32.0, 32.0, 32.0, 32.6, 33.0, 33.0, 33.0, 33.0, 33.0, 33.0, 33.0, 32.8, 33.0, 33.0, 33.0, 32.0, 32.0, 32.0, 32.0, 32.0, 32.0, 32.0, 32.0, 32.0, 32.0, 32.0, 32.0, 31.6, 31.0, 31.0, 31.0, 31.0, 31.6, 32.0, 32.0, 31.6, 31.6, 32.0, 32.0, 30.6, 29.0, 28.6, 25.6, 24.6, 24.0, 24.0, 23.6, 20.8, 19.8, 18.0, 18.0, 15.8, 14.0, 14.0, 14.0, 14.0, 14.0, 14.0, 14.8, 13.4, 14.2, 14.8, 12.8, 11.8, 13.6, 14.0, 10.8, 9.4, 10.0, 8.6, 7.0, 7.2, 10.2, 19.0, 27.8, 28.999999999999996, 31.6, 31.8, 31.8, 32.6, 32.2, 30.0, 28.2, 27.8, 29.0, 27.400000000000002, 27.6, 27.8, 27.000000000000004, 30.0, 31.0, 31.8, 33.6, 32.8, 33.0, 33.0, 33.2, 33.4, 33.6, 32.99999999999999, 32.599999999999994, 32.8, 33.79999999999999, 34.0, 34.0, 34.0, 34.0, 34.0, 34.0, 34.0, 33.4, 33.0, 28.4, 26.199999999999996, 26.0, 26.0, 25.200000000000003, 25.0, 25.0, 25.0, 24.4, 25.0, 25.0, 24.800000000000004, 24.0, 24.0, 25.0, 25.0, 25.0, 25.0, 25.0, 25.0, 23.8, 25.0, 25.0, 25.0, 24.6, 23.0, 23.0]}