{"day": 6, "month": 8, "station_id": 71, "predict": [33.24738967112383, 33.119738848749314, 31.93414870976629, 31.135500925384303, 29.470043201302172, 29.87817066968209, 30.561141535042523, 30.340253291732154, 29.954052107516926, 29.86620077181842, 29.93838453874515, 29.967523576087565, 29.685136714404216, 29.42319391639689, 29.046957871802853, 29.22166566498561, 29.07928542928849, 28.885237735220066, 28.705057100282996, 28.537705821181138, 28.58222529401843, 28.90439530766727, 28.77006297714122, 28.645138519191875, 30.37253582056489, 30.13917584782552, 30.27350482192148, 30.11371127532151, 29.96253228924503, 29.820100315274217, 29.68544961019454, 29.893852026635358, 29.778136851405133, 29.670979562946393, 29.571471281807952, 29.67897244800452, 29.726283741645414, 29.64628386541486, 29.438535098525804, 29.169290323886035, 29.104829575868497, 28.84479768173404, 28.65553487836931, 28.6034071031886, 28.554803187337534, 28.50946634424162, 28.467159289088997, 28.42766281224784, 30.75475069298903, 30.53320825231545, 30.42163625369716, 30.88531131784638, 30.75683747450266, 30.965349466508236, 30.84491846957182, 30.731872323387275, 30.626329276768203, 30.52768079206681, 30.435108126536438, 31.74809372776554, 31.599596706987167, 30.189307287867393, 28.783583566834, 28.648791269028724, 28.317978811810672, 28.057550087914187, 28.800596300334277, 29.280226663844164, 29.496232790805834, 29.448420724332436, 29.60327664378877, 29.62729931070368, 32.799412875622984, 32.35165431410573, 33.2852682907297, 33.065086496542335, 32.17215490583986, 31.88281017146214, 31.999500676195957, 31.79326820277527, 31.062831584369135, 30.40718721744169, 29.69195232266429, 29.316655551711495, 27.747573008348393, 28.251024364503664, 27.359971097229668, 25.940722085656272, 25.459608707240037, 25.78299099512432, 25.84391925723069, 26.308797421943158, 26.244047181756578, 27.316106859045384, 27.324763711712144, 26.536486244150225, 28.574940758354114, 31.34947025499245, 33.27122669707362, 33.33872256014408, 33.57774445864019, 34.0, 33.98767724092278, 33.4919478116875, 33.86989695216797, 34.0, 34.0, 34.0, 34.0, 33.053134958719255, 32.93028622864995, 33.21130168764853, 32.62922511428497, 32.25045167340291, 32.07473473746577, 32.96851754925751, 32.931594837754275, 32.76377671830456, 33.5315539811739, 33.90143066150095, 29.687730532872173, 30.100445148193472, 30.578111416490106, 30.905225718142077, 31.058024904248484, 31.32810872181021, 31.528804752324604, 31.99065398350924, 32.1110192964775, 32.22220213055834, 32.19171985421154, 31.75389862515699, 32.10950634454891, 32.25903881414662, 32.33623847379195, 32.40816119731071, 32.475190979998004, 32.33769071229743, 32.595995066013096, 32.38374362682888, 32.36788464018525, 32.41534478946135, 32.72636461993202, 32.83449994030141], "test": [34.0, 29.4, 25.0, 26.6, 27.0, 27.0, 27.0, 27.0, 27.0, 27.0, 27.8, 28.0, 28.0, 28.0, 28.0, 28.2, 29.0, 29.0, 29.0, 29.0, 29.2, 30.0, 30.0, 30.0, 30.0, 30.0, 30.0, 30.0, 30.0, 30.0, 30.0, 30.0, 30.0, 30.0, 30.6, 31.0, 31.0, 31.0, 31.0, 31.0, 31.0, 31.0, 31.0, 31.0, 31.0, 31.0, 31.0, 31.0, 31.0, 31.0, 31.0, 31.0, 31.0, 31.0, 31.0, 31.0, 31.0, 31.0, 31.0, 31.0, 31.0, 31.0, 30.8, 31.0, 31.0, 31.8, 33.0, 33.0, 33.0, 33.0, 33.0, 33.0, 33.0, 33.0, 33.0, 33.0, 33.0, 33.0, 33.0, 33.0, 33.0, 33.0, 31.6, 27.0, 27.0, 27.0, 27.0, 27.0, 27.0, 28.0, 28.0, 28.0, 28.0, 28.0, 28.0, 28.0, 28.0, 28.0, 28.0, 28.0, 28.2, 29.0, 29.0, 29.0, 29.0, 29.0, 29.0, 29.0, 29.0, 29.0, 29.0, 29.0, 29.0, 29.0, 29.0, 29.0, 30.0, 30.0, 30.0, 30.0, 30.0, 30.0, 30.0, 30.0, 31.0, 31.0, 31.0, 31.0, 31.0, 31.0, 31.0, 31.0, 31.0, 31.0, 31.0, 31.0, 31.0, 31.0, 31.0, 31.0, 31.0, 31.0, 31.0, 31.0]}