{"day": 5, "month": 10, "station_id": 251, "predict": [29.024400716861653, 29.64088143906748, 29.5724376434608, 29.43967759413972, 29.911820486319225, 30.38878499862796, 30.670205222501597, 30.08905648668245, 30.511677998757495, 30.337769722142518, 30.567055857253802, 30.532615918591155, 30.76754957560906, 31.07164170609273, 31.04469425976757, 31.019858241332063, 30.730299133910968, 29.975862420540874, 29.623072529196236, 29.871798527589746, 29.92191989455982, 29.906659028704865, 29.492580488726656, 29.346256960377602, 33.9829289601217, 33.38719445691331, 32.99026525876663, 32.61469300152512, 31.729342186148507, 31.332942805385166, 31.223830115987766, 31.000405403362446, 30.52785378895332, 30.338141189239145, 30.23000598192876, 29.868950894283756, 29.38723550850114, 28.983869340482308, 29.05793877629702, 29.075267826528457, 28.96841266271014, 28.869989902604743, 28.779338613363823, 28.69584933713406, 28.485626779086225, 28.34815279978917, 27.81628302233218, 27.756243699619617, 26.983517764400442, 26.988516054518517, 27.797006083661337, 29.005230997223716, 29.679577299339275, 29.753447498380456, 29.69354295482126, 29.56653972192765, 29.372441864307593, 29.311254871351853, 28.716320296767236, 27.92098224702761, 27.591920240943416, 26.262482066104017, 25.932683358359714, 25.86920724333013, 25.738737367857443, 25.607957647752883, 24.94355205857437, 23.745537796892506, 23.413931806881816, 22.682084001051887, 23.416677171171386, 23.48439358594115, 18.90112095969472, 19.8245305038935, 19.431843536710375, 18.552723995257736, 17.328071765123653, 17.693162370635896, 18.1821199101828, 16.995507827435496, 16.5338315840081, 15.93090120410078, 15.120503036386333, 14.703067606821769, 13.545670251219828, 13.448698393396631, 14.945852207009768, 17.704145325728145, 17.79057225616015, 16.872109148055827, 18.082381244593698, 17.688330337253724, 17.423548884625635, 19.954947455818527, 20.816088826939666, 22.207188726752186, 9.381731054162394, 9.64202897307916, 11.313722360783897, 11.6608775658795, 11.742431377390837, 12.494709597739563, 11.855607122294275, 11.496313495694189, 12.421048482914939, 11.767037149867052, 10.404527156117984, 10.603478942148993, 11.900255474585157, 12.364310380064705, 14.598207693325627, 15.604306647977474, 16.184778303467436, 16.741620799131816, 16.41000668391364, 16.32496242742186, 16.48804687565617, 16.967362073104745, 17.297563198689232, 17.546534356127598, 13.952939947304744, 12.094934052907352, 10.27437455616853, 10.494951907036734, 10.959910867158039, 11.071384841368165, 11.297690612750516, 11.106929902483248, 10.967072971758586, 11.279318910141226, 11.97810757394936, 12.797794206207342, 13.805989420758227, 14.403565192870634, 14.791327026809386, 15.436685697052203, 14.340328601162838, 14.636224088366934, 15.391625457943134, 15.473741319264697, 15.349739003379094, 15.68674771424477, 16.285194772783036, 16.078808305398876], "test": [30.0, 30.0, 30.0, 30.0, 30.0, 30.4, 32.2, 33.6, 34.0, 34.0, 33.0, 33.4, 34.0, 34.0, 34.0, 34.0, 33.8, 33.2, 34.0, 34.0, 34.0, 34.0, 34.0, 34.0, 33.6, 33.0, 33.0, 33.0, 33.0, 32.6, 32.0, 32.0, 30.0, 30.0, 29.8, 29.0, 27.8, 27.0, 27.0, 27.0, 27.0, 26.4, 26.0, 26.0, 27.0, 27.0, 27.0, 27.0, 27.0, 26.199999999999996, 26.0, 25.4, 25.0, 25.0, 24.800000000000004, 23.0, 23.0, 21.4, 20.6, 20.0, 20.0, 17.0, 13.2, 11.8, 11.0, 10.6, 10.2, 10.6, 10.0, 12.600000000000001, 19.0, 19.0, 16.6, 16.0, 17.0, 18.2, 18.6, 15.4, 15.0, 14.6, 15.0, 15.0, 10.2, 9.0, 6.6, 8.6, 11.2, 11.6, 11.0, 12.600000000000001, 13.0, 12.400000000000002, 11.4, 10.0, 9.6, 9.0, 9.6, 11.6, 12.0, 11.8, 11.6, 13.0, 12.600000000000001, 12.0, 12.600000000000001, 12.400000000000002, 13.2, 14.0, 14.0, 13.0, 13.2, 15.0, 15.0, 15.0, 15.6, 16.0, 16.0, 15.8, 15.0, 15.2, 16.0, 16.0, 15.2, 15.8, 16.0, 17.2, 15.8, 15.0, 15.0, 13.8, 13.0, 12.400000000000002, 12.0, 12.2, 13.8, 14.4, 15.0, 15.0, 15.0, 15.0, 15.0, 15.0, 14.2, 14.0]}