{"day": 1, "month": 9, "station_id": 338, "predict": [22.957915116189955, 23.0, 23.0, 23.0, 23.0, 23.0, 23.0, 23.0, 23.0, 23.0, 23.0, 23.0, 23.0, 23.0, 23.0, 23.0, 23.0, 23.0, 23.0, 23.0, 23.0, 23.0, 23.0, 23.0, 23.0, 23.0, 23.0, 23.0, 23.0, 23.0, 23.0, 23.0, 23.0, 23.0, 23.0, 23.0, 23.0, 23.0, 23.0, 23.0, 23.0, 23.0, 22.703689847482398, 21.767795467817006, 20.698152198859905, 19.89480354920475, 18.357789339820087, 17.487146005852914, 17.562060400600796, 17.732007811541088, 16.523479745887915, 14.918252439750177, 12.780322250252011, 11.975951074939655, 11.10507427755381, 9.301013274812972, 8.163764364246918, 6.959991482140231, 5.28969167064043, 3.686194930144464, 1.6828309268894892, 3.546262394837804, 4.276485201333024, 3.8068284048707945, 4.070620971604625, 3.66785848470534, 2.5318698474078545, 2.1959839805018464, 2.393529848271524, 2.591169813480496, 2.7888996552643026, 3.520048583733963, 1.0232537194040332, 1.309488191863434, 1.526775274607004, 1.4719663461249475, 0.2790765820694002, 0.0, 0.41433337362930367, 1.3431766074442755, 1.868775511362194, 1.1247197216151836, 0.44457441438687306, 0.29521612700511757, 0.6101682880970614, 0.2562698607608987, 0.0, 0.0, 0.0, 0.0, 0.0, 0.0, 0.0, 0.6291854056623195, 1.327867935614248, 1.092092168238772, 1.3826358681884228, 1.8348839877416179, 2.165543961318428, 3.100554410525202, 3.903929924168155, 4.441620305737313, 4.646744125590202, 5.852535085759659, 6.525588308193798, 7.665841972799811, 7.873239971938729, 8.6810641476842, 9.822600473642982, 10.031138716248247, 11.37330547790248, 11.849063932980943, 11.125046917276618, 11.867890035207918, 11.94423145004773, 11.754045022705501, 13.030640131369827, 14.24066150438614, 15.317422398799854, 15.19423779038073, 14.679629304018214, 14.841450854184249, 15.034986027212176, 15.61396051091061, 16.648152530578994, 17.072073325647207, 18.28667615774391, 18.626166878823927, 19.15801043812222, 20.88293407388112, 21.66826592791141, 22.047940674801115, 22.089171512601997, 22.12578838750669, 22.024909125337704, 22.120276834859602, 22.212263616743265, 22.2345406098933, 22.25408107086558, 22.271163179567285, 22.2860392621014, 22.298938119489055, 22.310067149060625, 22.319614276867558], "test": [23.0, 23.0, 23.0, 23.0, 23.0, 23.0, 23.0, 23.0, 23.0, 23.0, 23.0, 23.0, 23.0, 23.0, 23.0, 23.0, 23.0, 23.0, 23.0, 23.0, 23.0, 23.0, 23.0, 23.0, 23.0, 23.0, 23.0, 23.0, 23.0, 23.0, 23.0, 23.0, 23.0, 23.0, 23.0, 23.0, 23.0, 23.0, 22.8, 22.2, 23.0, 23.0, 22.8, 22.0, 19.4, 19.0, 19.0, 17.4, 17.4, 17.8, 17.2, 16.6, 16.4, 14.0, 11.4, 10.8, 7.8, 5.2, 4.4, 3.0, 0.8, 0.0, 0.0, 0.20000000000000012, 0.40000000000000024, 0.0, 0.0, 0.0, 0.3999999999999999, 0.6000000000000001, 1.0, 1.0, 0.20000000000000012, 0.20000000000000012, 0.0, 0.3999999999999999, 0.3999999999999999, 0.19999999999999996, 0.8, 0.0, 0.6000000000000001, 1.4, 2.2, 2.8, 1.4, 2.0, 1.4, 2.8, 1.8, 1.0, 1.0, 1.0, 1.6, 1.0, 1.0, 1.2, 1.8, 1.4, 3.8, 4.8, 4.6, 3.4000000000000004, 2.4000000000000004, 3.4000000000000004, 3.2, 4.4, 5.0, 7.0, 7.2, 8.2, 8.6, 7.0, 7.4, 7.8, 7.6, 8.0, 9.8, 12.4, 12.999999999999998, 14.2, 15.6, 16.6, 19.0, 20.8, 20.8, 22.8, 23.0, 23.0, 23.0, 23.0, 23.0, 23.0, 23.0, 23.0, 23.0, 23.0, 23.0, 23.0, 23.0, 23.0, 23.0, 23.0, 23.0, 23.0]}