{"day": 4, "month": 8, "station_id": 338, "predict": [23.0, 23.0, 23.0, 23.0, 23.0, 23.0, 23.0, 23.0, 23.0, 23.0, 23.0, 23.0, 23.0, 23.0, 23.0, 23.0, 23.0, 23.0, 23.0, 23.0, 23.0, 23.0, 23.0, 23.0, 23.0, 23.0, 23.0, 23.0, 23.0, 23.0, 23.0, 23.0, 23.0, 23.0, 23.0, 23.0, 23.0, 23.0, 23.0, 23.0, 22.89388090577397, 22.629461011849756, 22.616253868960627, 22.4041496350972, 21.793048163522336, 20.38285817210298, 20.373496482077556, 19.864887320578223, 19.864540205221832, 20.192897824055947, 18.18304303827254, 15.774457880572813, 14.466430772345449, 14.05880056655737, 13.251542887019887, 12.894637506726317, 11.188065074918052, 10.88180666772548, 10.325844046749777, 10.320159738113412, 10.264737060799003, 9.059560133512958, 8.304613871535498, 7.699883977065439, 7.895356924669586, 7.491019942868412, 7.4868609926687215, 7.382868743725048, 7.329032548713197, 7.875342416416149, 7.671788983949835, 7.368363488492526, 6.283143617286078, 6.763098060384918, 6.323059587349684, 5.965602837347773, 5.792017382397564, 5.803718368295112, 5.451905322404595, 6.887651331253619, 7.761932825887055, 8.075644634164272, 7.829608646274241, 7.524580492091309, 7.111255305729898, 7.490272895795943, 8.062222431499789, 7.627646703200881, 7.9370460004989365, 8.74088164454121, 8.939579207131876, 8.933531445950997, 9.72310098232759, 9.608622745451743, 9.490406204607648, 9.868737408933965, 5.338910529223525, 6.096437044631689, 6.618004607738303, 6.717911815169973, 7.4498254770689964, 7.315523869310866, 7.91626977777838, 8.653152986765354, 9.82716363203069, 11.539214055344042, 11.640147972208714, 11.730746498540395, 11.611733129592963, 12.733778193254231, 13.44750292085013, 13.453483190137266, 14.102252972526573, 13.144307509702866, 12.780106241729479, 13.31007550667125, 12.684611030064154, 12.85408022104106, 13.1188242905415, 12.929160205770506, 0.0, 0.0, 0.7495922708334151, 5.006113313946623, 5.9991454572720855, 6.742935960488803, 6.941466859397893, 7.898382464411406, 8.36702798296225, 8.90047174549992, 9.85152826171715, 10.022779416785964, 10.766593975822213, 11.785145457325104, 12.080428502871403, 12.604273866349626, 12.958362138514886, 13.144236313449323, 13.513313294696436, 14.066894430645247, 14.606175161207053, 15.132253850917584, 15.296139877263927, 16.348761037231892], "test": [24.0, 24.0, 24.0, 24.0, 24.0, 24.0, 24.0, 24.0, 24.0, 24.0, 24.0, 24.0, 24.0, 24.0, 24.0, 24.0, 24.0, 24.0, 24.0, 24.0, 24.0, 24.0, 24.0, 24.0, 24.0, 24.0, 24.0, 24.0, 24.0, 24.0, 24.0, 24.0, 24.0, 24.0, 24.0, 24.0, 24.0, 24.0, 24.0, 24.0, 24.0, 24.0, 22.4, 21.8, 21.4, 20.4, 20.0, 20.0, 20.2, 22.4, 19.4, 18.0, 14.6, 11.4, 9.6, 9.2, 10.0, 9.0, 7.0, 4.0, 4.0, 1.0000000000000007, 0.0, 0.6000000000000003, 0.0, 0.0, 0.0, 0.0, 0.6000000000000003, 0.0, 0.6000000000000003, 5.4, 5.2, 4.0, 3.8, 9.0, 8.8, 8.6, 5.8, 6.2, 6.800000000000001, 6.2, 4.4, 3.2, 2.8, 4.6, 5.0, 5.8, 6.0, 6.0, 4.4, 5.0, 4.4, 4.4, 4.8, 5.0, 3.6, 3.8, 4.0, 4.0, 4.2, 5.0, 6.4, 9.6, 10.8, 13.600000000000001, 14.0, 14.2, 15.4, 14.6, 14.6, 13.399999999999999, 11.2, 11.0, 8.8, 7.6, 5.200000000000001, 2.0, 1.600000000000001, 0.8000000000000005, 1.0000000000000007, 1.7999999999999998, 1.0000000000000007, 3.0000000000000004, 18.0, 22.0, 22.6, 24.0, 24.0, 24.0, 24.0, 23.8, 24.0, 24.0, 24.0, 23.0, 22.0, 22.0, 23.0, 23.0, 23.2, 24.0, 24.0, 24.0]}