{"day": 2, "month": 3, "station_id": 154, "predict": [1.860084459576985, 2.2905912032479114, 2.6457448519782405, 2.814930577920329, 2.801727838435477, 2.7658103061149415, 2.716954636782771, 2.659375315191323, 2.862121158473392, 2.8602295179549997, 2.788402400524062, 2.7144471074641894, 2.639319471983214, 2.563816723211609, 2.4885984371102134, 2.4142048938288467, 2.3410733972786293, 2.2695527315326447, 2.1999158978919144, 2.1323712887832573, 2.0670724579664306, 2.0041266399569975, 1.9436021601347893, 1.885534864046911, 1.248349160616883, 1.6746316468889888, 2.1255323959358465, 2.5356670690874377, 2.887954451330212, 3.182558270750943, 3.4245867429385246, 3.6201051637305097, 3.774965493151897, 3.894498735497024, 3.983463587953992, 4.046071189252879, 4.019364874142767, 5.573270827926033, 10.57731369960152, 17.167328494049315, 26.145501537531093, 31.71374055877363, 34.27370748540233, 34.160180962553625, 33.641082277154936, 32.05083168870331, 26.25703547524819, 27.393837308800958, 8.83195046031666, 9.988493398551087, 11.221554934814833, 11.910766276848275, 11.254487714495909, 9.272148441154219, 9.248133402849476, 10.5966437084038, 11.529340715679208, 13.789464078634884, 13.185598956827906, 12.325253131590673, 15.481682097189559, 17.7940085346454, 20.46732099579968, 22.039425514817868, 22.580919888996036, 22.695258986575883, 23.18547892634851, 23.454247743383338, 23.90391001840643, 23.603192846880233, 23.887240439702257, 24.22431124128924, 9.363168239234794, 10.536316277975198, 11.980178704111568, 13.086635323274123, 13.755003505378353, 14.87678002262197, 15.400042272445296, 16.200376661362114, 17.35052360433297, 17.988499854228692, 18.851564159496817, 18.209819989926245, 17.799671295818463, 17.95722024744498, 17.018308080662386, 16.651878758785582, 15.79333710328103, 15.91123673463941, 15.007298727380533, 13.816428128791243, 11.940061986232477, 11.912849115852987, 13.869328469355493, 13.410606260783451, 3.850945947835085, 0.4391494564539636, 0.0, 0.0, 0.0, 0.0, 0.0, 3.67605667381445, 3.309756613444799, 5.122620781451402, 4.982306381691444, 8.156437632813626, 5.979269850097834, 7.185021478439046, 7.307873735259127, 10.415304104390295, 5.441420145411165, 0.18696019324283816, 0.0, 0.0, 0.0, 0.0, 0.0, 0.0, 8.054318978729691, 7.015912768198163, 6.563446328871347, 5.612872544099362, 4.895156369966402, 4.271306499257578, 3.5991641045975156, 4.135570289603724, 4.2043292916308195, 3.59673332935897, 3.1050319185443804, 2.9890755567967853, 2.576238210582584, 2.7279936106024705, 2.3064938213210433, 1.7744882631775565, 0.9952509368484441, 0.8991822992382525, 1.1504185022409326, 1.0801139487319993, 1.2197298042526858, 0.7009944871233462, 0.58920221852934, 0.54984910529835], "test": [1.0, 1.0, 1.0, 1.0, 1.0, 1.0, 1.0, 1.0, 1.0, 1.0, 1.0, 1.0, 1.0, 1.0, 1.0, 1.0, 1.0, 1.0, 1.0, 1.0, 1.0, 1.0, 1.0, 1.0, 1.0, 1.0, 1.0, 1.0, 1.0, 1.0, 1.0, 1.0, 1.0, 1.0, 1.0, 1.0, 0.3999999999999999, 0.0, 1.9999999999999998, 7.800000000000001, 15.600000000000001, 21.0, 28.6, 33.0, 33.8, 27.8, 7.200000000000001, 3.799999999999999, 15.8, 9.200000000000001, 11.4, 6.2, 8.4, 7.200000000000001, 14.0, 12.2, 6.8, 11.6, 8.2, 0.5999999999999994, 1.1999999999999988, 3.400000000000002, 7.3999999999999995, 7.999999999999999, 7.999999999999999, 7.999999999999999, 7.999999999999999, 7.600000000000001, 7.999999999999999, 7.999999999999999, 7.999999999999999, 7.999999999999999, 7.999999999999999, 7.999999999999999, 7.999999999999999, 7.999999999999999, 7.999999999999999, 7.000000000000003, 7.000000000000003, 7.000000000000003, 6.999999999999998, 6.999999999999998, 7.000000000000003, 7.000000000000003, 7.000000000000003, 6.399999999999999, 6.000000000000002, 7.600000000000001, 8.8, 9.0, 8.2, 7.800000000000001, 6.2, 6.0, 5.8, 5.0, 5.0, 3.8000000000000007, 0.20000000000000046, 0.0, 0.0, 0.0, 0.6000000000000004, 0.4000000000000009, 1.0000000000000004, 1.8000000000000003, 7.0, 13.6, 19.4, 30.2, 32.8, 34.2, 18.650000000000002, 13.8, 9.0, 20.4, 18.8, 15.8, 11.6, 9.6, 8.0, 8.6, 8.2, 8.0, 7.4, 6.0, 5.4, 4.0, 4.0, 4.0, 3.2, 2.0, 0.19999999999999996, 0.0, 0.0, 0.0, 0.0, 0.0, 0.0, 0.0, 0.0, 0.0, 0.0, 0.0]}