{"day": 2, "month": 5, "station_id": 703, "predict": [24.98199840530198, 24.833977798249627, 24.67042072297046, 24.533406477225835, 24.41761849589105, 24.319511569021945, 24.236352959250656, 23.56588717245879, 23.356212356970897, 23.20571535091232, 23.01302549297421, 22.9769773733929, 22.94657967760627, 22.92098887861629, 22.89948696679175, 22.88146258074793, 22.866395011912953, 22.853840639521675, 22.84342142215025, 22.83481513008219, 22.827747051794084, 22.82198294916491, 22.81732307086774, 22.813597062816722, 24.752665805777458, 24.519083268426908, 24.31802603587287, 24.145286759802868, 23.99629114791756, 23.867401538312677, 23.755645764923187, 23.658534645404547, 23.12396346150671, 22.75014653976064, 22.335566563554874, 21.528932867603746, 20.279146496774842, 18.98527078267767, 17.596506527306722, 14.062171057679528, 11.981680538912569, 8.954535031992254, 6.580305864454199, 9.258624950803533, 16.239175757107084, 11.821685652573432, 9.75591943159838, 6.591673823933197, 11.764806121939815, 13.22415544761964, 13.296237341456893, 11.630987124743653, 8.956183900162932, 5.056933997652462, 5.2214293530665525, 3.7398708760647867, 5.804035476943412, 3.8570022274555615, 2.8429398421532075, 2.0069317579145554, 1.8448300411313852, 1.9031329258544605, 1.6788820542355647, 1.6695762139055443, 1.073098904762977, 1.237657504049427, 1.1117321610075857, 2.694032855198069, 2.8334633059168355, 2.729090632291211, 2.730119841299918, 2.6858723697957005, 0.562462510869708, 1.4610441771290117, 2.068560033730682, 2.354558725896027, 2.4340603367568794, 3.8676713032718175, 5.46357630705652, 6.028418494390418, 7.56768760406418, 7.68594370532603, 7.386978728135434, 7.673945319824159, 8.249463024366522, 9.115706600173906, 9.824479679859813, 9.67727625805678, 10.275332037290571, 10.569667313879531, 10.411122803278595, 10.950389570776352, 11.23803403949227, 11.124518886254739, 9.610220501600951, 10.195443578251492, 5.1840385936192455, 5.658132780939126, 5.793601184239886, 6.390385240744475, 7.059345290067401, 8.46143726772064, 10.706251860356012, 11.051999316642728, 9.1056856603517, 9.773290553105268, 13.05992190525932, 17.21994708822443, 21.257103865252798, 23.274594173532897, 23.27516346864867, 23.51116791705295, 23.284631354073493, 21.697293615237264, 20.250651589597663, 22.19599412719934, 22.73443175177875, 23.666921978364666, 24.0442909086869, 24.11725167112597, 24.75076560580512, 24.603439355992847, 24.506571439535875, 24.63315755786452, 24.62409958670019, 24.475787673819543, 23.286160264482394, 23.003704959308866, 24.027203550876326, 24.45564871057331, 24.438201864698964, 24.424163730031374, 24.412950923611085, 24.404076715266378, 24.39713503962593, 24.391787180742412, 24.387750672012313, 24.38479003785102, 24.382709068184464, 24.381344369374972, 24.380559978571547, 24.38024286440684, 24.380299166767834, 24.380651053104305], "test": [25.0, 25.0, 25.0, 25.0, 25.0, 25.0, 25.0, 25.0, 25.0, 25.0, 25.0, 25.0, 25.0, 25.0, 25.0, 25.0, 25.0, 25.0, 25.0, 25.0, 25.0, 25.0, 25.0, 25.0, 25.0, 25.0, 25.0, 25.0, 25.0, 25.0, 25.0, 25.0, 24.8, 24.0, 24.0, 23.0, 23.0, 21.6, 20.0, 18.8, 17.2, 14.6, 12.4, 11.0, 15.0, 23.0, 19.8, 14.2, 12.4, 10.4, 6.2, 14.800000000000002, 17.4, 8.4, 0.0, 0.2, 0.20000000000000018, 0.19999999999999984, 0.0, 0.4, 0.0, 0.0, 1.6, 1.2, 1.4, 2.6, 1.8000000000000003, 2.0, 1.2, 0.0, 0.0, 0.0, 0.0, 0.0, 0.20000000000000018, 0.20000000000000018, 0.4, 1.0000000000000002, 1.0000000000000002, 1.0000000000000002, 0.9999999999999996, 0.8000000000000007, 0.0, 0.0, 0.0, 0.20000000000000018, 0.40000000000000036, 0.0, 0.6000000000000005, 0.9999999999999996, 2.0000000000000004, 2.0000000000000004, 2.600000000000001, 3.0, 3.2, 4.0, 4.000000000000001, 4.8, 5.0, 4.4, 5.0, 5.6, 7.6, 8.2, 10.6, 13.200000000000001, 16.8, 19.6, 23.0, 24.6, 24.6, 25.0, 23.0, 12.6, 15.0, 19.6, 23.4, 25.0, 25.0, 25.0, 25.0, 25.0, 25.0, 25.0, 25.0, 25.0, 25.0, 25.0, 25.0, 25.0, 25.0, 25.0, 25.0, 25.0, 25.0, 25.0, 25.0, 25.0, 25.0, 25.0, 25.0, 25.0, 25.0, 25.0]}