{"day": 1, "month": 1, "station_id": 703, "predict": [24.933600798069538, 24.85777665403631, 24.795606737521638, 24.743828891627583, 24.698127609836398, 24.6565574114307, 24.618655766325055, 24.58454227379015, 24.55410728359201, 24.52697917144332, 24.50275457963395, 24.4811250110614, 24.46185120850476, 24.444716902037143, 24.429513983255564, 24.416048170245162, 24.404143855760356, 24.393643360213126, 24.384404024475835, 24.3762960797773, 24.369201528029304, 24.363013341361707, 24.35763459414102, 24.35297754857787, 24.91820365463284, 24.836796454431042, 24.773891238963287, 24.721684612664614, 24.674966956946047, 24.6325962465064, 24.5945568657166, 24.310919224404522, 24.281372506024255, 24.255409646430653, 24.032573805706726, 23.862530059063854, 22.79500750431319, 19.829752240256507, 17.8165212943165, 15.20509212433214, 12.595266347377818, 9.936866965673392, 6.179734515639089, 10.723724786037621, 15.26870763607741, 16.514565972832955, 16.211194589000318, 14.108498990413434, 11.70369313919341, 8.088989119805067, 7.403095429278463, 9.521940419192285, 9.397191467884468, 9.949263318323439, 7.278583717683068, 3.6816378234469616, 1.851656123402801, 1.7350532028993133, 4.3809590601420245, 4.288984725122261, 10.108122099263547, 12.237032273669035, 12.67451943439418, 11.669646399422607, 12.921632144260684, 12.679761473340372, 12.593367907298033, 12.3118461397615, 12.584656905719841, 12.411320211529999, 11.791406127206987, 11.674528332778186, 10.787241032739214, 11.081503506592327, 10.969261194536001, 10.734196347051025, 10.98175361560802, 11.123346165150483, 8.852431084049051, 9.585664862865272, 12.360685707470486, 11.780367745685242, 11.500024330862773, 11.120868923382098, 11.241800870083459, 11.211797598008639, 11.130609344277918, 10.698325864701657, 10.465003493134953, 10.480607267694019, 10.09508830196506, 9.958429861492824, 9.670644706786742, 9.981758996127349, 10.491804052648536, 10.850815432015635, 5.256742918806564, 6.822349079251322, 7.194012435337033, 7.949372820793993, 9.495916317223434, 10.541461126714543, 12.478629440748142, 14.443067655804667, 16.181438355518342, 17.146713883661572, 17.192860336483925, 16.92254977058579, 17.687350712061786, 16.63841562120951, 21.826894274213103, 19.453955821355045, 20.170690175111712, 21.378056368841413, 22.176896107889142, 22.067963602795395, 22.25194357014062, 22.679457660149875, 23.051068159358078, 23.217283042822928, 22.958933580612033, 22.5768567942257, 22.275825920763793, 21.733753807800586, 21.90290525922764, 21.98869979013213, 22.5212729501962, 22.599936434109445, 22.676196108681975, 23.00209502816397, 23.177750556360316, 22.252859300161205, 22.4771989590229, 22.500764584440105, 22.52360791232221, 22.545761874785978, 22.567233645305762, 22.588025502872803, 22.608144768681626, 22.627603327535372, 22.646414403679476, 22.66459117326836, 22.68214688326138, 22.79909520895845], "test": [25.0, 25.0, 25.0, 25.0, 25.0, 25.0, 25.0, 25.0, 25.0, 25.0, 25.0, 25.0, 25.0, 25.0, 25.0, 25.0, 25.0, 25.0, 25.0, 25.0, 25.0, 25.0, 25.0, 25.0, 25.0, 25.0, 25.0, 25.0, 25.0, 25.0, 25.0, 25.0, 25.0, 25.0, 25.0, 25.0, 23.4, 19.4, 17.0, 13.0, 10.0, 7.400000000000001, 9.8, 18.4, 19.2, 22.6, 18.2, 16.6, 14.400000000000002, 11.4, 9.8, 1.6, 0.20000000000000018, 0.40000000000000036, 0.0, 1.0000000000000002, 3.2, 14.6, 17.2, 16.4, 14.2, 12.4, 11.0, 11.0, 11.8, 13.0, 13.0, 12.4, 12.0, 11.6, 11.0, 11.0, 12.0, 12.4, 13.0, 12.8, 10.4, 9.0, 8.2, 9.0, 8.6, 9.6, 8.0, 7.400000000000001, 8.2, 8.8, 8.2, 7.400000000000001, 6.2, 3.8000000000000007, 3.2, 4.4, 5.0, 4.6, 3.9999999999999996, 3.9999999999999996, 4.6, 5.4, 5.0, 6.800000000000001, 8.0, 8.0, 7.200000000000001, 11.8, 14.000000000000002, 17.6, 20.0, 22.0, 24.6, 25.0, 24.8, 24.0, 25.0, 25.0, 24.8, 24.4, 25.0, 24.6, 23.0, 23.0, 24.0, 24.6, 17.2, 18.8, 19.8, 21.8, 23.6, 25.0, 25.0, 25.0, 24.6, 24.0, 24.0, 24.0, 24.0, 24.0, 24.0, 24.0, 24.0, 24.0, 24.0, 24.0, 24.0, 24.0]}