{"day": 1, "month": 8, "station_id": 64, "predict": [23.219064193806954, 23.225813547843032, 23.488554203478376, 23.487848174765684, 23.42570722831073, 23.835098715741086, 23.84862026891384, 23.86555652749847, 23.88527328461008, 23.90721749224669, 22.530908543894952, 21.889262997022517, 21.981920393292594, 22.00857003518739, 22.03561186581859, 22.062817993504062, 22.089994776373835, 22.116978736223814, 22.143632915193354, 22.16984362910404, 22.19551757644291, 22.220579266231216, 22.24496873173252, 22.26863950026321, 23.68482564235276, 23.3078460287228, 22.94823352466334, 22.227001302259204, 21.680518833118494, 23.70657512462252, 23.901630927268663, 23.19533948237465, 22.917558988016626, 22.798438793670144, 22.701759396609454, 22.558249055044076, 22.16556126426302, 21.854918553135576, 21.824424220596786, 21.805709081579128, 21.597246577060652, 20.064336155503348, 18.539088137719702, 19.2204099422791, 20.307326888424544, 19.865637468718322, 19.694569659021106, 20.326771508348276, 15.692756937093714, 13.532365264053686, 12.728331587333145, 11.834389506596807, 11.302363125078303, 10.792110290469846, 10.8326521769707, 7.354014136150311, 6.086768711319112, 5.228538511988319, 5.710589173062097, 4.997785841505625, 4.15522790621348, 2.7148892371944933, 2.408928484724056, 0.0, 0.0, 0.9545899438288951, 5.977416104901977, 6.130871643973327, 6.147860827017364, 6.5613668724455625, 6.237775745495802, 5.376867623318097, 13.753122438107765, 13.180039025669393, 13.382771698806778, 13.103721572301968, 12.146808632715503, 12.78131479134875, 17.942676625918185, 15.9660192600562, 14.052892753236051, 13.071307895981043, 15.155761183781491, 15.173921884615405, 15.193316454028526, 14.081344328486633, 14.905292086582717, 14.06567950913738, 13.096271021034395, 12.664085974362404, 12.036074551133064, 11.412459385957572, 12.326742999523594, 12.11238112524795, 10.502788670510062, 10.431345046943017, 2.6001748093973003, 5.475867135318582, 5.713763916615367, 5.211743000007193, 5.896489025413919, 0.0, 8.957550486490693, 10.201491826405478, 8.232963537144917, 7.385898486422655, 6.6608727740614135, 6.391771438041584, 6.245788866712294, 5.556762822945699, 5.5918418599802555, 5.218152750649308, 6.036134585586189, 5.246206202328094, 6.315433608560301, 7.0441973965942015, 7.232860146584138, 9.015100483039774, 11.524580449545939, 12.161612866922365, 4.278122702461556, 5.938320576715209, 6.694662851796276, 7.241375236729041, 9.105164222650476, 10.21862933501807, 11.782106362911431, 13.329456167082366, 14.461237827004911, 16.111345241516055, 17.347000446917757, 17.702084494218347, 17.577135870985124, 17.906015905583494, 19.75590772344671, 20.393982060964213, 20.620729917370962, 20.836628692680996, 20.908808460727766, 20.57105169442954, 21.290459761893224, 21.00078618008642, 20.76910328082227, 20.929135611702158], "test": [24.8, 24.0, 24.0, 24.0, 24.0, 24.0, 24.0, 24.0, 24.0, 24.0, 24.0, 24.0, 24.0, 24.0, 24.0, 24.0, 24.0, 24.0, 24.0, 24.0, 24.0, 24.0, 24.0, 24.0, 24.0, 24.0, 24.0, 24.0, 24.0, 24.0, 24.0, 24.0, 24.0, 24.0, 24.0, 24.0, 24.0, 24.0, 24.0, 24.0, 23.8, 22.2, 21.6, 21.0, 21.0, 21.4, 17.4, 16.4, 17.6, 18.6, 18.6, 17.8, 18.6, 16.6, 14.400000000000002, 12.8, 11.2, 12.8, 13.200000000000001, 13.200000000000001, 13.0, 12.8, 14.000000000000002, 14.000000000000002, 14.400000000000002, 15.0, 14.400000000000002, 14.2, 15.6, 16.0, 16.0, 15.2, 13.600000000000001, 13.8, 14.000000000000002, 14.2, 14.000000000000002, 12.0, 10.0, 8.0, 7.8, 4.6, 4.2, 4.4, 3.7999999999999994, 3.8, 1.1999999999999997, 1.1999999999999997, 1.6, 2.0000000000000004, 2.0000000000000004, 2.0000000000000004, 1.8000000000000003, 2.0000000000000004, 2.0000000000000004, 0.9999999999999996, 0.9999999999999996, 0.9999999999999996, 0.9999999999999996, 0.9999999999999996, 1.4, 3.0, 1.8000000000000003, 1.4000000000000012, 3.0, 4.000000000000001, 2.2000000000000006, 1.4, 3.6000000000000005, 5.8, 6.6000000000000005, 4.0, 3.0, 3.2, 3.4000000000000004, 3.4000000000000004, 0.9999999999999996, 2.3999999999999995, 5.0, 4.200000000000001, 5.2, 6.0, 7.6, 8.0, 8.0, 8.0, 12.2, 18.0, 15.6, 15.8, 16.0, 16.4, 16.0, 16.4, 18.8, 20.6, 22.0, 22.0, 22.8, 22.2, 23.0, 23.0, 23.0, 23.0]}