{"day": 3, "month": 7, "station_id": 338, "predict": [22.981273579045403, 22.997885423796816, 23.0, 23.0, 23.0, 22.835626700910638, 22.709344795349363, 22.91559394097717, 23.0, 23.0, 23.0, 23.0, 23.0, 23.0, 23.0, 23.0, 23.0, 23.0, 22.80925351195651, 22.742294048163927, 23.0, 23.0, 23.0, 23.0, 23.0, 23.0, 23.0, 23.0, 23.0, 23.0, 23.0, 23.0, 22.95635114428012, 22.62039143248486, 22.61831824279303, 22.21672330482786, 21.948874155719764, 21.948046379099686, 21.947522645338072, 21.947258533668467, 21.680548454949896, 21.680691662875457, 21.54765834304867, 20.948089103981175, 19.748627861845808, 18.882588111793854, 18.283285912835247, 19.81737291403551, 20.856888142573812, 19.475383079491646, 18.27665584492108, 16.350981958030157, 15.090509382484209, 13.560549814885059, 9.561004230180707, 7.758693786575446, 6.220492353870789, 5.013283161037164, 6.603947780489445, 7.059362287004003, 6.17972864356361, 6.098573461236632, 6.682747157894135, 3.282423405925122, 6.447765475986149, 6.028926100197792, 5.609380819591745, 4.189261452866127, 3.5020229946962362, 4.214443922359423, 6.193293226075504, 5.7053308146529655, 1.8674905879269934, 2.5515469761796084, 4.425534569596527, 5.310431616966327, 6.349870712810382, 5.882812672243868, 5.913259601567193, 7.777907610046508, 7.813090617406548, 6.4215315633853, 6.272378838975239, 5.7012301482108665, 5.776818787950069, 4.767697676548237, 4.00892170068421, 3.7687286216657334, 5.048552031742854, 6.5830331548315115, 6.77336493644127, 7.220635188655214, 7.325835545591415, 6.756536308966326, 6.913560588616761, 6.330991135643169, 2.5159519814995672, 3.5870817422102554, 4.970137048416867, 5.669869206295751, 5.755896991582649, 3.4962977775204496, 3.625373696857846, 5.210623696196908, 6.3861435445881325, 8.28597461523096, 9.110776126766838, 9.727828762725862, 11.671037766429713, 17.957602439178828, 17.654685432857683, 17.279415192710218, 17.81555489905161, 18.713504587778473, 14.406969794832293, 14.646296735307324, 15.41514069357148, 16.247134299893002, 16.542555701622558, 16.634996636289976, 18.22872329860292, 19.24428324962492, 17.70216898776276, 17.819683658102118, 17.399485690415162, 17.175877762507344, 17.482928893995243, 17.854599060303595, 18.424753708397912, 19.26050864268164, 19.828908158128254, 20.796935235636667, 21.964853670386436, 23.0, 23.0, 23.0, 23.0, 23.0, 23.0, 23.0, 23.0, 23.0, 23.0, 23.0], "test": [23.0, 23.0, 23.0, 23.0, 23.0, 23.0, 23.0, 23.0, 23.0, 23.0, 23.0, 23.0, 23.0, 22.6, 23.0, 23.0, 23.0, 23.0, 23.0, 23.0, 23.0, 23.0, 23.0, 23.0, 23.0, 23.0, 23.0, 23.0, 23.0, 23.0, 23.0, 23.0, 22.4, 22.0, 22.0, 22.0, 22.0, 22.8, 23.0, 23.0, 23.0, 23.0, 23.0, 23.0, 22.2, 22.4, 21.8, 21.2, 22.0, 20.4, 18.4, 17.2, 16.0, 15.6, 13.799999999999999, 11.4, 9.6, 9.2, 6.800000000000001, 4.4, 3.2, 2.6, 3.0, 4.0, 3.4000000000000004, 2.6, 1.4000000000000001, 1.0, 1.0, 0.7999999999999998, 0.20000000000000012, 1.0, 0.5999999999999998, 0.5999999999999998, 2.0, 4.0, 4.0, 5.4, 6.0, 8.0, 8.8, 9.6, 9.4, 8.4, 8.2, 8.0, 9.399999999999999, 8.2, 8.0, 8.8, 8.4, 8.4, 8.6, 6.6000000000000005, 4.2, 3.0, 3.4000000000000004, 3.6, 8.2, 10.2, 9.8, 10.0, 10.8, 11.2, 12.8, 14.4, 19.6, 19.6, 17.0, 19.0, 21.0, 18.0, 20.4, 20.2, 17.2, 17.2, 14.8, 15.4, 16.6, 17.6, 18.8, 19.8, 21.6, 22.6, 24.0, 24.0, 23.4, 24.0, 24.0, 24.0, 24.0, 23.8, 24.0, 24.0, 24.0, 24.0, 24.0, 23.0, 23.0, 23.0, 23.0, 22.0, 20.4, 21.6]}