{"day": 6, "month": 9, "station_id": 541, "predict": [27.720483782612654, 27.464758055227566, 27.530775453094684, 27.366665121172954, 27.420717527097317, 27.141370576383274, 26.577196918636112, 26.526892342996206, 26.639265169713898, 26.313226552674788, 26.047781614951585, 25.942021346098137, 25.94511519597714, 26.006304305473336, 25.92489531953149, 25.85025473261446, 25.831803720935934, 25.969013419720604, 25.91140060731027, 25.858523761197354, 25.909979454052078, 26.01539906054064, 25.974445748229783, 25.93681172815859, 27.793319730304287, 27.60444805848974, 27.431821625836665, 27.274014730298948, 27.129727241390484, 26.997773570842224, 26.877072607285427, 26.76663853114803, 26.665572433200175, 26.57305466680991, 26.488337870024836, 26.410740599128378, 26.33964152037575, 26.27447411123477, 26.214721826678684, 26.15991368993524, 26.109620270621125, 26.063450016410428, 26.021045907327945, 25.982082404445322, 25.946262667213215, 25.91331601590521, 25.732995617697576, 25.605076376780172, 26.860546564242192, 26.73291999689882, 26.616085036470096, 26.409097755621836, 26.11109751504531, 25.821299622903442, 25.338988638319112, 24.613512262701384, 24.244275767584192, 23.280736912109585, 21.822401307359716, 17.768818188462117, 17.469576558791235, 16.6243016736935, 16.58265183399904, 16.244315462173066, 19.11900843632575, 17.526471659460007, 17.646468843309798, 18.118784487923577, 17.143222039793272, 17.019602212831607, 17.847761457873005, 17.327550567625952, 19.088323995638685, 18.44216059782212, 18.060374229308156, 20.781911861739093, 18.185797082435613, 18.791124581066608, 17.90705502709201, 18.23281031083653, 19.4176691228863, 17.66096284821504, 17.562071753049636, 17.570421443982763, 17.0354795802399, 15.806752821315175, 17.48378399341131, 17.76614945925822, 23.883456676948636, 22.045341934421497, 25.391468247149593, 23.391523407451874, 23.195218174655615, 23.452284596084972, 22.412474449551855, 22.275557798677486, 16.816100892741865, 17.64434597977657, 18.287750616888097, 17.69909318764154, 17.180933515784822, 17.285629862788205, 17.065354617978, 17.57210878066538, 18.05773532621097, 19.273931541056506, 19.622260405358073, 19.7541610959321, 19.67095867674262, 19.22387303908248, 19.56402714890405, 20.092454654407458, 19.36010690297158, 18.917859412790968, 19.71651784113827, 19.706823487986078, 20.339458370775663, 20.215049903394597, 21.38417520990518, 23.847365101234626, 12.53279617746859, 12.0837779090842, 12.809376086635227, 13.71552036248125, 14.057677867504975, 16.040888966934126, 16.919800278304916, 17.24869515905244, 17.78152185566704, 18.771919491959782, 19.223242060649945, 19.48858057014611, 19.820783486966697, 20.122475603669628, 20.44607545237109, 20.743811374873054, 21.017736352034277, 21.26974168726057, 21.651569631810847, 22.214825032973252, 22.6609860800208, 22.841414217171717, 23.007363287521976, 23.259987967054414], "test": [27.8, 27.0, 27.0, 27.0, 27.6, 27.0, 27.0, 27.0, 27.0, 27.0, 27.0, 27.0, 27.0, 27.0, 27.0, 27.0, 27.0, 27.0, 27.6, 28.0, 28.0, 28.0, 28.0, 28.0, 28.0, 28.0, 28.0, 28.0, 28.0, 28.0, 28.0, 28.0, 28.0, 28.0, 28.0, 28.0, 28.0, 28.0, 28.0, 28.0, 28.0, 28.0, 28.0, 28.0, 28.0, 27.6, 27.0, 27.0, 27.0, 27.0, 27.0, 27.0, 27.0, 27.0, 27.0, 27.0, 27.0, 27.0, 28.0, 26.2, 26.0, 26.0, 25.2, 23.6, 25.0, 24.6, 22.6, 22.0, 21.2, 21.0, 20.4, 20.0, 20.8, 22.0, 24.4, 24.2, 24.6, 24.0, 26.4, 26.4, 28.0, 27.2, 27.0, 27.0, 25.0, 17.0, 13.0, 14.0, 14.0, 13.8, 14.2, 15.8, 10.8, 12.4, 12.6, 16.2, 18.0, 17.2, 17.2, 17.4, 16.8, 19.4, 20.4, 18.0, 16.2, 14.400000000000002, 12.0, 12.8, 12.6, 11.6, 11.6, 10.4, 11.8, 12.0, 11.6, 12.0, 12.0, 12.0, 11.6, 11.4, 21.4, 28.0, 28.0, 28.0, 28.0, 27.2, 27.0, 27.0, 27.0, 27.0, 27.0, 27.0, 27.0, 27.0, 26.6, 26.0, 26.0, 26.0, 26.2, 27.0, 27.0, 27.0, 27.0, 28.0]}