{"day": 1, "month": 4, "station_id": 55, "predict": [30.73960310713931, 30.899889375056212, 31.050776888173736, 31.191500626838625, 31.32252379009776, 31.444419595892377, 31.557746413648207, 31.66303259157632, 31.76077570479789, 31.85144394440638, 31.935477780870904, 32.01329159060458, 32.08527519551576, 32.15179531146519, 32.21319690960914, 32.26980449577342, 32.32192331292812, 32.36984047155, 32.41382601235704, 32.45413390561036, 32.49100299090777, 32.52465786114014, 32.55530969404562, 32.583157034576395, 33.0, 33.0, 33.0, 33.0, 33.0, 33.0, 33.0, 33.0, 33.0, 33.0, 33.0, 33.0, 33.0, 32.55143530553349, 32.37052149074945, 32.3186760532985, 32.3962347900127, 33.0, 33.0, 33.0, 33.0, 33.0, 32.861953293927215, 31.119733140675827, 22.328751866650464, 23.237522840324825, 23.545563380482882, 22.86315678171055, 19.056691098358424, 12.725246521548533, 8.401273374670367, 6.617288536301135, 6.3725368449289235, 4.599652989755898, 4.031324235404837, 2.9336202054846203, 1.9726562583722826, 1.7479237488780115, 1.5922871570226362, 1.2386480699816707, 1.686609338191576, 2.0024727275655914, 2.5192367238844167, 2.8365944794721134, 2.4209318929268453, 2.538659146622846, 2.656209027271181, 2.506702022025767, 10.550811488318622, 10.539752794450541, 10.146843817737826, 10.321158421743322, 10.12970650524734, 9.303583100756985, 9.040252188396193, 8.803958317043646, 8.925789626940032, 8.670343581093052, 11.169048614623161, 11.35348477057497, 10.488705014119363, 10.039890791435944, 9.3390084763908, 9.318133307812031, 9.709440751316825, 9.711865223807939, 11.524426123662103, 11.812887780985593, 12.10975327997372, 12.414258776049685, 14.19236826743305, 13.510102117458699, 13.297103747959335, 14.375937731055439, 13.547585922313589, 11.763203216831693, 9.826002746125843, 8.271007295506076, 7.699632683796857, 9.713165582091086, 7.379456839745046, 8.366265573180458, 5.691266886051675, 13.372058579385733, 11.926167244495277, 13.537720513433117, 15.274118853410057, 14.536040278603657, 15.52411134780259, 16.23891114638362, 18.747641615020214, 20.850797585038258, 23.61550321140602, 25.108848158947055, 25.264556895477234, 23.416324443842697, 31.98165107122668, 32.890846241859904, 33.0, 33.0, 33.0, 33.0, 33.0, 33.0, 33.0, 33.0, 33.0, 33.0, 33.0, 33.0, 33.0, 33.0, 33.0, 33.0, 33.0, 33.0, 33.0, 33.0, 33.0, 33.0], "test": [30.0, 30.0, 30.0, 31.0, 32.6, 33.0, 33.0, 33.0, 33.0, 33.0, 33.0, 33.0, 33.0, 33.0, 33.0, 33.0, 33.0, 33.0, 33.0, 33.0, 33.0, 33.0, 33.0, 33.0, 33.0, 33.0, 33.0, 33.0, 33.0, 33.0, 33.0, 33.0, 33.0, 33.0, 33.0, 33.0, 31.8, 31.0, 29.6, 28.8, 32.2, 33.0, 31.6, 30.8, 29.0, 24.0, 21.6, 22.2, 22.2, 22.8, 27.0, 31.4, 29.6, 27.4, 27.6, 26.6, 22.8, 18.8, 16.6, 15.8, 12.8, 11.4, 10.0, 9.2, 8.8, 9.0, 9.0, 8.4, 10.0, 9.6, 9.4, 9.8, 9.6, 9.0, 8.8, 8.6, 7.8, 6.8, 6.4, 6.6, 6.6, 7.2, 6.2, 6.2, 6.6, 6.0, 8.6, 9.0, 10.2, 10.6, 10.8, 12.0, 12.8, 11.6, 11.4, 13.4, 12.4, 14.4, 13.6, 14.599999999999998, 12.8, 10.6, 9.8, 8.4, 7.2, 7.2, 9.2, 10.2, 6.6, 8.6, 9.8, 13.0, 16.4, 19.6, 21.4, 23.0, 26.2, 29.4, 32.0, 31.6, 31.8, 31.4, 31.4, 32.0, 32.0, 32.0, 32.0, 32.0, 32.0, 32.0, 32.0, 32.0, 32.0, 32.0, 32.0, 32.0, 32.0, 32.0, 32.0, 32.0, 32.0, 32.0, 32.0, 32.0]}