{"day": 4, "month": 1, "station_id": 154, "predict": [0.16454957590665387, 0.29186884812461944, 0.4142305542772338, 0.5288657368312487, 0.6356866408867775, 0.7350944705542876, 0.8276439477887667, 0.9138716187978265, 0.9942632675750744, 1.0692537997250553, 1.139233235849078, 1.2045526976977883, 1.2655294862011848, 1.3224513289088944, 1.3755799728395033, 1.425154258411612, 1.4713927697879177, 1.514496131002348, 1.5546490012818508, 1.5920218126270105, 1.6267722854375566, 1.6590467524540975, 1.6889813168774641, 1.7167028668790862, 0.0, 0.0, 0.0, 0.0, 0.0, 0.0, 0.0, 0.0, 0.0, 0.0, 0.0, 0.0, 0.0, 0.5206009202124168, 4.532436324704007, 11.478020045671776, 17.95728027644728, 23.70348662345137, 24.049915885237283, 18.663184599441784, 26.026581677911675, 18.890067786029057, 12.903608123888818, 14.317171934859195, 15.038574997292042, 17.995532055099353, 15.100544278118578, 20.730104905680278, 22.83235449357106, 21.547968833581248, 22.28417314259508, 24.197261814317137, 26.9593478595964, 26.341802048297346, 28.748693893863887, 28.400216067325626, 29.56609324528988, 29.915645333502376, 30.051174488035976, 30.108011195186858, 30.02122075251328, 29.792304466936177, 29.555896332314113, 29.51312247282006, 29.331623871358186, 29.745576159343983, 29.62237351624073, 29.095977009547674, 34.06283420304011, 32.78574811219336, 31.783130307700407, 31.73127375952636, 30.55607986830083, 29.18176064527179, 27.999722689740693, 26.86901110300822, 26.049631801004033, 25.069118728367776, 24.522426324138767, 24.13849829307558, 23.58018186888916, 23.57748668609, 24.06085349515323, 23.427764711548313, 22.809362310532546, 21.937072085166793, 20.675900093735, 18.224400572887287, 14.247981357157235, 12.145546261786984, 10.849473957000722, 8.825599590052072, 7.490219706441348, 4.719566986213514, 2.4158313234130606, 1.045561232385922, 2.872499360800174, 6.829162177765607, 16.048763660927445, 21.464807995773057, 14.944237667779207, 11.887357950038329, 15.494473287775525, 16.299208634522838, 18.835171438979344, 23.502616641135113, 18.035112989790587, 18.449543332653846, 16.92943858232153, 8.424978546523603, 7.486326207990203, 7.2802954023487425, 5.407018525111188, 4.733280908731236, 4.592521850920217, 4.184835613848359, 9.464427026114468, 9.157684545127564, 8.56440987933689, 7.943766080786072, 7.690713481783076, 7.800520366698655, 7.869107217877576, 7.759645692562871, 7.402480420054115, 8.061720488020992, 7.868507786617312, 7.887629053172152, 7.517470064082379, 7.023310338979272, 6.537290376630827, 6.191717083955051, 5.7857066170631875, 5.785164008984312, 5.656099070225242, 5.531278132342131, 5.543544604356526, 5.2924746993195795, 5.111034733477341, 4.732239771962566], "test": [0.0, 0.0, 0.0, 0.0, 0.0, 0.0, 0.0, 0.0, 0.0, 0.0, 0.0, 0.0, 0.0, 0.0, 0.0, 0.0, 0.0, 0.0, 0.0, 0.0, 0.0, 0.0, 0.0, 0.0, 0.0, 0.0, 0.0, 0.0, 0.0, 0.0, 0.0, 0.0, 0.0, 0.0, 0.0, 0.0, 0.0, 1.2, 6.0, 19.6, 27.8, 31.8, 33.0, 34.0, 34.8, 32.4, 23.2, 9.2, 9.2, 4.6000000000000005, 2.6, 14.8, 18.2, 19.6, 18.6, 32.4, 35.0, 34.6, 34.8, 35.0, 34.8, 35.0, 35.0, 34.8, 35.0, 35.0, 34.4, 35.0, 35.0, 35.0, 35.0, 35.0, 35.0, 35.0, 33.8, 33.0, 33.4, 33.8, 33.0, 31.6, 30.8, 29.4, 26.4, 25.2, 22.400000000000002, 21.4, 21.0, 21.2, 21.4, 18.4, 16.0, 14.0, 12.8, 11.0, 9.6, 9.4, 9.2, 1.5999999999999996, 0.0, 0.0, 0.0, 0.0, 4.4, 3.399999999999998, 0.20000000000000046, 6.8, 7.800000000000001, 17.0, 22.8, 29.6, 33.2, 30.6, 30.4, 23.2, 20.0, 18.2, 19.2, 16.2, 11.4, 9.6, 8.0, 6.2, 6.0, 6.0, 6.4, 5.0, 5.4, 5.8, 5.0, 5.0, 5.0, 5.0, 5.0, 4.6, 3.8, 3.0, 3.0, 3.0, 3.0, 2.4, 2.0, 2.4, 3.4, 2.0]}