{"day": 5, "month": 6, "station_id": 107, "predict": [11.894420388113039, 11.737753988037618, 11.8215485011332, 11.402616603035277, 11.082117790148612, 10.910290036834162, 10.787219305164594, 10.91296475778558, 11.387579208262022, 11.411112534044117, 11.133612315448731, 11.30512401990151, 11.42569110868836, 11.395355127710419, 11.214155792391429, 11.03213106853148, 10.999317249536361, 11.015749030223763, 11.031459577364595, 11.046480597105173, 11.06084239940865, 11.024573959647796, 10.837702977475274, 10.850255933092054, 11.004180259533236, 11.008804312740343, 11.013282503864204, 11.117530968771305, 11.271547215055701, 11.275341369801875, 11.278925050069716, 11.482309585008625, 11.53550575493041, 11.288523775274818, 11.041373318975747, 11.04406354376653, 11.046603119057304, 11.049000251576281, 10.851262709703795, 10.953397846544632, 11.055412621800166, 11.057313622501642, 11.059107082663274, 11.210798901910952, 11.3123946631394, 11.313899649248087, 11.315318859003419, 11.51665702207244, 11.245150607934264, 11.120405693100185, 10.849075167366568, 11.176899141548349, 11.803261666288648, 12.478135665612735, 12.951585960748728, 13.423688588975274, 14.244517869929844, 14.714144488753174, 15.18263536257221, 14.300053787889764, 12.516459624815035, 12.831909478869846, 12.99645687441707, 12.910152419157574, 12.973043959999318, 12.685176730721597, 12.546593491857504, 13.007334663199464, 13.517438449312317, 14.476940958418664, 15.435876315002394, 15.794276766458362, 19.95043106424495, 20.0, 20.0, 20.0, 19.780124268732177, 19.921679039208172, 19.768303257648924, 19.66974811298234, 18.175786053332672, 17.986201760531717, 18.00079028746435, 18.169356362415126, 18.19171389917213, 17.7176855580362, 17.197102332079353, 17.329803153729152, 17.665634520115386, 17.304450136190567, 17.846110574763, 17.69048295263531, 17.8874406220819, 18.03686287693565, 18.238634672589185, 17.142646359249202, 16.527155080422876, 16.935261955259975, 17.22375016383111, 16.858950096819342, 16.543571171373056, 15.778089544484171, 16.312612795153022, 16.647185376252406, 16.481838812886444, 16.966600105609565, 15.85149328034645, 15.136539805327274, 16.02175881206203, 15.707167274366887, 15.692780171248742, 15.928610638433522, 15.664670109850455, 16.360968449785123, 12.68751407628711, 12.874314076369862, 12.26137431350663, 12.048699527896598, 11.886293429947317, 11.12415878739354, 11.933701410198676, 13.241193015362146, 13.724887473446847, 13.801276659637278, 14.173242927520324, 14.341501783615037, 14.256409482407587, 14.118249326355938, 13.627277836429858, 12.883732974789321, 13.087836325121906, 13.189794267989273, 13.089798948922166, 12.888029167891116, 12.584651213051302, 12.32981964483334, 11.723678033660512, 12.266359654003692, 11.757988137273514, 11.548678085900839, 11.338535650824166, 11.277659074478915, 11.166139201266581, 10.40405995737142], "test": [10.0, 10.0, 10.0, 10.0, 10.0, 10.0, 10.0, 11.0, 11.0, 11.0, 11.0, 11.0, 11.0, 11.0, 11.0, 11.0, 11.6, 12.0, 12.0, 12.0, 12.0, 11.2, 11.0, 11.0, 11.0, 11.0, 11.0, 11.0, 11.0, 11.0, 11.0, 11.0, 11.0, 11.0, 11.0, 11.0, 11.0, 11.0, 11.0, 11.0, 11.0, 11.0, 11.0, 11.0, 11.0, 11.0, 11.0, 11.0, 11.0, 11.0, 11.0, 11.0, 10.8, 10.0, 10.0, 10.0, 10.4, 12.2, 14.0, 13.0, 13.0, 13.2, 14.0, 14.0, 13.2, 14.2, 16.6, 19.0, 18.6, 19.0, 20.0, 19.2, 17.0, 16.6, 17.0, 18.8, 19.0, 20.0, 19.4, 19.2, 19.6, 20.0, 20.0, 18.0, 17.0, 15.4, 15.0, 14.0, 14.6, 14.8, 15.600000000000001, 17.0, 17.6, 17.0, 17.0, 16.8, 17.8, 18.2, 19.0, 19.0, 18.4, 18.0, 18.2, 19.4, 19.6, 19.4, 20.0, 20.0, 20.0, 19.8, 19.0, 20.0, 19.6, 16.6, 15.600000000000001, 13.4, 12.0, 11.0, 11.0, 11.2, 13.0, 12.8, 10.4, 10.0, 10.0, 10.0, 10.0, 9.8, 8.0, 7.0, 8.0, 8.0, 7.199999999999999, 6.0, 8.0, 7.800000000000001, 7.0, 7.0, 7.0, 7.0, 6.6, 5.2, 4.0, 4.0]}