{"day": 3, "month": 12, "station_id": 193, "predict": [49.8402033128343, 49.885138002071855, 49.97927270308445, 50.07868438445027, 50.17470954634775, 50.13273237871686, 50.019425123119596, 50.101636443439446, 50.17955316852447, 50.25334963871653, 50.52318992036142, 50.722563603918516, 50.78495376897989, 50.84383763189456, 50.89935358210967, 50.95163477447386, 50.534142676512246, 50.38033392847673, 50.42366052514184, 50.46423665601867, 50.50217220531346, 50.53757291224177, 50.57054052538586, 50.60117295135469, 51.001068920977964, 51.07698019663138, 51.16687152884256, 51.25422624786011, 51.33631256585305, 51.41305407978113, 51.48472240386569, 51.551582136615735, 51.61386533994466, 51.671782516909595, 51.725530480812026, 51.77529604531304, 51.821257652991584, 51.863586162111936, 51.90244531016562, 51.93799205331541, 51.57037685495559, 51.33307728319278, 51.42623159352256, 51.71663896697883, 51.33775973857821, 51.089715616795594, 50.90595656120298, 49.91992765196754, 51.51302364141015, 51.19317450512242, 49.90715717019841, 48.88328053932505, 47.117637963179064, 44.34520966185998, 41.03402265551681, 38.45149392831038, 35.59805226073048, 33.07398800035917, 29.212866682936223, 26.348227101728472, 24.280259780138465, 23.675811435931386, 23.535053443682006, 23.258149338008714, 22.77858863669174, 22.763187200906895, 22.81208754268605, 23.258759106826695, 22.303331870386312, 22.279263263448353, 22.38667174602917, 22.62567037523423, 45.732718933184806, 45.795513581305805, 49.38905318472124, 49.580817177390905, 48.97119365717447, 48.82706096642627, 49.14859794419844, 49.13598295181135, 48.92272716140859, 48.84233751070034, 48.29498121820072, 47.81415163739432, 47.46666810266024, 46.852676044096896, 46.43898053343543, 45.89237986028465, 45.81299911363952, 45.40095709304539, 44.856366546395996, 44.51266773346904, 44.16996198172266, 43.895011901136, 43.68790825829783, 43.74873684330492, 45.35842871042537, 45.93096483027041, 45.37639375700508, 44.402951906573804, 44.14223148818428, 44.034522382916556, 45.203325149030405, 49.37831339346498, 50.02474880973565, 50.74204333147266, 51.86323861706793, 52.5214855382197, 53.84997705110845, 54.91525743037468, 55.850546887894176, 56.12240502014166, 56.66406288609125, 57.80875578920604, 58.08972298093931, 57.97354079217107, 58.12678913534506, 58.61605135677984, 59.041247431711355, 60.0, 52.50962158965132, 52.739550147824296, 53.125141895562955, 53.86124203405858, 54.26359404898099, 55.79432280181591, 56.78559144650015, 49.037179126523334, 50.14915118276468, 51.18832829204433, 53.28822372620126, 54.715689262565505, 54.60424153015891, 54.62072635457835, 54.698651380096166, 55.03818591892342, 55.439494328239476, 55.50273611971471, 55.69473275619011, 56.01563445287913, 56.19892031084642, 55.64473178086568, 55.48653945706177, 55.457809866869965], "test": [50.0, 50.0, 50.0, 50.0, 50.0, 50.0, 50.0, 50.0, 50.4, 51.0, 51.0, 51.0, 51.0, 51.0, 51.0, 51.0, 51.0, 51.0, 51.0, 51.0, 51.0, 51.0, 51.0, 51.0, 51.0, 51.0, 51.0, 51.0, 51.0, 51.0, 51.0, 51.0, 51.0, 51.0, 51.0, 51.0, 51.0, 51.0, 51.0, 51.0, 51.0, 51.0, 51.8, 52.0, 52.0, 52.0, 52.0, 52.8, 53.0, 53.0, 53.0, 53.0, 52.8, 52.0, 52.0, 51.0, 51.0, 51.0, 52.199999999999996, 52.0, 52.0, 52.0, 50.8, 50.0, 50.0, 49.2, 48.0, 48.0, 48.0, 47.2, 46.0, 46.0, 46.6, 47.0, 45.4, 43.0, 43.0, 43.8, 44.0, 44.4, 45.0, 45.0, 45.0, 46.6, 47.0, 47.0, 47.4, 47.2, 45.0, 45.0, 46.0, 46.0, 46.0, 46.0, 46.0, 46.0, 46.0, 48.4, 51.4, 51.8, 51.0, 51.0, 51.4, 51.0, 50.0, 50.0, 50.0, 50.0, 50.0, 51.0, 51.0, 51.0, 51.0, 52.0, 52.0, 52.0, 52.0, 52.0, 52.0, 52.0, 52.0, 52.0, 51.2, 51.0, 51.0, 51.0, 51.0, 51.0, 51.0, 51.0, 51.0, 51.0, 51.0, 51.0, 51.0, 51.0, 51.0, 51.0, 51.0, 51.0, 51.0, 51.0, 51.0, 51.0]}