{"day": 6, "month": 12, "station_id": 107, "predict": [14.566886928832313, 14.489549552600096, 14.604963486316471, 14.57057129078466, 14.486749280317884, 13.753350299440093, 13.720427165028665, 13.688033773955784, 13.656176793750252, 13.624845869922186, 13.594030898782126, 13.213723671752744, 13.233916459704746, 13.25460151414298, 13.125771118536765, 12.94741766055198, 12.919533643341538, 12.892111678962845, 12.36514448443523, 12.338624880525638, 12.312545790896838, 12.286900241026906, 12.261681357031978, 12.236882364494722, 17.89127706417611, 17.762089568036995, 17.632894408344562, 17.5062541321083, 17.38193693578338, 17.259888743077745, 17.14015712631707, 17.022735893771102, 16.90758158209276, 16.794645777636333, 16.683883386769722, 16.575251374253835, 16.4687075734278, 16.364210545438482, 16.261719672107603, 16.161195180485972, 16.11259812268323, 15.965890352764509, 15.871034508447664, 15.777993994658031, 15.686732967307586, 15.597216317231855, 15.509409654451801, 15.673279292802679, 17.99754733189848, 18.072043963910048, 18.102541028509826, 17.985034573448363, 17.86962331194472, 17.656469028396025, 17.645498433558974, 17.68662408465503, 17.229794524777372, 16.97497200338327, 17.02211915585398, 16.771197901831602, 15.822170634838253, 15.325000611918028, 15.679651891781816, 16.23608925919079, 15.89427820011232, 16.654184891500925, 16.915776189040066, 16.879019612944056, 17.293883333793275, 17.060336158871195, 16.878347518880418, 16.94788745494631, 20.0, 20.0, 20.0, 20.0, 20.0, 20.0, 20.0, 20.0, 20.0, 20.0, 20.0, 20.0, 20.0, 20.0, 20.0, 20.0, 20.0, 20.0, 19.90852664771165, 19.563832690719096, 19.47089625939939, 19.579683689839875, 19.890161988608504, 20.0, 17.602187158452985, 16.7314169916636, 15.87022275809886, 15.60908189783146, 15.202432619884034, 15.34775716136561, 14.944113459036688, 14.641555037936548, 14.29017898661918, 13.839980352428338, 14.04092399171746, 14.542978676556494, 14.446117873740672, 14.150316312630784, 13.30554906757956, 13.061791692569965, 13.069020339330102, 13.077211758475675, 13.136343274336674, 12.946392766269938, 13.10733865468482, 13.369159887828445, 13.731835928555661, 13.995346741312186, 12.525493845733287, 12.634618575046927, 12.561246768274255, 12.400294652786366, 12.392297809201956, 12.384447777640549, 12.476793548576557, 12.419569113694369, 11.812800687673398, 11.156454582391067, 11.500506157438382, 11.594939873748872, 11.589741962358893, 11.434898579798432, 11.530396085093027, 11.176221278830681, 11.0723614198638, 11.018804193396537, 10.515537690508168, 10.462550395725547, 10.709831175686151, 10.557369267553188, 10.555154267560564, 10.553176119905618], "test": [15.0, 15.0, 15.0, 15.0, 15.0, 15.600000000000001, 16.0, 16.0, 16.0, 16.0, 16.0, 16.0, 16.0, 16.0, 16.0, 16.0, 16.0, 16.8, 19.0, 19.0, 18.8, 18.0, 18.0, 18.0, 18.0, 18.0, 18.0, 18.0, 18.0, 18.0, 18.0, 18.0, 18.0, 18.0, 18.0, 18.0, 18.0, 18.0, 18.0, 18.0, 18.0, 18.0, 18.0, 18.0, 18.0, 18.0, 18.0, 18.0, 18.0, 18.0, 18.0, 18.0, 18.0, 18.4, 18.2, 18.0, 18.0, 18.0, 19.0, 19.0, 19.0, 19.2, 20.0, 20.0, 20.0, 20.0, 20.0, 20.0, 20.0, 20.0, 20.0, 20.0, 19.4, 19.0, 19.2, 20.0, 20.0, 20.0, 20.0, 20.0, 20.0, 20.0, 20.0, 20.0, 20.0, 20.0, 20.0, 19.4, 19.0, 19.0, 19.0, 19.0, 18.6, 18.0, 17.4, 17.8, 14.2, 13.0, 13.0, 13.0, 12.8, 12.0, 12.2, 13.0, 13.0, 14.8, 18.0, 18.0, 18.4, 17.2, 16.0, 16.0, 14.6, 13.4, 13.0, 13.0, 13.0, 12.8, 12.0, 12.2, 13.0, 13.4, 14.399999999999999, 15.0, 15.4, 16.6, 16.8, 16.0, 16.0, 16.8, 17.0, 16.8, 16.0, 16.0, 15.4, 15.0, 15.0, 15.0, 15.0, 15.0, 15.0, 15.0, 15.0, 15.0]}