{"day": 6, "month": 9, "station_id": 177, "predict": [1.9556316493761272, 2.2538826825814318, 2.2228262869323387, 2.0123370950372346, 2.2417660065659817, 2.4638053343400794, 2.4272203074155403, 2.6319511849516855, 2.978442799262162, 3.7670834398128092, 3.9481950150650804, 4.122081431194829, 4.2890371817314215, 4.449345472624632, 4.403277749866338, 5.201094160203024, 5.393044069458275, 5.529366525722546, 5.310290691663483, 4.78603625619387, 4.906813828734313, 4.772825317352855, 4.8842642912643415, 4.991316328170805, 1.1737467741403136, 1.1564274676608046, 1.3803483028682382, 1.490798438544659, 1.5429324914851357, 1.7381180506030394, 1.9264141095389313, 2.1079907425737767, 2.283103362566606, 2.2519940301393815, 2.364888816209871, 2.222005485130918, 2.1735543599890494, 2.569738032771777, 2.7107515561878346, 2.846782759197376, 2.9780125275509195, 3.104615062391348, 3.12675812939694, 3.244603299118055, 3.458306178288681, 3.568016632441315, 3.6738790001693418, 3.826032299341495, 2.1345144756384333, 2.01888168450146, 2.291850082305545, 2.4535929835003483, 2.659228283969256, 3.2595613548402653, 4.604493872917575, 5.6941528940812605, 5.8287438793534445, 6.158453796823188, 6.5834553727446234, 6.453915375819777, 6.319995298556402, 6.331851006084137, 6.28963283498611, 6.393485807686844, 6.243549827097905, 5.289959857296495, 4.432846097466639, 4.772334149651311, 4.858545180550563, 5.34159607766836, 5.021599599989428, 4.848664523352691, 16.2820154922004, 16.2213893244593, 16.60108628616853, 15.920681743652032, 15.843307755467679, 15.318146469551037, 15.343703241091813, 14.969979899773566, 16.247173816471754, 18.325346040273203, 18.904515727700385, 20.68470522436641, 20.565938894750836, 20.64823948066315, 20.681627677084577, 20.01612235893337, 20.301740709695558, 20.238498302249404, 20.076409173116623, 19.31548589316681, 18.805739635424086, 17.797180240540282, 17.589816279847458, 17.633655115920003, 25.0, 24.307118479533166, 23.316523480263164, 22.638764803281315, 23.069314969373938, 22.449124741572867, 22.281155984886368, 22.516779388322888, 23.4060422561676, 22.298825898226998, 21.445060054218704, 21.844694246690615, 21.497680708126683, 21.203971880074484, 20.81352036365862, 20.526279066615793, 20.692201313162347, 20.811240875817283, 19.233351975111784, 18.45848927968093, 19.236607910096726, 19.267663443166548, 19.85161191554452, 20.388409826755627, 22.471283782973867, 22.638825507093223, 23.91321534571709, 23.87872412733779, 23.848168682248698, 23.6715076337725, 23.348146974687307, 22.877965151334656, 22.710878188047033, 22.396814304846465, 22.035721127704097, 21.777549541475565, 21.572248593709535, 21.469767238831334, 21.47005543091603, 21.373064137184315, 21.328745207832352, 21.337051333146146, 21.19793603287113, 20.81135364431711, 20.87725930769237, 20.795608951247953, 20.666359276857225, 20.53946774595416], "test": [0.9999999999999996, 0.9999999999999996, 0.9999999999999996, 0.9999999999999996, 0.9999999999999996, 0.9999999999999996, 0.9999999999999996, 0.9999999999999996, 0.9999999999999996, 0.9999999999999996, 0.9999999999999996, 0.9999999999999996, 0.9999999999999996, 0.9999999999999996, 0.9999999999999996, 0.9999999999999996, 0.9999999999999996, 0.9999999999999996, 0.9999999999999996, 0.9999999999999996, 0.9999999999999996, 0.9999999999999996, 0.9999999999999996, 0.9999999999999996, 0.9999999999999996, 0.9999999999999996, 0.9999999999999996, 0.9999999999999996, 0.9999999999999996, 0.9999999999999996, 0.9999999999999996, 0.9999999999999996, 0.9999999999999996, 0.9999999999999996, 1.0000000000000002, 1.0000000000000002, 1.0000000000000002, 1.0000000000000002, 1.0000000000000002, 1.0000000000000002, 1.0000000000000002, 1.6, 2.0000000000000004, 2.0000000000000004, 2.0000000000000004, 2.0000000000000004, 2.0000000000000004, 2.0000000000000004, 2.0000000000000004, 2.0000000000000004, 0.40000000000000036, 0.0, 0.0, 0.0, 0.0, 0.0, 0.0, 0.40000000000000036, 12.0, 19.0, 18.2, 20.4, 20.0, 19.0, 18.0, 17.2, 17.0, 17.0, 16.6, 16.0, 17.6, 16.6, 16.6, 15.4, 16.0, 16.4, 17.0, 18.0, 18.0, 18.0, 18.6, 20.0, 20.0, 20.8, 21.4, 22.4, 23.0, 23.6, 24.2, 25.0, 25.0, 25.0, 25.0, 25.0, 25.0, 25.0, 25.0, 25.0, 25.0, 25.0, 25.0, 25.0, 22.0, 20.6, 20.0, 20.0, 20.8, 21.2, 23.0, 24.0, 23.2, 23.0, 25.0, 25.0, 24.4, 23.6, 22.6, 22.0, 22.0, 22.0, 22.0, 22.0, 22.0, 22.0, 22.0, 22.0, 22.0, 22.0, 22.0, 21.2, 21.0, 21.0, 21.0, 21.0, 21.0, 21.0, 21.0, 21.0, 21.0, 21.0, 21.0, 21.0, 21.0, 21.0]}