{"day": 5, "month": 9, "station_id": 154, "predict": [0.03873094507835907, 0.08416286659829111, 0.15541237980736827, 0.27873695139443894, 0.260588452847406, 0.4517795303087715, 0.6017654374713985, 0.609761545730828, 0.575003810716529, 0.5467957914038926, 0.5245080880938569, 0.5075699565990364, 0.49546141159005175, 0.48770691666022276, 0.48387039707891777, 0.4835512123722283, 0.48638082420249446, 0.49201998252253265, 0.5001563091075758, 0.5105021922063149, 0.5227929284422742, 0.5367850635639008, 0.5522548949232438, 0.5689971070714998, 0.0, 0.0, 0.0, 0.0, 0.0, 0.0, 0.0, 0.0, 0.0, 0.0, 0.0, 0.0, 0.0, 0.0, 0.007376819045219543, 0.05228209395067129, 0.09699525098498907, 0.3412753510906207, 0.4349357698755861, 0.22783360098003827, 0.4698610767017405, 0.31093862611032885, 0.5510092620040254, 0.6400340457289939, 0.25823043102026666, 1.5114279259801886, 2.226997151666535, 2.098776051501889, 2.974981811616892, 3.70475744519352, 5.087543535519633, 5.172882422773474, 5.960353766133047, 7.999559211043356, 8.290122819392964, 8.131694807075785, 8.523954690641256, 9.616613003868276, 10.009411684192756, 11.002123441906257, 11.84455041908496, 12.036522387760426, 11.927894677370427, 12.818545971806165, 13.108376077331034, 13.747303732665452, 14.585264509749821, 15.572208836530596, 8.100978990228487, 10.089805547150375, 11.075336635919083, 12.487925048896892, 15.098241960694345, 16.322304171663067, 17.373058546420484, 17.661193517243404, 18.24565467743387, 18.68399166247577, 19.0826071409672, 20.146947294670035, 20.881654280602817, 21.490691495300254, 21.977447886933355, 22.594825398130553, 22.845312517552486, 22.881046270989227, 23.10386454429763, 23.615350300605865, 23.616868991291014, 23.459600245079663, 23.494564741616767, 23.07264702792959, 19.829610427430634, 20.58343436696228, 20.368580466288254, 21.185065401711032, 21.69724626302652, 21.863055537816717, 22.23871945105188, 22.879547956554596, 24.040130056637075, 24.424435011162338, 24.98589445542985, 25.727475217225546, 25.501743494800973, 25.360920626082926, 25.3069311260669, 25.04144389672293, 25.11590753327408, 25.031580573862723, 25.089557433781724, 24.99079066010997, 25.086110047981215, 25.57623907801147, 25.311809064912126, 25.693371348511768, 19.31457147567868, 19.828706095639035, 20.6314229215988, 21.361488067220026, 22.39059518648801, 23.03385859913297, 23.553332713756657, 24.159081008492983, 24.50966222224043, 25.31242206881215, 25.773695024100316, 26.048957553345858, 26.492951664082003, 26.659787888063153, 26.75303251964672, 26.675782075555407, 26.58072707872981, 26.670206808299625, 26.946256362614058, 27.060647164013215, 27.314921859248223, 27.310424424591943, 27.39832616303098, 27.4296481782946], "test": [0.0, 0.0, 0.0, 0.0, 0.0, 0.0, 0.0, 0.0, 0.0, 0.0, 0.0, 0.0, 0.0, 0.0, 0.0, 0.0, 0.0, 0.0, 0.0, 0.0, 0.0, 0.0, 0.0, 0.0, 0.0, 0.0, 0.0, 0.0, 0.0, 0.0, 0.0, 0.0, 0.0, 0.0, 0.0, 0.0, 0.0, 0.0, 0.0, 0.0, 0.0, 0.0, 0.0, 0.0, 0.0, 0.0, 0.0, 0.0, 0.0, 0.5999999999999999, 0.9999999999999999, 0.9999999999999999, 0.0, 0.0, 1.0000000000000004, 1.0000000000000004, 1.0000000000000004, 1.0000000000000004, 1.3999999999999992, 2.6, 5.4, 6.0, 6.0, 6.0, 6.0, 6.0, 6.0, 6.0, 5.0, 6.0, 6.0, 6.0, 7.0, 7.0, 9.6, 12.0, 11.0, 10.8, 10.0, 12.8, 18.2, 20.6, 21.0, 20.6, 19.2, 19.0, 19.0, 19.0, 19.0, 19.6, 20.0, 21.0, 21.0, 21.0, 19.0, 19.0, 19.0, 19.0, 19.2, 20.0, 20.6, 21.6, 22.0, 22.0, 22.6, 22.8, 23.8, 24.0, 22.2, 21.4, 21.6, 19.6, 17.0, 17.0, 18.6, 19.0, 19.0, 19.0, 18.4, 18.0, 19.2, 20.0, 20.0, 19.6, 19.0, 19.0, 20.0, 19.8, 19.2, 20.0, 20.0, 20.0, 20.6, 21.0, 21.0, 21.0, 20.199999999999996, 20.0, 20.0, 20.0, 20.0, 20.0, 20.0, 19.4]}