{"day": 1, "month": 11, "station_id": 192, "predict": [14.028696850608224, 14.124456979413113, 14.184445198469941, 14.233726111559278, 14.278762962874493, 14.321265168313975, 14.36173175625447, 14.333685661247074, 14.437235387135113, 14.472466180560097, 14.506121426288583, 14.538273152186806, 14.568989781270908, 14.598336517503794, 14.626375550028731, 14.65316620666533, 14.67876508987224, 14.703226203765677, 14.726601074569402, 14.74893886529605, 14.770286485053397, 14.790688693257646, 14.810188198999306, 14.828825755789738, 15.970612377088406, 15.933888832393366, 15.896606384265004, 15.86058804134362, 15.826249690940852, 15.793632400123997, 15.762682642482842, 15.733325698613063, 15.705484425244082, 15.679083901140489, 15.654052469199247, 15.63032186979983, 15.407827150448474, 15.119839858207863, 14.899634558364712, 14.880488690025283, 14.862349094409652, 15.178498549547859, 15.162222311238523, 14.88014132667985, 14.665545453830811, 14.118393352898696, 14.10531238302689, 13.759598503935122, 11.588717156104002, 11.353931399108758, 10.472430324070517, 9.409274753797188, 9.281382327281015, 9.218162438516382, 8.018752787493131, 4.616379461728583, 3.4111189523525294, 2.536422389630292, 1.9924133726344473, 1.9792125881688425, 1.896935820939474, 2.145693647551839, 5.058924879090015, 5.836730099637778, 5.612538553957065, 5.453108364505981, 4.425193406506674, 4.795543506923365, 4.830904634157026, 4.464685745485709, 4.496958959320195, 4.2611263860067465, 0.7009740903245545, 1.2499882929403867, 1.6854860231606619, 1.5700727472436933, 2.9784095223821643, 3.5128034295866115, 3.0407379060056496, 3.895970043687094, 3.678813381669754, 3.456210510546631, 3.561751955388613, 2.7290147212661333, 2.891564022529087, 3.6496207788169572, 3.7367288653501936, 4.019755616980509, 2.8988922954363776, 1.707654531341833, 1.8462160780105201, 2.448075878652831, 4.91339178142144, 2.975647569884406, 2.034986643108607, 1.491545679488865, 0.6424906849109493, 1.5257766856438413, 1.5818666709092777, 1.5603797119983802, 1.1988597734534063, 2.098536256766166, 1.9265621579949923, 3.216565466348176, 3.2354520117001817, 3.3834393910839466, 4.994065695609269, 6.400858680386444, 8.337336718354605, 9.203676023374165, 9.000044427070906, 9.859935113538256, 10.383500329997894, 10.504218411846828, 11.35556079061945, 11.604325652568429, 11.717304915338465, 12.96128452345768, 13.603044729993703, 14.709360365020183, 3.0533537160275444, 3.621236491664604, 3.9539828851775916, 4.4288664074050885, 5.423749377099025, 6.067015755158188, 6.558063148936094, 6.830697343444546, 7.218969040335624, 6.8569646690723545, 6.612087905433743, 7.085047665687188, 8.209856127369477, 8.787162573349812, 9.150921154411565, 9.501725423871111, 9.773476191437755, 10.03338266790311, 10.281963561860202, 10.51971479537878, 11.080443840271947, 11.297937343534517, 11.50596204387092, 11.7049323145017], "test": [14.2, 15.0, 15.0, 16.0, 16.0, 16.0, 16.0, 16.0, 16.0, 16.0, 16.0, 16.0, 16.0, 16.0, 16.0, 16.0, 16.0, 16.0, 16.0, 16.0, 16.0, 16.0, 16.0, 16.0, 16.0, 16.0, 16.0, 16.0, 16.0, 16.0, 16.0, 16.0, 16.0, 16.0, 16.0, 16.0, 16.0, 16.0, 16.0, 16.0, 16.0, 15.8, 15.0, 15.0, 15.0, 15.0, 14.6, 12.2, 11.0, 11.0, 10.0, 8.0, 7.2, 6.4, 5.6, 4.2, 2.4, 0.20000000000000018, 0.0, 0.0, 0.0, 0.0, 0.0, 0.0, 0.0, 0.0, 0.0, 0.0, 0.0, 0.0, 0.40000000000000036, 1.0, 0.7999999999999998, 0.0, 0.0, 0.0, 0.0, 0.0, 0.0, 0.0, 0.0, 0.0, 0.0, 0.0, 0.5999999999999996, 1.0, 1.2000000000000002, 0.7999999999999998, 0.0, 0.6000000000000001, 1.0, 0.20000000000000018, 0.0, 0.0, 0.0, 0.0, 1.2, 1.8, 2.0, 2.6, 3.0, 3.0, 0.6000000000000001, 0.0, 0.0, 1.4, 2.2, 3.0, 3.5999999999999996, 4.2, 5.8, 6.0, 6.6, 5.6, 3.5999999999999996, 3.0, 3.200000000000001, 4.799999999999999, 4.200000000000001, 3.4000000000000004, 11.75, 11.95, 3.8000000000000007, 5.0, 5.200000000000001, 5.0, 12.7, 4.0, 4.0, 3.5999999999999996, 3.0, 11.35, 11.95, 12.35, 5.6, 6.0, 6.0, 6.0, 5.200000000000001, 6.0, 6.0, 6.800000000000001, 7.0, 6.0]}