{"day": 4, "month": 5, "station_id": 228, "predict": [39.37849583440783, 39.337003302424776, 39.29846855719758, 39.263128794522025, 39.43049494695426, 39.53340165182716, 39.704752237759486, 39.81085328141462, 39.784739944104444, 39.75950073205752, 39.73493635127845, 39.84421951554869, 40.0, 39.99717780570283, 39.97400878332024, 39.950990767819604, 39.92808200064712, 39.905253987773634, 39.88248910314826, 39.85977854473386, 39.837120595927594, 39.8145191511829, 39.79198246991703, 39.76952212740252, 39.94878153038838, 39.89858584666523, 39.85340599312517, 39.812709761304156, 39.77582006013477, 39.74216895780666, 39.51127569681844, 39.082729922320596, 38.98951474237787, 38.96466524897684, 38.94126146129245, 38.78575548311537, 38.231299446033724, 37.81107415077166, 37.124951656358476, 35.839491740920245, 35.421272166356694, 35.13688602059067, 34.05293941837522, 33.50271618144025, 33.15284279111669, 31.336620244909952, 30.120689452885244, 32.17169681358189, 31.722284442456854, 27.06261462676297, 21.243911215630277, 15.903325522404383, 9.904434858033524, 10.31317940934276, 9.329052554370339, 10.218260452174583, 8.847041832748774, 6.41499853126893, 5.7217599317214916, 5.300314250212255, 8.617006657392704, 8.471537555513267, 7.530294325816032, 10.993016532675288, 11.659461240125914, 9.99606843123859, 8.802626521816487, 7.745604627367521, 7.758151576342661, 7.3734283299231596, 7.724607135868633, 7.611537411111632, 17.037533455296384, 16.793431778463667, 16.19719746284959, 15.385614328516093, 15.489172126787537, 17.43786323944795, 17.42849618321321, 18.39142633074936, 21.790550629609466, 21.82329432815314, 21.620597506559314, 20.38023573306729, 18.833474919701317, 18.645060332242434, 17.879873031618484, 17.7362536933316, 17.079327088733947, 16.040993848860342, 16.953256134772914, 18.214877174695047, 17.558041297645563, 16.58168109585263, 16.551471683945962, 16.333158691809867, 18.78187445157436, 18.199543405584347, 19.44412880234757, 19.373987846649754, 19.260935174265512, 19.643881387325106, 21.461102971113174, 21.05027163905035, 22.41520146657956, 25.02591415362483, 27.68536019058725, 37.24613283814228, 33.82717644584413, 35.18048993115045, 36.32449267933618, 36.59405335908184, 36.79051541835537, 37.515052974420975, 37.435357434690474, 38.68565514660571, 37.600056340664736, 32.64590226719455, 33.09044406740816, 34.53418689560203, 38.78920913111471, 38.97772487620648, 38.51947737304211, 37.268323045612284, 37.15555794236766, 38.04712656751458, 38.40922443513953, 38.37481921661667, 38.47695162564642, 38.648720840805865, 39.289940980352576, 39.4671328299537, 39.38018352935189, 40.0, 40.0, 40.0, 40.0, 40.0, 40.0, 40.0, 40.0, 40.0, 40.0, 40.0], "test": [40.0, 40.0, 40.0, 40.0, 40.0, 40.0, 40.0, 40.0, 40.0, 40.0, 40.0, 40.0, 40.0, 40.0, 40.0, 40.0, 40.0, 40.0, 40.0, 40.0, 40.0, 40.0, 40.0, 40.0, 40.0, 40.0, 40.0, 40.0, 40.0, 40.0, 40.0, 39.8, 39.0, 39.0, 39.0, 39.0, 39.0, 39.0, 38.0, 37.8, 36.4, 35.6, 36.0, 35.6, 39.4, 39.0, 37.2, 35.2, 31.0, 27.4, 23.4, 12.8, 6.799999999999999, 1.4000000000000001, 10.600000000000001, 10.600000000000001, 6.6, 4.0, 3.2, 1.2, 0.0, 0.0, 0.0, 0.0, 0.0, 0.0, 2.4, 16.6, 19.0, 19.0, 18.4, 18.2, 16.999999999999996, 16.0, 15.0, 13.8, 12.8, 12.0, 11.400000000000002, 11.8, 11.6, 11.8, 12.4, 13.0, 13.4, 14.2, 15.4, 16.6, 18.0, 18.8, 17.0, 17.0, 16.6, 17.8, 19.0, 17.8, 19.4, 21.6, 22.0, 22.6, 24.0, 24.6, 27.199999999999996, 29.8, 30.8, 34.6, 36.6, 36.2, 33.4, 34.6, 36.2, 35.2, 36.0, 36.8, 36.0, 36.0, 39.2, 40.0, 40.0, 40.0, 40.0, 40.0, 40.0, 40.0, 38.2, 39.0, 40.0, 38.4, 38.0, 38.0, 38.2, 39.0, 38.8, 38.0, 39.0, 39.0, 39.0, 39.0, 39.4, 40.0, 40.0, 40.0, 40.0, 40.0]}