{"day": 6, "month": 7, "station_id": 73, "predict": [18.358651843752916, 20.68560803470405, 24.04310181534948, 26.27279935998954, 26.806935108427275, 28.65478947138615, 28.68898903743686, 28.47756212594937, 20.611564660839754, 22.836044299056958, 23.820308797613766, 26.07603680513568, 21.474696758632707, 23.642880246093487, 23.968124404031855, 25.12210235694407, 18.28124375406845, 20.066528331309353, 21.70775182616076, 20.531168825757362, 20.318127225177303, 23.952376466305353, 28.129756667640276, 29.373081777325574], "test": [18.660000000000004, 19.14, 21.84, 23.866666666666664, 14.666666666666666, 18.666666666666668, 20.0, 18.466666666666665, 16.566666666666666, 15.366666666666667, 15.066666666666666, 16.0, 30.8, 30.259999999999998, 15.100000000000001, 16.8, 19.233333333333334, 21.233333333333334, 21.466666666666665, 21.1, 21.733333333333334, 24.46666666666666, 26.666666666666668, 26.966666666666665]}