{"day": 6, "month": 9, "station_id": 192, "predict": [10.008470527543043, 9.813329199855366, 10.22684450121267, 13.1762358620649, 13.479194865227438, 13.740070272355165, 13.883763498572552, 13.934245431329256, 12.979401323268903, 13.303385266536871, 13.422407030613705, 11.849271582713316, 10.128657825847258, 9.38583463804792, 10.291395713687722, 9.234848159509449, 5.2433399001194445, 5.118358310475186, 6.503881774329076, 9.56653876916284, 7.710234308117234, 9.918465855369067, 10.94608583464607, 12.140853568370018], "test": [12.0, 13.0, 13.0, 13.0, 13.0, 13.0, 13.0, 13.0, 13.0, 11.466666666666667, 12.4, 12.166666666666666, 8.0, 1.0666666666666664, 2.7666666666666666, 5.2, 2.533333333333333, 1.0, 4.766666666666667, 2.5666666666666664, 12.2, 12.533333333333333, 11.566666666666666, 12.666666666666666]}