{"day": 2, "month": 10, "station_id": 66, "predict": [38.9856886385418, 38.90478284247815, 38.69840150308939, 38.697904371647894, 38.15656368652454, 37.5788705706868, 36.15987164875402, 32.522613787840776, 19.59482890827603, 26.2710515671617, 28.05226240858936, 26.593686920469693, 34.30365167568968, 31.664098814147437, 31.65775153775739, 29.865286078291632, 20.971916065381695, 15.343816290970903, 15.44008769251391, 28.386778251536438, 38.5119544863476, 39.20397649273226, 37.8303200542421, 37.07764622806544], "test": [39.0, 39.0, 38.96666666666667, 38.0, 37.93333333333333, 36.93333333333333, 35.666666666666664, 31.7, 24.93333333333333, 33.36666666666667, 36.166666666666664, 35.53333333333333, 32.63333333333333, 26.0, 22.266666666666666, 21.299999999999997, 18.933333333333334, 10.233333333333333, 19.166666666666668, 38.833333333333336, 30.2, 26.53333333333333, 31.66666666666667, 32.0]}