{"day": 1, "month": 3, "station_id": 95, "predict": [13.14042082967923, 13.337306922275308, 13.546904523020958, 14.03983203826885, 12.952551968266622, 13.134676993563463, 12.564096667565206, 10.942719406121283, 8.534945548643618, 4.107591644422426, 3.6052707819287098, 4.4285163825764, 1.142502492236406, 4.949276198577219, 7.186931145144784, 6.425232532658154, 6.94975810727869, 9.621604479566857, 9.384215499734797, 12.464284299755084, 15.0, 13.561407128456258, 12.87687637208852, 12.526643502889979], "test": [13.0, 12.3, 12.0, 12.0, 12.0, 12.0, 11.9, 12.3, 11.8, 5.5, 2.033333333333333, 0.43333333333333324, 0.6333333333333333, 9.833333333333334, 9.133333333333333, 6.7, 7.5, 10.7, 13.433333333333334, 14.866666666666667, 14.233333333333333, 14.566666666666666, 14.6, 14.533333333333333]}