{"day": 3, "month": 11, "station_id": 130, "predict": [24.0, 24.0, 24.0, 24.0, 24.0, 24.0, 24.0, 24.0, 19.250879140954424, 8.5762264761745, 5.8684194457912975, 6.300884521404711, 3.832671680033113, 2.5915148875458707, 0.9649717424587807, 0.9630805063596892, 7.3583040632828425, 11.433729778449372, 14.354698783604265, 17.668492729656613, 12.604192085619616, 17.826088936297936, 18.120228362606664, 17.86850215800817], "test": [24.0, 24.0, 24.0, 24.0, 24.0, 23.066666666666666, 23.0, 22.566666666666666, 15.26666666666667, 5.433333333333334, 3.0666666666666673, 3.433333333333333, 4.066666666666666, 6.033333333333333, 6.066666666666666, 6.633333333333334, 5.0, 4.433333333333334, 4.4, 10.933333333333334, 16.833333333333332, 18.0, 15.666666666666668, 17.4]}