{"day": 4, "month": 1, "station_id": 107, "predict": [16.036117957350193, 14.96107502787318, 13.644076998377411, 12.603291711652492, 15.071617352974362, 14.21688689610695, 14.296200408959423, 17.725216746822767, 18.78843057422365, 15.516127732205238, 13.77273447057972, 15.108805830843782, 13.937710495423058, 11.90807123888079, 8.042746816465126, 8.491889369019228, 18.268807163992523, 16.733413143067732, 13.543330650378934, 12.52077091213701, 12.0146244919003, 12.027746156319292, 10.52531605835635, 9.997358903903715], "test": [16.466666666666665, 16.0, 16.0, 16.0, 16.0, 16.0, 17.066666666666666, 17.733333333333334, 18.666666666666668, 17.366666666666667, 16.766666666666666, 14.366666666666667, 14.266666666666667, 16.566666666666666, 18.533333333333335, 18.633333333333333, 17.866666666666667, 18.4, 16.9, 14.0, 11.899999999999999, 12.0, 11.433333333333334, 11.733333333333334]}