{"day": 1, "month": 8, "station_id": 17, "predict": [23.52813910441403, 23.279278141489886, 23.299901204246886, 23.472928972920627, 23.811501480154384, 23.57323562850065, 24.405415486868264, 24.075333357425617, 16.941490944145414, 5.008011172931495, 5.8465600444845185, 8.796401497704313, 8.90641560850345, 7.869639148079468, 4.934416647663652, 5.785972763806347, 4.833344616331893, 15.086115947052, 24.440665071339424, 24.932664951635598, 21.128844460705427, 22.580124117250417, 23.22448821654774, 23.411657355547785], "test": [24.0, 24.0, 24.0, 24.0, 24.0, 24.0, 24.0, 24.366666666666667, 18.566666666666666, 2.9, 0.29999999999999966, 7.3, 9.866666666666667, 12.833333333333334, 3.733333333333333, 3.0, 3.2, 9.233333333333333, 12.433333333333334, 20.5, 24.133333333333333, 25.0, 25.166666666666668, 26.0]}