{"day": 1, "month": 3, "station_id": 341, "predict": [7.4586141020935415, 8.68569034850948, 9.038887487028978, 7.685769809227057, 10.199325396121685, 8.43272715986133, 9.673052010423227, 15.213777722315266, 8.394997160215354, 9.017469191050054, 13.965240194703357, 16.31846997803946, 5.422714275077524, 6.555069230341303, 8.352111430168872, 6.948681045661594, 12.465270639351017, 10.613734672384144, 10.118899114361465, 9.172841072152153, 10.141521181194486, 10.631681414645366, 13.036524489542554, 14.873470826826859], "test": [8.233333333333333, 9.0, 9.0, 9.0, 9.0, 9.0, 9.1, 10.0, 10.2, 9.766666666666667, 2.866666666666667, 3.5, 2.633333333333334, 18.366666666666667, 17.433333333333334, 16.5, 8.533333333333333, 1.5666666666666669, 1.1333333333333329, 10.333333333333334, 16.466666666666665, 17.166666666666668, 17.933333333333334, 16.033333333333335]}