{"day": 2, "month": 11, "station_id": 159, "predict": [37.301407662292895, 37.31816024316831, 37.58680889168319, 37.842325206425265, 37.61453169636887, 38.05448267178457, 38.37339844955767, 36.93331219909624, 27.120107998786985, 12.432379777755408, 4.131978279118188, 3.9278705486285466, 4.269937429485752, 4.704084610296228, 6.179450037022719, 4.9915511409641224, 12.943884397062007, 20.42049272827215, 34.87612030796976, 36.952852083880245, 25.166920908318627, 28.898837874666157, 31.177384158797818, 31.973318831332413], "test": [37.0, 37.0, 37.0, 37.0, 37.0, 37.0, 36.833333333333336, 32.9, 26.566666666666666, 12.833333333333334, 3.033333333333333, 0.20000000000000037, 0.0, 16.033333333333335, 13.4, 12.1, 12.8, 14.633333333333333, 18.1, 20.199999999999996, 25.26666666666667, 30.433333333333334, 36.1, 37.7]}