{"day": 5, "month": 8, "station_id": 703, "predict": [25.0, 25.0, 25.0, 25.0, 23.90674114769487, 22.76640112310822, 21.104028786776233, 21.064217756001213, 21.39988432494257, 19.718883397419418, 17.799853479791444, 16.58746192249461, 20.00507975127492, 14.566638908127501, 15.228578961026582, 17.483301245694367, 17.023991430085513, 19.010272143420902, 21.317576974136674, 21.180635443798, 21.1874530456177, 20.812768646500636, 19.163399196165525, 19.296883705734917], "test": [24.866666666666667, 25.0, 25.0, 25.0, 23.958333333333332, 23.958333333333332, 23.958333333333332, 23.35833333333333, 20.74722222222222, 20.74722222222222, 19.74722222222222, 17.713888888888885, 14.380555555555558, 11.013888888888893, 8.013888888888893, 7.313888888888891, 16.502777777777776, 17.969444444444445, 17.969444444444445, 18.269444444444442, 20.269444444444446, 21.00277777777778, 21.069444444444446, 17.836111111111112]}