{"day": 2, "month": 8, "station_id": 564, "predict": [38.28056106903609, 37.794416449506244, 37.81061529524741, 38.03461247714812, 38.68316435718885, 37.76435305296361, 38.097956804362006, 37.90184198266758, 32.47410474802026, 19.127903252348133, 14.499002676804585, 12.236183444457305, 33.14306177432085, 31.61496741165654, 29.87799465499535, 26.994408736845983, 32.224771201326114, 31.167666334573028, 29.867573288999306, 34.79573509227456, 41.0, 41.0, 41.0, 41.0], "test": [38.0, 38.3, 39.0, 39.0, 39.0, 39.0, 38.733333333333334, 38.333333333333336, 37.6, 38.333333333333336, 35.13333333333333, 34.63333333333333, 35.06666666666668, 32.9, 31.866666666666667, 31.266666666666666, 28.9, 30.233333333333334, 35.36666666666667, 39.3, 38.5, 38.666666666666664, 38.53333333333333, 39.7]}