{"day": 3, "month": 3, "station_id": 278, "predict": [16.804800644600945, 16.85604129880471, 16.464092272703944, 15.984119906256609, 16.070922814461916, 14.63086346582926, 11.880391967669283, 10.28101152575869, 11.189039036723067, 9.346455404954638, 7.231640126236506, 5.5949435194571775, 1.5011854152889064, 4.0208694189226435, 4.466504548329805, 4.960521753131417, 8.609286555438512, 7.643284552598386, 8.179696323475044, 10.301687093885414, 3.4357969211587895, 5.0847716401532175, 8.367299968766073, 9.79046528063105], "test": [16.0, 16.0, 16.0, 16.0, 16.0, 15.166666666666666, 14.033333333333333, 11.033333333333333, 7.633333333333334, 3.1000000000000005, 0.16666666666666702, 0.5000000000000001, 12.633333333333333, 11.4, 11.1, 9.666666666666666, 10.733333333333333, 13.633333333333333, 13.3, 3.4333333333333327, 2.4666666666666672, 2.6999999999999997, 5.566666666666666, 7.133333333333334]}