{"day": 4, "month": 11, "station_id": 251, "predict": [28.221788450920293, 29.729743465793003, 30.499492829800207, 30.662988941476762, 24.84205073879217, 25.89612009470881, 24.816278897908454, 17.8739947677715, 12.91225496351963, 4.081276390942303, 0.0, 1.204563753525905, 2.557014777359287, 2.522538414799432, 1.970554157028905, 4.192716525086478, 4.431374511674196, 13.859340081472524, 27.509745667884054, 27.776929553849524, 24.359181252995125, 24.588470066874766, 24.482475328400458, 24.64500155723284], "test": [25.46666666666667, 25.133333333333333, 25.0, 24.3, 24.0, 24.0, 22.866666666666667, 16.866666666666667, 11.233333333333333, 0.06666666666666643, 0.0, 0.033333333333333215, 2.3666666666666667, 1.0333333333333334, 0.43333333333333324, 1.6333333333333333, 1.3333333333333333, 7.9, 22.553333333333335, 23.42666666666667, 23.886666666666667, 23.580000000000002, 9.833333333333334, 11.633333333333333]}