{"day": 3, "month": 6, "station_id": 14, "predict": [13.085190456251015, 11.535832496957742, 11.910248408508007, 11.678841497766824, 14.27722258533709, 13.857784961211607, 16.75515233244258, 29.78721742023461, 17.84488582115279, 24.350191842713116, 36.46542752578694, 29.161559826874303, 41.399021761144986, 35.66964335310662, 29.154027464998126, 19.39025266717728, 30.872130500136116, 39.109655920850955, 34.01670653173438, 23.016756487001217, 15.789369594635325, 20.0690332761682, 17.20473634281108, 17.423573773009085], "test": [13.0, 13.0, 14.266666666666666, 15.0, 15.0, 14.2, 20.433333333333334, 25.633333333333333, 18.433333333333334, 39.53333333333333, 40.53333333333333, 40.8, 45.03333333333333, 40.8, 36.266666666666666, 26.96666666666667, 28.866666666666667, 16.233333333333334, 26.633333333333333, 17.333333333333332, 4.799999999999999, 2.9333333333333336, 0.4666666666666677, 0.33333333333333215]}