{"day": 4, "month": 3, "station_id": 199, "predict": [21.162769436231144, 20.719977406285324, 20.505681973659172, 20.38007249388419, 22.142799884510172, 21.84023932767972, 19.362163746061206, 14.970054683120946, 18.047291896976756, 10.509231199089436, 7.524342388868023, 6.58145386398216, 7.869083548754281, 9.24335425673417, 8.284273719125652, 10.830193449824739, 20.835568325695185, 24.0, 22.57419653556727, 22.00520460889443, 17.719829663917366, 18.241373248459503, 18.935222574090506, 19.817918030565945], "test": [23.0, 23.0, 23.0, 23.0, 23.0, 23.0, 23.0, 23.0, 22.5, 9.033333333333333, 6.913333333333334, 7.093333333333334, 8.206666666666667, 9.633333333333333, 9.093333333333334, 20.9, 20.233333333333334, 21.0, 15.400000000000002, 16.233333333333334, 15.0, 15.433333333333334, 15.066666666666666, 16.0]}