{"day": 5, "month": 12, "station_id": 374, "predict": [10.510283300119362, 8.537770567667462, 13.405840245329987, 14.756774704027963, 15.643680756906061, 9.371804949766599, 7.870787505082583, 2.302899693399333, 0.0, 0.0, 0.0, 0.0, 0.0, 0.0, 0.0, 0.0, 0.0, 0.0, 0.34774659144714803, 6.167170993557303, 7.644853452378901, 10.310464428178554, 8.941377845512715, 11.239833826199307], "test": [9.708333333333334, 6.741666666666665, 4.0749999999999975, -0.7583333333333333, 33.83055555555555, 43.36388888888889, 44.49722222222223, 41.93055555555556, 2.252777777777776, 0.8861111111111093, 1.5861111111111104, 0.8527777777777714, -5.041666666666664, -3.2416666666666614, -0.04166666666666685, -0.04166666666666485, -1.9083333333333352, -1.9083333333333352, -2.0416666666666647, -0.04166666666666585, 2.4999999999999973, 3.333333333333336, 6.200000000000002, 6.866666666666667]}