{"day": 4, "month": 2, "station_id": 427, "predict": [42.63025086258531, 42.71131556386715, 42.53294313526001, 42.23534637190734, 42.60369934214684, 41.12813362423515, 39.04969297679645, 33.21761698703455, 20.796356201992197, 14.36709636884287, 18.474592891657256, 19.557614009905404, 14.87834705574133, 9.934445276456847, 10.031622876311012, 12.244796782185885, 14.34987511833362, 26.719535828831198, 35.43081387078556, 37.40392253258822, 33.005631780131644, 36.61999878227668, 38.627970976289305, 39.59429305099494], "test": [43.0, 43.0, 43.0, 43.0, 43.0, 43.0, 42.3, 33.4, 16.066666666666666, 12.6, 5.766666666666667, 18.9, 17.333333333333332, 11.066666666666665, 12.833333333333334, 15.2, 12.8, 28.533333333333335, 40.06666666666667, 31.666666666666664, 35.56666666666667, 33.266666666666666, 28.566666666666666, 28.766666666666666]}