{"day": 3, "month": 9, "station_id": 541, "predict": [26.01837551479518, 26.57061990817893, 26.812035397399622, 27.066728723393833, 27.357812645758823, 27.335124815866124, 27.586757556921466, 25.00423041356141, 15.758335954466556, 11.947994033690517, 11.333042180606512, 6.712969128754418, 4.253286327938925, 10.125978898574036, 9.09110701414343, 10.101496290094653, 7.756114643423871, 12.248222158664234, 18.076670996759763, 21.152203190687356, 26.185083260399765, 26.53955275260129, 26.07107800917487, 26.21359947284978], "test": [26.833333333333332, 27.0, 27.0, 27.566666666666666, 28.0, 28.0, 27.966666666666665, 25.266666666666666, 11.8, 8.666666666666666, 10.1, 0.6999999999999998, 5.033333333333333, 9.533333333333333, 13.3, 12.533333333333333, 17.8, 23.9, 19.433333333333334, 25.433333333333334, 26.933333333333334, 26.433333333333334, 25.633333333333333, 26.0]}