{"day": 2, "month": 12, "station_id": 251, "predict": [31.04055111827958, 31.249779418425415, 32.07015807197838, 32.2253248107342, 30.665229943439005, 29.75380176862465, 28.70562479334182, 23.26021577561406, 23.35084834919588, 13.037390092380603, 9.721514340720674, 12.623343999423708, 24.095751700711432, 20.19383762156112, 18.129817094843354, 18.64803967561972, 17.71473244468331, 25.424638810167977, 30.789060829896126, 31.812010261152952, 20.30055025808529, 22.415028719252504, 24.2667284654851, 26.409934430456275], "test": [31.0, 31.0, 31.0, 31.0, 31.0, 31.0, 31.0, 31.0, 30.966666666666665, 30.666666666666668, 30.766666666666666, 22.533333333333335, 15.333333333333334, 15.533333333333333, 16.0, 15.933333333333334, 13.23333333333333, 10.866666666666667, 11.0, 13.099999999999998, 12.866666666666667, 13.933333333333334, 17.566666666666663, 18.0]}