{"day": 0, "month": 2, "station_id": 64, "predict": [16.15695527567164, 17.03215314803581, 17.3661986050364, 17.26690606045661, 16.159972931377894, 16.57586447995118, 16.016548897716216, 16.135636342670086, 12.993953805378222, 9.104409054241925, 11.190776032411334, 7.693698573308392, 5.543578941443774, 1.1693042637267281, 0.3436670722595639, 1.4737539105301374, 0.5511383062403243, 0.0, 0.0, 2.5972658557930446, 11.218408231484293, 14.97131180319402, 16.046727337949836, 15.451703659385736], "test": [16.811111111111117, 17.144444444444446, 17.144444444444446, 17.144444444444446, 15.83333333333333, 14.533333333333335, 13.866666666666665, 13.766666666666664, 11.16666666666667, 9.500000000000004, 12.36666666666667, 13.500000000000007, 7.277777777777775, 4.944444444444443, 3.1777777777777736, 2.1444444444444404, 0.6333333333333357, -4.099999999999999, -9.099999999999998, -9.366666666666665, 6.1, 16.366666666666667, 17.2, 18.533333333333335]}