{"day": 1, "month": 4, "station_id": 564, "predict": [26.786584087145116, 26.234612752856282, 27.00186018625923, 28.77577385351315, 26.873819756266297, 28.784361376522323, 31.456603723618567, 31.10890694851713, 24.056422628095785, 15.469537799149663, 14.049680963256858, 15.06000884188471, 9.51177152560461, 6.358692558994428, 5.391699464370469, 6.720993663517689, 15.49433499175661, 17.014004298946563, 22.43692002337876, 26.129469914349066, 16.765839331307518, 20.920581688697506, 23.986555319814496, 29.250332759420253], "test": [24.1, 22.566666666666666, 25.2, 26.0, 26.0, 26.0, 25.033333333333335, 28.1, 25.8, 21.8, 21.066666666666666, 13.4, 8.666666666666666, 7.7, 13.833333333333334, 13.933333333333334, 11.033333333333333, 5.433333333333333, 6.600000000000001, 12.433333333333335, 16.933333333333334, 20.033333333333335, 28.233333333333334, 29.2]}