{"day": 1, "month": 12, "station_id": 71, "predict": [24.12167484136743, 25.317449584933286, 26.09639720791264, 26.394823440537664, 26.684747494867235, 26.162757622079987, 23.002984206968847, 20.79813815609628, 12.281583312897567, 6.634996988167214, 7.453283424925792, 12.432885862613896, 14.017113192168964, 14.095102392654221, 15.690674652586548, 17.11071768477497, 6.741011109039027, 11.233731642383745, 18.113224435682778, 18.247489411645475, 24.95677030433082, 27.214647531453803, 28.363194921999924, 29.49887332721982], "test": [20.0, 25.5, 27.733333333333334, 28.0, 27.044444444444444, 27.044444444444444, 26.57777777777778, 26.444444444444443, 19.799999999999997, 22.13333333333333, 12.8, 1.6666666666666683, 3.9444444444444438, 4.2111111111111095, 9.077777777777776, 5.277777777777776, 40.022222222222226, 42.22222222222222, 41.82222222222222, 41.922222222222224, 19.433333333333334, 18.7, 19.2, 19.433333333333334]}