{"day": 3, "month": 12, "station_id": 154, "predict": [35.0, 35.0, 29.360479563759483, 15.760849461371699, 30.635574504658713, 31.259304940504794, 17.339536752076786, 12.893616929401253, 8.33979676134837, 8.235700325391084, 8.503032184875913, 8.667601514569318, 7.140781127395461, 6.663678788878992, 6.404983827688713, 6.407213836606655, 7.071082644245605, 13.808100753574967, 18.800064073509237, 24.191472364998063, 28.5202584669513, 29.86781542153439, 29.54742424257984, 29.10464421358261], "test": [40.724999999999994, 40.724999999999994, 40.724999999999994, 40.724999999999994, 18.069444444444443, 18.069444444444443, 18.069444444444443, 18.069444444444443, 9.358333333333336, 9.358333333333338, 9.358333333333334, 9.358333333333336, 7.93611111111111, 7.936111111111113, 7.936111111111111, -2.8638888888888863, 1.7583333333333337, 2.3583333333333343, 7.358333333333337, 17.525000000000002, 28.980555555555558, 28.980555555555558, 29.34722222222223, 29.08055555555556]}