{"day": 2, "month": 6, "station_id": 107, "predict": [13.767485875348147, 13.634864332748261, 14.136184407311225, 14.203812816776985, 13.94755498709841, 14.327844872151744, 15.295181960333316, 17.170714395976624, 19.205558950332254, 12.121680225419375, 6.9303851044723, 6.227337199122871, 2.311827208850836, 2.7916524509365175, 8.11639165502951, 9.733956922906334, 2.753510914181294, 3.3818089541227128, 5.6883448251403435, 3.475267912793117, 12.972594363498413, 14.483912769929672, 17.70687294655237, 16.258627518087376], "test": [13.0, 13.333333333333336, 14.0, 13.566666666666666, 13.0, 13.2, 16.866666666666667, 19.866666666666667, 18.7, 11.633333333333333, 2.4333333333333327, 4.133333333333334, 4.433333333333334, 4.366666666666666, 0.9999999999999998, 2.166666666666667, 5.233333333333333, 9.866666666666667, 13.0, 13.833333333333332, 17.733333333333334, 17.0, 15.833333333333336, 13.533333333333333]}