{"day": 1, "month": 6, "station_id": 12, "predict": [47.55523737227599, 47.52649956426807, 47.64518519080154, 47.505772028558944, 47.20251141733863, 47.37268984345989, 47.404099962412474, 46.41437335486221, 43.544276657119624, 33.34476956643685, 19.677537575907497, 16.399497306124452, 11.753908297277137, 9.667877318082157, 9.17981127042887, 11.125336338591316, 11.992118753276644, 25.709887568714123, 37.546243663962045, 44.04953224979933, 42.23797572683169, 42.95594128079606, 43.67073714993758, 44.227759388169474], "test": [46.96666666666667, 47.0, 47.0, 47.0, 47.0, 47.0, 46.766666666666666, 45.2, 40.6, 28.1, 17.8, 13.466666666666665, 9.633333333333333, 10.766666666666667, 8.4, 7.633333333333335, 14.433333333333334, 31.600000000000005, 27.866666666666667, 38.56666666666667, 44.233333333333334, 47.9, 46.266666666666666, 46.166666666666664]}