{"day": 5, "month": 9, "station_id": 272, "predict": [13.995148143890928, 15.416821659419602, 15.770041634867605, 16.314457250481233, 15.42601468932573, 15.580036132407262, 15.931097405745978, 15.319306143809435, 14.54715413342435, 15.108403756542137, 12.384928766470185, 8.735933777274418, 5.1889778560913316, 3.5283040593303205, 3.252251392751666, 4.953979852897051, 4.864898059140919, 7.271221618821588, 8.090483631661236, 7.982825885871747, 3.0543363033392135, 3.043050441017257, 5.058227118791515, 5.4338399236872945], "test": [11.0, 10.133333333333333, 11.433333333333332, 14.933333333333334, 14.999999999999998, 14.999999999999998, 14.999999999999998, 15.733333333333333, 15.7, 13.266666666666666, 11.4, 8.033333333333333, 4.933333333333334, 2.933333333333333, 2.6333333333333333, 4.166666666666667, 5.7, 2.3999999999999995, 1.2666666666666662, 2.1333333333333337, 1.9333333333333336, 3.3333333333333335, 6.1000000000000005, 5.666666666666666]}