{"day": 0, "month": 10, "station_id": 12, "predict": [49.0, 49.0, 49.0, 49.0, 49.0, 48.998558885837134, 48.75228843299896, 47.9126516604057, 33.09778509648656, 16.585581146977727, 5.67121726495403, 4.568001210581557, 5.241839797945626, 6.529944881596662, 4.106596629070045, 3.9616035264523255, 10.988584477283474, 21.28358844994775, 27.979545460858354, 31.6976435263558, 26.73868352711928, 31.166581601541296, 32.174578173362896, 32.96861805409236], "test": [47.666666666666664, 48.0, 48.0, 48.0, 48.0, 48.0, 48.0, 47.2, 35.86666666666667, 15.4, 0.8666666666666671, 0.36666666666666653, 1.7333333333333327, 5.3999999999999995, 3.9666666666666677, 7.933333333333334, 11.233333333333333, 20.566666666666666, 24.2, 20.933333333333334, 28.966666666666665, 42.833333333333336, 46.166666666666664, 47.0]}