{"day": 1, "month": 8, "station_id": 199, "predict": [21.21101072706123, 21.814320572206825, 22.56559144751834, 23.00740838164034, 21.873774067984396, 21.91540667299276, 20.599511924910317, 18.652121801223643, 7.063296673629299, 0.978834190811416, 3.314399420372771, 4.390015311083424, 9.254939142374706, 7.793162103814321, 7.20162737583736, 8.65713429693598, 14.30735406049034, 22.153493568086656, 24.0, 24.0, 21.651809091036476, 22.664835185193606, 22.807089293920285, 22.679637239759778], "test": [21.0, 21.0, 21.0, 21.0, 20.966666666666665, 20.166666666666668, 18.4, 19.233333333333334, 7.466666666666667, 1.7999999999999998, 14.0, 7.800000000000001, 4.733333333333333, 3.2333333333333334, 1.2666666666666668, 13.333333333333334, 13.066666666666666, 21.233333333333334, 22.133333333333333, 21.566666666666666, 23.1, 23.6, 24.0, 23.6]}