{"day": 2, "month": 6, "station_id": 228, "predict": [38.96483225903609, 38.97270842830775, 38.90667881371142, 38.947729153672185, 38.9762624406019, 38.17517440556709, 36.292807334809396, 31.04953265056328, 13.952590706018242, 1.43159828232155, 0.0, 7.239560915174836, 3.2834341114620402, 4.102129294166498, 1.7739522961423424, 2.8496278515596654, 6.865391299368955, 18.807700509081062, 36.520403274080074, 36.4946019755735, 38.440957891676184, 38.62212577291767, 39.06266792929649, 39.05625722944486], "test": [39.0, 39.0, 39.0, 39.0, 39.0, 38.266666666666666, 36.666666666666664, 28.633333333333333, 9.8, 5.6, 7.966666666666667, 1.0333333333333339, 4.066666666666666, 12.9, 8.966666666666667, 4.166666666666667, 7.3, 9.933333333333334, 31.299999999999997, 36.1, 37.766666666666666, 37.766666666666666, 39.0, 39.0]}