{"day": 3, "month": 7, "station_id": 427, "predict": [41.43526928361974, 41.98621969009896, 42.273501657100084, 42.41528308673825, 42.74735391377928, 41.51755147199651, 40.15896250616535, 29.53008620635653, 0.0, 0.0, 10.551917201574936, 14.394978222008854, 12.262168284803042, 13.94556098834617, 8.8890107026742, 11.281053361510224, 9.643926744269015, 16.10336242877267, 40.072864233149126, 40.289078382252335, 37.79346683272139, 38.69783580355614, 40.554623029268775, 41.352317790996885], "test": [41.0, 41.0, 42.733333333333334, 43.0, 42.9, 41.7, 37.7, 19.2, 1.6999999999999997, 4.333333333333333, 2.766666666666666, 10.133333333333333, 12.466666666666665, 5.566666666666666, 2.8333333333333335, 7.799999999999999, 13.866666666666667, 16.7, 38.766666666666666, 34.6, 42.9, 42.733333333333334, 40.36666666666667, 42.96666666666667]}