{"day": 5, "month": 4, "station_id": 340, "predict": [8.183211596120225, 10.331163093160011, 11.395046583111172, 12.131530035527538, 9.42252237165259, 10.55757796129215, 11.182984835322985, 11.658016170659412, 8.863475015105102, 7.804100568592937, 6.680764879795763, 5.704793527890282, 0.497942209968838, 2.1307739282806732, 2.606504470879994, 3.8634552765655905, 8.639313001777015, 7.340660079119421, 8.091932992633982, 10.102806325931015, 11.911185844273637, 11.225692949881148, 10.84095047023963, 11.323875716569463], "test": [6.1, 7.766666666666667, 8.0, 8.0, 8.0, 8.0, 8.0, 7.566666666666666, 7.1, 6.466666666666667, 5.5, 1.8666666666666671, 2.533333333333333, 6.4, 7.0, 8.933333333333334, 11.0, 10.466666666666667, 11.333333333333334, 12.666666666666666, 11.733333333333333, 11.0, 11.133333333333333, 11.866666666666667]}