{"day": 4, "month": 2, "station_id": 229, "predict": [16.622400058129088, 15.126485217591737, 14.835375986613252, 14.478365315254347, 14.714747830123914, 17.14028958175383, 17.410113209253147, 14.690383030363853, 10.86963136263837, 3.921103467628241, 0.0, 0.0, 0.0, 2.2479205438537884, 0.11901049539412134, 1.522339597659882, 1.466634459563533, 6.186710267561125, 6.16891083235414, 7.520196684348547, 9.93701965220512, 10.19743706653863, 10.539711028066671, 11.347827606518777], "test": [15.700000000000003, 16.4, 15.56666666666667, 18.36666666666667, 15.933333333333335, 15.866666666666669, 14.800000000000004, 13.133333333333335, 7.200000000000006, 0.033333333333338544, -2.4999999999999947, -2.2666666666666613, -0.9888888888888872, -0.022222222222219923, 4.711111111111113, 7.577777777777781, 2.5888888888888895, 0.12222222222222623, -0.011111111111109295, 1.8222222222222242, 10.222222222222225, 10.622222222222224, 9.88888888888889, 9.88888888888889]}