{"day": 0, "month": 7, "station_id": 71, "predict": [27.56885665223765, 30.356549942822447, 31.624428025106713, 32.84113722631217, 29.455066073731285, 30.09681780133835, 26.239193588303863, 16.337853667960324, 10.263933337870105, 7.165875117671007, 9.055695409554541, 15.411804074485001, 15.725030707154222, 17.133205814572822, 21.181742461021297, 19.029260136722755, 16.100142156081297, 27.386727858289273, 32.62812900741026, 33.81143391710783, 29.339669362781628, 28.716526952347795, 29.813905497190923, 30.91621756871177], "test": [26.833333333333332, 27.0, 27.0, 27.0, 27.0, 26.133333333333333, 21.666666666666668, 22.566666666666666, 12.133333333333333, 7.2, 17.83333333333333, 14.940000000000001, 15.613333333333335, 27.566666666666666, 24.866666666666667, 26.9, 21.8, 29.266666666666666, 32.8, 31.4, 33.233333333333334, 33.86666666666667, 34.0, 34.0]}