{"day": 5, "month": 4, "station_id": 154, "predict": [12.46521586959622, 10.563663818220459, 9.344168063537536, 8.246859441277651, 14.838066178041123, 14.086281688352807, 13.409600183817272, 13.493065394652355, 22.9837720499321, 25.312618963211694, 24.914977658888343, 29.62749696748568, 32.927822586248375, 35.0, 35.0, 35.0, 34.720527082804516, 32.94147006388634, 33.31001317927327, 33.7797547310429, 33.86873807208901, 33.05673099851987, 33.10652790473886, 32.85020580113265], "test": [14.999999999999996, 15.0, 15.0, 15.933333333333334, 17.033333333333335, 18.266666666666666, 19.0, 20.6, 25.966666666666665, 29.7, 28.633333333333333, 29.8, 30.866666666666667, 34.0, 34.0, 34.0, 33.56666666666667, 32.333333333333336, 31.8, 32.86666666666667, 32.0, 31.166666666666668, 32.63333333333333, 31.633333333333333]}