{"day": 5, "month": 12, "station_id": 130, "predict": [7.161051989623568, 8.842661954924573, 10.459966584906748, 11.566960049454565, 11.63126739291833, 12.241590480067071, 12.61830309728707, 13.549660489078281, 10.834380601680385, 10.668928143505621, 9.04417143637854, 6.556788263708178, 10.143255944547443, 8.913323513698048, 6.860185021195299, 3.6421043519507217, 19.413257994275327, 19.765185198490528, 17.29070881210178, 15.542632595454235, 2.35054413974839, 4.8932248181178455, 4.013829528001462, 4.671915967721164], "test": [10.1, 11.0, 11.0, 11.0, 11.0, 11.0, 11.0, 11.0, 10.566666666666666, 12.166666666666666, 12.366666666666667, 10.533333333333333, 10.033333333333333, 16.0, 16.933333333333334, 20.133333333333333, 14.633333333333333, 6.333333333333334, 0.7000000000000002, 3.633333333333333, 2.3, 0.7666666666666666, 0.6333333333333331, 0.9999999999999998]}