{"day": 1, "month": 12, "station_id": 217, "predict": [9.840841506617268, 10.265751832371363, 10.547678774808801, 10.879475403661443, 7.968148069724495, 8.258537512666564, 7.959520948602731, 6.90669052379925, 11.055244046362397, 7.4231356270423206, 5.3958296920155355, 6.562589873855886, 7.659827310417295, 7.976492048429027, 11.294357948556248, 12.61230265741267, 10.3303564172368, 9.821797325750872, 12.757521527626057, 16.0, 13.04466517614265, 13.539200178952449, 13.972031844753806, 13.869291282971579], "test": [8.0, 8.1, 8.933333333333334, 9.0, 9.0, 9.0, 9.0, 10.0, 10.266666666666667, 11.966666666666667, 6.5, 8.733333333333333, 10.8, 7.766666666666667, 14.633333333333333, 12.933333333333334, 11.1, 8.5, 14.666666666666666, 14.033333333333333, 9.133333333333333, 5.233333333333333, 1.8000000000000007, 1.0]}