{"day": 0, "month": 6, "station_id": 246, "predict": [34.37903457462196, 34.50628432865494, 34.60581468154014, 34.62269533400395, 36.44682903158955, 36.90176518943507, 39.303430998487876, 39.32578451312929, 27.781012608139246, 1.8267253790141853, 1.3775260274631467, 3.3865388148826874, 7.406236519547792, 8.484409060743618, 11.83686420972089, 13.063825960231288, 16.066874024936638, 20.73532674132448, 39.91276749809661, 38.08500379898597, 37.62406473375798, 39.2713035060491, 38.89631034366155, 39.21493722056562], "test": [35.0, 35.2, 37.0, 37.0, 37.0, 37.833333333333336, 38.0, 36.3, 25.7, 1.633333333333333, 0.0, 0.0, 17.5, 23.433333333333334, 21.433333333333337, 20.133333333333333, 15.133333333333333, 16.7, 37.9, 38.13333333333333, 36.86666666666667, 38.63333333333333, 38.4, 38.86666666666667]}