{"day": 0, "month": 2, "station_id": 199, "predict": [21.978801231391643, 22.45552668025546, 22.83395907532613, 23.165913646864936, 23.72671180057754, 24.0, 22.59983918487545, 16.941059784768978, 8.664094085766077, 4.525399240479952, 10.320346865962595, 13.050464179577816, 5.39139919637527, 9.650132846252664, 10.828857243608772, 10.766857989864162, 12.188350410322528, 16.80681109372577, 24.0, 24.0, 17.546881954050473, 19.01470923582003, 20.79101039992703, 21.880367982002966], "test": [22.0, 22.0, 22.0, 22.0, 22.0, 22.0, 20.1, 13.433333333333334, 6.5, 4.666666666666667, 0.6333333333333337, 5.700000000000001, 11.733333333333333, 15.333333333333336, 16.166666666666668, 15.833333333333332, 17.866666666666667, 22.266666666666666, 19.366666666666667, 18.533333333333335, 21.066666666666666, 22.866666666666667, 23.0, 23.0]}