{"day": 1, "month": 1, "station_id": 66, "predict": [39.214407586083254, 39.05412459756918, 39.434722617786875, 39.45477920390505, 39.939387572152825, 40.0, 39.326649691519016, 36.88050624763312, 30.461325203991567, 22.850107861940707, 23.703241491034817, 19.164518390741343, 18.257414285760575, 17.181533125531274, 17.082015601824068, 18.193970283673984, 15.241752533622186, 28.346610707759815, 33.830226515737955, 33.34453480249193, 34.79029529810348, 36.826242973255596, 36.56475455155211, 37.257528316108626], "test": [40.0, 40.0, 40.0, 40.0, 40.0, 40.0, 39.7, 35.03333333333333, 33.46666666666667, 25.866666666666667, 19.4, 20.733333333333334, 20.566666666666666, 20.566666666666666, 19.566666666666666, 17.233333333333334, 20.1, 17.0, 34.93333333333333, 34.13333333333333, 38.0, 37.733333333333334, 38.0, 35.6]}