{"day": 0, "month": 4, "station_id": 109, "predict": [43.77326691436093, 43.02161598086983, 41.93713820070774, 40.95786352158457, 57.0, 56.29390073512801, 53.596461018990475, 50.89178128687984, 50.859592957002036, 34.66811047993538, 22.277953942197108, 19.98879976420412, 33.183424616529834, 32.89032331126541, 29.36022378680273, 27.736959044677473, 33.89502308527599, 35.98502385660614, 43.20282915651028, 48.62277756641728, 56.65557518872099, 55.736421626750875, 57.0, 57.0], "test": [56.833333333333336, 57.0, 57.0, 57.0, 57.0, 57.0, 57.0, 57.0, 51.333333333333336, 38.7, 36.0, 34.833333333333336, 34.0, 33.7, 33.7, 36.0, 36.166666666666664, 43.9, 56.63333333333333, 56.96666666666667, 57.0, 57.0, 56.93333333333333, 56.0]}