{"day": 5, "month": 3, "station_id": 338, "predict": [20.336304964498176, 19.349280078185814, 19.698574081121475, 19.334448281466447, 22.167389530537147, 21.423719817771968, 21.216492431436254, 21.122837154385174, 20.49435023185832, 20.122529189298955, 19.954709544749488, 17.745125050338675, 8.81070005021683, 8.153628854095478, 7.760032792533592, 7.551614121375737, 9.862146832717416, 11.923370410686916, 13.53368995078216, 12.1639466029729, 8.2822219489691, 8.059804775870392, 13.327193256397582, 16.255874705812907], "test": [18.066666666666666, 19.833333333333332, 20.7, 21.6, 22.0, 21.066666666666666, 21.0, 21.133333333333333, 21.333333333333332, 20.6, 18.166666666666668, 10.1, 8.766666666666667, 10.466666666666667, 10.733333333333333, 8.533333333333333, 10.233333333333333, 10.266666666666667, 5.666666666666666, 7.6, 8.066666666666666, 10.0, 11.733333333333333, 12.266666666666666]}