{"day": 6, "month": 2, "station_id": 109, "predict": [24.79304087150769, 24.87466496737578, 26.5565186979372, 27.66695391301045, 32.17034422323875, 31.890208418990515, 30.832591210401283, 30.367862071357152, 31.22887770228073, 30.93841039516043, 33.664329892933516, 35.67453726878129, 46.361591007294535, 44.23740543543239, 31.588026127947078, 29.22570439457261, 26.27235695253912, 36.75815682166811, 36.97647914522518, 42.017753682662246, 57.0, 50.51414524577343, 57.0, 57.0], "test": [26.866666666666667, 29.166666666666668, 30.266666666666662, 32.0, 32.0, 32.0, 32.0, 32.0, 42.666666666666664, 50.36666666666667, 50.2, 51.0, 50.06666666666667, 27.883333333333333, 26.483333333333334, 25.34166666666667, 46.7, 51.9, 53.666666666666664, 57.0, 57.0, 57.0, 57.0, 57.0]}