{"day": 4, "month": 9, "station_id": 18, "predict": [25.52872553952452, 25.541982455598568, 25.833335572299465, 26.129023631183372, 26.063726206980764, 25.94949126329821, 25.952273866765577, 23.826277283583824, 21.80353490003352, 17.31395447314109, 13.526573838618054, 11.306367941561838, 6.6501989912661985, 7.333655872980194, 8.504909740391321, 9.612286376177972, 7.133856953480073, 10.868367783675776, 11.394736121030924, 12.496520303390746, 19.345290050207414, 18.698316417780728, 20.257858147643805, 22.35093170639232], "test": [25.033333333333335, 26.0, 26.0, 26.0, 26.0, 26.0, 25.3, 23.066666666666666, 16.233333333333334, 18.566666666666666, 8.7, 6.266666666666667, 4.0, 2.9333333333333327, 4.066666666666667, 6.633333333333334, 10.833333333333334, 23.2, 24.366666666666667, 23.533333333333335, 24.066666666666666, 25.6, 26.0, 25.666666666666668]}