{"day": 3, "month": 7, "station_id": 64, "predict": [24.716848472084, 24.383434816884737, 24.43949251817196, 24.443747403699632, 25.0, 25.0, 24.335220313050304, 22.708017832466133, 16.604372480547504, 14.017413963236669, 11.322146254973173, 8.277133767529953, 0.0, 5.048467644300169, 7.1839826053347835, 8.784473042743466, 17.38472458982289, 13.271542203542086, 12.541233053639916, 8.076834471724153, 5.60981395440883, 9.952081403352633, 18.356736506819143, 22.847539609401935], "test": [25.666666666666664, 26.0, 26.0, 26.0, 26.0, 25.766666666666666, 22.466666666666665, 18.4, 15.566666666666668, 7.966666666666667, 2.0333333333333328, 1.3666666666666674, 2.166666666666667, 9.933333333333334, 9.966666666666667, 15.1, 19.1, 20.133333333333333, 13.933333333333334, 3.3333333333333335, 1.4666666666666661, 7.2666666666666675, 15.933333333333334, 24.533333333333335]}