{"day": 1, "month": 8, "station_id": 270, "predict": [18.543264592732925, 17.790020218817588, 16.673141085439465, 15.412607408567803, 21.24897234829554, 22.329618283709177, 23.6581240681883, 26.298691080188085, 21.769978430941187, 31.0, 31.0, 30.850654020867402, 25.688546741895575, 23.53178525879088, 23.86769440295217, 23.686950033460782, 23.559898829840556, 13.787835357282646, 4.6814673120184285, 3.3087095454472624, 6.898798579562289, 6.413036175646407, 7.785104104796426, 7.319092378913044], "test": [20.966666666666665, 21.933333333333334, 22.0, 22.0, 21.366666666666667, 20.0, 20.266666666666666, 19.933333333333334, 25.2, 28.733333333333334, 27.733333333333334, 24.4, 25.6, 24.433333333333334, 25.366666666666667, 27.333333333333332, 23.2, 17.633333333333333, 8.033333333333333, 6.733333333333333, 5.133333333333334, 2.2333333333333334, 5.266666666666667, 8.366666666666667]}