{"day": 0, "month": 3, "station_id": 154, "predict": [8.16355281402179, 7.935686341893216, 8.517444655102775, 9.118850814699424, 11.28752882658264, 9.375609813009591, 16.437757190456377, 28.71072822377299, 26.746542446441843, 27.04392157300272, 30.517275385368322, 31.519762238141812, 32.60500242533797, 30.852780978852756, 28.412480785355378, 23.197278219251874, 7.035311229384005, 11.168216752476138, 13.000499488597546, 0.0, 7.667839532374956, 6.060526977023241, 4.919134589061088, 4.295478106899812], "test": [12.0, 12.0, 12.0, 12.0, 11.666666666666666, 10.4, 17.766666666666666, 29.233333333333334, 31.066666666666666, 34.8, 35.0, 34.9, 34.46666666666667, 33.166666666666664, 29.533333333333335, 22.966666666666665, 6.3, 1.8333333333333326, 12.6, 11.0, 6.4, 2.1, 1.0, 1.7666666666666666]}