{"day": 1, "month": 6, "station_id": 193, "predict": [46.18159741900549, 46.12017807028867, 46.3223366212075, 46.572514456189985, 48.134896129102046, 49.20896184286856, 49.25237761325493, 46.86616331119907, 37.66381592515374, 7.79234249249426, 0.0, 0.0, 3.9692889405726275, 1.4725708384571927, 0.0, 3.3538124140130106, 3.841065252616798, 8.780232413642883, 33.037280728050256, 49.110960206025155, 49.87200427923236, 52.148782579492256, 51.844337079895126, 52.400725112740865], "test": [45.67222222222222, 46.43888888888888, 46.67222222222222, 46.67222222222222, 47.92777777777778, 47.92777777777778, 47.06111111111111, 44.72777777777778, 41.24999999999999, 21.316666666666663, 5.416666666666659, 8.94999999999999, -2.005555555555558, 3.061111111111108, 1.99444444444444, -1.6388888888888924, 5.938888888888886, 20.072222222222223, 40.605555555555554, 46.27222222222222, 49.69444444444445, 49.72777777777778, 46.26111111111112, 44.49444444444445]}