{"day": 3, "month": 1, "station_id": 246, "predict": [40.30282147699612, 39.94204608297049, 40.14776013585641, 41.0, 41.0, 41.0, 41.0, 41.0, 34.33042312329736, 19.980991307022894, 14.129111547153359, 12.78297687931988, 18.094130513604046, 16.33103404047926, 15.090285114056323, 13.514736611077351, 18.403170927905, 23.85493080056449, 37.54256674925357, 41.0, 40.96988044988438, 40.52936637731045, 39.50541451286184, 38.707682682284755], "test": [41.0, 41.0, 41.0, 41.0, 41.0, 41.0, 41.0, 37.6, 28.2, 16.4, 15.066666666666666, 19.433333333333334, 22.333333333333332, 16.933333333333334, 17.3, 17.666666666666668, 15.566666666666665, 21.6, 33.7, 40.666666666666664, 39.46666666666667, 37.4, 37.13333333333333, 39.0]}