{"day": 3, "month": 8, "station_id": 17, "predict": [26.0, 26.0, 26.0, 26.0, 25.172962438938868, 25.078646915614545, 25.55133093466568, 24.53129032529046, 16.837362112755002, 5.486724768750255, 7.076625889168663, 10.766778248512662, 5.527887981089905, 6.580505773373131, 8.938974088002707, 8.988222391967414, 6.400027708875696, 9.074442116886987, 21.54207165172615, 20.494558742661162, 25.96268767231326, 26.0, 26.0, 26.0], "test": [24.566666666666666, 25.0, 25.0, 25.0, 25.0, 25.0, 25.666666666666668, 23.133333333333333, 15.5, 5.233333333333333, 3.1333333333333333, 3.033333333333334, 3.566666666666667, 1.333333333333333, 2.4000000000000004, 6.5, 4.033333333333333, 9.0, 23.133333333333333, 25.6, 25.466666666666665, 25.933333333333334, 24.566666666666666, 26.0]}