{"day": 0, "month": 8, "station_id": 116, "predict": [17.206035811774772, 17.860318940224282, 18.30087830648299, 18.532242604321446, 15.508610874450559, 15.363340604573272, 15.090388651028492, 11.148730740617657, 0.0, 0.0, 0.0, 2.2875608230107973, 13.953099176676412, 12.154916996325989, 12.50827639417058, 7.261401627878686, 10.408854291613377, 14.580064942423636, 19.29246592804961, 20.749623316502156, 19.66373696946792, 19.285468586160597, 19.069404801063943, 19.570252670570724], "test": [15.499999999999998, 15.633333333333333, 15.75, 15.708333333333334, 14.875, 14.3, 2.0, 1.9666666666666668, 0.06666666666666643, 14.433333333333334, 15.933333333333334, 15.333333333333336, 13.466666666666669, 15.0, 13.600000000000001, 10.9, 14.133333333333333, 15.233333333333333, 16.233333333333334, 20.266666666666666, 17.566666666666666, 20.5, 20.5, 20.7]}