{"day": 6, "month": 8, "station_id": 229, "predict": [18.2183579829178, 18.835462167180673, 19.326384160562924, 19.295066147667825, 23.692548489677655, 22.976233608828046, 22.061572422935548, 21.195556079170913, 22.840051097149743, 21.53597468645442, 19.732282791650093, 19.563341582004703, 22.70050160991957, 20.5078926001425, 16.82267303507831, 11.457556396410062, 10.798995558077701, 15.459172720227276, 20.619536365149084, 17.69224224718431, 9.577178873598667, 14.713841951269018, 15.683466959550497, 16.429343203022405], "test": [20.6, 23.7, 24.0, 24.0, 24.0, 24.0, 24.0, 24.0, 23.3, 23.0, 23.333333333333332, 22.8, 16.0, 15.0, 15.0, 15.0, 15.0, 15.0, 14.966666666666667, 14.933333333333334, 13.466666666666667, 15.566666666666666, 15.866666666666667, 15.0]}