{"day": 4, "month": 12, "station_id": 48, "predict": [22.86992852073065, 23.392234151124704, 23.29060596862442, 23.29922214978049, 23.200110926443983, 23.586581135375397, 23.028015410840172, 20.516923270144353, 19.1210411187534, 8.181734673100404, 9.15842022982296, 8.81948869329289, 17.68349785658147, 16.0840307497982, 13.165964270958073, 10.289270176095034, 20.973402214805944, 24.301545036687074, 25.0, 24.46888319716191, 21.105456336539884, 21.413482252481124, 21.95757938070936, 23.05378229644474], "test": [22.0, 22.333333333333332, 23.0, 23.0, 23.0, 23.8, 23.033333333333335, 22.9, 22.8, 22.966666666666665, 23.1, 21.799999999999997, 17.733333333333334, 16.933333333333334, 23.3, 23.566666666666666, 23.866666666666667, 20.166666666666668, 18.3, 20.633333333333333, 22.0, 22.0, 24.066666666666666, 21.333333333333332]}