{"day": 6, "month": 3, "station_id": 101, "predict": [17.329779498091053, 17.13672185908881, 16.53904749266026, 16.073205143052917, 18.110444316702704, 17.350670462192507, 16.732733475707768, 17.262795783359877, 18.788605616239952, 18.9605829366564, 18.960569818125236, 18.352141774485286, 13.742580639164284, 13.29032516745105, 15.738493435696865, 16.496395790825282, 6.336468627169683, 6.208184588787983, 8.236817803679534, 9.53384760612796, 1.9384143225987405, 3.7791750850280392, 5.422731608973788, 6.835698758534567], "test": [19.0, 19.0, 19.0, 19.0, 19.0, 19.0, 19.0, 18.733333333333334, 18.0, 17.3, 16.8, 15.433333333333334, 12.200000000000001, 9.0, 8.366666666666667, 4.766666666666667, 2.000000000000001, 0.0, 0.0, 0.0, 0.8999999999999997, 0.9999999999999991, 1.9333333333333336, 1.1333333333333333]}