{"day": 6, "month": 2, "station_id": 246, "predict": [35.82034050930892, 34.96719016161548, 34.081146561380535, 33.216717965701214, 36.75505876982136, 35.94226516491128, 35.16651589932155, 34.71725048649064, 38.47883445118794, 38.02158544979329, 37.5488337121478, 36.924978779818886, 36.298497024140374, 33.91977647555447, 27.51351116350328, 28.671337473650734, 34.947774044577784, 33.86775089008949, 34.550471245587076, 38.38164094943481, 37.77742638543778, 36.649496807192364, 35.85502408614094, 35.27097578045708], "test": [38.0, 38.0, 38.0, 38.0, 38.0, 37.03333333333333, 36.333333333333336, 36.0, 36.0, 36.0, 36.2, 37.833333333333336, 37.333333333333336, 35.56666666666667, 34.03333333333333, 34.63333333333333, 38.06666666666667, 38.233333333333334, 38.06666666666667, 38.0, 38.0, 38.6, 39.0, 38.9]}