{"day": 5, "month": 8, "station_id": 101, "predict": [18.232834212527937, 18.29130650428534, 18.917220845156226, 19.18509548514349, 5.947812434354967, 8.636966809133131, 10.742079431083523, 11.898016215625312, 4.092166700353696, 6.506413115968212, 6.825455007652187, 6.815642028695227, 3.5569774331020114, 4.984213002538146, 6.4837035659422675, 7.59122625424908, 9.285142986085637, 12.480864750321045, 13.78175190197069, 14.372518874241626, 15.703944047869939, 16.184535511242352, 16.622939889114395, 16.66073705801146], "test": [2.000000000000001, 2.6333333333333346, 3.0, 2.9666666666666677, 3.0, 3.0, 3.0, 2.5333333333333323, 1.7333333333333347, 1.6333333333333329, 2.000000000000001, 2.7999999999999985, 6.033333333333333, 6.966666666666667, 2.333333333333334, 4.633333333333334, 5.1, 5.0, 11.966666666666667, 14.5, 14.166666666666666, 15.5, 15.333333333333334, 11.0]}