{"day": 5, "month": 10, "station_id": 101, "predict": [21.61544108919242, 20.30623062006664, 19.00196600749462, 19.322048256290138, 20.239715259462795, 20.714124065672422, 20.738341222753526, 20.376266624775, 19.388900889782626, 18.264735343364105, 16.892639275835123, 14.60234144014878, 15.402765677131848, 15.076286302419113, 16.104728920957655, 16.302054318649997, 14.167242619217339, 10.592082819510814, 11.19002000314127, 13.856775557289957, 14.202420768555044, 15.006750462104181, 15.509198887320146, 16.2806149636052], "test": [20.516666666666666, 19.65, 20.616666666666667, 20.650000000000002, 19.116666666666667, 19.116666666666667, 18.650000000000002, 19.116666666666667, 20.016666666666666, 17.383333333333333, 12.916666666666664, 9.98333333333333, 13.083333333333334, 13.316666666666668, 14.850000000000001, 13.616666666666665, 17.172222222222224, 18.73888888888889, 18.672222222222224, 19.272222222222226, 13.461111111111112, 11.094444444444443, 11.194444444444443, 13.194444444444443]}