{"day": 4, "month": 3, "station_id": 214, "predict": [9.243046101055965, 10.94654802178678, 11.537163939387371, 11.1103173739699, 10.087456813416532, 10.49121355432543, 10.87384361235647, 14.711274959939821, 16.772836134149763, 19.933137114436857, 16.05801473521956, 15.135844255524109, 13.949043160728731, 16.140142815855697, 15.312284194501274, 15.591149516190391, 16.770434156292982, 14.424826697740912, 8.321019139113933, 8.988569936607753, 11.791085541076605, 11.744490428991217, 11.555580076808353, 11.679813562071692], "test": [10.0, 10.966666666666667, 11.0, 11.0, 11.0, 12.3, 12.933333333333334, 12.0, 12.0, 12.6, 14.0, 14.0, 13.1, 13.0, 13.0, 12.6, 12.0, 12.0, 11.9, 11.866666666666667, 12.066666666666666, 13.0, 12.633333333333333, 13.0]}