{"day": 2, "month": 1, "station_id": 229, "predict": [22.78179300034109, 22.342841016987464, 21.3344433207873, 20.740487559430328, 22.610893118227388, 22.45451267019281, 20.656812645112332, 17.464649049562638, 21.347771619099696, 11.313584437427336, 7.280440677972492, 7.340747883258276, 12.0705483106611, 10.767228398530547, 11.073104817732055, 10.254831403164776, 18.206293545172947, 19.875954022975762, 24.0, 24.0, 21.321914452127423, 22.062098541452517, 23.200088297300887, 23.79560363638931], "test": [23.0, 23.0, 23.0, 23.0, 23.0, 23.0, 22.633333333333333, 22.466666666666665, 19.333333333333332, 13.4, 14.0, 15.033333333333333, 14.7, 16.1, 22.033333333333335, 19.7, 22.600000000000005, 21.933333333333334, 18.066666666666666, 20.7, 20.466666666666665, 23.333333333333332, 23.866666666666667, 24.0]}