{"day": 3, "month": 11, "station_id": 32, "predict": [27.957223516547888, 28.570951277237242, 29.498644256423475, 29.479880361675512, 29.998020959483025, 29.992401195232055, 29.358252480529547, 24.326348294316958, 19.263019883102103, 0.0, 0.0, 0.0, 7.721503432532115, 9.085099874149222, 5.124376021578614, 7.020684866705344, 9.495276711291591, 16.908305901019965, 32.697706120748805, 39.479402410886536, 25.16251807624853, 24.553023241838662, 25.353172574840954, 26.44746840098518], "test": [29.433333333333334, 30.0, 30.0, 30.0, 30.0, 29.9, 29.433333333333334, 28.966666666666665, 18.966666666666665, 1.833333333333333, 0.5666666666666667, 0.9, 1.766666666666667, 7.333333333333333, 8.4, 6.833333333333334, 9.466666666666667, 12.333333333333334, 22.3, 22.900000000000002, 21.53333333333334, 23.5, 25.166666666666668, 27.03333333333333]}