{"day": 3, "month": 3, "station_id": 192, "predict": [16.0, 16.0, 16.0, 16.0, 16.0, 16.0, 16.0, 16.0, 13.001590526983108, 8.384841973981024, 5.953645972019656, 5.207108071897063, 4.091855466685595, 4.3308374998505546, 5.263362085542081, 6.233839065500178, 11.650890464341105, 12.195997160573162, 14.420923087908829, 11.982613573484304, 10.272094809931215, 11.821191430869803, 13.606278448370862, 14.035043036648315], "test": [15.5, 15.0, 15.866666666666667, 16.0, 16.0, 16.0, 15.133333333333333, 15.2, 13.066666666666666, 6.033333333333333, 5.0, 5.433333333333334, 6.5, 10.633333333333333, 13.266666666666667, 14.0, 14.333333333333334, 15.966666666666667, 13.966666666666667, 10.366666666666667, 10.633333333333333, 8.966666666666667, 10.933333333333334, 11.966666666666667]}