{"day": 4, "month": 4, "station_id": 107, "predict": [3.8661158688630017, 4.1451490911402455, 4.504829626146988, 4.724950391602123, 4.342697570628856, 4.630351551260484, 6.336900269023978, 9.277653027311706, 9.738782760124858, 7.3861045820493345, 9.369680014822194, 9.902891939542542, 8.643905972637407, 8.977909207051495, 8.506351696329506, 8.285082891118192, 14.834411523477563, 15.575519855154585, 15.002254771834059, 15.33545895120004, 15.81304595951564, 14.867257760071395, 13.054308193400008, 12.089485431658371], "test": [4.0, 4.0, 4.0, 4.0, 4.0, 4.0, 5.466666666666667, 6.7, 10.26666666666667, 9.5, 10.5, 11.433333333333334, 14.966666666666665, 14.466666666666669, 14.0, 14.133333333333333, 16.133333333333333, 18.3, 14.666666666666666, 13.533333333333333, 12.733333333333333, 14.7, 12.8, 11.066666666666666]}