{"day": 3, "month": 2, "station_id": 213, "predict": [6.504694065209641, 7.247331621080533, 7.792306560735461, 8.892553363699434, 6.408575050963513, 6.920576339220746, 7.066658241214285, 7.252691759423608, 4.3426078768224485, 0.0, 0.0, 0.0, 8.979454359660089, 12.618241222305986, 13.216862776525879, 13.875505296410447, 7.6804465180131505, 6.1155618139661145, 7.927904684814193, 8.23137069524669, 12.052353535242819, 13.875075541306645, 14.29231940251071, 14.434119775316478], "test": [5.0, 5.0, 5.0, 5.799999999999999, 5.999999999999998, 5.999999999999998, 5.900000000000001, 4.566666666666668, 3.7666666666666666, 1.0333333333333332, 1.4999999999999996, 5.633333333333334, 7.366666666666665, 9.133333333333333, 5.933333333333334, 8.366666666666667, 11.366666666666667, 12.033333333333333, 9.933333333333334, 11.033333333333333, 13.633333333333333, 14.0, 14.0, 14.0]}