{"day": 3, "month": 10, "station_id": 331, "predict": [29.868394152055302, 29.686509898541185, 29.527722082977586, 29.29420920964483, 28.925125130977225, 28.51201126897852, 26.781606757649286, 23.134532674178125, 9.385869743882944, 1.7545042470355088, 0.4360449826190473, 0.9013549242017044, 6.019577971442712, 6.318713711075897, 5.351474826092161, 5.498816836925173, 3.294834332921012, 12.651865176633791, 20.422392869322, 22.84643847683943, 21.738598065717362, 23.863210298646244, 24.406746144456022, 23.603770298749758], "test": [30.0, 29.266666666666666, 29.0, 29.0, 29.0, 29.0, 27.5, 23.7, 9.533333333333333, 4.466666666666667, 3.9000000000000004, 2.566666666666667, 2.1333333333333333, 3.6666666666666665, 4.0, 2.2, 5.433333333333334, 13.133333333333333, 17.333333333333332, 18.6, 25.533333333333335, 29.8, 28.766666666666666, 27.466666666666665]}