{"day": 0, "month": 7, "station_id": 55, "predict": [32.23131239158663, 31.881026197711442, 31.678694660330393, 31.263749657538185, 32.25418981878904, 31.037991905716506, 28.762279309485923, 28.848831100725278, 27.168581696285223, 9.110107703740152, 2.978854643218886, 5.627205311003729, 10.587226432932216, 11.62578416560689, 9.228056213027962, 8.556008942358986, 14.527015143670676, 9.561698680098557, 18.299287738850644, 32.66426778047165, 33.0, 33.0, 33.0, 32.90138882828698], "test": [33.0, 33.0, 33.0, 33.0, 33.0, 32.56666666666667, 32.3, 30.3, 25.333333333333332, 4.733333333333333, 1.4333333333333333, 7.0, 10.933333333333334, 13.566666666666666, 15.5, 16.633333333333333, 13.0, 8.146666666666668, 18.493333333333332, 32.233333333333334, 32.53333333333333, 32.7, 33.0, 33.0]}