{"day": 5, "month": 4, "station_id": 541, "predict": [26.21486385819997, 26.60501300114777, 27.264783535537628, 27.36971651682488, 27.576917129780803, 27.779376983387102, 27.299757666912758, 26.75146900579861, 24.38997024453437, 21.534003976765074, 18.59751575517914, 17.33095241689245, 16.23009909276056, 17.68555761105681, 14.073195104224332, 14.938049792890647, 15.907807351381074, 14.822053460028672, 13.364586126060173, 15.170030892250995, 11.922623244454012, 17.68661228053755, 16.460610126712368, 17.478178878717156], "test": [25.633333333333333, 27.0, 27.7, 28.0, 26.0, 26.0, 25.366666666666667, 24.2, 24.0, 24.233333333333334, 24.0, 20.733333333333334, 21.033333333333335, 19.266666666666666, 13.733333333333333, 12.866666666666667, 10.666666666666666, 7.200000000000001, 9.933333333333334, 9.266666666666667, 6.433333333333334, 2.899999999999999, 2.766666666666666, 5.166666666666667]}