{"day": 2, "month": 9, "station_id": 95, "predict": [14.727000976431032, 14.569922654394299, 14.798102813827368, 14.93312378877743, 15.0, 14.893316021046928, 14.269139129820061, 13.119401134210177, 12.5327989216172, 7.321388948714425, 4.746797393195162, 8.563693865292318, 1.3330052193261759, 1.9067512965271423, 4.0290308468454965, 4.649069749568712, 2.5911902584432824, 8.695870698200213, 12.428086016597323, 13.807826800897868, 13.4294576260424, 14.668156292597141, 14.59056617693418, 14.360910829614351], "test": [15.0, 15.0, 15.0, 15.0, 15.0, 15.0, 14.233333333333333, 13.8, 13.5, 7.1, 1.3666666666666667, 0.3333333333333338, 0.9333333333333336, 2.0, 2.9, 1.3666666666666663, 0.7000000000000004, 3.9333333333333327, 10.133333333333333, 14.066666666666666, 13.8, 14.633333333333333, 14.766666666666667, 13.866666666666667]}