{"day": 3, "month": 11, "station_id": 95, "predict": [14.866613215155631, 15.0, 14.82052278691447, 14.498152482559155, 13.54760897592909, 13.11856523954957, 11.879674226895597, 11.622359067436319, 11.246042315685283, 6.163428852789778, 4.213357054143715, 4.279280035409076, 4.948858104670283, 5.7109261800355915, 6.115240834059064, 7.541904021826994, 8.425587983022641, 11.63469876931698, 11.033549166228564, 10.287150816296045, 10.215260833082267, 12.902180997059933, 12.578076508940477, 13.15781601517826], "test": [13.733333333333333, 14.0, 14.0, 14.0, 14.0, 14.0, 13.933333333333334, 14.6, 7.800000000000001, 3.3666666666666667, 0.06666666666666668, 2.7666666666666666, 5.033333333333333, 5.3, 8.566666666666666, 8.833333333333334, 10.766666666666667, 10.4, 6.7, 7.4, 11.5, 13.9, 14.0, 13.6]}