{"day": 3, "month": 4, "station_id": 193, "predict": [50.57523313478759, 50.61077657626066, 50.25857181664949, 50.090755924030745, 51.63846170178209, 51.77462145179428, 51.934363308607196, 50.46153484117206, 45.36212581826922, 26.191733122339038, 12.254407473731208, 7.778683685601768, 2.989075760559583, 5.897414557956125, 4.286103681864336, 6.391550330681585, 22.85515206669209, 29.20724174062937, 44.87173856251352, 50.60983104783234, 51.903685979812025, 52.918923599912475, 54.650162785240596, 54.045097290776056], "test": [52.0, 52.0, 52.0, 52.0, 52.0, 52.0, 52.166666666666664, 55.1, 45.733333333333334, 8.999999999999998, 0.10000000000000064, 0.4000000000000001, 3.1333333333333337, 16.6, 21.5, 15.966666666666669, 10.033333333333333, 19.466666666666665, 39.1, 51.766666666666666, 54.93333333333333, 49.766666666666666, 49.0, 50.233333333333334]}