{"day": 5, "month": 11, "station_id": 116, "predict": [16.001314965211698, 17.713693356136634, 17.97236405417774, 18.388683822875976, 19.549826891165488, 19.406206586349384, 19.233539018993977, 19.10299940452506, 15.497344488740719, 14.45672784963672, 12.285028408295936, 10.357197300458774, 12.398133674456655, 6.978716793595809, 7.579468344984839, 9.214656751234955, 0.0, 0.0, 0.7965021372251463, 2.2088006747322186, 2.7988760327719513, 2.9263116801386357, 4.157687051281752, 5.433034675852639], "test": [17.4, 17.1, 18.0, 18.766666666666666, 18.866666666666667, 18.0, 18.0, 17.0, 16.0, 15.899999999999999, 16.233333333333334, 16.733333333333334, 9.166666666666666, 4.3, 0.36666666666666653, 1.2333333333333336, 1.3666666666666667, 8.533333333333333, 7.1, 5.533333333333333, 5.433333333333334, 4.0, 3.6333333333333333, 2.2]}