{"day": 6, "month": 11, "station_id": 361, "predict": [49.86011693552602, 45.40241925461203, 41.70648605787124, 38.81690598072784, 50.27517522203488, 46.75932170230333, 43.79466938892619, 41.23491059401228, 42.574343988182555, 29.836334974670706, 26.200120840901498, 22.762748119866256, 31.636076310878405, 28.6434540346311, 26.3214873733399, 24.69188195940156, 29.39775730559071, 26.121845011095083, 25.333966911992803, 20.491189401343064, 17.84720498683154, 15.983034564029953, 12.18759576686833, 9.776409977057309], "test": [55.00000000000001, 55.00000000000001, 55.00000000000001, 55.00000000000001, 55.00000000000001, 55.00000000000001, 55.00000000000001, 52.86666666666667, 37.0, 37.0, 36.93333333333333, 35.4, 37.53333333333333, 39.0, 39.0, 32.86666666666667, 21.0, 21.6, 23.3, 25.0, 25.533333333333335, 24.999999999999996, 20.266666666666666, 20.8]}