{"day": 1, "month": 10, "station_id": 228, "predict": [40.0, 40.0, 40.0, 40.0, 40.0, 38.995841439434436, 38.39204470277245, 31.734049913221533, 18.110763720674793, 6.459562506438276, 8.4894084473715, 8.18267367905536, 11.872915155476589, 10.214537653072554, 10.703196886879422, 10.62526201003986, 10.46073955421759, 21.20029366564919, 33.57200619798247, 37.957849972343745, 40.0, 40.0, 40.0, 40.0], "test": [40.0, 40.0, 40.0, 40.0, 39.46666666666667, 38.13333333333333, 36.233333333333334, 29.5, 5.4, 7.0, 3.933333333333333, 11.466666666666667, 11.033333333333333, 9.166666666666666, 5.133333333333335, 6.433333333333334, 8.666666666666666, 21.833333333333332, 34.0, 38.733333333333334, 38.766666666666666, 39.63333333333333, 36.666666666666664, 37.766666666666666]}