{"day": 5, "month": 3, "station_id": 251, "predict": [18.31427061356661, 20.266610080610228, 22.786368775341177, 23.23288803202527, 25.045818169571163, 23.948151376744743, 21.89583273347022, 20.572923212125982, 23.37065595672408, 21.581977240769508, 18.20979695225917, 19.627460940513824, 20.727270503814903, 17.9068497787384, 16.883958699290393, 19.84089130549251, 4.645772994954481, 11.31929067839107, 17.016660000578888, 17.75303960622069, 20.744705423011766, 20.279645091946893, 23.005440961600463, 23.596560252052853], "test": [17.0, 16.5, 20.9, 26.0, 26.199999999999996, 27.0, 26.566666666666666, 25.633333333333333, 25.3, 26.8, 24.3, 18.366666666666667, 8.3, 2.4333333333333322, 2.6, 0.7333333333333326, 0.5000000000000001, 4.533333333333332, 19.033333333333335, 21.0, 21.866666666666667, 21.0, 21.566666666666666, 22.366666666666667]}