{"day": 1, "month": 12, "station_id": 340, "predict": [10.502164331170022, 11.010872908459152, 11.421868833906366, 11.803954523239643, 9.588231400320819, 10.145908113381381, 8.978232418033489, 1.0228881178512337, 5.875248830495212, 5.241714346359249, 3.3979784927435595, 4.852327929169881, 8.374064264954765, 10.044486765195838, 11.085784333531015, 11.450467235504401, 5.033011171968461, 6.612829682442502, 9.409332693979318, 9.980106073719341, 13.232427430725291, 13.072671514162947, 14.241298858854034, 14.328348027625326], "test": [8.0, 8.7, 9.0, 9.0, 9.0, 9.0, 8.0, 8.0, 8.0, 8.0, 8.333333333333334, 7.666666666666667, 5.1, 7.533333333333333, 2.2, 4.2, 5.3, 15.5, 14.9, 11.733333333333333, 10.966666666666667, 13.5, 15.266666666666667, 16.0]}