{"day": 1, "month": 4, "station_id": 159, "predict": [36.475688979009995, 36.30626106684499, 36.42337056713275, 36.308512528953834, 38.160787934455136, 38.193227451027674, 37.88936952014724, 36.1603130889728, 23.505263601155853, 9.313990472994977, 0.6999308177174187, 9.332365829894682, 1.7846079559923427, 4.6186510674737296, 5.211010696828005, 5.920671904650146, 2.512146201074632, 9.444057964302507, 23.13848433849245, 30.218858533181166, 35.67326686558541, 35.28337757546595, 36.65166623680696, 37.31335950670368], "test": [37.0, 37.333333333333336, 38.0, 38.0, 38.0, 38.0, 37.5, 28.466666666666665, 21.966666666666665, 8.333333333333334, 0.6333333333333333, 0.43333333333333396, 0.7999999999999994, 0.3333333333333343, 1.4333333333333327, 0.7999999999999994, 5.566666666666666, 13.766666666666667, 25.933333333333334, 35.2, 37.4, 38.0, 38.0, 37.36666666666667]}