{"day": 5, "month": 9, "station_id": 66, "predict": [37.24323105627533, 38.92456395398681, 36.53858368153275, 37.632764403006156, 37.886265676123, 37.50200797414079, 37.30834527066591, 37.16068806338887, 31.79795380016893, 29.74674502840567, 27.04621476723097, 24.39558904610805, 25.438724896958085, 24.444282683913215, 27.17213468678134, 27.618060409167406, 32.188463126202464, 34.17609381105259, 34.170772050110216, 32.853016157083744, 33.77958713585333, 32.368103187714176, 32.689619923627276, 33.63778271282163], "test": [34.96666666666667, 35.86666666666667, 38.0, 37.93333333333333, 38.0, 38.0, 38.0, 38.233333333333334, 36.86666666666667, 36.53333333333333, 30.8, 26.833333333333332, 25.53333333333334, 29.733333333333334, 29.233333333333334, 29.4, 30.6, 33.46666666666667, 37.63333333333333, 35.13333333333333, 34.3, 37.13333333333333, 38.0, 35.833333333333336]}