{"day": 0, "month": 2, "station_id": 194, "predict": [46.62812391215802, 51.208519137797246, 50.76847220997665, 50.20371473317721, 53.14855012350868, 53.31168802270624, 53.22606053103857, 53.17443613576847, 44.23970505543329, 34.50174848286887, 27.98043593557581, 28.840107299040028, 41.675191522193295, 37.651653745149396, 35.343319569298856, 41.13062646581354, 48.887040785592774, 44.573316338966244, 40.803051601569024, 47.0252604125139, 45.63420508625555, 47.41682631670349, 48.79624700825165, 50.24098026750422], "test": [49.0, 49.0, 49.0, 49.0, 49.0, 48.86666666666667, 48.0, 47.6, 48.233333333333334, 45.6, 40.53333333333333, 43.266666666666666, 48.6, 45.233333333333334, 44.63333333333333, 44.0, 47.9, 48.5, 43.766666666666666, 42.63333333333333, 43.53333333333333, 44.1, 45.86666666666667, 48.0]}