{"day": 6, "month": 8, "station_id": 101, "predict": [12.135193793249353, 13.179521392945427, 14.014816379543682, 14.834191548787604, 12.753813547743146, 13.015387686820043, 13.65166758957715, 14.167645525846439, 12.974580938801228, 13.985997394625974, 13.437168846289888, 13.47040134370906, 9.705054779997669, 9.694099591788733, 11.204911249348498, 11.610135152943261, 10.42187798504077, 12.945684542350534, 14.114818742727623, 14.871549510695345, 11.995927843853343, 13.159417072656687, 14.191866226161203, 15.960221230795526], "test": [11.466666666666667, 13.266666666666666, 14.0, 12.133333333333333, 12.0, 12.0, 12.0, 12.0, 12.0, 11.4, 10.933333333333334, 8.9, 9.0, 9.733333333333333, 10.0, 10.0, 10.0, 10.0, 9.999999999999998, 10.4, 10.0, 10.9, 11.0, 11.0]}