{"day": 0, "month": 9, "station_id": 116, "predict": [19.095547989264016, 19.203047780559853, 19.089788454373785, 19.2584356726279, 18.031252480055635, 17.24262301306197, 17.005215844197494, 14.35486326798447, 5.937102133639597, 2.8513670200848025, 4.790824444826886, 1.3470691892305606, 7.3011251221144455, 5.7044584534864295, 7.364377632672211, 8.611618092546049, 7.743225997543665, 16.593796855664674, 19.36363778188634, 20.151679822204482, 21.0, 21.0, 21.0, 21.0], "test": [20.0, 20.0, 19.533333333333335, 18.0, 17.866666666666667, 17.0, 16.666666666666668, 15.600000000000001, 10.333333333333334, 0.033333333333333215, 5.800000000000001, 6.633333333333335, 2.6333333333333333, 2.6666666666666665, 4.9, 3.6333333333333333, 4.066666666666666, 12.1, 19.7, 20.866666666666667, 20.433333333333334, 21.0, 21.0, 20.9]}