{"day": 0, "month": 12, "station_id": 107, "predict": [15.127455083148341, 14.377429077840864, 13.713577244990942, 13.829318323194801, 16.61464460373154, 16.22070220362973, 16.20233617495437, 18.003268421394306, 20.0, 19.76836382236903, 17.80034863189357, 17.836749340257747, 18.250097816521375, 16.030341960639987, 17.19785228372382, 17.42189975337597, 11.115534057643524, 12.019680211975363, 11.96449066875093, 9.050475717673208, 8.85614892787274, 10.108947407836693, 8.868649224941054, 8.75623266456529], "test": [15.0, 16.666666666666668, 16.1, 17.0, 17.333333333333332, 18.0, 18.0, 19.1, 19.633333333333333, 18.7, 18.733333333333334, 18.933333333333334, 14.73333333333333, 11.566666666666666, 13.3, 12.1, 12.933333333333334, 10.666666666666666, 8.566666666666666, 8.466666666666667, 9.333333333333334, 13.100000000000001, 13.666666666666668, 13.0]}