{"day": 5, "month": 11, "station_id": 564, "predict": [6.739331512733382, 7.2461350238039985, 7.9016187426221665, 9.00612200745809, 8.159734970535547, 8.456840811357498, 8.880185309101027, 9.495186160459289, 16.745286831852386, 17.976227691092106, 18.33026355052699, 16.10540751775184, 24.308754659986498, 26.795318501507715, 28.30089762574903, 24.25900534862334, 12.035496207928967, 11.403961880606284, 11.853597024657716, 10.657861903149861, 11.03621962764249, 11.386714355551899, 11.849095215285205, 13.595174576041261], "test": [6.0, 5.9, 6.133333333333334, 7.000000000000001, 7.933333333333334, 8.0, 8.0, 13.866666666666665, 24.0, 23.966666666666665, 22.833333333333332, 24.86666666666667, 22.033333333333335, 20.5, 17.8, 15.666666666666666, 15.366666666666667, 13.333333333333332, 13.166666666666666, 11.900000000000002, 12.633333333333333, 14.533333333333335, 18.7, 21.0]}