{"day": 5, "month": 7, "station_id": 340, "predict": [15.961004785206619, 15.586069666309456, 15.288346155927556, 15.221914698800866, 15.890871822537628, 15.60972206757449, 14.617620229407608, 14.406335318677375, 16.0, 15.552523827005048, 13.91024065021193, 12.481093223983432, 10.748784752554663, 12.42571538750119, 13.679160149197983, 14.413784661602417, 10.394298484720952, 10.396070214147556, 12.397893534647489, 13.141065460867548, 9.140905881597313, 10.5507423332791, 12.03760431487611, 12.839670261829006], "test": [15.633333333333333, 16.0, 16.0, 16.0, 16.0, 16.0, 16.0, 15.433333333333334, 14.633333333333333, 14.133333333333333, 14.766666666666667, 11.533333333333333, 11.7, 12.866666666666667, 14.1, 8.0, 10.666666666666668, 9.958333333333334, 6.066666666666666, 6.9, 7.7, 8.833333333333334, 10.0, 10.933333333333334]}