{"day": 4, "month": 1, "station_id": 194, "predict": [39.94667560478713, 42.695543934093706, 44.051009303905296, 45.45740724597103, 46.197709419428996, 46.26860507971794, 45.89118004828222, 46.670472032775756, 48.90264677627164, 37.75687943116655, 27.618768181841475, 24.942893699045264, 31.603072547481943, 29.580143586281128, 27.594686143274394, 27.781583999257133, 23.07156091319997, 18.74483235021362, 15.675032908855146, 21.79914156685461, 15.075733828367072, 21.74983761623607, 24.01634383908136, 28.517774362695505], "test": [42.9, 46.03333333333333, 46.266666666666666, 46.0, 45.46666666666667, 45.0, 45.233333333333334, 47.53333333333333, 51.1, 46.666666666666664, 42.06666666666667, 34.03333333333333, 26.6, 22.433333333333334, 21.566666666666666, 22.933333333333334, 28.766666666666666, 26.766666666666666, 18.266666666666666, 13.633333333333333, 8.399999999999999, 10.100000000000001, 10.433333333333334, 23.166666666666668]}