{"day": 4, "month": 10, "station_id": 374, "predict": [3.1716814629030656, 11.209013293275959, 13.241393993727309, 13.941980189721583, 0.0, 0.0, 3.48061954067404, 14.721737432760579, 3.6012364482344594, 4.1729965794533666, 14.045682302828988, 24.718019510336184, 11.618939748720198, 13.54921400471728, 11.998977482110615, 15.971047237888062, 21.48173985856006, 15.699607982382316, 12.612868442091106, 9.583024767912521, 16.554321752876664, 17.20529394265318, 13.219746679122373, 9.495873764946092], "test": [1.2666666666666666, 1.0000000000000004, 1.0000000000000004, 0.566666666666666, 0.0, 0.0, 0.7999999999999992, 5.233333333333333, 1.133333333333334, 1.7666666666666677, 2.9000000000000017, 9.833333333333332, 25.0, 23.766666666666666, 22.233333333333334, 22.966666666666665, 30.800000000000004, 17.3, 9.4, 8.566666666666666, 2.3666666666666654, 0.7000000000000015, 1.2333333333333336, 0.46666666666666634]}