{"day": 3, "month": 8, "station_id": 95, "predict": [14.356037550239249, 14.047957953730782, 13.711066160171242, 12.985316323536056, 14.632454192891606, 14.148491990485708, 13.089416135429364, 12.249828434899252, 11.622672289457864, 7.0794160180746495, 4.157000327398248, 4.3715228828229415, 7.922104800432206, 8.124625099668508, 8.081119777541755, 6.6668689613704775, 10.012451714336345, 13.853450347413059, 15.0, 15.0, 12.877133590186, 13.36457182346384, 13.782677127770219, 13.704544836251147], "test": [15.0, 15.0, 15.0, 15.0, 15.0, 15.0, 14.733333333333333, 13.733333333333333, 13.0, 9.566666666666666, 7.0, 9.633333333333333, 8.033333333333333, 8.966666666666667, 9.966666666666667, 12.633333333333333, 9.666666666666666, 6.8, 4.6, 12.2, 13.566666666666666, 13.966666666666667, 13.333333333333334, 12.5]}