{"day": 6, "month": 1, "station_id": 541, "predict": [21.291586041990676, 19.85567830096847, 19.064394743464586, 18.15424943036188, 22.82285104305205, 21.1125842332923, 19.93443230414119, 19.329585979971966, 23.414144430063686, 22.115323426938247, 20.903303974610854, 20.32506982847019, 23.416362482940418, 24.15616262633737, 22.460157057154998, 23.983444416807004, 24.57867338434576, 21.75364352925039, 24.451221471342045, 25.7337821817208, 22.802562306346694, 24.266547570923205, 26.84266660528147, 27.86342994709545], "test": [21.533333333333335, 23.8, 24.333333333333332, 25.0, 25.0, 25.0, 25.0, 25.0, 25.433333333333334, 26.066666666666666, 25.9, 23.866666666666667, 24.666666666666668, 24.466666666666665, 25.666666666666668, 25.733333333333334, 24.4, 23.9, 18.933333333333334, 20.8, 20.766666666666666, 19.4, 22.233333333333334, 23.0]}