{"day": 4, "month": 3, "station_id": 66, "predict": [34.85451116668643, 35.96220627293391, 36.70326230702303, 36.96856398117812, 37.33393854496007, 37.48683129923758, 36.099727377253984, 33.17982192424904, 24.23916544887819, 18.724334617766676, 13.873895997880673, 14.225168057560094, 31.649517346648366, 20.835901810082138, 20.993877390353365, 20.297971375603257, 27.88915126577877, 31.50087295873771, 34.16934939835847, 35.74358067997803, 30.815332416179068, 30.505603702504995, 32.07318893340572, 33.14217566785811], "test": [33.0, 35.166666666666664, 37.0, 37.13333333333333, 34.7, 22.800000000000004, 23.0, 23.0, 22.43333333333333, 30.0, 31.8, 31.66666666666667, 31.633333333333333, 15.08, 30.5, 30.633333333333333, 30.0, 30.0, 30.0, 29.833333333333336, 29.0, 29.366666666666667, 30.1, 31.0]}