{"day": 4, "month": 6, "station_id": 427, "predict": [40.182641914794026, 40.95814279559145, 41.302270669462054, 41.51801220566435, 41.71939720218353, 40.80281598483903, 38.470778632068246, 21.872856756147822, 14.516246611588237, 6.264653644314972, 4.008138207952001, 10.685331465388261, 10.0827441697258, 7.032770964352743, 9.975378147679251, 12.54879895883146, 18.21402837487349, 34.249978351296086, 42.588175315704675, 43.0, 35.61612744143009, 39.40849526711312, 39.58524657137982, 39.56323309881289], "test": [41.733333333333334, 42.0, 42.0, 41.9, 41.833333333333336, 40.53333333333333, 38.166666666666664, 33.13333333333333, 8.8, 4.833333333333333, 1.6333333333333333, 11.266666666666667, 9.533333333333333, 5.1, 16.733333333333334, 19.966666666666665, 21.633333333333333, 39.63333333333333, 42.53333333333333, 41.9, 41.2, 40.8, 42.0, 41.93333333333333]}