{"day": 4, "month": 1, "station_id": 64, "predict": [22.521364760943595, 21.870682192668575, 21.029896189352137, 20.76383343416279, 22.04979548815677, 21.66040218563667, 20.42537708666671, 18.886603721224983, 17.870691984623935, 12.938892429244225, 11.859336335010106, 8.84232270710914, 12.759532546420493, 13.793366233084086, 14.807487794772104, 15.23235433899241, 10.72761997416762, 8.627310690786146, 2.502054106868008, 6.4065663134203765, 1.614999726514528, 7.782317888899246, 11.47724947568978, 19.536011507335537], "test": [23.633333333333333, 25.0, 25.0, 25.0, 25.0, 25.0, 24.233333333333334, 20.866666666666667, 22.7, 18.266666666666666, 18.766666666666666, 17.266666666666666, 10.9, 10.333333333333334, 13.166666666666666, 10.5, 16.5, 5.7, 1.3000000000000005, 0.8000000000000007, 4.6, 16.0, 16.2, 17.866666666666667]}