{"day": 1, "month": 7, "station_id": 340, "predict": [14.518669854238848, 14.700408821763169, 14.831627609130376, 14.973540899702673, 13.761085913895695, 13.707965417674899, 11.588878949513088, 1.9134455116298732, 1.920096096257288, 0.7709841541910987, 1.2268071689973814, 3.0255186125394804, 4.049934232995171, 4.204808749777903, 2.1282519588126165, 2.1204681604166304, 4.336670639644831, 11.535643849873345, 14.186010496157062, 14.688527917077087, 14.679594491195589, 15.109721239171861, 15.056339700578478, 15.227179318804719], "test": [14.0, 14.0, 14.0, 13.433333333333334, 14.866666666666667, 15.0, 13.566666666666666, 4.653333333333333, 0.33333333333333326, 0.36666666666666664, 0.2333333333333334, 2.1666666666666665, 1.1333333333333333, 5.0, 5.2, 0.8, 4.0, 12.9, 14.533333333333333, 14.266666666666667, 15.0, 14.866666666666667, 15.033333333333333, 14.6]}