{"day": 1, "month": 6, "station_id": 251, "predict": [29.33989709818645, 30.220218708326858, 31.158273803103864, 31.40528955334839, 28.35516812439458, 27.94253470697933, 26.00788547985613, 13.814185751117746, 10.045689772785305, 7.583816413308233, 7.541917736844197, 8.740366356992546, 27.01215679097453, 25.198644937464394, 22.35183292477815, 20.223158769218468, 21.73259504682423, 26.934569904599922, 28.132694847326853, 33.949461941709814, 14.907991147577171, 17.149872158302596, 19.046813748313667, 21.688241147341046], "test": [27.733333333333334, 26.533333333333335, 28.0, 28.0, 28.0, 26.933333333333334, 23.833333333333332, 11.333333333333334, 14.3, 20.7, 24.2, 25.766666666666666, 25.1, 24.166666666666668, 25.3, 23.233333333333334, 22.3, 15.633333333333333, 13.166666666666664, 9.7, 30.033333333333335, 31.5, 31.633333333333333, 31.833333333333332]}