{"day": 2, "month": 7, "station_id": 229, "predict": [23.197279252732855, 23.404992914296223, 23.599113185885983, 23.778962580876634, 23.944445334696937, 24.0, 24.0, 24.0, 24.0, 24.0, 24.0, 24.0, 24.0, 24.0, 24.0, 24.0, 24.0, 24.0, 24.0, 24.0, 24.0, 24.0, 24.0, 24.0, 22.24034131069274, 22.360275560072907, 22.481009326841246, 22.597531389521173, 22.704355243562166, 22.795650846839944, 22.86539020044696, 22.907502785847882, 22.91603654606542, 22.885319889958147, 22.81012012205681, 22.685793759277907, 22.508424390808777, 22.274944057212338, 21.98323457069223, 21.632205744722178, 21.221848144066993, 20.753258681282425, 20.228638147584057, 19.651260562815683, 19.025415029835816, 18.356321562824093, 17.65002309485879, 16.91325655524659, 14.165855478943925, 13.273215477504973, 12.37426109473435, 11.477489773266075, 10.591198360973616, 9.723305637721067, 8.881186501458876, 8.071522234308102, 7.300170809318091, 6.572060606495935, 5.891110214910124, 5.260176255733596, 4.681030332025821, 4.154365378529619, 3.679830838444288, 3.2560952683481514, 2.8809341871591894, 2.551340280239856, 2.2636524421892856, 2.013699621942856, 1.796955045222011, 1.6086961207504444, 1.4441652183932008, 1.298726527522383, 2.0797337233100452, 1.9765300895053275, 1.8782753000923698, 1.7819996087331293, 1.6854763993565842, 1.5872747599104646, 1.4867846372656415, 1.384214142416951, 1.2805594256349455, 1.177548373793314, 1.0775601697313426, 0.9835234779328784, 0.8987966550685574, 0.8270339116465442, 0.7720417580244582, 0.7376303378342954, 0.7274643842525442, 0.744918518033403, 0.79294144783565, 0.873933336022886, 0.9896401674387467, 1.1410684150287587, 1.3284226595445388, 1.5510680971451185, 6.228658426977757, 6.672522082660725, 7.144867827843797, 7.641524384306598, 8.157722323257422, 8.688207114521308, 9.227367485494657, 9.769375208114567, 10.308332075053317, 10.83841963112851, 11.354047132854049, 11.849993289393941, 12.321537523343643, 12.764576833384025, 13.175724784071983, 13.552389703001362, 13.892829816671648, 14.196183757788422, 14.462475647535367, 14.692594725444657, 14.88825028737693, 15.051903440115762, 15.18667788981115, 15.296252614114827, 18.16034065453794, 18.32199477541524, 18.471804674415186, 18.614362145095452, 18.754148610972717, 18.895398877978657, 19.041975197851823, 19.197255481357633, 19.364039034447742, 19.544472622639645, 19.73999901308185, 19.951329423472536, 20.17844054217493, 20.42059599821929, 20.676391382618334, 20.94382116822929, 21.220365181455033, 21.503091653505688, 21.788773349410402, 22.074012855289027, 22.35537280705143, 22.629506687653798, 22.893285788246754, 23.14391805474902], "test": [23.0, 23.0, 22.0, 18.8, 21.8, 22.0, 23.0, 23.0, 23.0, 22.2, 21.8, 22.0, 22.0, 22.0, 22.0, 22.0, 22.0, 22.0, 22.0, 22.0, 22.0, 22.0, 22.0, 22.0, 21.6, 21.8, 22.0, 22.0, 19.2, 17.4, 20.8, 22.0, 22.0, 22.0, 22.0, 22.0, 21.4, 21.0, 21.6, 21.4, 21.0, 21.0, 19.4, 17.8, 15.400000000000002, 13.4, 12.400000000000002, 11.6, 9.8, 10.4, 8.2, 5.2, 2.4, 1.2, 0.4, 0.4, 0.8, 1.0, 1.7999999999999998, 1.2, 0.0, 0.0, 0.0, 0.0, 0.0, 0.0, 0.0, 0.0, 0.4, 1.4, 2.0, 3.4, 2.2, 0.8, 0.0, 0.0, 0.0, 0.2, 0.6, 0.2, 0.0, 0.0, 0.4, 0.0, 0.6, 1.0, 0.2, 4.0, 4.0, 4.0, 5.0, 7.199999999999999, 7.0, 7.0, 7.4, 7.6, 8.2, 7.800000000000001, 7.800000000000001, 8.2, 9.4, 10.6, 10.4, 11.8, 14.599999999999998, 20.8, 23.6, 20.2, 16.2, 11.6, 11.0, 11.6, 14.599999999999998, 22.2, 21.4, 21.2, 23.0, 22.4, 21.4, 21.4, 22.6, 22.6, 23.0, 22.6, 22.8, 23.0, 23.0, 23.0, 23.0, 22.6, 22.0, 22.8, 23.0, 22.0, 23.0, 22.8, 22.2, 21.0, 21.4, 23.0, 23.0, 23.0, 23.0, 22.2]}