{"day": 5, "month": 4, "station_id": 116, "predict": [21.0, 21.0, 21.0, 21.0, 21.0, 21.0, 21.0, 21.0, 21.0, 21.0, 21.0, 21.0, 21.0, 21.0, 21.0, 21.0, 21.0, 21.0, 21.0, 21.0, 21.0, 21.0, 21.0, 21.0, 21.0, 21.0, 21.0, 21.0, 21.0, 21.0, 21.0, 21.0, 21.0, 21.0, 21.0, 21.0, 21.0, 21.0, 21.0, 21.0, 21.0, 21.0, 21.0, 21.0, 21.0, 21.0, 21.0, 20.414302469164138, 17.0677019938248, 16.301753469955298, 15.526196923466411, 14.751807455836284, 13.989416381597087, 13.24964568460966, 12.54264678121164, 11.877850958035827, 11.263738553464247, 10.70763343313835, 10.215528593722498, 9.79194785997674, 9.439847597075964, 9.160561221375797, 8.953788061999736, 8.817626846979131, 8.748652799340494, 8.742036074745574, 8.791698077160055, 8.890501096684288, 9.030465758272621, 9.203009971488413, 9.399202459807062, 9.610023542204647, 12.342807826471555, 12.532730799075958, 12.713348727628254, 12.878251910853244, 13.022046648133996, 13.14050002919931, 13.2306489960731, 13.290870696280084, 13.32091229307681, 13.321879594980539, 13.296185080258333, 13.247457082877595, 13.180413043654385, 13.100700775441421, 13.01471261998104, 12.92937814986948, 12.851941679549737, 12.789731269578786, 12.749926128156874, 12.739329328612943, 12.764152572518524, 12.829819334510034, 12.940792150969736, 13.100429066778997, 10.89986947788889, 11.112354112011904, 11.377525405737543, 11.693427324959268, 12.0567929862504, 12.46312954627597, 12.906838568925062, 13.381368123571873, 13.879391929981784, 14.393010102676381, 14.913965419451973, 15.43386862737518, 15.944426056205787, 16.437662796229784, 16.906134868530184, 17.343124188599994, 17.742810691456373, 18.100416701935615, 18.412319516067587, 18.676129136483286, 18.890729187525046, 19.056280155391605, 19.17418525323452, 19.247020335669056, 16.72526776436832, 16.71782832974445, 16.681699553374283, 16.62235991361512, 16.545662308144106, 16.457643167906163, 16.364329370882334, 16.2715489884762, 16.184751726465354, 16.10884457477728, 16.048047656203988, 16.00577459371224, 15.984540908609503, 15.985903051421358, 16.010429679128098, 16.057705756385555, 16.12636901034476, 16.21417723930898, 16.3181039960437, 16.434459269420383, 16.559031001528886, 16.687242624152887, 16.814321297773205, 16.935471210359026], "test": [19.0, 19.0, 19.0, 19.0, 19.0, 20.0, 20.0, 20.0, 20.0, 20.0, 20.0, 20.0, 20.8, 21.0, 21.0, 21.0, 21.0, 21.0, 21.0, 21.0, 21.0, 21.0, 21.0, 21.0, 21.0, 21.0, 21.0, 21.0, 21.0, 21.0, 21.0, 21.0, 21.0, 21.0, 21.0, 21.0, 21.0, 21.0, 21.0, 21.0, 21.0, 21.0, 21.0, 21.0, 21.0, 21.0, 21.0, 21.0, 21.0, 21.0, 21.0, 21.0, 21.0, 21.0, 21.0, 21.0, 20.8, 20.0, 20.0, 20.0, 20.4, 21.0, 21.0, 21.0, 21.0, 19.0, 19.0, 18.2, 18.0, 18.0, 18.0, 15.0, 13.8, 13.0, 13.8, 17.0, 17.0, 16.2, 15.400000000000002, 14.8, 9.4, 9.0, 8.2, 7.6, 7.2, 6.800000000000001, 7.0, 7.0, 7.0, 6.2, 6.0, 6.6, 9.2, 7.2, 6.2, 4.0, 7.2, 8.6, 8.4, 8.0, 8.0, 5.2, 4.0, 6.2, 5.0, 6.2, 7.2, 8.6, 8.6, 8.0, 8.6, 9.0, 9.0, 8.8, 9.8, 10.2, 10.4, 10.0, 11.0, 11.2, 12.0, 12.6, 13.0, 13.0, 11.2, 9.0, 5.6, 4.0, 4.0, 5.0, 5.0, 5.0, 5.0, 5.4, 6.0, 6.0, 6.0, 6.0, 6.0, 6.0, 6.0, 5.6, 5.800000000000001, 5.0]}