{"day": 3, "month": 10, "station_id": 338, "predict": [19.293013322461167, 19.497993174099303, 19.67801473534598, 19.83230869247695, 19.960646125813227, 20.063363237200175, 20.141368236836314, 20.196129709215686, 20.22964635770863, 20.24439861106447, 20.243283158606154, 20.2295320353368, 20.206618393834557, 20.178151554605837, 20.1477643115983, 20.118995764522694, 20.095173155304277, 20.079296282068285, 20.07392806041121, 20.081094682832507, 20.102198611039473, 20.137947310851093, 20.188300232251425, 20.252436040406053, 17.428184770760666, 17.491574934815702, 17.56122518011069, 17.633173540189837, 17.702868599898423, 17.765267062810313, 17.814947816788013, 17.84623969814656, 17.85335972842942, 17.830558254527237, 17.772267184966918, 17.673247377794493, 17.528731211236554, 17.33455645675924, 17.087287773869747, 16.784322445456112, 16.423977379040394, 16.005554883663955, 15.529385289647676, 14.996845099554308, 14.410350011434662, 13.773322835743187, 13.090136997214088, 12.366036986834407, 11.395478364025873, 10.600131478385643, 9.785437292961545, 8.958744951470296, 8.127592896950965, 7.299555068496389, 6.4820873829403425, 5.682378420462356, 4.907208117851321, 4.162818017587132, 3.4547962945091437, 2.7879803616380436, 2.166379345340982, 1.5931181698205275, 1.070404383598272, 0.599518228635868, 0.18082580608347293, 0.0, 0.0, 0.0, 0.0, 0.0, 0.0, 0.0, 0.0, 0.0, 0.0, 0.0, 0.0, 0.0, 0.0, 0.0, 0.0, 0.0, 0.0, 0.0, 0.0, 0.0, 0.0, 0.0, 0.0, 0.0, 0.0, 0.0, 0.0, 0.0, 0.0, 0.11782420004839322, 3.149707725003169, 3.398677173070927, 3.674043044902711, 3.9755390667725137, 4.302381086925562, 4.653287948067964, 5.026518011372742, 5.419919866763588, 5.830995321504033, 6.256972397163206, 6.694885773326101, 7.141661909431344, 7.594205959936398, 8.049487583401865, 8.504622814783348, 8.956949333604635, 9.404092717153073, 9.844021583546606, 10.27508993025516, 10.696065412907423, 11.106142792116312, 11.504942279146736, 11.892493024799796, 12.269202493610875, 9.31754635688389, 9.583792415980847, 9.84400900824916, 10.09946103927108, 10.35142640850985, 10.601126598851085, 10.849659427882283, 11.097936409256349, 11.346627020831484, 11.596111953048894, 11.846447119079068, 12.097339844786692, 12.348138257968237, 12.597834446583605, 12.845081492122695, 13.088224008296665, 13.325341350888198, 13.55430221874445, 13.772828959015913, 13.978569536919276, 14.169174832376106, 14.34237871163245, 14.49607817598257, 14.628410842235708], "test": [22.0, 22.0, 22.0, 20.2, 20.0, 20.0, 18.2, 18.0, 18.0, 18.0, 18.0, 18.0, 18.0, 18.0, 18.0, 18.0, 18.2, 19.0, 19.0, 19.0, 19.0, 19.0, 19.0, 19.0, 19.0, 19.0, 19.0, 19.0, 19.0, 19.0, 19.0, 19.0, 19.0, 19.0, 19.0, 19.0, 19.0, 19.0, 19.0, 19.0, 19.0, 19.0, 17.2, 16.8, 15.8, 14.4, 13.399999999999999, 11.4, 11.0, 10.2, 10.2, 10.0, 7.4, 2.4, 1.0, 1.4, 0.0, 0.0, 0.0, 0.0, 0.0, 0.0, 0.0, 0.0, 0.0, 0.6, 0.8, 3.2, 3.2, 3.0, 3.8, 0.6, 0.0, 1.0, 1.2, 1.0, 0.4, 7.8, 10.0, 10.6, 10.2, 9.2, 8.2, 7.0, 3.6, 1.6, 3.0, 2.8, 1.4, 0.8, 0.2, 0.0, 0.0, 0.0, 0.0, 2.0, 2.6, 2.8, 3.2, 3.8, 4.0, 4.0, 2.8, 0.6, 0.4, 0.0, 1.2, 2.6, 3.0, 4.2, 4.8, 2.6, 3.4000000000000004, 3.0, 1.8, 0.4, 2.6, 3.0, 4.0, 4.0, 4.0, 4.8, 5.6, 5.0, 5.2, 6.4, 7.8, 8.4, 10.6, 10.6, 12.999999999999998, 12.999999999999998, 12.999999999999998, 12.999999999999998, 13.799999999999999, 13.399999999999999, 15.8, 16.0, 16.8, 17.0, 17.0, 17.0, 17.0, 18.2]}