{"day": 3, "month": 8, "station_id": 130, "predict": [24.0, 24.0, 24.0, 24.0, 24.0, 24.0, 24.0, 24.0, 24.0, 24.0, 24.0, 24.0, 24.0, 24.0, 24.0, 24.0, 24.0, 24.0, 24.0, 24.0, 24.0, 24.0, 24.0, 24.0, 24.0, 24.0, 24.0, 24.0, 24.0, 24.0, 24.0, 24.0, 24.0, 24.0, 24.0, 24.0, 24.0, 24.0, 24.0, 24.0, 23.802792887805513, 23.527005069497818, 23.200772157940897, 22.824066962173042, 22.398030396927098, 21.92497024997097, 21.408327054396956, 20.852607837937327, 16.174206985582835, 15.431177483722333, 14.668201999833457, 13.892912474195278, 13.113252340719562, 12.337282472158359, 11.572983352608016, 10.828059142800008, 10.10974927252456, 9.424652978201227, 8.778571831665634, 8.176374784458165, 7.62188958553096, 7.117823668344858, 6.6657167228195044, 6.265926246997503, 5.917646389620301, 5.618959420757339, 5.366918202700194, 5.157657120471771, 4.9865280944774115, 4.848257559656228, 4.7371196857739095, 4.647120638473982, 3.070321956577741, 3.0064598619372385, 2.9497054036337147, 2.8939245875572652, 2.833555511583701, 2.763769264146344, 2.6806061191512143, 2.5810831075208127, 2.4632699190421405, 2.3263310557172234, 2.1705331796777334, 1.997217653507421, 1.808739321365946, 1.6083735955501908, 1.400194863957024, 1.1889300913731602, 0.9797922274950523, 0.7782986283402358, 0.5900801407232565, 0.420686760139908, 0.27539586292795004, 0.1590289164047738, 0.07578229701311257, 0.02907740232408562, 5.468655687369452, 5.5675688552472895, 5.709097245604774, 5.893114295300478, 6.118339869857261, 6.38236137487092, 6.681689355958027, 7.011845843625551, 7.367482712098409, 7.742526421120061, 8.130344712391915, 8.523930187208062, 8.916095181610583, 9.29967204195258, 9.667712741801534, 10.013681829006275, 10.33163690438893, 10.616391229790992, 10.86365362464548, 11.070141509593665, 11.233663785661303, 11.353171163899127, 11.428772557666225, 11.461717183519301, 15.067062758857483, 15.087681110221306, 15.07828794171649, 15.043943337462494, 14.990244247280177, 14.923148459064038, 14.848789092561482, 14.77328531473977, 14.702555077166892, 14.642135589685, 14.597016989674522, 14.571494242645374, 14.569041728305727, 14.592214253779254, 14.642577407068904, 14.720669245631194, 14.82599433904754, 14.957050178804167, 15.111384962157512, 15.28568478465959, 15.475887364705883, 15.677318605415152, 15.884847591266858, 16.093055052868845], "test": [23.6, 24.0, 23.8, 23.8, 24.0, 24.0, 24.0, 24.0, 24.0, 24.0, 24.0, 24.0, 24.0, 24.0, 24.0, 24.0, 24.0, 24.0, 24.0, 24.0, 24.0, 24.0, 24.0, 24.0, 24.0, 24.0, 24.0, 24.0, 24.0, 24.0, 24.0, 24.0, 24.0, 24.0, 24.0, 24.0, 24.0, 24.0, 24.0, 24.0, 24.0, 23.2, 22.2, 23.0, 22.4, 22.4, 22.8, 23.0, 21.0, 20.4, 18.2, 18.4, 17.2, 12.8, 11.0, 10.6, 8.0, 5.6, 4.0, 2.2, 2.0, 2.2, 2.6, 2.2, 2.2, 1.6, 0.0, 0.0, 0.0, 0.0, 0.0, 0.8, 2.0, 3.5999999999999996, 4.2, 5.0, 0.8, 0.4, 0.0, 3.5999999999999996, 12.0, 12.0, 10.6, 7.6, 4.8, 6.200000000000001, 6.4, 2.2, 3.0, 4.2, 4.8, 4.0, 4.0, 3.0, 1.0, 0.0, 0.0, 0.0, 0.0, 0.0, 0.6, 6.6, 7.4, 6.4, 9.0, 7.4, 9.4, 11.6, 14.599999999999998, 15.400000000000002, 17.0, 18.6, 18.2, 18.2, 20.6, 19.4, 17.8, 16.2, 18.0, 18.0, 20.4, 22.0, 21.2, 20.8, 20.0, 21.0, 22.0, 21.6, 19.2, 20.8, 22.0, 22.0, 22.0, 20.4, 20.4, 21.0, 20.2, 17.8, 15.0, 15.0, 15.0, 15.0, 14.599999999999998, 13.0]}