{"day": 0, "month": 10, "station_id": 107, "predict": [15.596414903286517, 15.616188378276297, 15.648705235285762, 15.69379065556048, 15.750815788566987, 15.818741906882094, 15.896178998703952, 15.981456711844555, 16.0727051552983, 16.167942738568627, 16.265167992229, 16.362452177515987, 16.4580294557995, 16.55038146031405, 16.638313282906836, 16.721018158315278, 16.79812848396714, 16.869751251116384, 16.936486459033464, 16.999427634971056, 17.060144160167887, 17.120645696163677, 17.183329593083204, 17.250912726344332, 14.319369434569445, 14.353283195492413, 14.400734964384693, 14.464869955655095, 14.548670378483841, 14.654847290928409, 14.785737306169926, 14.94320752941779, 15.12857189408283, 15.342521758085399, 15.585073217248524, 15.855533116559602, 16.15248518759796, 16.473797152195075, 16.8166489982797, 17.17758200009767, 17.552567418355103, 17.937093210769532, 18.326266524575587, 18.714929237286878, 19.09778339772588, 19.46952307902485, 19.8249689374886, 20.0, 19.20261778745711, 19.439026191294065, 19.640550512614944, 19.804564607150894, 19.929242670173952, 20.0, 20.0, 20.0, 20.0, 19.95922809720377, 19.857907300285746, 19.728265344818205, 19.574787395017633, 19.40240986831003, 19.216388932012425, 19.022160404378162, 18.825194976830193, 18.630852822611345, 18.444241677944365, 18.270082392555288, 18.112585736312358, 17.975343925869755, 17.861239918041747, 17.77237700345126, 15.278782395473156, 15.217499492552413, 15.180713693676918, 15.16679600673089, 15.173370906873199, 15.197392109479182, 15.235237054288937, 15.282817324965709, 15.33570177445393, 15.389248766576367, 15.438743692198361, 15.479537775223166, 15.507184161049208, 15.517567372337577, 15.507022424020803, 15.47244020482949, 15.411356146186485, 15.322019697797032, 15.203442700966534, 15.055425372941897, 14.878559277427357, 14.674207328907185, 14.444461551129155, 14.192079956857516, 14.670140416011211, 14.398749738785956, 14.110836831303711, 13.811105223851609, 13.5044777057184, 13.195953594351604, 12.890465138031754, 12.592737244423823, 12.307154599687706, 12.037639987800247, 11.78754726430081, 11.559571975610293, 11.355682068595474, 11.177070519440386, 11.02413104630553, 10.896457373629357, 10.792865813724122, 10.711440237245498, 10.649597847214348, 10.604173565819362, 10.571520306746237, 10.547621958437393, 10.528215555171382, 10.508918871642638, 14.480181171641105, 14.517645416801292, 14.543553402474995, 14.554708241272383, 14.54834949822051, 14.522226319688155, 14.474653797605221, 14.404551080807835, 14.311460328107199, 14.19554620633569, 14.057576246476682, 13.89888296973555, 13.721309256832372, 13.527138948606135, 13.319015112068628, 13.099848773628, 12.872721195453176, 12.64078294932187, 12.40715311454062, 12.174821890173774, 11.946559776920239, 11.724836242164416, 11.511750451782515, 11.308976241948056], "test": [12.0, 12.0, 12.0, 12.0, 12.0, 12.0, 12.0, 12.0, 12.0, 12.0, 12.0, 12.0, 12.0, 12.0, 12.0, 12.0, 12.0, 12.0, 12.0, 12.0, 12.0, 12.0, 12.0, 12.0, 12.0, 12.0, 12.0, 12.0, 12.0, 12.0, 12.0, 12.0, 12.0, 12.0, 12.0, 12.0, 13.2, 14.0, 14.0, 13.8, 13.2, 14.6, 16.6, 16.8, 18.2, 19.0, 18.2, 19.0, 18.4, 18.8, 19.8, 19.8, 18.6, 17.8, 17.2, 17.0, 15.8, 12.8, 11.8, 12.4, 12.8, 14.8, 15.2, 15.0, 14.8, 13.8, 13.0, 13.4, 14.0, 14.0, 14.6, 13.4, 13.599999999999998, 14.399999999999999, 13.8, 13.0, 13.0, 13.0, 13.4, 14.0, 13.4, 12.2, 13.0, 12.0, 13.0, 15.2, 17.0, 17.8, 19.0, 8.28, 18.4, 17.0, 17.0, 17.0, 17.0, 18.0, 20.0, 8.6, 8.8, 19.2, 19.0, 19.2, 20.0, 20.0, 17.8, 17.0, 17.0, 16.6, 18.4, 19.8, 18.4, 19.6, 19.8, 19.4, 18.6, 17.0, 16.2, 16.0, 17.0, 17.0, 18.0, 18.8, 18.4, 18.0, 18.2, 18.6, 15.0, 15.4, 13.2, 12.0, 12.0, 11.0, 12.4, 12.8, 11.0, 10.0, 9.4, 9.0, 9.0, 9.0, 9.0, 9.0, 9.0, 9.0]}