{"day": 2, "month": 6, "station_id": 195, "predict": [25.740982012098222, 25.962640790924752, 26.16598827523979, 26.34412950129652, 26.491253060193923, 26.602834304982846, 26.675792189401026, 26.70859463199694, 26.70130895904884, 26.655595755505452, 26.574646276843218, 26.4630653973295, 26.32670383451615, 26.172445034277683, 26.007953585189878, 25.841393294976672, 25.681124077249383, 25.535387526259047, 25.41199147717629, 25.318003946206446, 25.259466615954338, 25.24113748332612, 25.26627143135016, 25.336446355935927, 26.623012958842622, 26.774131511918576, 26.962996082425153, 27.183778487328084, 27.428950507654314, 27.689457395941172, 27.954944004131733, 28.21402733490804, 28.454607817599324, 28.664210346970627, 28.830345115646157, 28.94087756834207, 28.9843964209575, 28.950568640546845, 28.830470569191274, 28.61688499278064, 28.304554887395955, 27.89038579544195, 27.373590247339205, 26.755769322686806, 26.040928274439878, 25.235425078362496, 24.347852744047728, 23.388858189074803, 24.420904521056716, 23.4067180162701, 22.3617506520331, 21.301809481774775, 20.243134065272297, 19.201991155405175, 18.19426742315998, 17.235071845912667, 16.33835914951267, 15.516585114978312, 14.780403636641505, 14.138414241293288, 13.596967288238895, 13.160032419035373, 12.829133957334406, 12.603355018812259, 12.479410066765867, 12.451783649468826, 12.512931114033034, 12.653535273141028, 12.862811363857162, 13.128851223664913, 13.438996467977303, 13.780229612800131, 10.56735627796513, 10.935435089615208, 11.297383718121115, 11.642311561143206, 11.960799525923905, 12.24516798704593, 12.489689581007621, 12.690740728707926, 12.84688762003425, 12.958904349187916, 13.029722919499084, 13.064316864205873, 13.069522206650577, 13.053801343296835, 13.02695712505456, 12.99980588149538, 12.983819340530985, 12.990746302099373, 13.032225505703373, 13.119401369033248, 13.262554162644058, 13.470755728245122, 13.751561059686944, 14.110744967015808, 8.12364295599869, 8.600885549069433, 9.16143333033044, 9.802330476357096, 10.518435910596702, 11.30253481086247, 12.145511524985999, 13.03657869619116, 13.963555733023586, 14.91318831680741, 15.87149941771594, 16.82416140623386, 17.756878222843646, 18.65576633902459, 19.507723289631613, 20.300772996011123, 21.024377821345414, 21.669708339969663, 22.22986311673982, 22.70003230673755, 23.077600613454003, 23.362186969028638, 23.555620223023915, 23.66185203718388, 24.60212286406946, 24.521235857199756, 24.37785343642431, 24.1827333168636, 23.947480032377243, 23.684196390137004, 23.40512593319124, 23.122297254699138, 22.84718088399185, 22.590368994837302, 22.361287419716415, 22.16794839144189, 22.01675111811071, 21.912335775198624, 21.85749480417777, 21.853143604960195, 21.89835084943754, 21.990426783498616, 22.125066085882207, 22.296540164654235, 22.4979322495439, 22.721407334546956, 22.958507964181216, 23.200466088509113], "test": [28.0, 28.0, 28.0, 28.0, 28.0, 28.0, 28.0, 28.0, 28.0, 28.0, 28.0, 28.0, 28.0, 28.0, 28.0, 28.0, 28.0, 28.0, 28.0, 28.0, 28.0, 28.0, 28.0, 28.0, 28.0, 28.0, 28.0, 28.0, 28.0, 28.0, 28.0, 28.0, 28.0, 28.0, 28.0, 28.0, 28.2, 29.0, 28.8, 28.0, 28.0, 29.0, 28.8, 28.8, 29.0, 28.4, 25.6, 23.6, 24.8, 27.0, 24.0, 16.2, 14.4, 12.8, 10.6, 6.0, 3.7999999999999994, 3.4, 6.4, 6.8, 7.0, 7.800000000000001, 8.0, 5.4, 4.0, 4.6, 3.2, 2.4, 1.2, 0.8, 0.0, 1.0, 0.2, 0.0, 0.6, 2.6, 1.0, 1.2, 1.6, 1.4, 0.0, 0.0, 0.8, 0.8, 1.0, 1.0, 1.2, 1.2, 0.0, 0.2, 0.6, 1.0, 1.6, 2.0, 4.2, 6.8, 7.599999999999999, 7.800000000000001, 7.0, 7.800000000000001, 8.6, 10.0, 11.0, 15.399999999999999, 17.4, 21.4, 23.6, 24.4, 28.4, 28.6, 28.2, 28.2, 28.2, 29.0, 28.4, 28.8, 29.0, 27.0, 27.4, 28.0, 27.8, 28.0, 27.4, 27.2, 28.0, 28.0, 28.0, 28.0, 28.0, 28.0, 28.0, 28.0, 28.0, 28.0, 28.0, 28.2, 29.0, 29.0, 29.0, 29.0, 29.0, 29.0, 29.0, 29.0]}