{"day": 6, "month": 1, "station_id": 154, "predict": [0.7591573325729944, 0.8476255874805192, 0.9289887321552076, 0.9984879888428967, 1.0517366583341814, 1.0848774799009033, 1.0947280434209898, 1.078909674261451, 1.03595565497893, 0.9653952192176176, 0.8678104339065941, 0.7448638568185105, 0.5992956952949084, 0.4348900737304198, 0.25641091600438826, 0.06950883656836437, 0.0, 0.0, 0.0, 0.0, 0.0, 0.0, 0.0, 0.0, 9.288025782975918, 9.48045366984529, 9.73951500350396, 10.069601634024968, 10.473861397706305, 10.954109908737461, 11.510775835521157, 12.142881088450302, 12.848056359218965, 13.62259146726765, 14.461518978551316, 15.358728650086213, 16.307109381191548, 17.298714613549695, 18.32494647758966, 19.376753490213382, 20.44483626663595, 21.519855525321635, 22.59263666763531, 23.654365343700142, 24.69676876187801, 25.712277934282195, 26.69416669229742, 27.636663992823756, 29.69367360495709, 30.548829211840797, 31.357897989849086, 32.1193071353779, 32.8324114674997, 33.49742948716941, 34.11535699681547, 34.68786153328605, 35.0, 35.0, 35.0, 35.0, 35.0, 35.0, 35.0, 35.0, 35.0, 35.0, 35.0, 35.0, 35.0, 35.0, 35.0, 35.0, 30.10581424714092, 30.157137826370708, 30.17757642605914, 30.16355159536406, 30.11163644633124, 30.01870403800133, 29.882068703562663, 29.699615583286228, 29.469913997984936, 29.19231080752468, 28.867000525293204, 28.495069697218923, 28.07851385757257, 27.620226242308377, 27.123958331100607, 26.59425317358483, 26.036353321290093, 25.456085990205363, 24.859728804257152, 24.253860085448405, 23.64519816818135, 23.04043456090514, 22.446066002956865, 21.86823051494688, 18.328277740037485, 17.793213847243585, 17.287209874722244, 16.813562267705578, 16.374685609798487, 15.972061284202315, 15.606212938224576, 15.276709551695507, 14.982196064078966, 14.72045066571029, 14.488467042387748, 14.282559093943396, 14.098484952933392, 13.93158653055924, 13.776940339342424, 13.62951498539855, 13.484330514919195, 13.336614737496031, 13.181951733769855, 13.016417993027023, 12.8367020023905, 12.640203615243141, 12.42511014729759, 12.190446866103608, 16.67503257425827, 16.393247122816845, 16.093122984538027, 15.77766462437273, 15.450562135475197, 15.116070412595741, 14.778869621913941, 14.443911254667661, 14.116254524964223, 13.800898197428712, 13.502613098298394, 13.225780581527637, 12.97424206577613, 12.751164455477298, 12.558925803764161, 12.399024984324354, 12.272018428829627, 12.177486184233658, 12.114028663009487, 12.079294533493377, 12.070039253855754, 12.082212815336943, 12.11107436333238, 12.151330531274205], "test": [4.0, 4.0, 4.0, 4.6, 8.6, 17.8, 18.0, 18.0, 18.0, 18.0, 18.0, 18.0, 18.0, 18.0, 18.0, 18.0, 18.0, 18.0, 18.0, 18.0, 18.0, 18.0, 18.0, 18.0, 18.0, 18.0, 18.0, 18.0, 18.0, 18.0, 18.0, 18.0, 18.0, 18.0, 18.0, 18.0, 18.0, 18.0, 18.0, 18.0, 18.0, 18.0, 18.0, 18.0, 18.2, 19.0, 19.0, 19.0, 19.0, 19.0, 19.0, 19.0, 19.0, 19.0, 19.2, 18.0, 18.0, 18.0, 18.0, 18.0, 17.2, 17.0, 17.0, 17.0, 17.0, 17.0, 17.0, 17.8, 19.0, 19.0, 19.8, 20.0, 20.0, 20.0, 19.0, 19.0, 19.0, 19.0, 19.0, 19.0, 19.0, 20.6, 21.0, 21.0, 21.0, 21.0, 21.0, 21.0, 21.0, 22.0, 22.0, 22.0, 22.0, 24.0, 24.0, 24.0, 24.0, 24.0, 24.0, 24.6, 25.0, 25.0, 25.0, 25.0, 25.4, 26.0, 26.0, 26.0, 26.0, 27.0, 28.2, 29.8, 31.0, 31.0, 31.6, 33.0, 33.0, 33.0, 26.2, 20.75, 20.299999999999997, 20.499999999999996, 20.499999999999996, 20.499999999999996, 20.499999999999996, 20.599999999999998, 21.0, 21.25, 21.25, 21.1, 20.749999999999996, 20.65, 21.0, 21.0, 21.0, 21.0, 21.150000000000002, 21.4, 21.5, 21.400000000000006, 21.250000000000004, 21.000000000000004, 21.000000000000004, 3.0]}