{"day": 2, "month": 1, "station_id": 32, "predict": [36.67140004794234, 36.950978765341105, 37.225490348329984, 37.48535126988053, 37.72184924255388, 37.927461332034646, 38.09612670620332, 38.22346486312319, 38.3069319767409, 38.345910012468416, 38.34172547221298, 38.297596927311396, 38.21851283272926, 38.11104341216353, 37.983092584397085, 37.843597897237785, 37.70218819235899, 37.56881016877539, 37.45333612339033, 37.36516585407524, 37.31283603140904, 37.303650224351806, 37.34334224155445, 37.435784514867315, 35.94695319355579, 36.06027720929514, 36.22611752546413, 36.43980456077329, 36.69427117346635, 36.980172624955266, 37.286083753926434, 37.59876864392983, 37.90351575618631, 38.1845293832159, 38.42536642366197, 38.60940594945903, 38.72033787054837, 38.74265625416301, 38.66214252892684, 38.46632393407448, 38.14489313996973, 37.69007596933165, 37.09693554686926, 36.36360297257256, 35.491426682346074, 34.48503499907819, 33.35230886035823, 32.10426435105916, 30.82373626101218, 29.25693667329787, 27.625446719183707, 25.950944794058696, 24.25637959982247, 22.565425600231606, 20.901914559540455, 19.289258885715572, 17.749882857445137, 16.304677624583555, 14.972495287683865, 13.769696289760741, 12.709762856773255, 11.802989387925445, 11.056258500444542, 10.47290900226124, 10.052699426358087, 9.791868045173192, 9.683287496676202, 9.716709453865702, 9.879092181553725, 10.155001452100143, 10.527073195755367, 10.97652451065148, 11.850678845958974, 12.437238804395673, 13.046910876484887, 13.659706009470181, 14.256878888189458, 14.821432954031902, 15.338568092059775, 15.79605848731374, 16.184550245653746, 16.49777076450855, 16.73264446823053, 16.8893122800382, 16.97105504945196, 16.984123969031856, 16.93748373436249, 16.842476740573595, 16.712418889204766, 16.56213953950777, 16.407479718113684, 16.264763852806134, 16.150260993319627, 16.079651697174985, 16.067516494450096, 16.126861108715477, 20.82248805128449, 21.16642900523387, 21.602577362410198, 22.13450023164639, 22.76291805014012, 23.485657186607007, 24.297690630180742, 25.19126501223588, 26.156109615178714, 27.179720597801282, 28.247711437535205, 29.344218648925168, 30.45235024229548, 31.554663188544446, 32.63365535296655, 33.67225702541535, 34.65430729400639, 35.56500104670644, 36.39129339072432, 37.12224965067035, 37.749330839524696, 38.26660652723746, 38.67088930475619, 38.96178745841104, 43.0, 43.0, 43.0, 43.0, 43.0, 43.0, 43.0, 43.0, 42.932680036906454, 42.66814901006226, 42.41924941722037, 42.19909925771028, 42.01925408336925, 41.88939926580964, 41.817106182696264, 41.807659271343276, 41.86395861616647, 41.98650032474516, 42.173434470782894, 42.420697923680564, 42.72221701683801, 43.0, 43.0, 43.0], "test": [40.0, 40.0, 40.0, 40.0, 40.0, 40.0, 40.0, 40.0, 40.0, 40.0, 40.0, 40.0, 40.0, 40.0, 40.0, 40.0, 40.0, 40.0, 40.0, 40.0, 40.0, 40.0, 40.0, 40.0, 40.0, 40.0, 40.0, 40.0, 40.0, 40.0, 40.0, 40.0, 40.0, 40.0, 40.0, 40.0, 40.0, 40.0, 40.0, 40.0, 40.0, 40.4, 43.0, 42.2, 42.0, 42.2, 42.2, 42.2, 40.6, 39.6, 37.0, 32.8, 30.999999999999996, 30.999999999999996, 27.6, 22.999999999999996, 19.6, 16.0, 12.2, 9.6, 7.000000000000001, 5.4, 5.0, 5.0, 4.6, 3.0, 3.0, 3.0, 3.0, 3.0, 3.0, 3.0, 3.0, 2.8, 2.0, 3.0, 3.0, 1.2, 0.0, 5.2, 9.4, 9.8, 10.2, 11.0, 17.2, 29.6, 30.0, 30.0, 30.0, 30.0, 29.0, 29.0, 29.0, 29.0, 29.0, 29.0, 29.4, 29.6, 29.0, 29.2, 30.0, 30.0, 29.4, 32.6, 34.0, 38.2, 41.6, 42.4, 42.8, 42.0, 41.8, 40.2, 39.4, 40.0, 41.2, 41.2, 39.0, 40.0, 40.0, 41.0, 41.4, 41.0, 41.0, 41.6, 42.0, 42.0, 42.0, 43.0, 43.0, 43.0, 43.0, 43.0, 43.0, 43.0, 43.0, 43.0, 43.0, 43.0, 43.0, 43.0, 43.0, 43.0, 43.0, 43.0]}