{"day": 1, "month": 10, "station_id": 251, "predict": [30.648738090849353, 30.879796518821728, 31.106675110011956, 31.328849344499385, 31.54628824593166, 31.759435095956864, 31.969166334570016, 32.1767303608225, 32.38366867087972, 32.59172240565266, 32.80272791401904, 33.018505349141435, 33.24074458717818, 33.470892888688795, 33.71004870188709, 33.9588658386027, 34.0, 34.0, 34.0, 34.0, 34.0, 34.0, 34.0, 34.0, 31.56905247124453, 31.637645024788824, 31.686460533663556, 31.71092879547276, 31.70659755828151, 31.669285598671237, 31.595234782169975, 31.4812561339222, 31.324865035730873, 31.124400897013643, 30.879127043325283, 30.589307091728976, 30.25625474557837, 29.882354694519304, 29.47105316221169, 29.026817543744748, 28.5550655120855, 28.062064919684683, 27.554806720639796, 27.04085401423747, 26.528171073831942, 26.024936907708277, 25.53934843390944, 25.079418750885115, 19.5643244045347, 18.954953540021883, 18.392779227908907, 17.88331999412271, 17.43093887021205, 17.03872933915807, 16.708434342473595, 16.440401058623845, 16.233573174021906, 16.085521312759074, 15.992511195391081, 15.949608027401007, 15.950814552024244, 15.989239232156898, 16.057290124083266, 16.14688924180356, 16.249701585606154, 16.357372543764928, 16.461767093420505, 16.555204131802217, 16.630679358485136, 16.682070414605516, 16.704318449687364, 16.693580917489353, 9.608308149544635, 9.45138228937698, 9.252523322959535, 9.012692254757447, 8.73439590415982, 8.421622542148926, 8.079735999737263, 7.715331126338156, 7.336054557869324, 6.950395734762677, 6.567453938562916, 6.196687790436878, 5.847654137832593, 5.529743545948988, 5.251919696566393, 5.022469864900905, 4.848773327370926, 4.737094025309209, 4.692403111444685, 4.718236151533232, 4.816588761191829, 4.987853368046003, 5.230798626157543, 5.542591805120879, 7.980821738445027, 8.585819544712539, 9.239722526970999, 9.933516916152298, 10.657384107433462, 11.400935505510168, 12.15345974010129, 12.90417538443108, 13.642482231671726, 14.358204302865348, 15.041818062509385, 15.684659828150695, 16.279107007736357, 16.818728636611194, 17.298401600606137, 17.71438997542178, 18.064386004354535, 18.347512355862225, 18.564286428845367, 18.71654855134822, 18.80735693677908, 18.84085317175855, 18.822102808628628, 18.75691627202227, 24.381991315587154, 24.44868060306958, 24.491688010658454, 24.517817986071893, 24.53363582774789, 24.54529220934473, 24.55836791955798, 24.577742935392795, 24.607493098872414, 24.650816737822055, 24.709992575227197, 24.786369256648012, 24.880385806380136, 24.991621349740083, 25.11887152226732, 25.26024817492416, 25.413298287819735, 25.57513744558519, 25.742592834885606, 25.912350492084382, 26.081101473335348, 26.245681745272698, 26.4032008789048, 26.551155084639028], "test": [33.0, 33.0, 33.0, 33.0, 33.0, 33.0, 33.0, 33.0, 33.0, 33.0, 33.0, 33.0, 33.0, 33.0, 33.0, 33.0, 33.0, 33.0, 33.0, 33.0, 33.0, 33.0, 33.0, 33.0, 33.0, 33.0, 33.0, 33.0, 32.2, 32.0, 32.0, 32.0, 32.0, 32.0, 32.0, 31.0, 31.2, 31.4, 29.8, 28.0, 26.6, 26.199999999999996, 22.2, 17.0, 15.6, 16.4, 25.4, 20.4, 17.2, 13.6, 5.2, 1.6, 8.2, 3.6, 0.2, 1.4, 0.0, 0.0, 3.2, 10.4, 5.6, 2.8, 3.2, 3.0, 3.0, 2.8, 2.0, 2.0, 2.6, 3.2, 2.0, 1.4, 3.0, 3.2, 4.4, 5.8, 6.0, 3.6, 0.4, 0.0, 0.0, 0.0, 0.2, 0.2, 1.8, 2.0, 2.0, 2.0, 2.0, 2.2, 3.0, 4.8, 4.0, 4.0, 4.2, 6.200000000000001, 7.8, 10.8, 10.0, 10.8, 12.8, 13.4, 14.4, 9.2, 24.96, 25.6, 25.56, 25.759999999999998, 26.680000000000003, 28.64, 14.4, 13.8, 18.2, 18.6, 19.4, 21.8, 22.6, 23.6, 22.8, 23.2, 25.799999999999997, 27.0, 28.4, 29.4, 29.2, 30.2, 31.8, 32.0, 32.0, 32.0, 32.0, 31.0, 31.8, 32.0, 32.0, 31.4, 32.0, 32.0, 32.0, 32.0, 32.0, 32.0, 32.0, 32.0]}