{"day": 3, "month": 6, "station_id": 214, "predict": [16.98107534121437, 16.864177665139866, 16.74765722780204, 16.63241159759486, 16.51857913429183, 16.405560747985916, 16.292075226643412, 16.176245872025042, 16.055715064037486, 15.927782372913109, 15.78956097692058, 15.63814646976006, 15.470791656678834, 15.285080673550068, 15.079095726730511, 14.851569929544693, 14.60202012615772, 14.33085420804165, 14.039448235863967, 13.730189652772975, 13.406483986303579, 13.072723639072802, 12.734218641297584, 12.39709052991238, 12.284036941807276, 11.959012886701634, 11.658682862809277, 11.390942658690083, 11.163505391504298, 10.983657642390316, 10.858017420708261, 10.792301741577138, 10.791111477564103, 10.857740774763288, 10.994017718493534, 11.200182119272483, 11.474805258663908, 11.814755260451593, 12.21521042638112, 12.669721468063608, 13.170322101579673, 13.707686003420022, 14.271326693048085, 14.849835559806378, 15.431152023780022, 16.002858753291555, 16.552494004989274, 17.067872498084064, 21.9508736718903, 22.404408648303935, 22.793238428205864, 23.109747542275894, 23.347975649144367, 23.503796922324586, 23.57505277502309, 23.56163349038229, 23.465505727093827, 23.290684371860976, 23.043148778040845, 22.730705008274036, 22.36279724133483, 21.950272979208016, 21.505108037485826, 21.040098491919018, 20.568527744120683, 20.1038176423411, 19.659173103817253, 19.247229937976897, 18.87971555157271, 18.567131905812474, 18.318469540799775, 18.140960653832092, 20.800677952850503, 20.781245887042253, 20.842482185017587, 20.9832702138635, 21.200258842191246, 21.487943819887775, 21.838806994244294, 22.243509647113818, 22.69113474025347, 23.169471490967418, 23.66533454129025, 24.164909024227523, 24.654112125405764, 25.118961307198276, 25.54593919001662, 25.922345215892225, 26.236624615335778, 26.478665864360448, 26.64005872662566, 26.714306115684057, 26.696984318616174, 26.58584759216539, 26.38087471037341, 26.08425666893455, 25.74971232928216, 25.301842976063664, 24.782689441375304, 24.201859796887813, 23.570296018160796, 22.899984826592704, 22.203645315709736, 21.494402185767434, 20.7854537191744, 20.08974363485787, 19.41964574520823, 18.786669835400094, 18.201196467702022, 17.672247467529868, 17.207297726619778, 16.812132688346015, 16.49075449516314, 16.245338330586804, 16.076239010648745, 15.982046432364752, 15.959687088874286, 16.00456757936338, 16.1107548935835, 16.27118727995111, 14.969440211546715, 15.237767556163885, 15.531481134112006, 15.841131419347104, 16.1574958745589, 16.47182047276345, 16.776037097224236, 17.062950939933387, 17.326393075394584, 17.561334583468224, 17.763959889158247, 17.93169832541386, 18.063214281250392, 18.15835762032983, 18.218077299784174, 18.244302255311034, 18.23979461292587, 18.20798108932662, 18.152769063767497, 18.078354190047673, 17.989026579525767, 17.888982516819123, 17.782148369810336, 17.67202283326139], "test": [17.0, 17.0, 17.0, 17.0, 17.0, 17.0, 17.0, 17.0, 17.0, 17.0, 17.0, 17.0, 17.0, 17.0, 17.0, 17.0, 17.0, 17.0, 17.0, 17.0, 17.0, 17.0, 17.0, 17.0, 17.0, 17.0, 17.0, 17.0, 17.0, 17.0, 17.0, 17.0, 17.0, 17.0, 17.8, 18.0, 14.4, 12.0, 13.6, 15.0, 16.0, 17.8, 22.2, 23.4, 22.2, 25.2, 29.4, 30.8, 31.4, 29.8, 18.4, 24.0, 30.8, 32.0, 31.4, 31.6, 32.0, 32.0, 32.0, 32.0, 32.0, 30.0, 20.0, 20.6, 20.8, 22.6, 22.0, 22.0, 23.0, 24.0, 24.0, 24.8, 26.2, 26.0, 26.0, 26.2, 24.6, 24.0, 24.2, 24.0, 24.0, 25.4, 25.8, 25.0, 25.8, 26.6, 27.0, 26.0, 26.0, 25.8, 25.0, 25.6, 26.0, 25.4, 24.0, 28.8, 30.0, 25.4, 20.4, 19.4, 20.0, 16.2, 11.0, 13.2, 22.2, 20.2, 16.2, 15.2, 14.8, 12.6, 12.4, 12.4, 12.2, 10.6, 11.4, 13.4, 14.0, 14.0, 14.0, 15.0, 16.2, 17.0, 17.0, 19.8, 20.2, 19.2, 18.0, 17.8, 19.0, 19.0, 20.6, 21.8, 8.8, 5.0, 5.0, 4.0, 4.2, 5.0, 5.0, 5.0, 5.6, 6.0, 6.0, 6.0]}