{"day": 2, "month": 2, "station_id": 732, "predict": [16.91803402534448, 16.967227032919624, 17.021267017114123, 17.07969388500051, 17.141842962400496, 17.206893707475313, 17.273922244753052, 17.34195555150392, 17.410025102665667, 17.477217829762544, 17.54272237867354, 17.605868842877047, 17.66616040703203, 17.72329564984439, 17.77718060622686, 17.827930079609633, 17.875858096691978, 17.921457808791104, 17.96537154317327, 18.00835208659452, 18.05121662543728, 18.094795062848025, 18.13987467016719, 18.187143204701787, 21.0, 21.0, 21.0, 21.0, 21.0, 21.0, 21.0, 21.0, 21.0, 21.0, 21.0, 21.0, 21.0, 21.0, 21.0, 21.0, 21.0, 21.0, 21.0, 21.0, 21.0, 21.0, 21.0, 21.0, 14.413864636567439, 14.072401631519599, 13.704060906585422, 13.311884809127463, 12.899542909505582, 12.4712659014939, 12.03176218667701, 11.586119080941192, 11.139691070481103, 10.697977964041492, 10.266496130550513, 9.850646266826034, 9.455581291185393, 9.086078021856869, 8.74641623706926, 8.440268567221803, 8.170604402897318, 7.939610654886379, 7.748631763154393, 7.59813084030422, 7.48767326615938, 7.415933433438132, 7.380724713048137, 7.379052055169143, 11.503223409857222, 11.617517834539154, 11.750204527394017, 11.896186255250665, 12.050150085795929, 12.206704439883076, 12.360518612829246, 12.506461038349988, 12.639732590803664, 12.755991345981581, 12.851465445212595, 12.923051025044208, 12.968392582053735, 12.985943618664317, 12.975005955999855, 12.935746683850514, 12.869192331318704, 12.77720046358524, 12.662409530980165, 12.528168385337535, 12.37844743473334, 12.217733899204434, 12.050914058062473, 11.883145719776316, 15.279448463331113, 15.156315755513138, 15.048012870875203, 14.959450257289772, 14.895148632971997, 14.859128998032528, 14.854816808594258, 14.884962711706155, 14.951581756794582, 15.055912470365936, 15.198396613760114, 15.378679863121258, 15.595633066212141, 15.847393166307247, 16.131422345690485, 16.444583458765532, 16.78322939578918, 17.143303666960005, 17.520449228038476, 17.91012238591856, 18.307708536905658, 18.708636496327166, 19.108488286579917, 19.503101433114725, 16.831438903498086, 17.13507788612397, 17.425295056428546, 17.699681984467418, 17.956362215827347, 18.194011205549227, 18.41185994576911, 18.609682706231673, 18.787769766266052, 18.946886450631073, 19.088220158608557, 19.21331739718572, 19.324013085803525, 19.422354574797414, 19.510522922089766, 19.590753988856576, 19.665261854104575, 19.736166906448222, 19.80543076019053, 19.874799866206857, 19.94575935549866, 20.019498279408772, 20.096887004645087, 20.178467094979442], "test": [20.0, 20.0, 20.0, 20.0, 20.0, 20.0, 20.0, 20.0, 20.0, 20.0, 20.0, 20.0, 20.0, 20.0, 20.0, 20.0, 20.0, 20.0, 20.0, 20.0, 20.0, 20.0, 20.0, 20.0, 18.8, 11.0, 11.0, 11.0, 11.0, 11.0, 11.0, 11.0, 11.0, 11.0, 11.0, 11.0, 11.0, 11.0, 11.0, 11.0, 10.4, 10.0, 10.0, 10.4, 11.0, 11.400000000000002, 12.2, 11.400000000000002, 11.8, 9.6, 11.600000000000001, 14.2, 12.8, 13.600000000000001, 14.2, 15.8, 12.6, 12.8, 14.8, 14.6, 14.8, 16.8, 17.4, 16.6, 16.0, 17.6, 20.0, 20.0, 20.0, 20.0, 20.0, 20.0, 20.0, 19.2, 17.4, 17.0, 17.0, 17.0, 17.0, 17.0, 17.0, 18.0, 19.0, 19.0, 19.0, 19.0, 19.0, 19.0, 19.0, 19.0, 19.0, 19.0, 18.6, 17.8, 17.0, 17.6, 18.0, 18.0, 19.4, 18.0, 16.2, 15.0, 15.600000000000001, 14.6, 13.0, 12.2, 13.2, 11.0, 11.600000000000001, 12.0, 12.0, 12.4, 14.0, 13.400000000000002, 10.8, 9.6, 8.4, 8.0, 8.0, 7.800000000000001, 7.0, 7.0, 6.2, 5.800000000000001, 5.2, 6.6, 7.0, 7.0, 7.0, 7.0, 7.0, 7.0, 7.0, 7.0, 7.0, 7.0, 7.0, 7.0, 7.0, 7.0, 7.0, 7.0, 7.0, 7.0]}