{"day": 0, "month": 8, "station_id": 192, "predict": [12.538154973612237, 12.719143867527235, 12.866520465992204, 12.978794477465996, 13.055439595017738, 13.096909364024706, 13.104622340452385, 13.08091682869819, 13.028976430890614, 12.952728550281092, 12.856718838201575, 12.7459653341594, 12.625796695651584, 12.501679429939795, 12.379039408886298, 12.263083153209823, 12.15862441515508, 12.069921459937222, 12.000530153650335, 11.953177513389402, 11.929659783330662, 11.930768378626395, 11.956246213204171, 12.004776022709144, 13.324541432682777, 13.425461335599497, 13.538275791982844, 13.6579300661146, 13.77873890536274, 13.894546039383807, 13.998900340107056, 14.085243547946476, 14.147104089588849, 14.178291298954996, 14.173084305657003, 14.126409980025414, 14.03400461702072, 13.892554493582601, 13.699811032187599, 13.454677032853537, 13.15726126790221, 12.808899656711429, 12.412142206130493, 11.970705905439008, 11.489394760194406, 10.973989116572064, 10.431107324715413, 9.868043606982173, 11.577403300227086, 11.04080445364682, 10.507275000010317, 9.984891359649096, 9.481431120707708, 9.004177043005882, 8.559735172814747, 8.153872217590507, 7.791376768059761, 7.475948254908587, 7.210116705448001, 6.995195470426797, 6.831268114321877, 6.717209672004744, 6.650741463585812, 6.628517687323544, 6.646241084444046, 6.698804132863973, 6.780451494253194, 6.884958835566573, 7.005822690768245, 7.136455732171189, 7.270381692948634, 7.401424227228699, 9.917706574946864, 10.042838166777633, 10.152216433826458, 10.242491584527336, 10.311230992838784, 10.356976621600392, 10.37927201005068, 10.378658302638934, 10.356639731550366, 10.315619883775955, 10.2588109580073, 10.190119017444491, 10.114008954782445, 10.035353475527854, 9.95927086524213, 9.890956616206772, 9.835514146224138, 9.79778983518431, 9.782217443492538, 9.792676656179724, 9.83237003670175, 9.903722083310697, 10.008303379870227, 10.146782042957813, 12.64817215221144, 12.86588091454553, 13.113806950971766, 13.38955574675294, 13.690000668465862, 14.011385384370119, 14.349445595762889, 14.699546136031612, 15.056829029870936, 15.416367787401015, 15.773323023156395, 16.0, 16.0, 16.0, 16.0, 16.0, 16.0, 16.0, 16.0, 16.0, 16.0, 16.0, 16.0, 16.0, 14.791741325521166, 14.901075398234564, 15.014240886728551, 15.135252952913138, 15.267956299804602, 15.415890621179813, 15.582165231485462, 15.769346929328854, 15.9793647340793, 16.0, 16.0, 16.0, 16.0, 16.0, 16.0, 16.0, 16.0, 16.0, 16.0, 16.0, 16.0, 16.0, 16.0, 16.0], "test": [9.8, 11.0, 11.0, 11.4, 11.8, 12.4, 13.0, 13.0, 13.0, 13.0, 13.0, 13.0, 13.4, 14.4, 16.0, 16.0, 16.0, 16.0, 16.0, 16.0, 16.0, 16.0, 16.0, 16.0, 16.0, 16.0, 16.0, 16.0, 16.0, 16.0, 16.0, 16.0, 16.0, 16.0, 16.0, 16.0, 16.0, 16.0, 16.0, 16.0, 16.0, 16.0, 16.0, 16.0, 16.0, 16.0, 16.0, 16.0, 16.0, 16.0, 16.0, 15.8, 15.0, 15.0, 3.6999999999999997, 14.0, 13.2, 13.0, 12.4, 12.0, 12.6, 13.0, 13.0, 13.0, 13.0, 13.4, 14.0, 14.0, 14.0, 14.4, 15.0, 15.0, 15.0, 14.4, 13.6, 4.95, 5.4, 5.95, 15.4, 14.0, 14.8, 15.0, 15.0, 5.75, 14.4, 14.6, 13.8, 13.0, 12.6, 13.6, 12.6, 13.0, 13.2, 13.6, 15.0, 14.4, 13.8, 12.4, 12.2, 10.8, 6.0, 6.8, 3.4, 2.6, 2.4, 2.6, 7.6, 9.8, 9.4, 10.4, 9.4, 9.0, 7.4, 4.2, 10.700000000000001, 10.900000000000002, 10.1, 10.75, 10.8, 10.9, 10.95, 11.55, 11.8, 11.95, 11.55, 12.0, 11.95, 5.0, 6.8, 7.4, 8.8, 7.8, 6.4, 9.4, 12.0, 12.8, 12.6, 13.0, 14.2, 16.0, 16.0, 16.0, 16.0, 16.0]}