{"day": 3, "month": 7, "station_id": 579, "predict": [34.12924381786735, 34.30929911950182, 34.47114611703012, 34.6139984543716, 34.73824932994945, 34.84544246986531, 34.93819153085221, 35.02005087535663, 35.09534239961847, 35.16894468690909, 35.24605213524425, 35.33191283182462, 35.43155479265421, 35.54951069892668, 35.68955144000032, 35.85443861819695, 36.0, 36.0, 36.0, 36.0, 36.0, 36.0, 36.0, 36.0, 33.27891619172488, 33.40743811197774, 33.49648996802022, 33.533828902820495, 33.50724023880253, 33.40491335610333, 33.21582268569535, 32.93010200502573, 32.539400171098876, 32.03720674363956, 31.419136631676217, 30.683163923981162, 29.82979642307457, 28.862184015262766, 27.786155893921002, 26.610183687967776, 25.345269715018, 24.004761808948437, 22.60409836717674, 21.16048940559781, 19.69254139138094, 18.21983541593388, 16.762469765014746, 15.340579194082885, 12.821527219898583, 11.484048963045637, 10.236567686546305, 9.094438346996354, 8.070787358937114, 7.176173236633931, 6.418311744326257, 5.801873955725205, 5.328363658011984, 4.996078323079207, 4.800155553815424, 4.732704494603997, 4.783019293039096, 4.937869350069628, 5.181858894892697, 5.4978464029118985, 5.867412630161578, 6.271364603681282, 6.690261818060085, 7.104950196872085, 7.49708909216338, 7.849656730585629, 8.14742005941812, 8.37735590714103, 10.60777358940579, 10.693399279106846, 10.688074376481698, 10.590849045076855, 10.404012977936079, 10.13303489793567, 9.786414360813074, 9.37544996505515, 8.913930409925054, 8.417756999740806, 7.904508087809703, 7.3929575689383356, 6.902560784438522, 6.452922072661055, 6.0632586834823785, 5.751875804764673, 5.535667097048615, 5.429654348392905, 5.446578700015214, 5.596554387137735, 5.8867941267970965, 6.321413218479705, 6.9013171760234355, 7.6241753295861034, 6.954295545820786, 7.918716001389476, 9.00132744228495, 10.188487606209343, 11.464382622980374, 12.81143209364617, 14.21073509085035, 15.642544268841231, 17.086754631442613, 18.523393284751666, 19.933096642979507, 21.297562114347063, 22.59996220575913, 23.82531026028299, 24.960768584861857, 25.9958915428844, 26.922798192990804, 27.736271183968324, 28.43378082709293, 29.015435468878277, 29.48386142382612, 29.844017737732532, 30.10295288064746, 30.26951204057064, 29.3278834162872, 29.302926764730422, 29.21904527232971, 29.088584131127128, 28.923854453779022, 28.73678005804434, 28.53857222145142, 28.339441592385914, 28.148355077590313, 27.972843923395104, 27.818867442805967, 27.690734961385168, 27.59108661073676, 27.52093168070508, 27.479741379051514, 27.465591113932803, 27.475345867592292, 27.504880915419548, 27.549329079757328, 27.603344975368085, 27.661376268619428, 27.717931880027216, 27.76783731559404, 27.806467870233945], "test": [35.0, 35.0, 35.0, 35.0, 35.0, 35.0, 35.0, 35.0, 35.0, 35.0, 35.0, 34.8, 35.0, 35.0, 35.0, 35.0, 35.0, 34.0, 34.0, 33.8, 33.0, 33.0, 33.0, 33.0, 33.0, 33.0, 33.0, 33.0, 33.0, 33.0, 33.0, 33.0, 33.0, 33.0, 33.0, 32.4, 31.200000000000003, 31.799999999999997, 32.0, 31.0, 31.0, 28.8, 25.4, 21.0, 16.2, 10.2, 18.1, 0.4, 0.0, 0.2, 2.8, 1.6, 0.0, 0.0, 0.0, 0.0, 0.0, 0.0, 5.6, 16.6, 13.0, 12.4, 11.8, 11.0, 10.8, 9.0, 7.6, 7.0, 5.2, 3.8, 3.0, 4.0, 4.6, 4.6, 4.6, 5.0, 4.6, 1.6, 0.0, 0.0, 0.0, 0.0, 0.0, 0.0, 0.0, 0.2, 1.2, 2.4, 2.0, 2.0, 2.0, 2.0, 1.6, 0.2, 0.0, 1.0, 1.0, 1.8, 3.2, 5.4, 8.6, 12.0, 12.0, 12.2, 14.6, 19.4, 16.8, 5.6, 20.7, 11.8, 18.0, 21.4, 31.4, 34.8, 35.0, 34.6, 35.0, 34.6, 33.2, 35.0, 35.0, 35.0, 35.2, 35.8, 36.0, 36.0, 36.0, 36.0, 36.0, 35.8, 35.4, 35.0, 35.4, 35.2, 36.0, 36.0, 36.0, 35.6, 36.0, 36.0, 36.0, 36.0, 36.0, 36.0]}