{"day": 5, "month": 1, "station_id": 194, "predict": [31.177868090005674, 31.351582074386336, 31.48098145423022, 31.56606133350133, 31.60739307588147, 31.606130605784223, 31.5640044794631, 31.48330317361518, 31.366841365362916, 31.217915308634428, 31.04024577304734, 30.837909354060116, 30.615259315070688, 30.376837438067465, 30.12727866207416, 29.87121053433455, 29.613149718238255, 29.357397947260385, 29.107939915396003, 28.868345620937465, 28.641679644414886, 28.43041973927309, 28.236386943465213, 28.06068918903919, 35.30169562092724, 35.166403602397246, 35.046423021124404, 34.940596732257944, 34.84698653301198, 34.76290352901303, 34.68495703729309, 34.60912116691211, 34.53081775029527, 34.44501386529434, 34.34633179694795, 34.22916894349397, 34.087824889900354, 33.91663266250789, 33.71009104412745, 33.46299476902179, 33.17055945013269, 32.82853819639618, 32.433327068069275, 31.982056779838032, 31.472668396197005, 30.903971155742624, 30.275680994339382, 29.588438828828938, 41.80434224000646, 41.19828606696748, 40.54330513227495, 39.84432110844221, 39.10689740308133, 38.337128517656154, 37.54151883947248, 36.7268538405147, 35.900066828383565, 35.06810445988689, 34.2377942277834, 33.41571704288861, 32.60808785459965, 31.820647017791465, 31.058564796845655, 30.326361033144465, 29.627841574551177, 28.966052627151562, 28.34325370165256, 27.76090934868888, 27.219699397419642, 26.71954694135702, 26.25966288526483, 25.83860547320668, 31.103238102434034, 30.85793788299552, 30.649337811406618, 30.47477228824272, 30.331252968153393, 30.215560888635466, 30.124340023166422, 30.054189956120414, 30.001755477094463, 29.963811043635594, 29.93733827139617, 29.919594853571716, 29.90817359766576, 29.901050569246436, 29.896621658397656, 29.893727214969097, 29.891664720145062, 29.890189779872046, 29.889506017476414, 29.89024470475133, 29.893435200814633, 29.900467457687355, 29.91304798973614, 29.933150803747974, 31.3730099539437, 31.455299153337087, 31.551961826510027, 31.66560262950494, 31.79882490636415, 31.954176880147998, 32.13410255390944, 32.340898224189615, 32.576675265979226, 32.84332960705124, 33.14251806497982, 33.47564147756108, 33.84383434200119, 34.247960477924586, 34.68861406329519, 35.16612525392932, 35.6805695085643, 36.23177967461786, 36.819359885424916, 37.442700337628494, 38.100992082906316, 38.79324106180055, 39.51828074165556, 40.27478286808949, 38.580792458018976, 39.40651021425887, 40.25843405175715, 41.13394751068524, 42.03032609029308, 42.944748706828136, 43.87430752764599, 44.8160166925426, 45.766820523687244, 46.723601891690336, 47.68319144951863, 48.64237842010582, 49.59792360985154, 50.546575215949936, 51.48508790745858, 52.41024550115338, 53.31888740347711, 54.20793879996592, 55.07444437136444, 55.91560513029425, 56.0, 56.0, 56.0, 56.0], "test": [28.4, 41.2, 45.6, 44.0, 44.2, 45.0, 45.4, 46.0, 46.0, 43.0, 43.8, 44.8, 45.0, 45.0, 45.8, 46.8, 46.0, 46.0, 46.0, 45.8, 45.0, 45.0, 45.0, 45.0, 45.0, 45.0, 45.0, 45.0, 46.2, 48.0, 48.0, 48.0, 48.0, 48.0, 48.0, 48.0, 48.0, 47.2, 47.0, 47.8, 47.6, 47.0, 47.0, 47.0, 46.0, 45.0, 45.0, 44.0, 43.6, 44.0, 44.0, 44.0, 44.0, 43.4, 43.0, 42.4, 41.2, 41.0, 40.8, 40.0, 41.0, 39.4, 44.0, 53.4, 53.8, 48.4, 39.2, 36.2, 35.0, 28.4, 25.2, 24.2, 21.4, 18.4, 19.0, 17.8, 26.8, 36.4, 37.8, 37.8, 39.2, 38.4, 37.8, 37.6, 37.6, 37.6, 39.4, 39.2, 38.2, 36.0, 36.0, 36.0, 36.0, 36.0, 36.0, 35.4, 32.6, 30.800000000000004, 30.800000000000004, 31.200000000000003, 34.2, 33.8, 34.0, 34.2, 35.0, 36.0, 35.4, 33.8, 34.0, 35.4, 36.6, 37.0, 36.0, 36.6, 36.4, 36.0, 35.0, 33.0, 33.0, 33.0, 33.0, 33.6, 34.0, 30.800000000000004, 30.0, 31.4, 33.2, 32.0, 32.0, 32.0, 32.0, 32.0, 34.0, 48.0, 51.0, 51.0, 51.4, 52.0, 52.0, 50.0, 51.0, 52.2, 53.0, 53.0]}