{"day": 6, "month": 7, "station_id": 278, "predict": [0.8767694353773761, 0.8175087906811195, 0.7436159921480168, 0.6530471084675822, 0.5442073923652266, 0.41600192938577246, 0.2678703737275291, 0.09980457650449986, 0.0, 0.0, 0.0, 0.0, 0.0, 0.0, 0.0, 0.0, 0.0, 0.0, 0.0, 0.0, 0.0, 0.0, 0.0, 0.0, 2.0672840613793313, 1.9867395574768634, 1.9159953122468656, 1.8530471052059585, 1.7953567298611084, 1.739913507617723, 1.6833116939741908, 1.621841696310542, 1.5515925890557634, 1.4685630532366185, 1.3687775912502351, 1.2484046827676298, 1.103873461856887, 0.9319855085424305, 0.7300184648673071, 0.49581839570558967, 0.2278781214079314, 0.0, 0.0, 0.0, 0.0, 0.0, 0.0, 0.0, 0.0, 0.0, 0.0, 0.0, 0.0, 0.0, 0.0, 0.0, 0.0, 0.0, 0.0, 0.0, 0.0, 0.0, 0.0, 0.0, 0.0, 0.0, 0.0, 0.0, 0.0, 0.0, 0.0, 0.0, 3.0135891045619534, 3.1964774515957224, 3.3895486406029653, 3.590188468430012, 3.7960200645337148, 4.0049630020445095, 4.215281131688398, 4.4256178809873905, 4.635018159011124, 4.842936428113823, 5.049230935198326, 5.254144522941507, 5.458272851996547, 5.662521251919317, 5.868051757549777, 6.076222185298826, 6.288519333694526, 6.506488563114674, 6.731662103453085, 6.965488465108655, 7.209265274900063, 7.464077735752912, 7.730744719718707, 8.009774247022781, 8.849301825221232, 9.11789937736257, 9.399860953140646, 9.694399490726388, 10.000334566864215, 10.316120906504972, 10.639889260958906, 10.969498345764409, 11.302596175430013, 11.63668884343112, 11.969214557713341, 12.297620576412042, 12.61944059974448, 12.932370155298818, 13.23433757928603, 13.523568328175426, 13.798640567686036, 14.058530250677109, 14.302644228485164, 14.530840308496995, 14.743433578290775, 14.941188742933479, 15.125298660900995, 15.297349690514926, 8.507504057854739, 8.56655632237246, 8.61982506380396, 8.669455623082102, 8.717684999777738, 8.766772267938814, 8.818928068797259, 8.8762453964485, 8.940633856962029, 9.013759476824658, 9.096991966852652, 9.191361117507636, 9.297523719062752, 9.415742072088957, 9.545874793092889, 9.687380234059765, 9.839332440996765, 10.00044918123019, 10.169131187350379, 10.343511413239623, 10.521512774249752, 10.700912576703823, 10.879411619115624, 11.054705797783841], "test": [2.2, 3.0, 2.0, 1.8, 3.0, 3.0, 3.0, 3.8, 4.0, 4.0, 4.0, 4.0, 4.8, 5.0, 5.0, 5.0, 5.2, 5.0, 5.0, 5.0, 5.0, 5.0, 5.0, 5.0, 5.0, 5.0, 5.0, 5.0, 5.0, 3.0, 3.0, 3.0, 2.8, 2.0, 2.0, 2.0, 2.0, 2.0, 2.0, 2.0, 2.0, 2.0, 2.0, 2.0, 2.0, 2.0, 2.0, 1.2, 1.0, 0.6, 0.0, 6.4, 16.0, 16.0, 16.0, 16.0, 16.0, 16.6, 17.0, 16.4, 16.0, 16.0, 16.0, 16.0, 15.6, 15.0, 15.0, 14.8, 12.8, 12.0, 12.0, 12.0, 12.0, 12.0, 12.0, 12.0, 11.2, 11.0, 10.2, 10.0, 10.0, 9.8, 10.0, 10.0, 10.4, 10.0, 9.0, 10.8, 11.0, 8.8, 8.0, 8.0, 7.2, 6.200000000000001, 7.0, 7.0, 7.0, 6.4, 4.8, 2.0, 1.0, 0.2, 1.0, 0.8, 0.0, 0.0, 0.2, 0.6, 0.4, 1.4, 1.0, 0.8, 1.0, 0.8, 0.0, 0.0, 1.0, 4.6, 4.2, 4.0, 3.8, 3.0, 3.0, 2.8, 2.2, 2.2, 1.0, 1.0, 1.6, 2.0, 2.0, 0.6, 0.0, 0.4, 2.0, 3.2, 4.0, 4.0, 4.0, 4.0, 3.0, 3.0, 3.0, 3.0]}