{"day": 2, "month": 3, "station_id": 199, "predict": [21.155796142019362, 21.27299390853275, 21.377269040441213, 21.467262331829925, 21.542254813641836, 21.60219268327502, 21.647688157514377, 21.679996154108306, 21.700967489441624, 21.712980044142256, 21.718850067739666, 21.721726447435184, 21.724971333181315, 21.732030973724868, 21.746300962173525, 21.77099030204027, 21.808988780315605, 21.86274206992739, 21.93413877925894, 22.024413330262988, 22.13406808616012, 22.26281757950699, 22.409557029625173, 22.57235660182018, 20.982404586204943, 21.06367944900014, 21.152568784022336, 21.244988366050052, 21.33631211669395, 21.421494957923393, 21.49521193766821, 21.552009641794697, 21.586465494160578, 21.59335026524557, 21.567788968475632, 21.505415326737882, 21.40251514199018, 21.25615419033648, 21.0642866903575, 20.8258409377029, 20.540779347220127, 20.210130884291267, 19.835994661574276, 19.421514321751122, 18.97082367832115, 18.488964936114147, 17.981781615390524, 17.455789054027708, 15.024951924909239, 14.388492855517633, 13.757509113879792, 13.139797622944343, 12.542913672310025, 11.973996618446396, 11.439606896226415, 10.945578878748044, 10.496893674991917, 10.09757538019517, 9.750613605662167, 9.45791436419271, 9.220280552584764, 9.037422419598037, 8.90799753474171, 8.829678919279088, 8.79924918258488, 8.812717759424183, 8.86545767986815, 8.95235774558345, 9.067985553694486, 9.206756511691069, 9.363103833100487, 9.53164450078329, 11.676681471056291, 11.86342513373112, 12.048038313332015, 12.227126351664603, 12.398094440087903, 12.559205800481841, 12.709611771801866, 12.849353124396437, 12.97933279760619, 13.10126111316035, 13.217575345292945, 13.331336293844675, 13.44610519090123, 13.565804855505338, 13.694569470896585, 13.836587690897925, 13.995943965282498, 14.176463015039491, 14.381562274156904, 14.614116861513152, 14.876341251756983, 15.169691293531862, 15.494789601751485, 15.85137662420761, 16.487184531337537, 16.905896149392444, 17.34878859864741, 17.811618373235575, 18.289434570641426, 18.776698398626568, 19.267421256913398, 19.755317296052418, 20.233965920944918, 20.69697941759776, 21.13817072169281, 21.55171636188455, 21.932309749579968, 22.27530029612032, 22.576814263243644, 22.833853812148092, 23.044371376607366, 23.207317231252553, 23.32265893847221, 23.39137219823488, 23.41540348775443, 23.397605719436328, 23.34164895114912, 23.251908920593735, 24.0, 24.0, 24.0, 24.0, 24.0, 24.0, 24.0, 24.0, 24.0, 24.0, 24.0, 24.0, 24.0, 24.0, 24.0, 24.0, 24.0, 24.0, 24.0, 24.0, 24.0, 24.0, 24.0, 24.0], "test": [22.0, 22.0, 22.0, 22.0, 22.0, 22.0, 22.0, 22.0, 22.0, 22.0, 22.0, 22.0, 22.0, 22.0, 22.0, 22.0, 22.0, 22.0, 22.0, 22.0, 22.0, 22.0, 22.0, 22.0, 22.0, 22.0, 22.0, 22.0, 22.0, 22.0, 22.0, 22.0, 22.0, 22.0, 21.8, 21.0, 20.8, 19.2, 18.6, 18.2, 19.0, 17.0, 15.0, 15.400000000000002, 21.2, 21.0, 19.6, 18.0, 17.2, 16.4, 17.2, 16.0, 14.8, 13.0, 13.2, 13.0, 14.2, 15.0, 12.2, 12.0, 10.4, 9.8, 9.0, 9.0, 9.0, 9.0, 9.0, 9.4, 15.600000000000001, 15.400000000000002, 15.0, 15.2, 17.0, 17.0, 17.0, 17.0, 17.0, 17.0, 17.0, 17.0, 17.0, 17.8, 18.0, 18.0, 18.0, 7.200000000000001, 7.050000000000001, 6.6000000000000005, 6.8, 7.1, 7.1, 7.25, 8.05, 9.1, 19.4, 18.0, 17.8, 17.4, 18.4, 17.2, 15.2, 16.8, 19.2, 21.2, 21.0, 21.2, 23.0, 22.4, 22.8, 22.8, 21.4, 20.2, 22.8, 23.0, 23.0, 23.0, 23.0, 23.0, 23.0, 22.8, 22.6, 23.0, 23.0, 23.0, 23.0, 23.0, 23.0, 23.0, 23.0, 23.0, 23.0, 23.0, 23.0, 23.0, 23.0, 23.0, 23.0, 23.0, 23.0, 23.0, 23.0, 23.0, 23.0, 23.0]}