{"day": 4, "month": 10, "station_id": 17, "predict": [15.065179130545365, 15.149717223660865, 15.208934347816207, 15.237112522451389, 15.229740319406325, 15.18366765903948, 15.097212364850805, 14.970215001400033, 14.804040195371268, 14.601524375596814, 14.36687160360848, 14.105500851542581, 13.823849668017207, 13.529140594963398, 13.229117935628862, 12.931763451763427, 12.645000304316701, 12.376394966961008, 12.13286697468326, 11.92041617384295, 11.743876648089413, 11.606705704583698, 11.51081525393716, 11.45645162074097, 13.255361812276883, 13.351672034427512, 13.479950137634818, 13.633609637383305, 13.80464378136356, 13.9838309009523, 14.160983380711329, 14.325233130338777, 14.465345234340145, 14.570050496305912, 14.628386907259031, 14.630039693085557, 14.565669525922038, 14.427218740863339, 14.208185964022388, 13.9038604203625, 13.511508324203511, 13.030505133271264, 12.462409011032902, 11.810972577402666, 11.08209183927582, 10.283693076028602, 9.425560301946783, 8.519107724335795, 12.371082874567998, 11.504685706576183, 10.631277339858029, 9.765444756335974, 8.921720942208065, 8.114202609185352, 7.356177524799195, 6.659772269021011, 6.0356307177384085, 5.4926326796772695, 5.037660992732745, 4.675423994167836, 4.408338678396969, 4.2364781089579235, 4.157584769437874, 4.167149621083253, 4.25855470648171, 4.423275277599709, 4.651135672395988, 4.93061158702106, 5.249170013177537, 5.593637007184386, 5.950582622180117, 6.306711832396978, 10.37039009798109, 10.728070426316897, 11.04733865045643, 11.319587608740793, 11.538051289381526, 11.697994122319116, 11.796840206394522, 11.834238784317597, 11.812064153902371, 11.734350123678482, 11.607161041325428, 11.438403278576285, 11.237582797861318, 11.015515996997237, 10.784002389141552, 10.555468773192233, 10.34259537298272, 10.157934923647371, 10.01353586839612, 9.920580677118826, 9.889049824240022, 9.927421179774301, 10.04241349672868, 10.238781351537467, 7.850464702257089, 8.215983273222882, 8.668227341074912, 9.203008132121, 9.814010905046821, 10.492966923306666, 11.22988060257933, 12.013304935160402, 12.830656911528047, 13.66856353125478, 14.513228137423779, 15.350806274689988, 16.167780051309553, 16.95132011046755, 17.689624737955157, 18.37222639616735, 18.990257004202004, 19.536664565603168, 20.006375260987234, 20.396396781527393, 20.705860468967114, 20.936001676531365, 21.09007962066494, 21.173239792716693, 16.181761841675772, 16.0199363992597, 15.8114072957873, 15.56660160966867, 15.296484042997442, 15.012221084720812, 14.724845638125641, 14.444932319650258, 14.182293218381236, 13.9457031791463, 13.742662679994734, 13.579205137986216, 13.459754032345835, 13.387033641431898, 13.362035478208867, 13.38404075161093, 13.450697419294276, 13.558148688940324, 13.70120822926514, 13.873575909516287, 14.068086639529938, 14.276983887983464, 14.492208717141795, 14.705694732439454], "test": [14.0, 14.0, 14.0, 14.0, 14.0, 14.0, 14.0, 14.0, 14.0, 14.0, 14.2, 14.999999999999998, 14.999999999999998, 14.999999999999998, 14.999999999999998, 15.4, 16.0, 16.6, 17.0, 17.0, 18.6, 19.0, 19.0, 19.0, 19.0, 19.0, 19.0, 19.0, 19.0, 19.0, 19.0, 19.0, 19.0, 19.0, 19.0, 19.0, 19.0, 19.0, 19.2, 20.0, 20.0, 20.8, 21.0, 21.2, 21.0, 21.0, 21.8, 18.8, 18.0, 17.6, 16.2, 13.8, 13.400000000000002, 9.6, 6.6, 3.4000000000000004, 1.8, 0.6, 0.0, 0.0, 2.6, 17.0, 18.0, 17.0, 17.0, 17.0, 18.6, 19.4, 20.0, 20.0, 9.95, 9.899999999999999, 9.5, 9.55, 9.65, 9.25, 8.0, 9.549999999999999, 10.450000000000001, 10.85, 16.4, 5.2, 5.2, 4.0, 3.2, 3.6, 4.8, 6.0, 7.0, 5.8, 4.0, 3.2, 3.4000000000000004, 3.0, 3.0, 3.0, 3.0, 3.7999999999999994, 5.0, 5.6, 8.0, 8.6, 8.2, 10.8, 12.0, 16.4, 17.4, 17.8, 19.2, 22.4, 21.2, 21.0, 14.799999999999999, 7.2, 7.3999999999999995, 8.0, 9.0, 10.0, 11.0, 11.0, 13.0, 12.8, 11.4, 10.2, 10.0, 10.8, 12.6, 13.0, 13.0, 13.0, 13.0, 13.0, 13.0, 14.6, 14.4, 14.999999999999998, 14.2, 14.0, 14.0, 13.0, 13.600000000000001, 14.799999999999999, 14.4, 14.0]}