{"day": 3, "month": 8, "station_id": 732, "predict": [19.40828019299772, 19.636710071101813, 19.865537251313167, 20.092104746337206, 20.313682205894153, 20.5275759374489, 20.731237693932087, 20.922368328404062, 21.0, 21.0, 21.0, 21.0, 21.0, 21.0, 21.0, 21.0, 21.0, 21.0, 21.0, 21.0, 21.0, 21.0, 21.0, 21.0, 20.402127395061548, 20.455024788378438, 20.522016335030468, 20.60343272175487, 20.69887262873326, 20.80716971795489, 20.926383465826678, 21.0, 21.0, 21.0, 21.0, 21.0, 21.0, 21.0, 21.0, 21.0, 21.0, 21.0, 21.0, 21.0, 21.0, 21.0, 20.818096671394425, 20.46648930123531, 18.287372936909623, 17.822154648146775, 17.31241454750294, 16.762901972691605, 16.179339727132366, 15.568309712369349, 14.937113862902239, 14.29361387308125, 13.646053854623357, 13.002870583976812, 12.372496391184402, 11.763159997852604, 11.182690702630524, 10.638331270882471, 10.136564663994859, 9.682959401324354, 9.282037839112869, 8.937171041156159, 8.650503184618154, 8.42290763260194, 8.25397592893971, 8.14204005328893, 8.084227354708622, 8.076546664664825, 6.948586689139277, 7.022028129502603, 7.129344613708843, 7.263273589077165, 7.416209099033313, 7.580406174995255, 7.748186915670159, 7.912142600288981, 8.065326317709802, 8.201430884565442, 8.314947263492773, 8.401299267551225, 8.456951028051856, 8.479484493046387, 8.467645087983145, 8.42135458315937, 8.341691147305017, 8.230837497383112, 8.09199895361211, 7.929294047360432, 7.7476210892871045, 7.552504757623145, 7.3499272993259845, 7.146149330703232, 9.13436938464385, 8.931746429887518, 8.746131114236293, 8.583785663301878, 8.450364248194573, 8.350763354637358, 8.288996062002619, 8.268093474120093, 8.290035718051207, 8.35571402857711, 8.464924510324664, 8.616393233548607, 8.80783140090836, 9.036018457365143, 9.296910217154123, 9.585768385402561, 9.897307266726076, 10.225853004179982, 10.565510389193044, 10.910332128411067, 11.254485460314356, 11.592411171610598, 11.918970376662235, 12.229574860262918, 15.134252659737092, 15.415570307244874, 15.676229511781212, 15.914860854415606, 16.130828218071056, 16.32421303986281, 16.495776003380573, 16.646897900695507, 16.779502032398856, 16.89596107011429, 16.998991763484007, 17.091541218354074, 17.176668694404942, 17.257426960975426, 17.33674721408037, 17.417331385659843, 17.501555389254364, 17.591386439088147, 17.68831707881584, 17.79331796893309, 17.90681083257911, 18.028662268926475, 18.158198430028925, 18.29423984873505], "test": [19.6, 20.0, 20.0, 20.0, 20.4, 21.0, 21.0, 21.0, 21.0, 21.0, 21.0, 21.0, 21.0, 21.0, 21.0, 21.0, 21.0, 21.0, 21.0, 21.0, 21.0, 21.0, 21.0, 21.0, 21.0, 21.0, 21.0, 21.0, 20.0, 20.0, 20.0, 20.0, 20.0, 20.0, 20.0, 20.0, 20.0, 20.4, 21.0, 20.2, 20.8, 20.6, 20.6, 20.6, 21.0, 19.8, 15.600000000000001, 13.400000000000002, 12.8, 14.6, 17.4, 15.0, 17.4, 15.2, 9.0, 6.2, 7.6, 7.0, 6.6, 6.800000000000001, 6.800000000000001, 3.8, 3.8, 2.6, 1.8, 2.8, 4.2, 7.4, 6.800000000000001, 6.0, 5.0, 4.8, 2.4, 0.0, 0.6, 1.0, 2.2, 3.0, 4.0, 10.8, 15.400000000000002, 16.8, 16.2, 15.0, 15.0, 13.2, 13.0, 13.600000000000001, 13.2, 12.4, 11.8, 11.400000000000002, 13.0, 12.6, 13.8, 18.4, 19.0, 18.0, 16.2, 15.2, 15.2, 15.400000000000002, 15.0, 13.8, 13.400000000000002, 14.2, 12.2, 13.600000000000001, 12.4, 14.6, 16.6, 17.2, 18.6, 16.4, 15.400000000000002, 14.2, 12.6, 10.4, 7.2, 6.6, 7.4, 6.0, 1.4, 1.0, 0.8, 1.4, 2.0, 2.0, 2.2, 2.0, 3.4000000000000004, 5.2, 6.0, 7.2, 8.4, 10.0, 10.0, 10.6, 11.0, 12.4, 14.0, 14.0, 14.0, 13.400000000000002]}