{"day": 2, "month": 10, "station_id": 107, "predict": [11.724506481719473, 11.724908615446134, 11.741670077899894, 11.773930960981449, 11.820318891400774, 11.879013125119357, 11.947824387027117, 12.02428775424907, 12.105765447138484, 12.189556059943518, 12.273006540808463, 12.35362312387418, 12.429177433701778, 12.497804118337735, 12.558086620680417, 12.609128061938337, 12.65060467261266, 12.682799751332576, 12.706616747033905, 12.7235707207867, 12.735758134946582, 12.74580561307972, 12.756798997303438, 12.77219467355491, 9.263872974106224, 9.263213273707471, 9.2778171782353, 9.311387085755017, 9.367415804108589, 9.44906080647051, 9.559025271720412, 9.699449778153575, 9.871818239430873, 10.076881277015827, 10.314599727232054, 10.58411039918912, 10.883715544285318, 11.210896796349719, 11.562353607496181, 11.934065462219422, 12.321376430746685, 12.719099929191973, 13.121640929210127, 13.523132305156292, 13.917581549778102, 14.29902373943281, 14.661676408762382, 15.000091887143254, 14.622150726453167, 14.853766369554684, 15.04658933770287, 15.198148232524114, 15.30690713316468, 15.37231241617645, 15.394813428236084, 15.375856221244623, 15.317850330065744, 15.22410934896815, 15.098766819829365, 14.946669662462126, 14.773252029226601, 14.584393040624112, 14.386262330916374, 14.185157694922294, 13.98733936155432, 13.798865527821878, 13.625433757386086, 13.472232683954086, 13.343808171487881, 13.243947666242615, 13.175585957926948, 13.14073495064681, 8.188589807877523, 8.109970548145466, 8.066780502368568, 8.057204541905335, 8.07850010376374, 8.12708849333914, 8.198668814626458, 8.288351129036236, 8.390804905357905, 8.500418397451412, 8.611464295688451, 8.71826683820503, 8.815365552693882, 8.897670927295595, 8.96060756935983, 9.000240805441802, 9.013383184244104, 8.997677955220896, 8.95165728920488, 8.874773764871343, 8.767404438966462, 8.630827631122065, 8.467173355620055, 8.279349105575676, 6.8551102470295335, 6.58615444655502, 6.303685851746787, 6.012569851201045, 5.717833518452555, 5.424513639048673, 5.137506141110173, 4.861421392914655, 4.600449623840889, 4.358240377196343, 4.137799456234807, 3.9414062656875357, 3.7705538140853436, 3.6259129400396772, 3.5073215811654324, 3.413799143019911, 3.3435852640037176, 3.2942015431084517, 3.262534111172606, 3.244934316425426, 3.23733426715037, 3.2353735537092385, 3.234533165504044, 3.2302724360415036, 5.062817897100213, 5.061695140467018, 5.044059382224918, 5.006801913262809, 4.947385107759321, 4.863910146984156, 4.755164102834669, 4.6206451459947235, 4.460565338007054, 4.27583117559301, 4.06800275386378, 3.839233083583529, 3.5921897094890327, 3.329961328518007, 3.055952555425675, 2.773770347010948, 2.4871058330461544, 2.19961542851512, 1.914805100164606, 1.6359215392611008, 1.365853749054316, 1.1070482004507238, 0.8614402622236678, 0.6304040668986283], "test": [8.6, 9.0, 9.0, 9.0, 9.0, 9.0, 9.0, 9.0, 9.0, 9.0, 9.0, 9.0, 9.0, 9.0, 9.0, 9.0, 9.0, 9.0, 9.0, 9.0, 9.0, 9.0, 9.0, 9.0, 9.0, 9.0, 9.0, 9.0, 9.0, 9.0, 9.0, 9.0, 9.0, 9.0, 9.4, 10.0, 11.2, 13.0, 13.0, 12.6, 12.0, 13.8, 14.0, 15.600000000000001, 17.0, 18.6, 18.8, 20.0, 20.0, 19.0, 19.0, 19.2, 19.2, 16.6, 14.8, 12.8, 10.8, 7.4, 5.4, 5.6, 6.0, 5.8, 3.3999999999999995, 3.0, 3.0, 4.0, 4.8, 4.0, 2.2, 0.0, 0.0, 0.0, 0.0, 0.0, 3.3999999999999995, 4.0, 4.6, 8.8, 7.199999999999999, 6.0, 6.0, 5.2, 6.4, 7.6, 7.800000000000001, 6.799999999999999, 6.6, 6.4, 6.6, 7.0, 6.4, 6.4, 6.0, 6.0, 6.0, 5.6, 6.4, 5.8, 5.4, 5.8, 7.199999999999999, 5.0, 5.6, 6.799999999999999, 7.0, 8.2, 9.0, 7.4, 8.0, 5.2, 6.0, 8.2, 7.6, 7.199999999999999, 6.4, 3.3999999999999995, 1.0, 0.4, 2.4, 4.8, 5.8, 7.199999999999999, 6.6, 5.6, 5.4, 5.6, 4.0, 3.0, 3.0, 3.0, 2.6, 3.8, 4.0, 4.4, 5.0, 3.0, 2.2, 2.0, 2.0, 2.0, 2.0, 2.0, 1.7999999999999998, 1.0]}