{"day": 4, "month": 7, "station_id": 107, "predict": [19.478433687594578, 19.4236519407224, 19.38286530812153, 19.353701048396733, 19.33340749704428, 19.31897852637311, 19.307286098995277, 19.295216409576856, 19.27980498724689, 19.258366161432484, 19.22861246552077, 19.188759870909166, 19.13761518981992, 19.074642553069324, 19.000006533637542, 18.914590235295737, 18.819987468082708, 18.71846896799121, 18.61292346127891, 18.506775192155878, 18.403880309718005, 18.30840521402971, 18.224690571360686, 18.157105210359443, 19.774109871302862, 19.80783265646698, 19.86922661115226, 19.96128013126936, 20.0, 20.0, 20.0, 20.0, 20.0, 20.0, 20.0, 20.0, 20.0, 20.0, 20.0, 20.0, 20.0, 20.0, 20.0, 20.0, 20.0, 20.0, 20.0, 20.0, 20.0, 20.0, 20.0, 20.0, 20.0, 20.0, 20.0, 20.0, 20.0, 20.0, 20.0, 20.0, 20.0, 20.0, 20.0, 20.0, 20.0, 20.0, 20.0, 20.0, 20.0, 20.0, 20.0, 20.0, 14.983888660217065, 15.081618755853924, 15.213723450635799, 15.375419887694814, 15.561334525755669, 15.765669211925047, 15.982377494681494, 16.20534598701573, 16.428575467132866, 16.646356431498297, 16.85343400545469, 17.045157447987247, 17.217609966742774, 17.367715157120266, 17.493317087576767, 17.593231847859094, 17.667269228327037, 17.716224093137726, 17.741837907408453, 17.746731764624773, 17.734313097863822, 17.708659031115257, 17.674380006395516, 17.636467891038905, 14.968897281889353, 14.931132202030444, 14.907744709734756, 14.903543935855348, 14.922878078950452, 14.969493251648363, 15.046410749099334, 15.155826344121337, 15.299034539882987, 15.476379947959638, 15.68723713521724, 15.930019423370162, 16.202216254618016, 16.5004578824896, 16.82060533151837, 17.157862825241107, 17.5069092199143, 17.862044430683238, 18.217346412545865, 18.56683396287586, 18.90463046989336, 19.225123730204565, 19.52311711466222, 19.7939676457715, 16.5336418331854, 16.643124445765718, 16.71832730930779, 16.757806846293704, 16.760994527829084, 16.728197751879573, 16.660574987087557, 16.56008621761644, 16.429420479603287, 16.27190296995021, 16.09138482317439, 15.892119164535043, 15.678627442887908, 15.455560322114355, 15.227557543603838, 14.999111172687613, 14.774436497012577, 14.55735457921378, 14.35119006077155, 14.158687309931503, 13.98194740090209, 13.822387729139571, 13.680725332786723, 13.556984224170058], "test": [19.0, 19.0, 19.0, 19.0, 19.0, 19.0, 19.0, 19.0, 19.0, 19.0, 19.0, 19.8, 20.0, 20.0, 20.0, 20.0, 20.0, 20.0, 20.0, 20.0, 20.0, 20.0, 20.0, 19.2, 19.0, 19.0, 19.0, 19.0, 19.0, 19.0, 19.0, 19.0, 19.0, 19.0, 19.0, 19.0, 19.4, 20.0, 20.0, 20.0, 20.0, 20.0, 19.8, 18.6, 20.0, 19.6, 20.0, 20.0, 20.0, 19.8, 19.0, 18.8, 11.8, 12.9, 5.6, 8.6, 8.6, 11.0, 11.0, 10.8, 10.600000000000001, 11.0, 12.8, 13.0, 13.0, 13.8, 14.6, 14.0, 14.399999999999999, 16.2, 19.0, 18.6, 17.0, 16.8, 15.4, 15.8, 17.0, 17.8, 18.4, 18.2, 15.2, 14.0, 13.8, 13.0, 13.0, 13.0, 11.8, 13.2, 13.0, 12.4, 13.4, 12.6, 11.6, 10.0, 11.8, 13.0, 11.6, 13.0, 13.4, 15.4, 17.0, 17.0, 16.6, 16.0, 16.4, 14.2, 11.8, 10.2, 9.0, 10.0, 10.0, 11.0, 14.399999999999999, 16.4, 17.0, 17.0, 18.0, 18.0, 17.8, 17.0, 18.8, 19.6, 20.0, 19.4, 19.0, 19.8, 20.0, 20.0, 20.0, 19.0, 17.4, 17.0, 17.2, 18.0, 19.2, 20.0, 17.8, 16.6, 17.0, 16.2, 16.0, 16.0, 16.6, 17.0]}