{"day": 0, "month": 10, "station_id": 331, "predict": [30.0, 30.0, 30.0, 30.0, 30.0, 30.0, 30.0, 29.95567034847407, 29.830036840416078, 29.68715693270068, 29.529630570711355, 29.360765290076646, 29.184452073705586, 29.005014935884525, 28.827039126639132, 28.655183625634734, 28.493984200909452, 28.34765370392205, 28.219886471979457, 28.11367367471839, 28.031136195217595, 27.97338117605463, 27.940387696073106, 27.930926197060415, 30.0, 30.0, 30.0, 30.0, 30.0, 30.0, 30.0, 30.0, 30.0, 30.0, 30.0, 30.0, 30.0, 30.0, 29.977792192297382, 29.50786768452051, 28.950109819268253, 28.304428772600353, 27.572578363335587, 26.758177417020473, 25.8666822969284, 24.905310555413468, 23.882917033928212, 22.80982514637484, 24.110862786242347, 23.02449412395229, 21.92212956812798, 20.81720579109841, 19.72334088630455, 18.65402362957133, 17.622304004864297, 16.64049339270776, 15.71988263085158, 14.870485663451484, 14.10081582796018, 13.41770093025292, 12.82614217917041, 12.329220843165315, 11.928055148800858, 11.621808534776132, 11.407748924954674, 11.281357257757277, 11.236482112926613, 11.265535987879668, 11.359727601672624, 11.509323603295522, 11.703932241258524, 11.932800956652388, 6.462013573979425, 6.672989464193221, 6.882460733326863, 7.08106498024221, 7.260557443350401, 7.414018750039785, 7.536021655304888, 7.622752381222119, 7.672083502365622, 7.683596729049, 7.658555397886034, 7.59982792588324, 7.511764896042087, 7.400033763498338, 7.271416371432143, 7.133575508581223, 6.99479759307302, 6.863719208682811, 6.7490456338152125, 6.6592696704561, 6.602399008058234, 6.585700042829618, 6.615465523076605, 6.696812635657436, 6.136677466168018, 6.3709672488158, 6.662063278834948, 7.009411551915514, 7.410925018184253, 7.863032558248251, 8.360771058997742, 8.897917457421038, 9.467156462660537, 10.06027865739172, 10.668402827186748, 11.28221570663495, 11.89222188388228, 12.488996387841482, 13.063432468310424, 13.60697732094072, 14.111848943645816, 14.571227955595011, 14.979419043455627, 15.331977670315398, 15.625798790926105, 15.859165504714715, 16.031756823904278, 16.14461498692827, 23.62083050663378, 23.750121783634953, 23.8333952685105, 23.87621042168422, 23.88476478346557, 23.86569008965722, 23.82584099233259, 23.772083116078385, 23.71108711138665, 23.64913509380119, 23.591945381510442, 23.544520787610374, 23.51102490256741, 23.494689849889326, 23.49775793822004, 23.521458506549557, 23.56602009447328, 23.6307169135377, 23.71394747098814, 23.813342158481944, 23.925895678050473, 24.04811938042561, 24.17620795778116, 24.30621447816404], "test": [30.0, 30.0, 30.0, 30.0, 30.0, 30.0, 30.0, 30.0, 30.0, 30.0, 30.0, 30.0, 30.0, 30.0, 30.0, 30.0, 30.0, 30.0, 30.0, 30.0, 30.0, 30.0, 30.0, 30.0, 30.0, 30.0, 30.0, 30.0, 30.0, 30.0, 30.0, 30.0, 30.0, 30.0, 30.0, 30.0, 30.0, 30.0, 30.0, 30.0, 30.0, 30.0, 29.2, 28.4, 24.8, 22.8, 20.8, 17.0, 12.6, 8.0, 3.6, 2.6, 16.2, 15.600000000000001, 12.4, 10.2, 8.8, 6.6, 4.6, 6.0, 4.2, 4.4, 5.0, 5.0, 4.6, 4.0, 4.0, 4.0, 4.0, 3.7999999999999994, 3.0, 3.0, 1.6, 2.4, 4.0, 3.4, 4.0, 4.8, 1.8, 2.2, 2.0, 2.0, 4.0, 4.6, 4.2, 5.0, 4.2, 4.6, 5.6, 5.4, 6.0, 6.8, 9.0, 8.2, 8.8, 10.0, 10.6, 11.4, 11.0, 10.4, 12.8, 13.6, 14.0, 16.4, 18.8, 22.2, 23.2, 27.6, 29.2, 29.4, 29.8, 29.0, 29.8, 30.0, 30.0, 30.0, 30.0, 29.0, 29.6, 29.2, 29.4, 30.0, 30.0, 30.0, 30.0, 30.0, 30.0, 29.2, 28.2, 28.2, 28.0, 28.2, 29.0, 29.0, 29.0, 29.0, 29.0, 29.0, 29.8, 29.2, 29.0, 29.0, 29.0, 29.0]}