{"day": 4, "month": 4, "station_id": 64, "predict": [17.153370688551124, 17.328396957874208, 17.478218761241585, 17.605136672853142, 17.711914745628814, 17.801723655886946, 17.878071555045423, 17.944724158813116, 18.005615945269064, 18.06475463221291, 18.126121339962893, 18.19356901980203, 18.27072183024401, 18.36087817189036, 18.466920040250848, 18.591231232686624, 18.735626745077525, 18.901295427058535, 19.08875763333372, 19.29783922888826, 19.527662878759315, 19.776657096271748, 20.042583053403046, 20.322578671425468, 24.035870490380226, 24.341329130243942, 24.65022838269693, 24.958186671074458, 25.0, 25.0, 25.0, 25.0, 25.0, 25.0, 25.0, 25.0, 25.0, 25.0, 25.0, 25.0, 25.0, 25.0, 25.0, 25.0, 25.0, 25.0, 25.0, 25.0, 22.48211302014418, 22.125953797484033, 21.76589113516606, 21.40662669318733, 21.05263565076595, 20.708068116040977, 20.37666060307156, 20.06165977770105, 19.765760321062096, 19.491058350755345, 19.23902138938015, 19.010475411789077, 18.805609017259105, 18.623994306465814, 18.464623583986008, 18.325960587283898, 18.20600455682931, 18.102365136368785, 18.012345824925564, 17.933033503171487, 17.861391433884183, 17.794353086548124, 17.728914168168085, 17.662220342272466, 14.603499800860256, 14.537937866487638, 14.466174861572556, 14.386023944732141, 14.295750053741543, 14.194106827075961, 14.080358707153016, 13.954288036878667, 13.816187398502988, 13.666837871761997, 13.507474279105985, 13.339738844764767, 13.16562499692945, 12.987413290710265, 12.807601610160765, 12.62883191796645, 12.453815864531151, 12.285261531915435, 12.125803490460425, 11.97793817363947, 11.843966353317972, 11.725944218638615, 11.625644240186626, 11.544526653104596, 6.7399386925334, 6.688050920887341, 6.655836226929444, 6.643214938696549, 6.64988795182941, 6.675369168492669, 6.719022215937928, 6.78009985431239, 6.857784424396937, 6.951227676898415, 7.059588377492296, 7.18206619347173, 7.317930522952383, 7.466543141136612, 7.6273737791173986, 7.800008031802036, 7.984147288075556, 8.179600686333451, 8.386269411453268, 8.604123945556765, 8.833175170487678, 9.073440464558312, 9.324906154671897, 9.587487844490909, 5.546431890678232, 5.778083560245402, 6.021666891653231, 6.2762646579003265, 6.540691202360654, 6.813480115229095, 7.092880698327177, 7.376863910465523, 7.663138180642072, 7.949175157395475, 8.232245128881473, 8.50946151506157, 8.777833513937436, 9.03432567830548, 9.27592293217685, 9.499699303085569, 9.702888468976804, 9.882954085184291, 10.037657796838007, 10.165122832183297, 10.263891137003228, 10.332972135722635, 10.371881387466916, 10.380667651581016], "test": [25.0, 25.0, 25.0, 25.0, 25.0, 25.0, 25.0, 25.0, 25.0, 25.0, 25.0, 24.4, 24.0, 24.0, 24.0, 24.0, 24.0, 24.0, 24.0, 24.0, 24.0, 24.0, 24.0, 24.0, 24.0, 24.0, 24.0, 24.0, 24.0, 24.0, 24.0, 24.0, 24.0, 24.0, 24.0, 24.0, 24.0, 24.0, 24.0, 24.0, 23.6, 22.0, 21.6, 20.2, 19.4, 18.2, 18.6, 18.0, 17.2, 16.2, 17.4, 18.2, 20.0, 18.0, 13.8, 14.000000000000002, 13.4, 13.4, 12.0, 12.0, 12.6, 12.0, 9.8, 9.0, 8.0, 8.0, 8.0, 8.0, 8.0, 8.0, 8.0, 6.6000000000000005, 4.2, 2.8, 1.8000000000000003, 0.8, 2.2, 1.6, 2.0, 3.6000000000000005, 3.8, 3.8, 3.4000000000000004, 3.6000000000000005, 3.2, 1.0, 1.0, 0.0, 0.2, 1.0, 1.0, 1.0, 1.0, 1.8000000000000003, 2.2, 3.6000000000000005, 4.0, 5.4, 6.4, 7.8, 8.2, 7.000000000000001, 6.6000000000000005, 8.6, 8.4, 7.200000000000001, 3.4000000000000004, 3.6000000000000005, 3.0, 0.2, 0.2, 0.0, 0.0, 0.0, 0.0, 0.0, 0.0, 0.6, 1.2, 1.0, 1.4, 2.0, 2.0, 1.8000000000000003, 14.800000000000002, 20.4, 21.0, 21.0, 21.0, 21.0, 21.0, 21.0, 19.4, 19.0, 19.6, 20.0, 20.0, 20.0, 20.0, 20.0, 19.8, 19.0, 19.0, 19.0]}