{"day": 2, "month": 2, "station_id": 374, "predict": [11.717208742331703, 11.620436995107534, 11.548410426468106, 11.497376653186324, 11.463022987024756, 11.440624494536676, 11.425209077379169, 11.411734389622822, 11.39527094813548, 11.371185505486629, 11.335318656413842, 11.284150738391762, 11.21495036695208, 11.125900410780044, 11.016196839884765, 10.886116667074159, 10.73705211373467, 10.57150914300294, 10.393069590608084, 10.206317245163705, 10.016729355380509, 9.830536140677303, 9.654551911321256, 9.49598234038486, 14.921781521432212, 14.898036390940097, 14.915587681340577, 14.981303403605779, 15.101276100763267, 15.280612591294428, 15.523246142083421, 15.831777001620454, 16.207346477931722, 16.64954884840617, 17.156384345125478, 17.72425532016636, 18.34800646630885, 19.021008726304103, 19.735285252233176, 20.481676561320164, 21.250040885240175, 22.0294846530791, 22.808617160164346, 23.575822711073194, 24.319542983362407, 25.028561996048925, 25.69228593971914, 26.301010200534513, 25.32525934559719, 25.74292690895175, 26.08928003970156, 26.360478520564712, 26.554360597272765, 26.670507140628708, 26.710261347633036, 26.676703239624782, 26.574579456278087, 26.410190080656776, 26.19123541842501, 25.926626760677077, 25.626266152174598, 25.300801041463284, 24.96136037069926, 24.619279170230516, 24.285819016396673, 23.971891808838848, 23.687794205487762, 23.442959726595998, 23.24573502314754, 23.103186098960602, 23.020939417648087, 23.003061826872656, 25.36394802793592, 25.414647805474008, 25.53376288423992, 25.71978581820017, 25.969609813080645, 26.278639428156257, 26.640938062744045, 27.049407635647974, 27.495995026754823, 27.97191916116957, 28.467912128225745, 28.97446741265296, 29.482088227509387, 29.981529035151432, 30.464023646538607, 30.92149378958468, 31.346732691706308, 31.733559044344346, 32.07693765603888, 32.373064139033175, 32.61941207635937, 32.814742248511344, 32.95907462859455, 33.053624948163915, 33.38052395619416, 33.42882023903796, 33.44363669858297, 33.42885708696973, 33.38871997300118, 33.32765642297947, 33.25012864026807, 33.16047474957657, 33.06276460946062, 32.96067108447438, 32.85736062525139, 32.75540630519879, 32.65672567363359, 32.56254492797509, 32.47339001705737, 32.389104385944144, 32.30889218781288, 32.231384957967784, 32.15472898168875, 32.07668992568905, 31.994770757622923, 31.90633857143919, 31.80875566799324, 31.699510140280278, 21.30073372659757, 21.053301236207204, 20.784695396419064, 20.493619399106954, 20.17949901223258, 19.842525842931188, 19.48367322642651, 19.104684140199296, 18.708031489759307, 18.296852034250314, 17.874856110279545, 17.446216133203993, 17.015437573131663, 16.58721670475229, 16.166289900879878, 15.757279544095372, 15.364541771414016, 14.992021255889675, 14.643118020670007, 14.320570929194083, 14.026361987274706, 13.761644935794942, 13.526700848942886, 13.320922596651474], "test": [19.0, 19.0, 19.0, 19.0, 19.0, 19.0, 19.0, 19.0, 19.0, 19.0, 19.0, 19.0, 19.0, 19.0, 19.0, 19.0, 19.0, 19.0, 19.0, 19.0, 19.0, 19.0, 19.0, 19.0, 19.0, 19.0, 19.0, 19.0, 19.0, 19.0, 19.0, 19.0, 19.0, 19.0, 19.0, 19.0, 19.0, 19.0, 19.8, 21.0, 20.0, 20.0, 22.200000000000003, 23.6, 25.8, 26.4, 28.0, 28.6, 31.799999999999997, 33.0, 33.0, 32.8, 33.0, 33.0, 33.0, 33.0, 33.0, 33.0, 33.0, 33.0, 32.8, 33.0, 33.0, 33.0, 33.0, 33.0, 33.0, 32.8, 33.0, 33.0, 32.6, 32.0, 32.0, 32.0, 32.0, 32.0, 32.0, 32.0, 32.0, 32.0, 31.200000000000003, 32.0, 31.4, 31.0, 31.0, 29.2, 27.6, 27.0, 26.4, 24.6, 24.0, 23.6, 23.0, 23.0, 22.200000000000003, 21.6, 19.4, 14.8, 10.6, 8.2, 4.4, 0.2, 19.950000000000003, 0.0, 0.0, 20.25, 22.0, 19.4, 21.3, 21.6, 21.799999999999997, 19.6, 19.75, 19.05, 20.3, 20.4, 0.0, 0.0, 0.0, 0.0, 0.0, 0.0, 0.0, 0.0, 0.2, 0.0, 0.0, 0.0, 0.0, 0.0, 0.0, 0.0, 0.0, 0.0, 0.0, 0.0, 0.0, 0.0, 0.0, 0.0, 0.0, 0.0, 0.0, 0.0]}