{"day": 5, "month": 3, "station_id": 541, "predict": [28.0, 28.0, 28.0, 28.0, 28.0, 28.0, 28.0, 28.0, 28.0, 28.0, 28.0, 28.0, 28.0, 28.0, 28.0, 28.0, 28.0, 28.0, 28.0, 28.0, 28.0, 28.0, 28.0, 28.0, 28.0, 28.0, 28.0, 28.0, 28.0, 28.0, 28.0, 28.0, 28.0, 28.0, 28.0, 28.0, 28.0, 28.0, 28.0, 28.0, 28.0, 28.0, 27.783021504962512, 27.373171663685635, 26.913301109289282, 26.406009642105687, 25.854860244155663, 25.26431944262589, 26.233402758183185, 25.689205072519997, 25.12632458613707, 24.551852199832865, 23.97316693866292, 23.39777478462206, 22.833143991132456, 22.286541282834353, 21.76487333489504, 21.274537782387906, 20.821287735023834, 20.410113406269012, 20.045143964543183, 19.72957215798794, 19.46560360455379, 19.25443195164656, 19.096240367893262, 18.990229091081027, 18.934668022092303, 18.92697264957833, 18.96380094288063, 19.041168268987022, 19.15457689876438, 19.299156277686635, 21.110871588830456, 21.30542016227095, 21.517274374242927, 21.741870416038026, 21.97495808851239, 22.2127115764933, 22.45182420700924, 22.68958466237671, 22.923932696422007, 23.15349302655703, 23.377586742321267, 23.596220244958936, 23.810052405779466, 24.020341278852555, 24.228872302956443, 24.437870470525823, 24.649899397903482, 24.867750604839895, 25.09432657315801, 25.332521315445184, 25.58510222548031, 25.85459691062659, 26.14318852294341, 26.452622816207352, 25.60294071150205, 25.89334854122287, 26.210016971277913, 26.552522469480028, 26.91970807841868, 27.309702662825707, 27.719962346708463, 28.0, 28.0, 28.0, 28.0, 28.0, 28.0, 28.0, 28.0, 28.0, 28.0, 28.0, 28.0, 28.0, 28.0, 28.0, 28.0, 28.0, 27.635269524897517, 27.65633421055302, 27.655285732140392, 27.63492104199279, 27.598340453557338, 27.548848054592632, 27.489847620916823, 27.424737349107048, 27.356806743659615, 27.289138900620053, 27.22452124041052, 27.165367450829326, 27.113653026753052, 27.070866342636776, 27.03797668330157, 27.015420103129586, 27.003103402656116, 27.000425922051498, 27.00631827203093, 27.019296571626253, 27.03753026010984, 27.058921107010168, 27.08119068007601, 27.101973253656777], "test": [24.0, 24.0, 25.8, 27.0, 27.0, 27.0, 27.0, 27.0, 27.0, 27.0, 27.0, 27.0, 27.0, 27.0, 27.0, 27.0, 27.0, 27.0, 27.0, 27.0, 27.0, 27.0, 27.0, 27.0, 27.0, 27.0, 27.0, 27.0, 27.0, 27.0, 27.0, 27.0, 27.0, 27.0, 27.0, 27.0, 27.0, 27.0, 27.0, 27.0, 27.0, 27.0, 27.0, 27.0, 27.0, 27.0, 27.0, 27.0, 27.0, 27.0, 27.0, 27.0, 27.0, 26.4, 26.0, 26.0, 26.8, 27.0, 27.0, 27.0, 27.0, 26.2, 26.0, 26.0, 26.0, 26.2, 26.4, 24.0, 24.0, 26.6, 27.0, 26.4, 26.0, 27.0, 27.0, 27.0, 27.2, 27.0, 25.6, 24.0, 24.0, 23.8, 25.8, 24.4, 24.0, 24.0, 24.0, 24.4, 25.0, 25.6, 28.0, 28.0, 26.0, 26.0, 24.2, 24.2, 23.0, 23.0, 27.0, 28.0, 27.4, 27.0, 27.0, 27.0, 27.2, 27.2, 24.8, 19.4, 20.0, 19.2, 19.0, 19.6, 20.0, 19.6, 17.0, 15.0, 14.0, 14.600000000000001, 14.2, 12.0, 12.0, 12.0, 12.0, 12.0, 12.0, 12.0, 12.0, 12.0, 12.0, 12.0, 12.0, 11.2, 11.0, 11.0, 11.0, 11.2, 12.0, 12.0, 12.0, 12.0, 12.0, 12.0, 12.0, 13.8]}