{"day": 5, "month": 11, "station_id": 340, "predict": [14.47992372999945, 14.471336791747479, 14.459047136047745, 14.44369538413694, 14.426137714278479, 14.407411543362201, 14.388691386682257, 14.371236317724126, 14.35633077237538, 14.345220711088238, 14.339047357590909, 14.338780867958901, 14.345156342525499, 14.358614574369778, 14.37924982844062, 14.406766772754443, 14.440448433772023, 14.479136739274018, 14.521226842008627, 14.564676005307215, 14.607027387948486, 14.645448598736172, 14.676784422698507, 14.697622661352607, 15.507708009863492, 15.505096679597644, 15.479683881478792, 15.427965594446944, 15.346654615642546, 15.23277975099709, 15.083781305036222, 14.897600027707913, 14.672756798465315, 14.408420530109751, 14.104462057451775, 13.761492127922256, 13.380882025646732, 12.964765816512108, 12.516023707458523, 12.038246526841059, 11.535681859832115, 11.013162896688964, 10.476021536492022, 9.92998775142325, 9.3810776198347, 8.835472776567958, 8.299394288632817, 7.778974159218892, 5.224850540109283, 4.727593450701435, 4.259837870945801, 3.8261661771742483, 3.4305600285602207, 3.0763207931432364, 2.766006349635971, 2.501385918937917, 2.283414100519108, 2.1122247679574846, 1.9871449383705313, 1.9067281928284627, 1.8688066906352052, 1.870560317252946, 1.9086010442566304, 1.97907016792142, 2.0777457509493704, 2.2001573248107293, 2.341704724405157, 2.4977778308022405, 2.6638739928059723, 2.8357099831094654, 3.0093255192703543, 3.1811756357664684, 5.355940327832467, 5.515858482802267, 5.669617393262612, 5.816134572646018, 5.954881815428314, 6.085876003773967, 6.209654239443164, 6.327234244850347, 6.440061385430962, 6.549944030735038, 6.6589792853964624, 6.769471374266438, 6.883845147419488, 7.0045572863043075, 7.1340078247297924, 7.274454560261112, 7.427932817016958, 7.596182836996087, 7.780586825509242, 7.982117374342787, 8.20129863343542, 8.43818120923012, 8.692331361519397, 8.962834638707404, 8.194672788998183, 8.504611478430398, 8.826453321482475, 9.157295875066973, 9.493963981799437, 9.833089437299492, 10.171195455541099, 10.504783430956167, 10.830419453133931, 11.144818079982038, 11.44492098545249, 11.727968287132834, 11.99156060448377, 12.233710209258227, 12.452879975437966, 12.64800922227292, 12.818525953008539, 12.964345406500973, 13.08585525557428, 13.18388818194806, 13.259682929527992, 13.314835266869437, 13.35124057513488, 13.371029999875132, 11.723973317814139, 11.728202395213222, 11.721496809520964, 11.70597171026668, 11.683696896639333, 11.656642136994524, 11.626628489885954, 11.595286986299579, 11.5640257595105, 11.53400640364625, 11.506130015713019, 11.481033039540078, 11.459092693007523, 11.440441435278753, 11.42498962922527, 11.412455281239463, 11.402399511458428, 11.394266225744982, 11.387424329950358, 11.381210757332902, 11.374972569584994, 11.368106439430468, 11.360093931863688, 11.350531163097628], "test": [14.0, 14.0, 14.0, 14.0, 14.8, 15.0, 15.0, 15.0, 15.0, 15.0, 15.0, 15.0, 15.0, 15.0, 15.0, 15.8, 15.6, 15.6, 16.0, 16.0, 16.0, 16.0, 16.0, 16.0, 16.0, 12.0, 10.0, 10.0, 10.0, 10.0, 10.0, 9.0, 9.0, 9.0, 9.0, 9.0, 9.0, 9.0, 9.0, 9.0, 9.0, 9.0, 9.0, 9.0, 9.0, 9.0, 9.0, 9.0, 9.0, 9.0, 9.0, 9.0, 9.0, 9.0, 9.0, 9.0, 9.0, 8.2, 7.6, 6.8, 7.0, 7.0, 7.0, 7.0, 6.6, 4.4, 5.0, 5.0, 5.0, 5.0, 5.0, 4.6, 3.6, 3.6, 6.0, 6.4, 7.0, 7.0, 6.8, 6.0, 5.2, 4.0, 4.0, 4.8, 5.0, 5.0, 5.0, 5.0, 4.8, 3.0, 3.0, 3.0, 3.0, 2.8, 3.0, 3.8, 4.0, 6.0, 6.4, 6.0, 6.0, 6.0, 6.0, 6.0, 5.8, 5.0, 5.0, 6.0, 6.4, 7.0, 6.0, 7.6, 8.0, 8.2, 10.0, 10.0, 10.0, 11.6, 13.4, 14.2, 15.0, 15.0, 14.6, 14.0, 14.6, 15.0, 15.0, 15.0, 15.2, 16.0, 16.0, 16.0, 16.0, 16.0, 16.0, 16.0, 15.6, 15.0, 15.0, 15.0, 15.0, 15.0, 15.0, 15.0]}