{"day": 6, "month": 6, "station_id": 48, "predict": [13.67610929910216, 13.5694166312136, 13.444794127772525, 13.301824366006082, 13.140859462023052, 12.963031149160736, 12.770229817137471, 12.56505276251983, 12.350722957871316, 12.130980677726217, 11.909951274777516, 11.691993265400479, 11.481531616164126, 11.282881704404142, 11.100069840268812, 10.9366564602699, 10.795568132849606, 10.678944349720725, 10.588004715412563, 10.522941595337656, 10.48284257306009, 10.465646196829656, 10.468133507364344, 10.48595675636285, 11.423326946249187, 11.458209436847058, 11.48918790677675, 11.508387866055827, 11.507490070301609, 11.477949051473177, 11.411227259048834, 11.299038284440691, 11.133592236474149, 10.907836126573267, 10.615682129582726, 10.252216805350173, 9.81388479643536, 9.298641140078539, 8.706067145470282, 8.037445757435682, 7.295793420314123, 6.485846670837768, 5.614002945491674, 4.688216391631602, 3.7178507576809814, 2.7134926907452908, 1.6867299126641082, 0.6498997996879474, 2.3087936206618704, 1.298129830195474, 0.31322557512060006, 0.0, 0.0, 0.0, 0.0, 0.0, 0.0, 0.0, 0.0, 0.0, 0.0, 0.0, 0.0, 0.0, 0.0, 0.0, 0.0, 0.0, 0.0, 0.0, 0.0, 0.0, 6.533769525119492, 6.867634608717707, 7.173353950988106, 7.4446494514968125, 7.676633850641257, 7.865913365092259, 8.01064796805861, 8.110568075052651, 8.16694763363921, 8.182534841200061, 8.161442903247798, 8.109004349855134, 8.03159342939749, 7.936421959774137, 7.831314719060904, 7.724470977252228, 7.6242190952731566, 7.538771240172859, 7.47598518382028, 7.44313986351003, 7.44673091409584, 7.492291721870839, 7.584244749709986, 7.725786941099397, 14.45626854118477, 14.743146488463344, 15.080190423930095, 15.465705101616994, 15.896734978756328, 16.369164976168705, 16.877852649742366, 17.416787325518957, 17.97927101670746, 18.558115383675368, 19.14584859891203, 19.73492579783482, 20.31793677699963, 20.88780480360334, 21.43797076424396, 21.962557426181622, 22.45650927845806, 22.91570424542227, 23.33703449624079, 23.718454565745294, 24.05899605680855, 24.358749232072967, 24.618812844546085, 24.84121451932852, 25.0, 25.0, 25.0, 25.0, 25.0, 25.0, 25.0, 25.0, 25.0, 25.0, 25.0, 25.0, 25.0, 25.0, 25.0, 25.0, 25.0, 25.0, 25.0, 25.0, 25.0, 25.0, 25.0, 25.0], "test": [14.000000000000002, 14.000000000000002, 14.000000000000002, 14.000000000000002, 14.000000000000002, 14.000000000000002, 14.000000000000002, 14.000000000000002, 14.000000000000002, 14.000000000000002, 14.400000000000002, 15.0, 15.0, 14.6, 15.0, 15.0, 15.0, 15.0, 15.0, 15.0, 15.0, 15.0, 15.0, 15.0, 15.0, 15.0, 15.0, 15.0, 15.0, 15.0, 15.0, 15.0, 15.0, 15.0, 15.0, 15.0, 15.0, 15.0, 15.0, 15.0, 15.0, 15.0, 15.0, 15.0, 15.0, 15.0, 15.0, 15.0, 16.6, 18.0, 17.4, 17.0, 17.0, 18.8, 19.0, 19.0, 19.0, 19.0, 19.0, 19.0, 18.6, 17.0, 16.6, 15.0, 15.0, 15.2, 13.0, 12.2, 11.0, 9.8, 10.8, 14.400000000000002, 13.4, 13.0, 15.2, 18.2, 20.0, 21.2, 22.0, 21.4, 22.0, 17.8, 14.6, 12.2, 12.8, 14.6, 16.2, 17.0, 15.6, 14.000000000000002, 15.2, 17.6, 17.2, 22.6, 23.2, 24.0, 24.0, 24.0, 24.0, 24.0, 24.0, 24.0, 24.6, 25.0, 23.4, 16.0, 15.6, 16.0, 16.2, 15.2, 18.0, 20.0, 20.2, 19.0, 18.6, 18.6, 19.6, 17.0, 16.8, 19.4, 23.0, 23.2, 25.0, 25.0, 25.0, 25.0, 25.0, 25.0, 25.0, 25.0, 25.0, 25.0, 25.0, 25.0, 25.0, 25.0, 25.0, 25.0, 25.0, 24.2, 24.0, 24.0, 24.0, 24.0]}