{"day": 4, "month": 11, "station_id": 217, "predict": [15.39802552012234, 15.438591180553086, 15.479525082382883, 15.521721710538463, 15.56583913331199, 15.612297706867942, 15.661285516714923, 15.712769930645566, 15.766514477088844, 15.822100139882382, 15.878950067891825, 15.936356645527805, 15.993509852231265, 16.0, 16.0, 16.0, 16.0, 16.0, 16.0, 16.0, 16.0, 16.0, 16.0, 16.0, 16.0, 16.0, 16.0, 16.0, 16.0, 16.0, 16.0, 16.0, 16.0, 16.0, 16.0, 16.0, 15.995593937168525, 15.849612999466224, 15.690081349260442, 15.51696454343131, 15.33032421285866, 15.130339871797776, 14.91733081387009, 14.69177713364732, 14.454338877659087, 14.205872332695495, 13.94744249231623, 13.680330820884581, 9.94119530168223, 9.630483459571753, 9.31736810856231, 9.003809030364101, 8.691914846233413, 8.383916391133864, 8.082134014469956, 7.788939299663686, 7.506711910247152, 7.237792464738807, 6.98443251998694, 6.748742896780755, 6.53264169460298, 6.33780342828727, 6.165610758523174, 6.017110286776115, 5.892973837529772, 5.793466560736412, 5.71842305559538, 5.667232539876492, 5.638833884653091, 5.631721090164337, 5.643959517986698, 5.673212911499003, 4.4516115748879805, 4.4798684662647466, 4.518198828894017, 4.5629514336950585, 4.610299502984118, 4.656323579594627, 4.697099023063207, 4.728786041301851, 4.747720050293832, 4.75050009729873, 4.7340730882351, 4.695811623822053, 4.633583376746291, 4.545810124780781, 4.43151479354124, 4.290355146576049, 4.122643086250771, 3.929348884449304, 3.712090043932791, 3.4731048771173487, 3.2152112855142656, 2.941751602554061, 2.6565247252206, 2.3637070957664807, 0.46617369530317454, 0.1328536811332386, 0.0, 0.0, 0.0, 0.0, 0.0, 0.0, 0.0, 0.0, 0.0, 0.0, 0.0, 0.0, 0.0, 0.0, 0.0, 0.0, 0.0, 0.0, 0.0, 0.0, 0.0, 0.0, 3.029278190660283, 3.2804281745170147, 3.5286612988417927, 3.7704968227626026, 4.002771575514405, 4.222695787783499, 4.427897809678244, 4.616456900520267, 4.786923608057949, 4.938327605816944, 5.070173197974102, 5.182423029203536, 5.275470846783644, 5.35010443291295, 5.407460066990693, 5.448970066551491, 5.476305102396959, 5.491313072122227, 5.4959563559129165, 5.492249259784713, 5.482197385320216, 5.467740545361, 5.4507006830796865, 5.43273605338567], "test": [14.4, 14.0, 14.0, 14.0, 14.2, 15.0, 15.0, 15.0, 15.0, 15.0, 15.0, 15.0, 15.0, 15.0, 15.0, 15.0, 15.0, 15.0, 15.0, 15.0, 15.0, 15.0, 15.0, 15.0, 15.0, 15.0, 14.2, 14.0, 14.0, 14.0, 14.0, 14.0, 14.0, 14.0, 14.0, 13.2, 13.4, 13.4, 12.6, 11.6, 11.0, 9.2, 6.2, 4.0, 2.8, 7.2, 8.2, 5.6, 8.8, 9.8, 7.0, 9.4, 12.4, 11.8, 13.2, 12.8, 13.6, 12.8, 13.2, 12.4, 9.4, 7.4, 3.4, 4.4, 4.0, 3.0, 2.2, 0.2, 0.0, 0.6, 0.4, 0.0, 1.0, 0.2, 2.4, 2.0, 0.4, 0.0, 1.4, 2.6, 1.6, 0.4, 0.4, 1.4, 1.0, 1.0, 0.8, 0.4, 0.0, 0.0, 0.2, 1.0, 1.6, 2.2, 2.4, 3.2, 3.2, 4.2, 3.0, 0.6, 0.6, 0.0, 0.2, 3.6, 0.6, 0.0, 0.2, 3.2, 2.8, 2.4, 0.4, 2.2, 5.4, 8.8, 11.8, 11.2, 12.2, 12.6, 12.8, 12.8, 12.2, 12.4, 12.0, 12.6, 12.6, 11.2, 10.4, 11.8, 12.0, 12.4, 13.0, 12.2, 12.4, 14.0, 13.0, 12.0, 12.0, 12.0, 12.0, 12.6, 12.0, 11.0, 11.0, 11.0]}