{"day": 4, "month": 8, "station_id": 17, "predict": [21.094093195104396, 21.204659565923496, 21.290156537716676, 21.346173895872134, 21.369443079771184, 21.357958018903496, 21.3110514280599, 21.22942399869489, 21.11512544340314, 20.971487906411298, 20.80301379161128, 20.61522153983022, 20.414454254612416, 20.207657294191186, 20.00213197578254, 19.805273342356273, 19.624300499082935, 19.465988318717276, 19.336409330994137, 19.240694344088404, 19.18281982215141, 19.165429248941564, 19.189694694602625, 19.255223585355996, 22.320576723795714, 22.503848411524576, 22.71841468781015, 22.957768458618144, 23.214108739475297, 23.478539868061254, 23.7413091810864, 23.992076382135963, 24.220206783510836, 24.415079802618067, 24.566403543038, 24.664526018420045, 24.70073359377402, 24.667527521534716, 24.55887002836338, 24.370392255470723, 24.099557435992466, 23.745773983161413, 23.31045462008788, 22.79701926286483, 22.210841030284247, 21.5591364432228, 20.85080253432568, 20.096205187611343, 22.306295503896422, 21.57931435697794, 20.844120493855517, 20.113844999598477, 19.40154290068797, 18.71985426242757, 18.080675995125432, 17.494853889199202, 16.971903843524764, 16.519770418988884, 16.144629767690873, 15.850742710003443, 15.640362261040984, 15.513698319411192, 15.468940552490588, 15.502338803002935, 15.608338643746176, 15.779768087105031, 16.00806994108599, 16.28357295936398, 16.595793783086457, 16.93376076727866, 17.286350132432784, 17.64262452742437, 11.13060132490984, 11.379671714198867, 11.604583102121094, 11.797927399316263, 11.953870570318742, 12.068321587911628, 12.139048008764012, 12.165734853662197, 12.149985162498412, 12.095262325756655, 12.006776022705486, 11.89131526637713, 11.75703362167138, 11.613193072565526, 11.469874235746445, 11.337661599333845, 11.227313195848588, 11.149424562100627, 11.114096989598142, 11.130619920926968, 11.20717691019793, 11.350583840595037, 11.56606711958966, 11.857088362383365, 8.377108992037133, 8.78345950577031, 9.263921676395292, 9.814317992734912, 10.428663183796502, 11.099314871619951, 11.817171986738762, 12.571914979521013, 13.352280626015787, 14.14636325018482, 14.941933414193691, 15.726764670922817, 16.488958757394347, 17.2172597208448, 17.901347837549267, 18.53210483542972, 19.10184284394629, 19.604490608228122, 20.03573183508728, 20.393091988639085, 20.67597143092065, 20.885624417153863, 21.025085091177175, 21.099043207086297, 19.257594784106022, 19.166719500625863, 19.030471183155218, 18.85808398107014, 18.659291568345168, 18.444028569925727, 18.222131685744348, 18.00304960549216, 17.795570464599606, 17.607574981690867, 17.4458225566768, 17.31577653544027, 17.221473576852997, 17.1654406561508, 17.14866172134322, 17.170594456805325, 17.229236031127165, 17.32123518065429, 17.442046533737415, 17.58612177613477, 17.7471311244935, 17.91820764935853, 18.09220630069153, 18.261969064528596], "test": [26.0, 26.0, 26.0, 25.8, 25.0, 25.0, 25.0, 26.0, 26.0, 26.0, 26.0, 26.0, 26.0, 26.0, 26.0, 26.0, 26.0, 26.0, 26.0, 26.0, 26.0, 26.0, 26.0, 26.0, 26.0, 26.0, 26.0, 26.0, 26.0, 26.0, 26.0, 26.0, 26.0, 26.0, 26.0, 26.0, 26.0, 26.0, 26.0, 26.0, 26.0, 25.8, 24.4, 23.6, 24.2, 25.0, 25.2, 25.0, 24.2, 23.4, 18.4, 15.8, 13.600000000000001, 13.600000000000001, 12.0, 10.6, 6.800000000000001, 5.8, 3.7999999999999994, 2.8, 1.8, 1.0, 1.0, 1.0, 2.0, 3.6, 6.4, 8.8, 9.0, 9.0, 9.2, 9.0, 7.8, 7.8, 9.4, 8.0, 8.0, 5.4, 4.4, 4.0, 4.4, 4.0, 5.0, 5.0, 4.0, 5.0, 6.2, 7.3999999999999995, 8.2, 6.4, 6.0, 6.0, 6.4, 5.0, 3.0, 3.0, 3.0, 4.2, 5.0, 3.4000000000000004, 4.0, 5.2, 6.4, 8.6, 9.2, 10.0, 12.8, 13.0, 14.2, 14.4, 17.4, 19.8, 22.0, 20.6, 21.2, 22.0, 22.8, 22.6, 24.0, 24.8, 25.4, 25.0, 25.6, 26.0, 26.0, 26.0, 25.0, 25.0, 25.0, 25.2, 26.0, 26.0, 26.0, 26.0, 26.0, 26.0, 26.0, 26.0, 24.4, 20.0, 20.0, 20.0, 20.0, 22.0]}