{"day": 1, "month": 9, "station_id": 361, "predict": [21.172678905429418, 21.332979483410885, 21.542340282644783, 21.798526915567933, 22.097242034416215, 22.432286391094316, 22.795797909308153, 23.178560760014413, 23.57037399223455, 23.960467153972147, 24.337948633252733, 24.692271200536684, 25.01369849008398, 25.293755932244313, 25.52564998039781, 25.704640319426694, 25.828351098245097, 25.89700906403859, 25.91359869331042, 25.883927009855565, 25.81659361071188, 25.722864441905887, 25.61645096429253, 25.51319943571772, 12.709511059250737, 12.58408262397491, 12.518527751282143, 12.531735745283596, 12.642257325077694, 12.867719905500037, 13.224249167081272, 13.725914984010366, 14.384219350198556, 15.207642969141078, 16.201265659810613, 17.366473756874893, 18.70076524507434, 20.197660613119968, 21.846724341715724, 23.633698714267663, 25.540748297269843, 27.546810121234817, 29.628041397370456, 31.758353576992135, 33.910018898471435, 36.05433319945428, 38.16231698027283, 40.20543529353569, 36.251593815986574, 38.10614048096546, 39.814393906750986, 41.35541252105638, 42.71207628186135, 43.87152530217958, 44.8254863945147, 45.570477526319436, 46.10788357479006, 46.44390042822567, 46.589348199246906, 46.55935807039857, 46.37294090792667, 46.052449189110234, 45.622946880831755, 45.111504580473195, 44.54643942005013, 43.95652087094044, 43.370164608543995, 42.81463699234854, 42.315292469159495, 41.894865289522734, 41.57283543689844, 41.364886559457496, 44.28115669587934, 44.359597066594795, 44.57201292992, 44.91569949944435, 45.38326058550923, 45.96282284019959, 46.638375436611746, 47.39022535881391, 48.19555522127944, 49.02906764811702, 49.86369784790405, 50.67137412343689, 51.42380477847771, 52.09326921947433, 52.65339101995545, 53.079871342217906, 53.3511623462668, 53.44906203544287, 53.35921433354616, 53.07150099570448, 52.58031512693835, 51.88470952659052, 50.988416712575315, 49.89974116722469, 49.39658881385922, 47.880900888965876, 46.21892482311193, 44.43449089817141, 42.55381049891361, 40.604785247249005, 38.61628016993759, 36.61738192240174, 34.63666329290084, 32.70147474043185, 30.83728270209938, 29.067072786337423, 27.41083382568602, 25.88513617220248, 24.502814671164337, 23.272763512813427, 22.199846730746245, 21.28492465918313, 20.52499316283009, 19.913429171469968, 19.440332936995993, 19.09295469017252, 18.856191012385857, 18.713134369043075, 14.551699122361295, 14.609441698329483, 14.704359145289235, 14.817154649330902, 14.929718439339558, 15.025637302469374, 15.090632311156996, 15.112912586496384, 15.083435771369299, 14.996069006114144, 14.84764747586214, 14.637930939710273, 14.369461936857766, 14.047332510713987, 13.678869187553776, 13.273248488527772, 12.841057415803192, 12.393814980108818, 11.94347199168156, 11.501906866597405, 11.08043519639764, 10.68935021765074, 10.337510159209513, 10.031986768371677], "test": [8.0, 8.0, 8.0, 7.0, 7.0, 7.0, 7.0, 7.0, 7.0, 7.0, 7.0, 7.0, 7.0, 7.0, 7.0, 7.0, 7.0, 7.0, 7.0, 7.0, 7.0, 7.0, 7.0, 7.0, 7.0, 7.0, 7.0, 7.0, 7.0, 7.0, 7.0, 7.0, 7.0, 7.0, 7.0, 7.0, 7.0, 7.0, 7.0, 7.4, 8.8, 10.8, 23.0, 26.6, 28.200000000000003, 29.799999999999997, 29.2, 28.200000000000003, 34.0, 40.2, 47.2, 51.0, 53.0, 53.0, 53.0, 52.4, 43.8, 41.2, 31.8, 34.6, 37.2, 43.2, 45.8, 47.4, 49.4, 52.4, 53.0, 53.0, 53.0, 53.0, 53.0, 53.0, 53.0, 53.0, 53.0, 53.0, 53.0, 53.0, 53.0, 53.0, 53.0, 53.0, 53.0, 53.0, 53.0, 53.0, 53.0, 53.0, 53.0, 53.0, 53.0, 53.0, 53.0, 53.0, 53.2, 55.00000000000001, 55.00000000000001, 55.00000000000001, 52.2, 45.6, 34.4, 14.6, 9.4, 18.2, 8.0, 0.0, 4.6, 2.8, 0.0, 1.6, 0.0, 0.0, 0.6, 9.2, 8.6, 16.6, 21.0, 19.4, 16.6, 13.599999999999998, 10.2, 8.4, 4.8, 0.6, 0.0, 0.0, 0.0, 0.0, 0.0, 0.0, 0.0, 0.0, 0.0, 0.0, 0.0, 0.0, 0.0, 0.0, 0.0, 0.0, 0.0, 0.0, 0.0, 0.0]}