{"day": 0, "month": 11, "station_id": 12, "predict": [49.0, 49.0, 49.0, 49.0, 49.0, 49.0, 49.0, 49.0, 49.0, 49.0, 49.0, 49.0, 49.0, 49.0, 49.0, 49.0, 49.0, 49.0, 49.0, 49.0, 49.0, 49.0, 49.0, 49.0, 49.0, 49.0, 49.0, 49.0, 49.0, 49.0, 49.0, 49.0, 49.0, 49.0, 49.0, 49.0, 49.0, 49.0, 49.0, 49.0, 49.0, 49.0, 49.0, 49.0, 49.0, 49.0, 49.0, 49.0, 48.776021873343424, 47.9349975023771, 47.018494857609525, 46.031892260599435, 44.981736603921426, 43.87562426048718, 42.722059840627274, 41.530296475284544, 40.310161768718594, 39.07187389117804, 37.825852488233956, 36.58252916461303, 35.352162220564225, 34.14466016303702, 32.96941816551272, 31.835171259360237, 30.749867485186133, 29.720563639768944, 28.753345574698148, 27.85327428376399, 27.024358274816322, 26.269551966437692, 25.590779145111508, 24.98897981234347, 10.370247302581884, 9.855104847865084, 9.419678928708313, 9.06017305747686, 8.772299200571219, 8.551442328396881, 8.39282265722483, 8.291650746585312, 8.243270946524273, 8.243289168113526, 8.287681533540356, 8.372881147582863, 8.495840987326373, 8.654071718771485, 8.845654075077544, 9.069226268818552, 9.323947709677057, 9.609441055085625, 9.925715295082009, 10.273073162149176, 10.652006619189011, 11.063084530787894, 11.506836826640685, 11.98363953262746, 5.833115337042822, 6.320473469888962, 6.835967824702386, 7.3776759505344, 7.943231509008644, 8.529803790008158, 9.134095715804659, 9.752360793998427, 10.380438817218218, 11.013809461284954, 11.647662287603639, 12.276981097015762, 12.896640047531926, 13.501508546825491, 14.086561573885888, 14.646991886767236, 15.17832045287766, 15.67650145811668, 16.138018394187274, 16.559967959495978, 16.94012887830106, 17.27701319270948, 17.569898124919927, 17.81883720155431, 23.546773606211698, 23.7335703836112, 23.87724442888745, 23.981177837204243, 24.049323835974494, 24.08608814800005, 24.096198238429633, 24.08456433429101, 24.056136383560265, 24.015761276891208, 23.968044671800055, 23.917221640139964, 23.867040112490063, 23.820660713748467, 23.780576093194632, 23.748552262613384, 23.725593779171977, 23.71193387459625, 23.7070498572093, 23.709703321029103, 23.718003912792092, 23.729494660230714, 23.741256170431594, 23.750026393440777], "test": [49.0, 49.0, 49.0, 49.0, 49.0, 49.0, 49.0, 49.0, 49.0, 49.0, 49.0, 49.0, 49.0, 49.0, 49.0, 49.0, 49.0, 49.0, 49.0, 49.0, 49.0, 49.0, 49.0, 49.0, 49.0, 49.0, 49.0, 49.0, 49.0, 49.0, 49.0, 49.0, 49.0, 49.0, 49.0, 49.0, 49.0, 49.0, 49.0, 49.0, 49.0, 49.0, 49.0, 49.0, 48.6, 47.0, 46.4, 44.8, 43.6, 43.0, 42.8, 40.0, 39.0, 36.8, 30.6, 24.799999999999997, 20.6, 14.8, 10.0, 8.8, 7.4, 5.4, 3.2, 1.4, 0.0, 0.0, 0.4, 0.9999999999999999, 0.0, 1.6, 0.9999999999999999, 0.9999999999999999, 1.2, 1.8000000000000003, 1.2, 1.8000000000000003, 1.9999999999999998, 0.0, 0.0, 0.0, 0.0, 0.0, 0.0, 0.9999999999999999, 0.8, 0.0, 0.6, 1.2, 2.4, 3.0, 3.2, 3.2, 4.4, 5.0, 4.2, 3.8, 5.8, 7.4, 9.0, 8.4, 10.2, 14.400000000000002, 16.2, 21.4, 23.8, 26.0, 26.999999999999996, 28.4, 29.4, 32.2, 37.2, 39.4, 37.8, 24.4, 18.2, 21.6, 22.2, 22.4, 25.6, 26.999999999999996, 26.999999999999996, 26.999999999999996, 27.599999999999998, 31.400000000000002, 32.8, 35.4, 36.0, 37.0, 38.6, 39.0, 40.0, 42.0, 43.0, 43.0, 43.4, 44.2, 46.2, 47.0, 47.0, 47.0, 48.0, 48.0, 48.0, 48.8]}