{"day": 0, "month": 8, "station_id": 214, "predict": [28.311972102454344, 28.347226994996614, 28.39685651961765, 28.460207090481955, 28.53581266750996, 28.621467627169167, 28.71433044560561, 28.811054633505226, 28.907942399689766, 29.001115700651543, 29.086698688213108, 29.161005115242403, 29.22072401337399, 29.263096935601578, 29.286080250162815, 29.288486381537858, 29.27009851475001, 29.231754072466885, 29.175393242701553, 29.104069927762218, 29.02192367473551, 28.93411240644854, 28.8467070463631, 28.766550389450778, 19.351619312897345, 19.269043796386253, 19.215298284866787, 19.197379062883186, 19.222045930860695, 19.295594493184044, 19.423632470713546, 19.610867204701425, 19.86091132139197, 20.176113111516067, 20.557417554387424, 21.004263099707476, 21.514518328584362, 22.084461497472052, 22.708804726027946, 23.38076328315888, 24.092169096264307, 24.83362626039287, 25.594705059659677, 26.364169803994535, 27.130234718128065, 27.88084120082103, 28.603949051418596, 29.287833735641748, 32.0, 32.0, 32.0, 32.0, 32.0, 32.0, 32.0, 32.0, 32.0, 32.0, 32.0, 32.0, 32.0, 32.0, 32.0, 32.0, 32.0, 32.0, 32.0, 31.73123308242448, 31.362963370763378, 31.035131724726902, 30.7570610463296, 30.536537709348927, 27.415037952145664, 27.32107913623375, 27.29679344064421, 27.342445069070966, 27.456347702753366, 27.63492999854681, 27.872851642366133, 28.163166528782092, 28.497528329105496, 28.866432535920737, 29.259488080234927, 29.665710811708923, 30.073830563399977, 30.472603183411618, 30.851118824642725, 31.199097953600443, 31.507166934683475, 31.767105687975224, 31.972060764656, 32.0, 32.0, 32.0, 32.0, 32.0, 21.112101510150744, 20.726311716960264, 20.291883486018026, 19.816104023211146, 19.30726477532572, 18.77441831142791, 18.227117383209844, 17.675143887450645, 17.128235656010457, 16.59581895766567, 16.086754342372473, 15.609102955116835, 15.169919769824778, 14.775079297767736, 14.429138308437906, 14.135238936279526, 13.895054303814637, 13.708777502727193, 13.57515346869344, 13.491552012542956, 13.454079066775966, 13.457722103766978, 13.49652471457009, 13.563784536095376, 3.1021118189115686, 3.01030488564518, 2.924798188392458, 2.8384954914952694, 2.74463473369879, 2.6369756546151386, 2.509965238309322, 2.35887630983572, 2.1799155522169826, 1.970298248785861, 1.728288166073174, 1.4532021384510578, 1.14538006294916, 0.8061221299631978, 0.43759614607326114, 0.04271875966413319, 0.0, 0.0, 0.0, 0.0, 0.0, 0.0, 0.0, 0.0], "test": [29.0, 29.0, 29.0, 10.6, 10.75, 10.75, 10.75, 10.75, 10.75, 10.75, 10.85, 11.0, 11.0, 11.0, 11.0, 11.0, 11.0, 11.0, 11.0, 11.0, 11.0, 11.0, 11.0, 10.7, 30.0, 30.0, 28.0, 28.0, 28.0, 28.0, 28.0, 28.0, 28.0, 28.0, 28.0, 28.0, 28.0, 28.0, 28.0, 28.0, 28.0, 28.0, 28.0, 28.0, 26.2, 26.0, 26.0, 26.0, 26.0, 26.0, 26.0, 26.0, 27.0, 26.2, 26.0, 26.0, 26.0, 26.0, 26.2, 27.0, 27.0, 27.0, 27.0, 27.0, 27.0, 26.6, 26.0, 26.0, 26.0, 24.4, 24.0, 25.2, 26.0, 26.0, 17.2, 10.0, 11.6, 14.0, 14.0, 14.0, 14.0, 16.0, 16.0, 16.0, 16.0, 16.2, 18.0, 18.0, 18.0, 20.0, 20.0, 16.0, 3.2, 3.0, 22.9, 3.0, 3.0, 3.0, 3.0, 3.0, 2.4, 2.0, 2.0, 1.4, 0.2, 0.0, 0.0, 0.0, 0.0, 0.0, 1.0, 2.0, 2.0, 2.0, 2.0, 2.0, 2.0, 2.0, 2.0, 2.0, 2.0, 2.0, 1.8, 1.0, 1.0, 1.0, 0.8, 0.0, 0.0, 0.0, 0.0, 0.0, 0.2, 1.0, 1.0, 1.0, 1.0, 1.0, 1.0, 1.0, 1.0, 1.0, 1.0, 1.0]}