{"day": 2, "month": 2, "station_id": 199, "predict": [20.911311698831845, 21.037400033579807, 21.14960672388658, 21.24589568790576, 21.32497163715489, 21.38631562128163, 21.43019003227795, 21.457612973497277, 21.470302938979774, 21.470595760179435, 21.461336723305184, 21.445751614779798, 21.427301186584728, 21.409524117979032, 21.395873979557884, 21.389555946414646, 21.393369070364216, 21.40955978934897, 21.43969203796514, 21.484538827984707, 21.54399951519076, 21.617046171491474, 21.701701563997034, 21.795050243071618, 22.409731726106926, 22.498704910047692, 22.581037604814433, 22.650764833674142, 22.701542978071437, 22.72683136708209, 22.72008776029019, 22.67497192700994, 22.585551165078492, 22.446501430192605, 22.25329776802381, 22.00238795692965, 21.691343679271593, 21.318984119867082, 20.885467644895726, 20.39234810292518, 19.842593294111037, 19.240564256053762, 18.591955146175824, 17.90369468356681, 17.18381125011637, 16.441264863722516, 15.685750241287952, 14.927476080296893, 14.966022466169987, 14.274127122401275, 13.607676740681054, 12.976192339655167, 12.388542986799566, 11.85272171769598, 11.375642359386733, 10.962963178660203, 10.618942566652011, 10.34633109160876, 10.146303241930639, 10.018431069897463, 9.960700758152866, 9.969571915206785, 10.040078179397225, 10.165966524457906, 10.339871543419962, 10.553519971083924, 10.797959823981024, 11.063807817085706, 11.34150817107616, 11.6215955844311, 11.894955006386965, 12.153070925486201, 7.809055734420971, 7.970582434970732, 8.096438722663018, 8.182432730309682, 8.22585301121305, 8.22553242359293, 8.181867968846948, 8.096796129056756, 7.973724525465439, 7.817421966743423, 7.633870143147044, 7.430081314880421, 7.213887304204322, 6.993705909157738, 6.778291486757192, 6.576476880038256, 6.396914089318418, 6.247821093125859, 6.136742013944659, 6.070327410507061, 6.054140862464363, 6.092497228347829, 6.188337014035839, 6.3431402216361485, 2.061128414665286, 2.307681026471651, 2.6060184735961816, 2.9515908394674675, 3.3386620918299084, 3.760464386083429, 4.209379984885505, 4.6771453465583015, 5.155071340776639, 5.6342731403728745, 6.105903108695923, 6.561379983748057, 6.992607831068025, 7.392178612041127, 7.753552747159707, 8.071212771661319, 8.34078602143909, 8.559133246310612, 8.724401094491123, 8.836037501002483, 8.894770128038601, 8.902549098508437, 8.862456317285266, 8.778584635282435, 11.880825406521074, 11.804994107835503, 11.701318229007468, 11.576044247289005, 11.435566637441703, 11.28623605032726, 11.134174697578347, 10.98510443017685, 10.844192523711406, 10.715919551215482, 10.60397296844229, 10.511169174533782, 10.439405867634951, 10.389645532809396, 10.361929891331403, 10.355424155250134, 10.368488990353892, 10.398777219819248, 10.443351542891236, 10.498818902367319, 10.56147664085703, 10.627465256334641, 10.692922406277212, 10.75413281660148], "test": [22.0, 22.0, 22.0, 21.0, 21.0, 21.0, 21.0, 21.0, 21.0, 21.0, 21.0, 21.0, 21.0, 21.0, 21.0, 21.0, 21.0, 21.0, 21.0, 21.0, 21.0, 21.0, 21.0, 21.0, 21.0, 21.0, 21.0, 21.0, 21.0, 21.0, 21.0, 21.0, 21.0, 21.0, 21.0, 22.0, 22.0, 21.0, 19.6, 19.0, 18.6, 18.4, 18.0, 18.0, 17.8, 16.0, 15.0, 15.8, 14.8, 12.600000000000001, 10.4, 9.4, 9.4, 8.4, 6.4, 5.6, 3.8, 2.8, 2.4, 3.0, 2.2, 1.4, 1.0, 1.0, 0.4, 0.0, 0.0, 0.0, 0.0, 0.0, 0.0, 0.0, 0.0, 0.0, 0.0, 0.0, 0.0, 0.0, 0.0, 0.0, 0.0, 0.0, 0.0, 0.0, 1.0, 1.0, 1.0, 1.6, 2.0, 2.0, 4.0, 4.0, 4.0, 4.0, 3.0, 2.6, 2.0, 2.0, 2.0, 3.4, 4.2, 3.2, 4.6, 7.6, 8.6, 10.0, 10.0, 11.2, 13.0, 13.6, 12.8, 13.0, 13.0, 13.4, 13.6, 13.0, 13.0, 13.0, 13.0, 13.0, 13.0, 13.0, 13.0, 13.0, 13.0, 13.0, 13.0, 13.0, 13.8, 14.0, 14.0, 14.0, 14.2, 15.0, 15.0, 15.0, 15.0, 15.0, 15.0, 15.0, 15.0, 15.0, 15.0, 15.0]}