{"day": 4, "month": 1, "station_id": 213, "predict": [31.06824259583977, 31.20623759453328, 31.33885811636855, 31.463940458725258, 31.579514161453847, 31.68387520395766, 31.775651209362632, 31.85385628985444, 31.917933481972362, 31.967783109629313, 32.003775852401965, 32.02674978763647, 32.037991190631196, 32.039199409223855, 32.032436654200694, 32.0200640556003, 32.004665802330344, 31.988963602196804, 31.975724051232778, 31.967661775120938, 31.96734139574423, 31.977081468598495, 31.99886353498033, 32.03424933151107, 29.67847684829397, 29.706511294482677, 29.747306838341242, 29.79996588737355, 29.86300464365408, 29.934370365004295, 30.011477009621252, 30.091258696497018, 30.170239861179965, 30.244620464053945, 30.310374117574423, 30.363356575751432, 30.399421666047083, 30.41454146949733, 30.404927367143795, 30.36714848192726, 30.298244056061773, 30.195826418490896, 30.058171408669704, 29.88429342958989, 29.67400269537508, 29.427942708238948, 29.14760652674321, 28.835330966333075, 28.385159196014584, 28.064551417878306, 27.723037806264287, 27.36557397553426, 26.99763980085912, 26.625122208599482, 26.25418556135964, 25.891132947439633, 25.542261967566688, 25.213718791891715, 24.911354328651285, 24.640586319746422, 24.40627102932691, 24.212587952947224, 24.062940630099835, 23.95987621594547, 23.905025962900663, 23.899068198836527, 23.94171477917085, 24.031721353637533, 24.16692114027997, 24.344281265503884, 24.55998011648677, 24.809503588776774, 25.05299896668739, 25.393502773927263, 25.75200630257199, 26.122425033411176, 26.49864486917017, 26.874664903590592, 27.244734951624462, 27.60348428193869, 27.946038281101934, 28.268120136568044, 28.566135079727502, 28.837235238848418, 29.079363711602856, 29.291277066496235, 29.472546089519277, 29.62353520604505, 29.745361594357913, 29.839835564660948, 29.909384275361127, 29.956961297272507, 29.985944891212515, 30.000028134060056, 30.003104202352137, 29.999150197257837, 32.194245508098106, 32.20407646252797, 32.22002297765518, 32.24584315038425, 32.284842954573506, 32.33980264415126, 32.41292115588589, 32.50577965976381, 32.61932481211487, 32.753871663609836, 32.909125584312676, 33.084222009065, 33.27778228516121, 33.48798345136158, 33.712639394353985, 33.94929052855466, 34.19529894051059, 34.447945830661986, 34.70452807869702, 34.96245084617744, 35.219313321244776, 35.47298497984106, 35.721670095893415, 35.96395865007154, 29.678926325761186, 29.772309011399248, 29.858803482704758, 29.938590392931644, 30.012220468247765, 30.08057814329588, 30.144833370763962, 30.20638351391399, 30.266787545937405, 30.327695016086246, 30.390772398489183, 30.457629506133042, 30.529748627159613, 30.60841893185655, 30.69467849979912, 30.789266043741193, 30.892584063914175, 31.00467476581773, 31.125209630871115, 31.253493054677698, 31.388479980567062, 31.528806969792857, 31.672835681059645, 31.81870729831841], "test": [28.0, 28.0, 28.0, 28.0, 28.0, 28.0, 28.0, 28.0, 28.0, 28.0, 28.0, 28.0, 28.0, 28.0, 28.0, 28.0, 28.0, 28.0, 27.2, 28.0, 28.0, 28.0, 28.0, 28.0, 28.0, 28.0, 28.0, 28.0, 28.0, 28.0, 28.0, 28.0, 28.0, 28.0, 28.0, 28.0, 28.0, 27.2, 27.0, 27.4, 28.0, 28.0, 28.0, 28.0, 27.8, 28.0, 29.0, 29.6, 29.4, 28.2, 28.6, 29.0, 28.8, 28.0, 24.0, 24.2, 24.0, 24.0, 23.6, 23.0, 23.0, 23.0, 25.0, 25.0, 25.2, 25.8, 24.8, 24.8, 22.4, 20.8, 20.4, 22.799999999999997, 24.2, 24.6, 25.6, 25.2, 24.0, 28.6, 31.0, 29.8, 25.0, 28.2, 32.8, 35.2, 36.0, 36.0, 35.0, 35.8, 36.0, 36.0, 35.8, 35.4, 35.0, 35.0, 35.0, 35.0, 33.0, 34.0, 31.4, 29.2, 28.4, 25.6, 24.8, 23.6, 21.800000000000004, 22.0, 24.8, 24.8, 23.8, 23.0, 23.0, 26.0, 27.0, 27.2, 27.6, 27.2, 27.8, 28.2, 29.8, 28.8, 29.4, 30.0, 30.6, 31.0, 31.0, 31.0, 31.0, 30.800000000000004, 31.0, 31.0, 32.0, 32.0, 31.6, 32.0, 32.0, 32.0, 33.0, 35.0, 35.0, 35.0, 35.0, 35.0, 35.0, 35.0]}