{"day": 1, "month": 9, "station_id": 541, "predict": [26.031296651973992, 26.149732615109066, 26.251016569952604, 26.33265066783758, 26.392891940144274, 26.430821239844033, 26.44638208886289, 26.440387962784047, 26.414497579761935, 26.371158808756956, 26.313522847344988, 26.24533130648059, 26.170779746469158, 26.0943620088146, 26.020700353948143, 25.954366924891264, 25.899702398287538, 25.86063783564621, 25.84052571923728, 25.841985929069565, 25.866772015192577, 25.915662539360177, 25.988381529415456, 26.083551221115997, 27.434539318914258, 27.574614375989412, 27.726657680886216, 27.88523594731, 28.0, 28.0, 28.0, 28.0, 28.0, 28.0, 28.0, 28.0, 28.0, 28.0, 28.0, 27.738531786800504, 27.367604691143665, 26.927522565620453, 26.420262506698737, 25.849324193425147, 25.219682539301644, 24.537700066442124, 23.811001015689445, 23.0483103465467, 22.015503565059248, 21.221463703847284, 20.423720156917078, 19.63319592506502, 18.860725179661593, 18.11679829933272, 17.411315352705188, 16.753354859220707, 16.150964261757835, 15.61097792024269, 15.138867672935309, 14.738630083191035, 14.412713440717269, 14.161986458861161, 13.98574941153003, 13.881787241699719, 13.846462969289025, 13.874848579478229, 13.960889499174666, 14.097597818507126, 14.27726859810343, 14.491712962043154, 14.732501210551902, 14.991208928691263, 10.690068826800163, 10.925897280239377, 11.156283061370987, 11.374901617257086, 11.576499880311143, 11.757026392185693, 11.913723650152965, 12.045180313438763, 12.151342099703554, 12.233481421033895, 12.294127026165144, 12.336956083526468, 12.36665223646644, 12.388734145161946, 12.409359875389306, 12.435113177968859, 12.472778201707689, 12.529109485301863, 12.610604171996801, 12.723283280485383, 12.872488551130163, 13.062700883801796, 13.297385697014157, 13.578869701138977, 7.659429197211118, 7.995098743062118, 8.379983448799617, 8.810691378810157, 9.282599194276596, 9.789969316129953, 10.326099714755449, 10.88350170497625, 11.454100308710672, 12.029451110043517, 12.600967064667765, 13.160148465844875, 13.698809217718294, 14.209292727350388, 14.684671075315993, 15.118921674736303, 15.507076352194545, 15.845338641575996, 16.1311660852446, 16.363315410506676, 16.541849594332124, 16.66810699166939, 16.744633856183597, 16.775082683821953, 18.14017380465412, 18.094403292186787, 18.01429799193688, 17.906741301032422, 17.778936991568187, 17.638187207634335, 17.49167227673525, 17.34623908546322, 17.208204440555996, 17.08317931009639, 16.975919131792523, 16.89020451413178, 16.82875566006023, 16.793182752649212, 16.783973385014374, 16.800516934685003, 16.841164604051794, 16.903322725277437, 16.983575873799122, 17.077835405996307, 17.18150824125792, 17.289680085091124, 17.397306852775763, 17.499407814905], "test": [27.4, 28.0, 28.0, 28.0, 28.0, 28.0, 28.0, 28.0, 28.0, 28.0, 28.0, 28.0, 28.0, 28.0, 28.0, 28.0, 28.0, 28.0, 28.0, 28.0, 28.0, 28.0, 28.0, 28.0, 28.0, 28.0, 28.0, 28.0, 28.0, 28.0, 28.0, 28.0, 28.0, 28.0, 28.0, 28.0, 28.0, 27.2, 27.8, 28.0, 27.8, 26.2, 24.2, 23.4, 22.6, 21.0, 20.2, 19.0, 17.6, 16.4, 15.600000000000001, 20.8, 23.2, 18.2, 13.6, 14.0, 13.0, 9.8, 8.8, 8.0, 7.800000000000001, 4.4, 3.6000000000000005, 0.4, 0.0, 2.6, 2.4, 1.8000000000000003, 4.4, 4.4, 5.4, 6.6, 6.6, 5.0, 3.4, 2.6, 1.8000000000000003, 0.8, 2.0, 2.0, 2.0, 1.6, 0.4, 0.2, 0.6, 1.0, 0.2, 0.0, 0.6, 2.4, 2.4, 2.4, 2.6, 1.0, 0.0, 0.0, 1.8000000000000003, 3.2, 4.6, 5.8, 4.4, 6.2, 5.2, 8.0, 13.6, 16.6, 15.400000000000002, 14.8, 14.8, 19.4, 22.0, 22.4, 22.0, 22.8, 22.4, 23.2, 23.2, 22.8, 22.8, 22.4, 23.0, 23.8, 26.6, 27.0, 27.0, 27.0, 27.0, 27.0, 27.0, 27.0, 27.0, 27.0, 27.0, 27.0, 27.0, 27.0, 27.0, 27.0, 27.0, 27.0, 25.8, 25.0, 25.0, 25.0]}