{"day": 0, "month": 7, "station_id": 101, "predict": [22.0, 22.0, 22.0, 22.0, 22.0, 22.0, 22.0, 22.0, 22.0, 22.0, 21.98018416569789, 21.915631873789707, 21.85944772955142, 21.811914705650004, 21.772865105327803, 21.7416310492228, 21.71700938522012, 21.697242981975005, 21.680019883571575, 21.662491247599647, 21.64130839866767, 21.612678716159042, 21.57243945122842, 21.516147965017005, 22.0, 22.0, 22.0, 22.0, 22.0, 22.0, 21.845883108522187, 21.5327305497393, 21.16945069432833, 20.755397517590815, 20.29088438986231, 19.77722348521482, 19.216740865086646, 18.61276611991874, 17.96959616461748, 17.29243350413022, 16.587300012525965, 15.86092798369706, 15.120630872048466, 14.374156763301292, 13.629528134249314, 12.89487191385858, 12.178244167310918, 11.487453948827685, 8.39175212475832, 7.672619733699053, 6.996282380747136, 6.367688898620532, 5.790814303735351, 5.268575355052097, 4.8027720472980375, 4.394056711958338, 4.041931679037237, 3.744775667408575, 3.4998983025135564, 3.3036213893458193, 3.151384837665085, 3.037874466405687, 2.9571683055145677, 2.9028975173633627, 2.868417647711322, 2.846985644198976, 2.8319379186631144, 2.81686470827453, 2.795776097875585, 2.763255302579312, 2.7145951681852574, 2.6459143174940767, 1.8131717730854484, 1.737329637260538, 1.6313410552778667, 1.4951866911089882, 1.3299523028793878, 1.1377819077895897, 0.9218027263226998, 0.6860241961815174, 0.4352140381526719, 0.1747549691360184, 0.0, 0.0, 0.0, 0.0, 0.0, 0.0, 0.0, 0.0, 0.0, 0.0, 0.0, 0.0, 0.0, 0.0, 5.480356910696909, 5.869380482452078, 6.2916881816825345, 6.7427872537294276, 7.217623492171896, 7.71071091947227, 8.216269990510073, 8.728370278925784, 9.241073558522212, 9.748573274860236, 10.245326579735899, 10.726175412136431, 11.186453500132984, 11.622076651530572, 12.029614246783293, 12.40634046194584, 12.750264383207059, 13.06013882955395, 13.335448346966427, 13.576377450703294, 13.783760771090934, 13.959017260936507, 14.104071063521648, 14.221261975996125, 17.339213471499626, 17.485053553372488, 17.614623034164715, 17.73090711233359, 17.836782892275885, 17.934938035305734, 18.02780126228671, 18.11748660803257, 18.205752809366633, 18.293978658754554, 18.38315457979903, 18.473890109169, 18.566436413272882, 18.660722451359966, 18.756402928243272, 18.8529157863263, 18.949546668844167, 19.04549756259673, 19.139956702832073, 19.232166799332468, 19.321488722736976, 19.40745796853941, 19.489831492646164, 19.568622868747767], "test": [22.0, 22.0, 22.0, 22.0, 22.0, 22.0, 22.0, 22.0, 22.0, 22.0, 22.0, 22.0, 22.0, 22.0, 22.0, 22.0, 22.0, 21.8, 22.0, 22.0, 22.0, 22.0, 22.0, 22.0, 22.0, 22.0, 22.0, 22.0, 22.0, 22.0, 22.0, 22.0, 22.0, 22.0, 21.6, 21.0, 20.2, 20.0, 19.4, 18.6, 14.999999999999998, 12.800000000000002, 9.6, 4.6, 0.6, 2.2, 7.6, 0.6, 0.6, 0.0, 0.0, 0.8000000000000002, 0.20000000000000004, 1.2, 0.8000000000000002, 7.0, 4.0, 0.6, 0.4000000000000001, 0.0, 0.0, 0.4000000000000001, 0.20000000000000004, 0.8000000000000002, 0.0, 0.0, 0.0, 2.0, 2.0, 1.0, 0.8000000000000002, 0.6, 0.20000000000000004, 0.0, 1.6000000000000003, 4.0, 5.2, 5.4, 6.0, 6.0, 5.0, 2.6, 3.2000000000000006, 5.0, 5.0, 5.0, 6.0, 5.4, 2.6, 4.6, 8.2, 8.4, 9.6, 11.0, 10.8, 10.0, 10.0, 9.0, 8.2, 8.4, 11.0, 10.0, 12.200000000000001, 10.4, 7.8, 10.6, 15.8, 17.0, 17.4, 17.2, 17.6, 15.8, 18.12, 19.0, 17.8, 17.8, 17.2, 17.2, 17.4, 17.8, 18.0, 18.0, 18.0, 18.8, 19.0, 19.0, 19.0, 17.4, 18.8, 19.0, 19.0, 19.0, 19.0, 19.0, 19.0, 19.0, 19.0, 19.0, 19.0, 19.0, 18.4, 18.0, 18.0, 18.6]}