{"day": 3, "month": 11, "station_id": 71, "predict": [23.97676473555032, 24.134922412145393, 24.269706346928142, 24.377281824862045, 24.454834895500785, 24.50065431920754, 24.514173306150706, 24.49596973664442, 24.44772492197669, 24.372142330442948, 24.272829025942627, 24.15414380195267, 24.021017106219343, 23.878748797804295, 23.73279054288369, 23.58852019089575, 23.45101579114276, 23.32483696794273, 23.21382119673722, 23.12090209814523, 23.047956213029007, 22.99568386045788, 22.963528630409026, 22.94963886565348, 25.853622236726867, 25.943131682413917, 26.039019620235365, 26.134570218073687, 26.22224211227424, 26.293879547447798, 26.340950395572605, 26.35480411711222, 26.326942008159662, 26.24929158891593, 26.11447674450223, 25.91607524197157, 25.648855517385773, 25.308985144925586, 24.894204157900425, 24.40395736096904, 23.83948093096403, 23.203839919289827, 22.50191468226046, 21.740335780201598, 20.927368391332678, 20.07274881209522, 19.187477040835663, 18.283570785220704, 18.50544862568662, 17.63634189919523, 16.788428129271672, 15.974684740563683, 15.20757767496887, 14.498750893099206, 13.858734946482603, 13.296682966176414, 12.820141688867585, 12.43486417141816, 12.144669682729583, 11.95135493035797, 11.854659317184469, 11.852285391438588, 11.939974061512894, 12.111632579517847, 12.359511775138197, 12.674427601342213, 13.046020770844441, 13.463047166054924, 13.913690807433989, 14.385890524149618, 14.867671067646484, 15.3474692906213, 14.803301113314944, 15.21492067341535, 15.596496539106456, 15.940905568536774, 16.242675345918563, 16.498113945320867, 16.70538728219428, 16.86454209107901, 16.97747415727519, 17.04784301506031, 17.08093587931705, 17.083485039687467, 17.063444286653528, 17.02973110677201, 16.991942356567908, 16.960051859875808, 16.94409886679244, 16.953876532494238, 16.998629531192567, 17.086769604968744, 17.225617274032135, 17.421177124654857, 17.677953062552074, 17.998808705500476, 15.110876767953268, 15.476746243894372, 15.905685773501823, 16.393799043166513, 16.93557027298895, 17.524021496590464, 18.15091145300485, 18.806969924819178, 19.48216035272548, 20.165962776733238, 20.84766860108062, 21.516678399524483, 22.162793948806396, 22.776495932084675, 23.349199232002412, 23.873478486391896, 24.34325751797026, 24.753957387757076, 25.102599114269953, 25.387858487871966, 25.61007187757269, 25.77119341431689, 25.874705398180502, 25.92548517113156, 26.171785812364963, 26.11270286388697, 26.022404838745224, 25.90952186957914, 25.78291636183543, 25.65141353263772, 25.523538118027925, 25.407265238816915, 25.309792903943052, 25.237342883298894, 25.19499573792156, 25.186564675683513, 25.214511641507613, 25.27990769905432, 25.382438346352995, 25.520452988358276, 25.691056399390884, 25.890238693298155, 26.11303912541289, 26.353738007357524, 26.606070154352132, 26.863452647199377, 27.119219273223262, 27.366853841744383], "test": [26.0, 26.0, 26.0, 26.0, 26.0, 26.0, 26.0, 26.0, 26.6, 27.0, 27.0, 27.0, 27.0, 27.0, 27.0, 28.0, 28.0, 28.0, 28.0, 28.0, 28.0, 28.0, 28.0, 28.8, 29.0, 29.0, 29.0, 29.0, 29.0, 29.0, 29.0, 29.0, 29.0, 29.0, 29.0, 29.0, 28.6, 28.0, 28.0, 28.0, 28.0, 25.4, 20.4, 22.2, 27.8, 24.4, 21.6, 18.8, 15.6, 17.2, 24.2, 23.2, 21.6, 17.8, 13.6, 9.2, 20.4, 22.8, 20.8, 17.8, 13.8, 13.0, 12.0, 12.0, 12.0, 11.0, 11.0, 11.0, 10.0, 8.4, 7.0, 8.0, 8.8, 7.4, 9.2, 10.0, 10.4, 10.6, 11.0, 11.4, 11.8, 12.2, 14.6, 16.0, 15.8, 16.6, 17.0, 15.8, 15.8, 15.0, 14.8, 14.2, 13.4, 13.6, 15.0, 14.2, 14.0, 15.0, 7.6, 7.0, 9.8, 10.4, 11.0, 16.0, 21.8, 23.8, 25.0, 25.6, 31.0, 32.6, 31.8, 32.4, 31.4, 32.8, 32.8, 24.4, 15.0, 17.0, 18.8, 19.6, 20.0, 22.4, 24.800000000000004, 27.0, 28.4, 29.2, 31.0, 31.0, 31.2, 32.8, 33.0, 33.0, 33.0, 33.0, 33.0, 33.0, 33.0, 33.0, 33.0, 33.0, 33.0, 33.0, 33.0, 33.0]}