{"day": 5, "month": 9, "station_id": 177, "predict": [7.499238095242497, 7.427084986573135, 7.350012223143197, 7.2678277541626795, 7.180366859995163, 7.087499594846716, 6.989137967099557, 6.885242546887817, 6.775828203683133, 6.660968703140514, 6.540799927351245, 6.415521526240179, 6.285396859076436, 6.150751141262732, 6.011967772851969, 5.869482884496088, 5.723778201733419, 5.575372383826547, 5.424811051437409, 5.272655763183842, 5.119472243259739, 4.965818194216341, 4.812231047131281, 4.659216015468654, 0.8643498893640702, 0.6469868065498638, 0.42965344731401567, 0.21262294585401853, 0.0, 0.0, 0.0, 0.0, 0.0, 0.0, 0.0, 0.0, 0.0, 0.0, 0.0, 0.0, 0.0, 0.0, 0.0, 0.0, 0.0, 0.0, 0.0, 0.0, 0.0, 0.0, 0.0, 0.0, 0.0, 0.0, 0.0, 0.0, 0.0, 0.0, 0.0, 0.0, 0.0, 0.0, 0.0, 0.0, 0.0, 0.0, 0.0, 0.0, 0.0, 0.0, 0.0, 0.0, 0.0, 0.0, 0.0, 0.0, 0.0, 0.0, 0.0, 0.0, 0.0, 0.0, 0.0, 0.0, 0.0, 0.0, 0.0, 0.0, 0.0, 0.0, 0.0, 0.0, 0.0, 0.0, 0.0, 0.0, 0.0, 0.0, 0.0, 0.0, 0.0, 0.0, 0.0, 0.0, 0.0, 0.0, 0.0, 0.0, 0.0, 0.0, 0.0, 0.0, 0.0, 0.0, 0.0, 0.0, 0.0, 0.0, 0.0, 0.0, 1.6281501317361418, 1.7493141148463522, 1.8731819027933903, 1.9994359830815003, 2.1278007359193953, 2.258034621070089, 2.3899214695960085, 2.523261292499597, 2.657861020103258, 2.7935255803842955, 2.93004970020746, 3.067210777914428, 3.2047631303883244, 3.342433859880299, 3.4799205213091877, 3.6168907007564823, 3.752983543658306, 3.8878131941260037, 4.020974037549026, 4.152047567906471, 4.280610639451692, 4.406244810035872, 4.528546438972131, 4.647137170411794], "test": [2.0, 2.0, 2.0, 2.0, 2.0, 2.0, 2.0, 2.0, 2.0, 2.0, 2.0, 2.0, 2.0, 2.0, 2.0, 2.0, 2.0, 1.4, 1.0, 1.0, 1.0, 1.0, 1.0, 1.0, 2.0, 2.0, 2.0, 2.0, 2.0, 2.0, 2.0, 2.0, 2.0, 2.0, 2.0, 2.0, 2.0, 2.0, 2.0, 2.0, 2.0, 2.0, 1.4, 1.0, 1.0, 0.0, 0.0, 0.0, 0.0, 0.0, 0.0, 0.0, 0.8, 4.6, 8.0, 6.0, 6.4, 7.200000000000001, 7.6, 7.000000000000001, 6.2, 6.6000000000000005, 6.800000000000001, 7.6, 7.000000000000001, 8.0, 7.000000000000001, 5.8, 5.8, 6.2, 7.000000000000001, 7.000000000000001, 7.8, 8.0, 8.0, 8.2, 7.000000000000001, 6.2, 4.2, 3.6000000000000005, 5.0, 2.8, 1.8000000000000003, 1.6, 2.6, 3.4000000000000004, 4.4, 4.0, 3.6000000000000005, 1.6, 2.0, 2.6, 1.2, 4.0, 5.0, 5.4, 5.0, 4.8, 4.0, 4.0, 1.4, 1.0, 1.2, 2.0, 2.0, 2.0, 2.0, 2.0, 2.6, 2.6, 2.6, 1.2, 7.200000000000001, 7.6, 7.000000000000001, 6.6000000000000005, 1.0, 1.0, 1.0, 1.0, 1.2, 1.0, 0.6, 0.0, 0.0, 0.2, 1.0, 1.0, 0.2, 0.0, 0.0, 0.0, 0.0, 0.0, 0.0, 2.0, 2.0, 2.0, 2.0, 2.0, 2.0, 2.0, 2.0, 1.8000000000000003]}