{"day": 3, "month": 3, "station_id": 73, "predict": [37.0, 37.0, 37.0, 37.0, 37.0, 37.0, 37.0, 37.0, 37.0, 37.0, 37.0, 37.0, 37.0, 37.0, 37.0, 37.0, 37.0, 37.0, 37.0, 37.0, 37.0, 37.0, 37.0, 37.0, 34.99449616870067, 35.10358533381338, 35.237945519120466, 35.39311094525192, 35.56320066523218, 35.74102953184783, 35.91826453800342, 36.08562275417297, 36.23310574253845, 36.35026412846617, 36.42648498456774, 36.45129387692803, 36.414662850015574, 36.30731531864404, 36.12101878831096, 35.848856559385155, 35.48547006702254, 35.02726426276211, 34.47256943181648, 33.82175403184506, 33.07728450567006, 32.243729522479356, 31.327707675646586, 30.337779309254003, 23.756177830930653, 22.519785645065316, 21.243868080729175, 19.9425207429484, 18.630545029424454, 17.323106504994932, 16.035380828027073, 14.782196896374204, 13.577687044212775, 12.434953944313506, 11.365763457107152, 10.38027197276153, 9.48679582780298, 8.691629220775893, 7.998915689769497, 7.410576704028698, 6.926299301754113, 6.54358304675878, 6.257844880960187, 6.062578813998189, 5.949565836968296, 5.9091280207203205, 5.930419516174405, 6.001746139442286, 10.473232360560164, 10.581585654841216, 10.699433029307327, 10.815653058621677, 10.920009776610122, 11.00342957927607, 11.05824108846207, 11.078371391602934, 11.059493366959654, 10.99912024667072, 10.896645122676842, 10.753324709634697, 10.572208305496053, 10.358014478388773, 10.116959519509601, 9.856543081698796, 9.58529764134836, 9.312509435796171, 9.04791931591761, 8.801412477701204, 8.582706310829487, 8.401045583054836, 8.264913900982755, 8.181769843501428, 16.986722494170902, 17.08712795005178, 17.254131641916565, 17.48974509692391, 17.79419732441618, 18.165925733287068, 18.601619684902, 19.096314899347494, 19.64353542560405, 20.23547850708047, 20.86323643630862, 21.51704844329787, 22.186574825882264, 22.861184948045373, 23.530250391678106, 24.183434476993362, 24.810969573193354, 25.403914063406788, 25.95438153957106, 26.455735711021436, 26.902745624873013, 27.291697053323837, 27.62045729232597, 27.888492059591645, 28.456632902674556, 28.62853157839466, 28.749940819128117, 28.825673301705596, 28.861499733698285, 28.863940447913468, 28.840038454318876, 28.79712135388429, 28.742559785192668, 28.683530106317765, 28.626788797286636, 28.578465619881058, 28.543881902264225, 28.527399451947986, 28.532304563024066, 28.560730415787706, 28.613619895355583, 28.690729530829838, 28.790673910943937, 28.911008619080967, 29.048348479000122, 29.1985167651772, 29.356720031269305, 29.517742394607893], "test": [36.0, 36.0, 36.0, 36.0, 36.0, 36.0, 36.0, 36.0, 36.0, 36.0, 36.0, 36.0, 36.0, 36.0, 36.0, 36.0, 36.0, 36.0, 36.0, 36.0, 35.4, 33.0, 33.0, 32.8, 32.0, 32.0, 32.0, 32.0, 32.0, 32.0, 32.0, 32.0, 32.0, 32.0, 32.0, 32.0, 32.0, 32.0, 32.0, 31.4, 30.4, 30.0, 31.6, 32.0, 31.4, 30.6, 29.0, 29.0, 29.0, 27.8, 27.4, 25.8, 21.200000000000003, 16.8, 14.8, 12.2, 7.6, 6.6, 6.2, 5.4, 6.4, 9.4, 21.0, 21.6, 22.4, 22.2, 23.0, 22.0, 22.2, 23.0, 21.8, 21.4, 20.6, 18.2, 18.0, 18.0, 18.6, 19.0, 19.0, 18.8, 17.8, 17.8, 18.0, 18.6, 18.4, 17.0, 18.0, 20.4, 21.200000000000003, 22.0, 22.2, 23.0, 23.0, 23.0, 23.0, 23.0, 22.8, 21.200000000000003, 21.0, 20.8, 21.6, 21.200000000000003, 20.8, 19.6, 19.0, 17.6, 16.6, 15.8, 17.6, 17.2, 18.0, 18.4, 19.8, 22.0, 23.6, 21.0, 22.0, 21.6, 22.2, 23.6, 22.8, 22.8, 23.200000000000003, 27.0, 28.0, 27.0, 28.599999999999998, 27.8, 27.0, 27.199999999999996, 25.0, 25.0, 24.0, 25.0, 26.0, 26.0, 26.599999999999998, 27.8, 28.0, 29.199999999999996, 29.6, 30.0, 30.0, 30.0]}