{"day": 6, "month": 1, "station_id": 251, "predict": [6.854671270835144, 6.68289406161188, 6.490423424539233, 6.274307088087848, 6.03247187832006, 5.763791839599098, 5.46812027179137, 5.146284627077544, 4.800044449401148, 4.432013786823301, 4.045550696344502, 3.6446175770480376, 3.2336170586701822, 2.817209019504798, 2.400114971896578, 1.9869165136742544, 1.581854808511367, 1.1886380703875505, 0.8102638403264941, 0.4488624204191858, 0.10556720269592335, 0.0, 0.0, 0.0, 14.634561617784758, 14.674458645580103, 14.714800493373193, 14.749627388631424, 14.77228532316741, 14.775611016831292, 14.7521410250668, 14.694338836637083, 14.594833137483025, 14.446659955002115, 14.243501154893284, 13.97991175580676, 13.651528751357514, 13.255254583404493, 12.789409081183516, 12.25384454948848, 11.650019730507553, 10.981029549499384, 10.25158883822738, 9.467969601607441, 8.637892764646416, 7.770376730379871, 6.875546372415449, 5.964407332443163, 9.115560161325327, 8.319975551952384, 7.544038834566884, 6.799824317749333, 6.098871605858166, 5.451896130865034, 4.868518935857114, 4.357023499289126, 3.9241466952277495, 3.5749100308179993, 3.3124962016431008, 3.1381747224266787, 3.0512790041975872, 3.0492357868990663, 3.127646331507475, 3.280417289416261, 3.4999377334071387, 3.777297492871907, 4.10254073918599, 4.464947735842198, 4.8533368392419085, 5.256378245287575, 5.662910617409214, 6.062251638554779, 8.167094792933115, 8.55081435681263, 8.901871401373075, 9.214361307492855, 9.48402289074074, 9.708348076046956, 9.88664093558454, 10.020024495048887, 10.111395224352897, 10.165326630107606, 10.187924832220146, 10.186640382463137, 10.170041836574143, 10.147557679141038, 10.129194097338871, 10.12523677531655, 10.145945317018777, 10.201249089813672, 10.300453210720919, 10.451963071444686, 10.663035226605817, 10.939561681321337, 11.285893608670628, 11.704709364343467, 4.032267884366583, 4.4699754133362, 4.979092563379555, 5.555361743422636, 6.192922974706557, 6.884470886470044, 7.621451102063112, 8.394290095015519, 9.192651662605396, 10.005712455682204, 10.822448503856215, 11.631924422713615, 12.42357698601397, 13.187484995760503, 13.91461784239552, 14.597055865266228, 15.228176511175882, 15.802801353915303, 16.317300256247915, 16.769650251171914, 17.159448088215356, 17.487876779346475, 17.757627839863446, 17.972782218019983, 23.623767487477224, 23.682907614494216, 23.708204769503265, 23.70809436746093, 23.691279438301816, 23.666470849148993, 23.642133664095805, 23.62624720420052, 23.626085854040525, 23.648026931149563, 23.69739102085797, 23.778319102233795, 23.893689593329068, 24.045077158691534, 24.232753790073108, 24.455731336673253, 24.711843361919552, 24.997862983657544, 25.30965224586063, 25.64233761753891, 25.990505427940782, 26.348410478397664, 26.710190706390645, 27.070080649439543], "test": [9.0, 8.6, 8.6, 9.0, 9.6, 16.0, 16.0, 16.0, 17.8, 18.0, 17.2, 17.0, 15.8, 14.8, 15.6, 15.6, 16.0, 16.0, 18.6, 19.6, 16.4, 16.0, 16.0, 16.0, 16.0, 16.0, 16.0, 16.0, 16.8, 16.8, 16.0, 16.0, 16.0, 16.0, 16.0, 16.0, 16.0, 16.0, 16.0, 15.2, 15.0, 15.0, 14.6, 14.0, 14.0, 14.0, 14.0, 14.0, 14.0, 14.0, 14.0, 14.0, 14.0, 14.0, 14.0, 12.400000000000002, 12.0, 11.6, 11.0, 11.0, 10.2, 10.0, 10.0, 10.0, 10.0, 10.0, 10.0, 10.4, 12.2, 11.0, 10.6, 7.6, 5.0, 3.6, 5.0, 4.0, 4.0, 4.2, 5.0, 3.6, 1.2, 3.2, 4.0, 3.0, 1.6, 1.6, 1.0, 1.6, 3.0, 2.6, 2.8, 3.8, 7.0, 9.2, 7.2, 5.0, 8.8, 10.6, 12.8, 14.2, 15.0, 16.8, 18.2, 28.8, 32.0, 32.0, 31.6, 30.0, 30.6, 32.0, 32.0, 29.6, 29.4, 29.6, 30.0, 30.0, 30.0, 30.0, 30.0, 30.0, 30.0, 30.4, 29.0, 29.0, 29.0, 29.0, 28.0, 28.8, 29.0, 29.0, 29.0, 29.0, 29.6, 29.4, 29.0, 29.0, 29.0, 29.6, 30.0, 30.0, 30.0, 30.0, 31.0, 31.0]}