{"day": 4, "month": 11, "station_id": 270, "predict": [7.709441590980689, 7.727069815000777, 7.753681952843649, 7.791250462232127, 7.841174166689097, 7.904215888687202, 7.980465067524063, 8.069326624896952, 8.169536464365269, 8.279203098722423, 8.395874027173832, 8.516624651858637, 8.638166763569295, 8.756972962155505, 8.869412825246489, 8.971896223546821, 9.061018911927283, 9.133705409920623, 9.187344232499264, 9.219910737312007, 9.230073212119784, 9.217278325503703, 9.181812694166638, 9.124838053370658, 10.654734776401332, 10.517812361238233, 10.365886734619245, 10.203690188678017, 10.036596149289256, 9.870485656010743, 9.711594211873042, 9.566343343422462, 9.441161747132842, 9.34230127776521, 9.27565326311449, 9.246570687879787, 9.259701679091094, 9.318839448293321, 9.426793408494557, 9.585285598911355, 9.79487583798606, 10.05491819776763, 10.36355048564734, 10.717717452588262, 11.113227450885876, 11.544841265683644, 12.006390888193774, 12.490925089859317, 15.597438899505246, 16.064359065601437, 16.52804713731237, 16.980827975599894, 17.41521862432846, 17.824120522616962, 18.201001683816756, 18.540063535535893, 18.836387533017692, 19.086057226154846, 19.286252166165976, 19.435310841969113, 19.532760739418734, 19.579314570568027, 19.576832711586448, 19.52825287804823, 19.437489034052298, 19.309302438883726, 19.149148561651426, 18.963004313445317, 18.7571806355685, 18.538125922921274, 18.312226045456054, 18.08560683906467, 22.34949110614116, 22.18743469008137, 22.04195706401913, 21.91646253719346, 21.81326295428139, 21.73350852304035, 21.677153518528396, 21.642957889972894, 21.628524744552344, 21.63037263606517, 21.644040569139225, 21.664222673706362, 21.68492863888326, 21.699665244689736, 21.701633715555154, 21.683937160269327, 21.639792074704438, 21.562737766993763, 21.446837632977964, 21.286866454645374, 21.07847830474471, 20.818350216760138, 20.50429748916014, 20.13535732548831, 19.645243554310685, 19.19471776335685, 18.69389691688976, 18.14702972381253, 17.55948246056328, 16.93761446939759, 16.28862666161471, 15.620387407112526, 14.941240825526659, 14.259802964629134, 13.584751684494282, 12.92461619205083, 12.287572157230898, 11.681248121464513, 11.112548545428432, 10.587498313435963, 10.111112846117535, 9.68729719024791, 9.318776571839548, 9.007059964625673, 8.752437231105468, 8.55400941423296, 8.409750776967728, 8.316600275198319, 3.4822285995237987, 3.4539173604579587, 3.4613983630940557, 3.4985114004206848, 3.5588785510296583, 3.6360900640157188, 3.7238852821671813, 3.8163232591933887, 3.907938112400407, 3.993874691364452, 4.070000808600918, 4.1329930568158275, 4.1803941005685745, 4.210640248120065, 4.223059061269656, 4.217837707432298, 4.195963679365979, 4.159140366102617, 4.109680736073226, 4.050383058977427, 3.9843931312913834, 3.9150578622131063, 3.845775313739808, 3.77984635718794], "test": [10.0, 10.0, 10.0, 10.0, 10.0, 10.0, 10.0, 10.0, 10.0, 10.8, 13.0, 14.0, 14.0, 14.0, 14.0, 14.0, 14.0, 14.0, 14.0, 14.0, 14.0, 14.0, 14.0, 13.4, 13.0, 13.0, 13.0, 13.0, 13.0, 13.0, 13.0, 13.0, 13.0, 13.0, 13.0, 13.0, 13.0, 13.0, 15.0, 16.2, 17.4, 19.4, 20.4, 19.4, 21.6, 21.6, 21.6, 22.8, 22.2, 21.6, 21.2, 27.6, 30.0, 29.4, 27.4, 26.8, 25.8, 27.2, 27.6, 26.0, 25.2, 22.2, 21.6, 21.6, 21.6, 21.0, 21.6, 19.8, 19.0, 19.0, 18.8, 18.0, 18.6, 19.0, 19.0, 19.0, 19.0, 19.0, 19.0, 19.0, 19.0, 19.0, 19.0, 19.0, 19.0, 19.0, 19.0, 19.0, 19.0, 19.0, 19.0, 19.0, 15.799999999999999, 13.8, 13.4, 14.0, 14.0, 14.4, 12.2, 12.2, 12.2, 11.4, 12.2, 9.6, 9.8, 8.0, 6.0, 4.0, 2.0, 0.8, 0.4, 1.0, 2.2, 3.0, 3.6, 3.2, 3.0, 3.2, 2.2, 1.6, 1.0, 1.8, 2.0, 2.0, 2.0, 2.0, 2.0, 2.0, 2.4, 4.4, 5.0, 5.6, 6.6, 6.2, 5.0, 5.6, 5.4, 5.0, 5.2, 3.0, 1.2, 0.8, 0.2, 2.8]}