{"day": 2, "month": 9, "station_id": 331, "predict": [28.72207461423356, 28.82676631618584, 28.910716553551534, 28.970363492638498, 29.003212776277987, 29.007937385028228, 28.98443301233083, 28.933826966981737, 28.858440161209074, 28.761703306733324, 28.648029970642238, 28.522650591722122, 28.39141288159198, 28.260555182700564, 28.136460306569518, 28.025398079467973, 27.933265270820417, 27.865331755220822, 27.82600164427201, 27.818597737810435, 27.845176980151667, 27.906383702697365, 28.001346294639514, 28.127621629889983, 27.97628941411794, 28.149177654006078, 28.336306741385375, 28.529391976130228, 28.719075645290705, 28.895162604554756, 29.046889889114297, 29.163222780549102, 29.233168823291706, 29.2461006140525, 29.192077781079146, 29.0621584606479, 28.84869075938035, 28.545575162631643, 28.148489602074424, 27.655069904042932, 27.06503957528107, 26.380284322574223, 25.604868269799397, 24.74499053866506, 23.808882584996915, 22.806648439541856, 21.75005168108825, 20.65225456998449, 19.735785783871762, 18.623552708725683, 17.51348822119079, 16.420845855146354, 15.360569782420542, 14.346930393392798, 13.393176306748945, 12.511212655240538, 11.711314801466733, 11.001885652816465, 10.389263521661574, 9.877586047915205, 9.468714094961042, 9.162217827532416, 8.955425379432619, 8.84353272742542, 8.81977161446269, 8.875630691803575, 9.001123509034445, 9.18509562901154, 9.41556201008563, 9.680064927786175, 9.966042119343498, 10.26119454602871, 7.902004997424502, 8.167681805545556, 8.411411082108636, 8.625141005129738, 8.802540867193649, 8.93916947416321, 9.032586304033826, 9.082402417641834, 9.090269882030896, 9.059810263233267, 8.996484524118733, 8.907408367639546, 8.801118649217221, 8.687297894688951, 8.576465165279235, 8.479642465406949, 8.40800657523667, 8.372536581417595, 8.383667463558075, 8.450959881082362, 8.58279578268128, 8.786108669093212, 9.06615628102663, 9.4263422029297, 6.661318351301378, 7.130736650003604, 7.679155627975212, 8.302155269388923, 8.99338714447781, 9.744730854166775, 10.546500538734609, 11.387695166449257, 12.256285073108748, 13.139526217568951, 14.024292840826714, 14.897418764836877, 15.746037358517187, 16.557910344990912, 17.321736004493378, 18.027428036937895, 18.666357281085084, 19.231549660721743, 19.717835095769264, 20.121943617669857, 20.44254654437982, 20.68024222859597, 20.83748756513858, 20.91847804704766, 22.167399654963972, 22.10750807723851, 21.990099311975552, 21.82457338055017, 21.620930512815615, 21.389463618883568, 21.140450189219887, 20.883853016093486, 20.629038748983543, 20.384522628797917, 20.157746834976553, 19.954898741094112, 19.780774046227744, 19.63868828581608, 19.530438652694507, 19.456316446021177, 19.415168850326673, 19.404507182810157, 19.42065728792845, 19.458946442964848, 19.513920006593263, 19.579580139263687, 19.649638268162988, 19.717772575473614], "test": [25.0, 25.0, 25.0, 25.0, 25.4, 26.0, 26.0, 26.0, 26.0, 26.0, 26.0, 26.0, 26.0, 26.0, 26.0, 26.0, 26.0, 26.0, 26.0, 26.0, 26.0, 26.0, 26.0, 26.0, 26.0, 26.0, 26.0, 26.0, 26.0, 26.0, 26.0, 26.0, 26.0, 26.0, 26.0, 26.0, 25.2, 25.0, 25.4, 26.6, 26.0, 26.0, 26.4, 28.6, 26.8, 24.4, 22.2, 20.8, 19.0, 14.0, 8.4, 14.850000000000001, 11.700000000000001, 0.2, 0.0, 0.4, 8.2, 14.8, 11.2, 9.8, 5.4, 4.4, 5.0, 3.2, 1.6, 1.8, 2.0, 1.0, 0.6, 0.0, 0.2, 0.8, 0.0, 1.2, 1.8, 1.4, 5.8, 10.8, 10.0, 7.4, 8.0, 8.2, 5.0, 5.2, 4.8, 5.8, 7.800000000000001, 7.2, 7.0, 5.2, 4.0, 2.0, 1.0, 1.8, 2.0, 4.0, 6.0, 4.4, 5.0, 4.2, 3.2, 3.6, 4.6, 8.0, 8.6, 11.2, 15.199999999999998, 18.6, 20.0, 22.2, 27.8, 29.8, 29.6, 29.6, 30.0, 29.8, 29.2, 30.0, 30.0, 30.0, 25.6, 24.4, 24.6, 24.0, 24.0, 24.2, 26.6, 27.0, 28.8, 29.0, 30.0, 30.0, 30.0, 30.0, 30.0, 30.0, 30.0, 30.0, 29.4, 29.6, 30.0, 30.0, 30.0, 30.0]}