{"day": 3, "month": 4, "station_id": 564, "predict": [9.740594282241789, 9.810547652745122, 9.87956690781125, 9.94575984571489, 10.007300178951715, 10.062514093222171, 10.10996012692753, 10.148499403158816, 10.177353577864126, 10.19614827508447, 10.204940274799135, 10.204227265615776, 10.194939564525168, 10.178413821601584, 10.156349345202779, 10.130748284682465, 10.103841473847309, 10.078002251384518, 10.055651015673085, 10.039153628340932, 10.030717040507641, 10.03228566883792, 10.045442089751484, 10.07131554801274, 13.534790682847026, 13.585138494306454, 13.649410298615273, 13.726544414281427, 13.814755611974386, 13.91154129694983, 14.013710432584979, 14.117434974818314, 14.218322884479827, 14.311511105688936, 14.391776256611607, 14.453660199442321, 14.491607153422585, 14.500108610803283, 14.47385201429239, 14.407868974847915, 14.297678752733418, 14.139422795335609, 13.92998632254399, 13.667103269837133, 13.349441329148831, 12.976664363254857, 12.549470081994766, 12.069601561479939, 21.355699380555144, 20.79597856980792, 20.192777595516922, 19.552664881462853, 18.882884621998258, 18.191199160254914, 17.485717770510007, 16.77471637817936, 16.066453044675466, 15.368984164495338, 14.689986330017357, 14.0365886691658, 13.41522017105, 12.831476114804483, 12.290007168138414, 11.794434104900397, 11.347290351438167, 10.949993807784395, 10.60284854880216, 10.305076178470985, 10.054875773125046, 9.849510542194599, 9.685418592793646, 9.55834450962294, 8.311549988970238, 8.242997917698297, 8.199567768992521, 8.175304511399641, 8.164292027373092, 8.16083489948285, 8.159630756578863, 8.155928335217267, 8.145666849798774, 8.125592833023436, 8.093351285635961, 8.047548737134811, 7.987786649011254, 7.91466446459519, 7.829752492853619, 7.735535691771868, 7.635330253626981, 7.533175673799284, 7.433705678660147, 7.342001978355281, 7.26343528192799, 7.203498348009548, 7.16763603848635, 7.161077389788339, 4.914048394298507, 5.001850113319859, 5.128711842932233, 5.297195670680384, 5.5090495021720045, 5.765146539758073, 6.0654505644925125, 6.409007820702662, 6.7939654968646686, 7.217616008808774, 7.676465524213363, 8.16632445640037, 8.68241702000649, 9.219506404644752, 9.77203167885591, 10.334252235614308, 10.900395403189556, 11.464802796111778, 12.02207107616074, 12.567183007037801, 13.095625030852839, 13.603488047487208, 14.087548640019408, 14.54532860865165, 13.816153385185375, 14.269985548099182, 14.692844585349988, 15.084756433799356, 15.446469434743754, 15.77939113326986, 16.08550760583785, 16.36728824976318, 16.627579371641378, 16.869490219838188, 17.09627528842414, 17.311216775430704, 17.5175110211308, 17.718162558488, 17.915889110079, 18.11304045779573, 18.311533615838652, 18.512806162684523, 18.717788959656755, 18.92689882027829, 19.14005101245727, 19.356690806438547, 19.575842638646943, 19.7961748659171], "test": [16.0, 17.0, 17.4, 19.0, 19.0, 19.0, 19.0, 19.0, 19.0, 19.0, 19.0, 19.0, 19.0, 19.0, 19.0, 19.0, 19.0, 19.0, 19.0, 19.0, 19.0, 19.0, 19.0, 19.0, 18.0, 18.0, 18.0, 18.0, 18.0, 18.0, 18.0, 27.6, 36.0, 36.0, 36.0, 36.0, 36.0, 36.0, 36.0, 36.0, 36.0, 35.8, 35.0, 34.0, 33.0, 33.0, 32.0, 30.0, 30.2, 29.8, 25.6, 24.4, 23.2, 20.0, 18.2, 17.6, 15.2, 12.8, 10.8, 8.4, 4.4, 0.0, 0.0, 0.0, 0.0, 0.0, 0.0, 0.0, 0.0, 0.2, 3.0, 3.0, 2.0, 0.8, 0.8, 1.0, 0.2, 0.4, 0.0, 1.0, 1.8000000000000003, 0.4, 0.6, 0.6, 0.2, 0.0, 0.0, 0.0, 0.0, 0.0, 0.0, 0.0, 0.0, 0.0, 0.4, 1.4, 0.0, 0.8, 3.0, 4.0, 4.0, 4.2, 6.4, 7.6, 9.0, 9.0, 7.400000000000001, 6.2, 5.0, 3.6000000000000005, 3.8, 3.8, 5.6, 3.4000000000000004, 1.2, 2.4, 2.0, 1.8000000000000003, 2.0, 3.0, 5.0, 6.0, 5.8, 6.0, 7.200000000000001, 7.000000000000001, 7.000000000000001, 7.400000000000001, 15.6, 24.2, 26.0, 26.0, 26.0, 26.0, 26.0, 26.0, 27.4, 28.000000000000004, 28.000000000000004, 28.000000000000004, 28.000000000000004, 28.000000000000004, 28.6, 29.0]}