{"day": 5, "month": 9, "station_id": 48, "predict": [13.364784328874618, 13.434235928146512, 13.475165987675473, 13.484686510605545, 13.461184551940358, 13.404383570136513, 13.315355921670168, 13.196485970758182, 13.05138491955771, 12.884760063565395, 12.70224269346841, 12.510180247974375, 12.31539953304075, 12.12494881490797, 11.945827347165753, 11.78471136096534, 11.647685748972531, 11.539990559385657, 11.465791027049466, 11.427979191585031, 11.428014209612925, 11.465807306989271, 11.539655940369272, 11.646230219254535, 16.58108314274269, 16.76359709193811, 16.959625450714448, 17.160572627601773, 17.356910579901587, 17.53844434026353, 17.694606445628626, 17.81477162083075, 17.888582324420497, 17.906275305031404, 17.858999150911743, 17.739112962747935, 17.54045672598899, 17.258584701799517, 16.890954165809923, 16.43706308070519, 15.898531749565953, 15.279125123035742, 14.584714166145707, 13.823176504936946, 13.004238367572288, 12.139261620055846, 11.240981342876518, 10.323200924173168, 13.869413121945657, 13.023244765187608, 12.200681055040954, 11.416127050087814, 10.68323986667955, 10.01457238643142, 9.421244573046064, 8.912651951432645, 8.49621980582327, 8.177210354900433, 7.958588680260645, 7.840951501658139, 7.8225210933949105, 7.899204765360432, 8.064718430879884, 8.310770932381889, 8.627304026745614, 9.002781310274441, 9.424517937749192, 9.879041792975851, 10.352475842125747, 10.830930785138223, 11.300896800989422, 11.749623209255324, 17.550286958395688, 17.99107919366557, 18.38171569395324, 18.715448612297152, 18.987608494541824, 19.195724618849656, 19.339581719591674, 19.421211604854644, 19.444820070515593, 19.416651381538813, 19.344794399646418, 19.238936114838406, 19.110069851896235, 18.97016671610939, 18.83181988521657, 18.707872111068134, 18.61103724819583, 18.553526758832646, 18.546691960042484, 18.60069227254399, 18.724198931951253, 18.92414254869415, 19.205511581634493, 19.571207272099983, 11.804387890598187, 12.256541238875188, 12.786231598787849, 13.387478892264484, 14.05248125263567, 14.77182970795196, 15.534766975393188, 16.329482538917816, 17.143435172874447, 17.963693340577187, 18.777283431823243, 19.57153565768713, 20.33441756820405, 21.054845618618437, 21.722965924359933, 22.330396355581616, 22.87042332867776, 23.33814806447666, 23.730578647255346, 24.0466658598192, 24.28728248395143, 24.45514744740631, 24.55469784596522, 24.59191340623367, 19.620228970385767, 19.52131184346709, 19.382671462765174, 19.21357833716816, 19.023573374419716, 18.82217058884519, 18.61856794324535, 18.421375129298895, 18.23836646489146, 18.07626620549249, 17.940572473007805, 17.83542472242133, 17.76351824122049, 17.726067653484222, 17.7228198248545, 17.752114990216697, 17.81099339595269, 17.895343315510218, 18.00008500776229, 18.11938406877098, 18.246886733588138, 18.375969023078163, 18.49999123977938, 18.6125491880259], "test": [18.0, 18.0, 18.8, 19.0, 19.0, 19.0, 19.0, 19.0, 19.0, 20.2, 21.0, 22.4, 23.0, 23.0, 23.0, 23.0, 23.0, 23.0, 23.0, 23.0, 23.0, 23.0, 23.0, 23.0, 23.0, 23.0, 23.0, 23.0, 23.0, 23.0, 23.0, 22.8, 22.0, 22.0, 22.0, 22.0, 22.0, 22.0, 22.0, 22.0, 22.0, 22.0, 22.0, 23.0, 23.0, 23.0, 23.0, 23.0, 23.0, 23.0, 23.0, 23.0, 23.0, 23.0, 23.0, 21.0, 21.0, 21.0, 21.0, 21.8, 22.0, 18.6, 17.4, 13.8, 13.8, 14.000000000000002, 14.000000000000002, 13.200000000000001, 13.0, 12.8, 13.0, 10.6, 6.6000000000000005, 6.2, 8.0, 7.400000000000001, 6.4, 5.4, 5.0, 2.6, 1.0, 1.4, 0.8, 0.2, 5.0, 8.0, 10.6, 8.8, 7.6, 5.0, 7.8, 7.8, 8.8, 7.8, 8.8, 8.6, 9.6, 8.6, 8.6, 8.2, 7.000000000000001, 4.8, 7.6, 9.4, 11.2, 10.8, 12.2, 10.4, 7.000000000000001, 7.8, 9.6, 10.6, 11.2, 12.0, 11.6, 10.4, 13.600000000000001, 14.800000000000002, 17.0, 17.0, 18.2, 17.4, 18.6, 19.0, 19.0, 19.0, 19.0, 19.0, 18.8, 18.0, 17.6, 18.0, 18.0, 18.0, 18.0, 21.2, 22.0, 22.0, 22.0, 22.0, 22.0, 22.0, 22.0, 22.0]}