{"day": 3, "month": 6, "station_id": 192, "predict": [15.916211710534983, 16.0, 16.0, 16.0, 16.0, 16.0, 16.0, 16.0, 16.0, 16.0, 16.0, 16.0, 16.0, 16.0, 16.0, 16.0, 16.0, 16.0, 16.0, 16.0, 16.0, 16.0, 16.0, 16.0, 16.0, 16.0, 16.0, 16.0, 16.0, 16.0, 16.0, 16.0, 16.0, 16.0, 16.0, 16.0, 16.0, 16.0, 16.0, 16.0, 16.0, 16.0, 16.0, 16.0, 16.0, 16.0, 15.733984289324981, 15.247099687294616, 13.150747862771329, 12.630938791123306, 12.098400308479954, 11.559230042414564, 11.019602694043128, 10.485632183411894, 9.963235992992825, 9.458005334182275, 8.975084601246929, 8.51906330575083, 8.09388332157765, 7.702763842735377, 7.348145938493946, 7.031658039518496, 6.754103092367255, 6.515467506617835, 6.3149514017769866, 6.151019068366376, 6.021467992776093, 5.923514281495711, 5.85389187689526, 5.808962585665576, 5.784833660858969, 5.777479497065421, 3.68074249005325, 3.6754515801484384, 3.6749504401309236, 3.675888547606749, 3.6753445799863727, 3.670901655524583, 3.660705510858624, 3.643504188169395, 3.618668368123223, 3.586192065307621, 3.546673989979774, 3.5012804491677594, 3.4516912010309806, 3.400030167917728, 3.3487833448093243, 3.3007065953162282, 3.2587263006697427, 3.225836006669951, 3.2049922978109535, 3.1990131124066856, 3.210481601235208, 3.241658426500716, 3.2944051070140246, 3.3701206471201015, 5.665759596154479, 5.783411471627452, 5.923065661246552, 6.084501151784192, 6.266982384194092, 6.4692818795164495, 6.689717918209769, 6.926205878222801, 7.1763214206129025, 7.437373369855605, 7.706483850009077, 7.980673046526685, 8.256945839504073, 8.532377534266674, 8.804195970999121, 9.069857438955266, 9.327114051056794, 9.574070524526157, 9.80922868241583, 10.03151839304038, 10.240314121149979, 10.435436730080793, 10.61714065993232, 10.786087077618962, 12.644106460916422, 12.802552143314777, 12.95345066603766, 13.098670397754974, 13.240151243712328, 13.37982863937037, 13.519558640393935, 13.661046637239412, 13.805782094631073, 13.95498151395173, 14.109541544331806, 14.270003827594481, 14.4365327767363, 14.608907055598285, 14.786525075436083, 14.968424354238334, 15.15331412526372, 15.339620134017801, 15.525540151345103, 15.709108363481782, 15.88826649071045, 16.0, 16.0, 16.0], "test": [16.0, 16.0, 16.0, 16.0, 16.0, 15.6, 15.6, 16.0, 16.0, 16.0, 16.0, 16.0, 16.0, 16.0, 15.4, 15.0, 15.0, 15.0, 15.0, 15.0, 15.0, 15.0, 15.0, 15.0, 15.0, 15.0, 15.0, 15.0, 15.0, 15.0, 15.0, 15.0, 15.0, 15.0, 14.0, 13.4, 13.0, 13.0, 13.0, 13.0, 12.8, 12.0, 12.0, 12.0, 11.0, 10.0, 10.0, 9.8, 8.8, 7.2, 6.4, 8.0, 12.8, 12.0, 11.0, 9.0, 6.6, 2.8, 6.6, 3.2, 1.8, 0.0, 0.0, 0.4, 0.0, 0.0, 0.6, 1.0, 0.6, 2.4, 8.0, 8.0, 8.8, 6.0, 2.8, 1.2, 1.0, 1.0, 0.2, 1.6, 3.0, 2.8, 4.2, 6.0, 7.4, 9.0, 9.4, 10.8, 12.2, 12.6, 13.2, 14.0, 14.4, 16.0, 14.6, 13.2, 12.6, 11.6, 8.2, 6.0, 4.0, 4.0, 3.2, 3.2, 8.6, 11.2, 12.8, 12.2, 11.8, 10.0, 12.4, 13.8, 11.2, 10.4, 13.6, 15.0, 15.8, 15.4, 16.0, 14.4, 14.0, 13.4, 15.0, 14.0, 15.0, 14.2, 15.2, 16.0, 16.0, 16.0, 16.0, 13.6, 9.2, 10.2, 12.4, 13.0, 11.6, 9.8, 11.0, 11.8, 12.0, 14.2, 16.0, 16.0]}