{"day": 6, "month": 3, "station_id": 340, "predict": [14.831640698287393, 14.803685284722366, 14.780329575881638, 14.760520874428863, 14.743275019673296, 14.727710632992984, 14.713074768731692, 14.698759157067828, 14.684306596593215, 14.669407439088928, 14.653886493743256, 14.637681049611519, 14.620811061998916, 14.603342857179314, 14.585347970748817, 14.5668589413267, 14.547824019594241, 14.528062826126952, 14.507224992053192, 14.484753741560151, 14.459856237371934, 14.43148229763531, 14.398312825999554, 14.358758978274299, 14.99097533934041, 14.995529981712991, 14.986838634238081, 14.962268942540561, 14.919111582634836, 14.854646885596186, 14.766217766696789, 14.651306926721382, 14.507616076190896, 14.333144781977932, 14.12626645911843, 13.885799030416942, 13.611067856622382, 13.301958691753443, 12.958958651028205, 12.583183476366266, 12.176389737072327, 11.740971017633207, 11.279937583725527, 10.796879490555046, 10.29591358005964, 9.781615295040776, 9.258936691523957, 8.733112470627114, 7.107393563175673, 6.632735075682867, 6.169956426273741, 5.724106539602518, 5.30001037668233, 4.902160680565508, 4.534615821583293, 4.200906586686684, 3.903954561820433, 3.6460044747504305, 3.4285725109327707, 3.2524122074841992, 3.117499060192272, 3.023034477905332, 2.967469193147747, 2.9485457017708088, 2.963358774565613, 3.0084325792070175, 3.0798124802867877, 3.1731691637956043, 3.2839123784221664, 3.407311301234081, 3.5386183331217405, 3.6731930199804284, 3.4369440286899247, 3.544261079116807, 3.6447945934804276, 3.7356145559400495, 3.8143588663909993, 3.8792921928634634, 3.929347482480655, 3.9641489840194293, 3.984016142292743, 3.9899482506469592, 3.9835902776350465, 3.967180803767054, 3.943483497159925, 3.915704010801654, 3.8873945866549913, 3.8623489871438808, 3.844490640390529, 3.8377570683913236, 3.8459837626323834, 3.872790681562687, 3.9214744650051365, 3.9949092902917065, 4.0954590518425, 4.224903220301073, 1.3167378788319914, 1.4204717844390204, 1.554261551158306, 1.7174175391111168, 1.9085425018058388, 2.1255581816018263, 2.3657495799198536, 2.625825601962444, 2.901994331973702, 3.190050820912546, 3.4854749372933496, 3.783536591152731, 4.079405461710542, 4.368262276036512, 4.645408677547529, 4.906372800110838, 5.147007824681879, 5.3635810240268516, 5.552851105589532, 5.712132016680322, 5.839341783745113, 5.933035392879237, 5.99242118447826, 6.017360698092565, 5.934560624037355, 5.893296163881175, 5.822850046540376, 5.725260672233235, 5.602966814823747, 5.458735095816667, 5.295582038415362, 5.116693024338209, 4.925340500986925, 4.7248037390215485, 4.518292326402108, 4.308875407612698, 4.099418438908408, 3.892528951127912, 3.6905124860561678, 3.495339523342201, 3.3086238448087872, 3.131612413698935, 2.9651864761439324, 2.809873246514127, 2.6658672199198956, 2.5330598708159666, 2.411076268345133, 2.299316955549172], "test": [11.0, 11.0, 13.0, 13.0, 13.0, 13.0, 13.0, 13.0, 13.0, 13.0, 13.0, 13.0, 13.0, 13.0, 13.0, 13.0, 13.0, 13.0, 13.0, 13.0, 12.0, 9.0, 9.0, 9.0, 9.0, 9.0, 9.0, 9.0, 9.0, 9.0, 9.0, 9.0, 9.0, 9.0, 9.0, 9.0, 10.0, 10.0, 9.8, 9.6, 10.0, 9.8, 9.0, 9.0, 9.0, 9.0, 9.0, 9.0, 9.0, 9.0, 9.0, 9.0, 9.0, 9.0, 9.0, 9.0, 9.0, 9.0, 8.8, 8.0, 8.0, 6.0, 5.0, 5.0, 4.4, 4.0, 3.2, 2.0, 2.0, 1.4, 0.4, 0.0, 0.0, 0.0, 0.0, 0.0, 0.0, 0.0, 0.0, 0.0, 0.0, 0.0, 0.0, 0.0, 0.0, 0.0, 1.6, 1.0, 4.0, 4.4, 6.0, 6.0, 6.0, 6.0, 6.0, 4.6, 4.0, 3.0, 3.0, 3.0, 3.0, 3.0, 3.0, 3.0, 3.4, 4.0, 4.0, 4.2, 5.0, 5.0, 5.0, 4.0, 4.0, 3.0, 3.0, 3.0, 3.0, 3.0, 3.0, 3.0, 4.0, 4.8, 13.0, 13.0, 12.2, 11.0, 11.0, 11.0, 11.0, 11.0, 11.0, 11.0, 11.0, 11.0, 11.0, 11.0, 11.0, 11.0, 12.6, 13.0, 13.0, 13.0, 13.0, 13.0]}