{"day": 5, "month": 6, "station_id": 130, "predict": [20.929700494801985, 21.265698923750794, 21.594872319465672, 21.91097725266416, 22.208295804136178, 22.48182232350684, 22.72742435971739, 22.941972610103576, 23.123435735313084, 23.270937012276192, 23.384771024095954, 23.466379862196646, 23.518289614422436, 23.54400918796597, 23.547894725418267, 23.53498398571402, 23.510806035539773, 23.48117240691252, 23.45195649688885, 23.42886839190974, 23.41723248146304, 23.421775183271905, 23.446429821486582, 23.4941652041225, 20.883399916865887, 20.97836869205158, 21.097220303589587, 21.237718018933144, 21.39636500318897, 21.568466149255087, 21.748230484773636, 21.928911587743844, 22.102982233612494, 22.262338400990238, 22.398526802960284, 22.502989331582373, 22.567317212702857, 22.58350730144185, 22.544212804652112, 22.4429808092476, 22.27446931923369, 22.03463705232449, 21.720899999940386, 21.33224969813705, 20.869329250859785, 20.334464378686512, 19.73164807094237, 19.066478786545417, 16.544363245615372, 15.765060801043242, 14.946347764797999, 14.098303082060879, 13.231741893765388, 12.357953692426438, 11.488426258340034, 10.634563196129008, 9.807403118265324, 9.01734849208826, 8.273911905047289, 7.58548701211352, 6.959150708759008, 6.400502186379916, 5.913543433127157, 5.500604551388346, 5.162315937018626, 4.897628001014155, 4.703877718615842, 4.576899917792567, 4.511179907344553, 4.5000428343353995, 4.535874089360419, 4.610364171709794, 8.469049827043415, 8.59704881341859, 8.734967212372691, 8.874825920123941, 9.009289976842034, 9.131885223459067, 9.237186402466017, 9.32097121165538, 9.380335852677707, 9.413768772759937, 9.421180559596737, 9.403889263290157, 9.364561757882235, 9.307113070422586, 9.236566863070902, 9.158881412323064, 9.08074645739759, 9.009357153919822, 8.952172046735686, 8.916662441332562, 8.910060800962277, 8.939115812658578, 9.009861550770019, 9.127407733033127, 15.931772459488087, 16.21946350908067, 16.565653344150952, 16.970710557573927, 17.43343981884511, 17.951091430288596, 18.519417053093512, 19.13276989136215, 19.784246299125304, 20.46586455206817, 21.168775413276368, 21.88349820456012, 22.60017533217794, 23.308837708762468, 23.999673190646675, 24.0, 24.0, 24.0, 24.0, 24.0, 24.0, 24.0, 24.0, 24.0, 22.728215755436416, 22.809172114097933, 22.843783957749952, 22.837786526126834, 22.797777305597968, 22.73101038012999, 22.64517402618754, 22.54815838774862, 22.447820328126284, 22.351752594415462, 22.267064256036356, 22.200178987019797, 22.15665717174923, 22.141047043890246, 22.156769138888727, 22.206037284439333, 22.289818201966455, 22.407830580493385, 22.558583253150044, 22.739450888169504, 22.94678444426424, 23.176052566841484, 23.422009152262753, 23.678881506760163], "test": [19.0, 19.0, 19.0, 16.6, 15.0, 15.0, 15.0, 18.0, 20.6, 21.0, 20.0, 20.0, 20.0, 20.0, 20.0, 20.0, 21.2, 22.0, 22.0, 22.0, 20.4, 20.0, 20.0, 20.0, 20.0, 20.0, 19.6, 20.0, 20.0, 20.0, 20.0, 20.0, 20.0, 20.0, 20.0, 20.0, 20.0, 20.0, 19.4, 19.0, 19.0, 19.0, 18.6, 18.0, 18.0, 18.0, 18.0, 18.0, 18.0, 18.0, 17.6, 16.6, 15.8, 15.8, 16.0, 14.8, 14.0, 13.2, 12.0, 12.0, 12.400000000000002, 15.400000000000002, 16.2, 13.8, 13.4, 15.400000000000002, 15.400000000000002, 21.6, 19.8, 20.4, 19.6, 20.0, 17.4, 19.0, 18.6, 19.4, 21.4, 21.0, 21.4, 23.0, 22.2, 22.2, 22.2, 21.8, 22.0, 21.0, 21.0, 21.0, 21.2, 22.4, 14.0, 10.8, 11.0, 11.2, 9.8, 7.0, 8.8, 12.2, 10.2, 18.4, 22.6, 22.8, 19.4, 14.599999999999998, 10.6, 8.8, 9.4, 6.6, 8.8, 10.2, 11.0, 11.2, 9.6, 9.0, 12.2, 8.6, 6.8, 5.0, 6.200000000000001, 6.0, 9.4, 10.6, 8.0, 6.8, 6.8, 5.6, 3.0, 3.4, 0.8, 0.2, 0.8, 0.0, 0.0, 0.0, 2.0, 2.0, 1.6, 1.0, 0.6, 2.0, 2.0, 3.2, 7.6, 8.6]}