{"day": 2, "month": 11, "station_id": 17, "predict": [21.829723937921628, 22.018219095475807, 22.186076540616885, 22.328609615162435, 22.442128181437248, 22.524077629617544, 22.573138500873494, 22.589283330090762, 22.573788683597808, 22.52920179871185, 22.45926269133265, 22.368784029801326, 22.26349243851318, 22.149836149470318, 22.03476502437684, 21.925489887119888, 21.829228815531692, 21.752948504660953, 21.703109036931146, 21.685420344795613, 21.704618356458536, 21.76426825744136, 21.866601517023316, 22.012392328753922, 23.95701631493298, 24.20216755193784, 24.484222149422493, 24.797832951158146, 25.13626628669929, 25.49156028304021, 25.854724224692, 26.0, 26.0, 26.0, 26.0, 26.0, 26.0, 26.0, 26.0, 26.0, 26.0, 26.0, 26.0, 26.0, 26.0, 26.0, 25.539662233796975, 24.933592041298642, 22.573126468389013, 21.85031938593833, 21.10233980839168, 20.341426920260513, 19.58008431655841, 18.830758847071426, 18.105520878359172, 17.415755142348498, 16.771871066123012, 16.183040905458927, 15.656973211332843, 15.199728132896375, 14.815579831705852, 14.506929909922041, 14.274274260116483, 14.116224175333969, 14.029580962492851, 14.00946173852459, 14.049472579024918, 14.141923804470512, 14.278080954485205, 14.448443958208443, 14.64304618883267, 14.851764520984123, 11.050717363458869, 11.254642062457613, 11.443720843601678, 11.60960082481699, 11.745209360811442, 11.844957964952258, 11.90489989405044, 11.922836913029752, 11.898372278490083, 11.832908587505703, 11.72959078221935, 11.59319623185289, 11.429975383883148, 11.247447938334089, 11.054160811355523, 10.859415271916298, 10.672971534126804, 10.504739733802802, 10.364466597148109, 10.26142720453778, 10.204131074241355, 10.200051327851712, 10.255384982026602, 10.374851452358993, 7.511876538796405, 7.745458412207727, 8.046297852083507, 8.412064316954925, 8.838692401070633, 9.320483072926482, 9.85025284725211, 10.419526297319738, 11.018766022637823, 11.63763310037141, 12.265270160255408, 12.89059857701523, 13.502620891153494, 14.090719459855068, 14.64494248833799, 15.15626901965918, 15.616845143422111, 16.020184580531318, 16.361327925592068, 16.636956098824488, 16.845454974127424, 16.986929639199253, 17.063168285614786, 17.07755724741119, 15.817253645977162, 15.724325788395198, 15.59023119211624, 15.423016296044876, 15.231269594320874, 15.02385154222574, 14.809620504543538, 14.597163222755626, 14.394538083437064, 14.20903902345769, 14.046987214755136, 13.91355676704598, 13.812639585337635, 13.746753267366937, 13.716994555663218, 13.723039414428762, 13.763189328309927, 13.83446196563267, 13.932722951719066, 14.052854212467555, 14.188953201267353, 14.334556360742338, 14.482879417524122, 14.627066589193316], "test": [26.0, 26.0, 26.0, 26.0, 26.0, 26.0, 26.0, 26.0, 26.0, 26.0, 26.0, 26.0, 26.0, 26.0, 26.0, 26.0, 26.0, 26.0, 26.0, 26.0, 26.0, 26.0, 26.0, 26.0, 26.0, 26.0, 26.0, 26.0, 26.0, 26.0, 26.0, 26.0, 26.0, 26.0, 26.0, 26.0, 26.0, 26.0, 26.0, 26.0, 26.0, 26.0, 26.0, 26.0, 26.0, 25.6, 24.8, 23.6, 21.2, 20.0, 19.4, 18.0, 17.4, 15.8, 13.400000000000002, 12.4, 10.2, 6.800000000000001, 4.6, 2.6, 0.6, 0.0, 0.8, 1.8, 1.2, 0.6, 0.6, 2.0, 3.0, 3.0, 3.0, 4.0, 4.0, 4.4, 4.0, 4.8, 5.0, 5.0, 5.2, 5.4, 4.6, 4.0, 5.0, 6.0, 7.0, 7.0, 5.6, 4.6, 4.0, 3.0, 1.0, 2.6, 4.0, 3.7999999999999994, 3.4000000000000004, 3.2, 2.2, 3.0, 3.6, 3.4000000000000004, 4.4, 5.0, 4.2, 5.0, 6.4, 7.8, 8.8, 8.4, 9.4, 11.2, 11.0, 11.6, 12.6, 13.400000000000002, 12.4, 12.2, 12.0, 12.0, 12.0, 12.2, 13.400000000000002, 14.0, 14.799999999999999, 14.999999999999998, 15.6, 16.0, 15.4, 14.999999999999998, 15.199999999999998, 16.0, 14.999999999999998, 15.6, 16.6, 17.0, 17.0, 18.6, 18.0, 18.0, 18.0, 18.0, 18.6, 19.0, 19.6, 21.0]}