{"day": 1, "month": 6, "station_id": 246, "predict": [36.448865787518955, 36.77876666241063, 37.08470639994036, 37.35564830661444, 37.58191536592286, 37.75554458687772, 37.8705806777163, 37.923299205198724, 37.912351681233716, 37.83882752559505, 37.70623053419353, 37.520370243469735, 37.28917133563688, 37.02240689352551, 36.731363806896354, 36.428450862074484, 36.12676196870973, 35.839608495141015, 35.58003579056926, 35.36033958862954, 35.19159812477895, 35.08323544143291, 35.04263050305063, 35.07478542903349, 36.07892572698421, 36.2518662573652, 36.49462550718897, 36.80133051250765, 37.163283543574394, 37.56913574548644, 38.005149035877835, 38.45553955292591, 38.90289335684146, 39.32864276715373, 39.71358972456236, 40.03846099179532, 40.28447886368469, 40.43393042217351, 40.470718231096704, 40.38087575171795, 40.15303165048898, 39.77880854813313, 39.25314357759043, 38.574520332993686, 37.74510432657016, 36.77077687521559, 35.66106527872746, 34.42897021730384, 32.711257753157525, 31.204049080326723, 29.633557887458885, 28.024038842264094, 26.400943247152, 24.790289456141352, 23.21801395982944, 21.70932136878833, 20.28805168346999, 18.976082765699715, 17.792784997244876, 16.754543642430157, 15.874362498384066, 15.161560124839147, 14.62156725654328, 14.255831117449748, 14.061829243351879, 14.033192280514598, 14.159932057925062, 14.42876820028623, 14.823543690857369, 15.325717237855319, 15.914918079231962, 16.569547084645013, 12.012085404727989, 12.727071558350065, 13.445489566985241, 14.146155765054933, 14.809698713676497, 15.419087682186653, 15.96008692452772, 16.421623001232884, 16.79605500043716, 17.0793403992694, 17.27109241206615, 17.374527870632416, 17.39630791823049, 17.346276943191743, 17.23710815709312, 17.083866939286764, 16.90350544594913, 16.714303948730507, 16.53527587077168, 16.38555447073701, 16.283779583857438, 16.247502723205073, 16.292628202570572, 16.432906774899795, 15.940059999939344, 16.31429358711669, 16.809463363981656, 17.426868301795366, 18.16434167802659, 19.01629271442322, 19.973850327222767, 21.025104127764916, 22.15543491648644, 23.347924280420823, 24.58383058510701, 25.84311672524029, 27.105013529258976, 28.348601754184244, 29.553395121568457, 30.699906954771293, 31.77018356716357, 32.74828866285502, 33.62072461318256, 34.376778464135214, 35.00878290078854, 35.51228504048086, 35.88611878957119, 36.132379449160915, 36.856072622679946, 36.889965125624094, 36.81380635258772, 36.64103624941241, 36.38708913742623, 36.06889321621526, 35.70433323767471, 35.311693247163035, 34.9090967750266, 34.51396179754089, 34.14248720040381, 33.80918636923947, 33.526481940288384, 33.30437373318909, 33.15018950634577, 33.06842550669167, 33.060680906174454, 33.12568723327151, 33.2594308859168, 33.45536387735511, 33.70469518258144, 33.996752523386725, 34.31940223181327, 34.6595130219439], "test": [39.0, 39.0, 38.8, 37.8, 37.0, 37.0, 37.0, 37.8, 38.0, 38.0, 38.0, 38.0, 38.0, 38.0, 38.0, 38.0, 38.0, 38.0, 38.0, 38.0, 38.0, 38.0, 39.0, 39.0, 39.0, 39.0, 39.0, 39.0, 39.0, 39.0, 39.0, 39.0, 39.0, 39.0, 39.0, 39.0, 39.0, 39.0, 39.0, 38.8, 39.0, 39.0, 39.0, 39.0, 39.0, 36.8, 35.8, 35.6, 32.8, 30.0, 28.6, 23.4, 20.0, 13.600000000000001, 7.6, 11.049999999999999, 1.0, 6.800000000000001, 8.6, 4.6, 4.2, 5.2, 5.0, 3.0, 2.2, 1.2, 0.6, 0.6, 0.0, 0.8, 2.0, 2.0, 3.2, 13.200000000000001, 10.15, 20.8, 18.6, 18.6, 17.0, 15.4, 14.000000000000002, 14.6, 16.0, 18.0, 17.6, 18.0, 19.0, 17.8, 16.4, 15.0, 15.0, 14.6, 15.2, 15.4, 15.2, 16.0, 16.4, 11.4, 8.0, 10.0, 12.0, 12.0, 12.0, 12.4, 13.200000000000001, 15.8, 22.6, 29.0, 35.2, 39.0, 38.8, 37.2, 37.2, 38.4, 38.4, 39.0, 38.6, 38.2, 39.0, 39.0, 39.0, 39.0, 39.0, 38.4, 38.4, 37.8, 39.0, 39.0, 39.0, 39.0, 39.0, 39.0, 38.2, 34.0, 34.0, 34.0, 34.0, 33.2, 33.0, 33.8, 34.0, 33.4, 33.0, 33.0]}