{"day": 5, "month": 7, "station_id": 338, "predict": [18.911375886255183, 19.043481594177628, 19.133131690339937, 19.17902858110399, 19.180855855353652, 19.139296525238098, 19.056020777859548, 18.933643299661334, 18.775651165213763, 18.586304184287968, 18.370510452627222, 18.133680626530552, 17.88156511191461, 17.62007890751956, 17.355119255033106, 17.092381501586146, 16.8371786795167, 16.59427023986742, 16.367705144987376, 16.16068413541983, 15.975445455264584, 15.813177655270612, 15.673962314710536, 15.556748664098224, 23.0, 23.0, 23.0, 23.0, 23.0, 23.0, 23.0, 23.0, 23.0, 23.0, 23.0, 23.0, 23.0, 23.0, 23.0, 23.0, 23.0, 23.0, 23.0, 23.0, 22.891604657646706, 22.315513661784678, 21.693957641923287, 21.033822471289444, 22.658827193079414, 22.072974622475684, 21.47474551256325, 20.872556488047135, 20.274781845838916, 19.689556756222544, 19.124589561365678, 18.5869883684516, 18.08310669094703, 17.618412305359204, 17.19738277230145, 16.82343027998978, 16.498857573164386, 16.224845814793436, 16.00147427492146, 15.827770809503429, 15.701791185635553, 15.620724477217092, 15.581021007390724, 15.578538674393618, 15.60870299216874, 15.666675811315399, 15.747527476781169, 15.846407129199664, 14.51831050053444, 14.6605501345879, 14.813773770393542, 14.97485313855494, 15.141314779356458, 15.311409760725484, 15.484157343247828, 15.659361576053392, 15.837600658459564, 16.020189755824575, 16.209118784389577, 16.406967451730473, 16.616800535736274, 16.842046988725738, 17.08636693308854, 17.353510975887957, 17.647176480518443, 17.97086550722941, 18.327749050933864, 18.720541986347147, 19.151392768281262, 19.62179144591372, 20.132498959991644, 20.683499995604258, 8.083724696368465, 8.383508743672811, 8.718219730578852, 9.084679731978401, 9.479027225758484, 9.896819554021413, 10.33315401893871, 10.782803804668573, 11.240364436873703, 11.700406171610576, 12.157627502669381, 12.607004950901072, 13.043934399988583, 13.46435951617026, 13.864883183680021, 14.24285841942022, 14.596455870761522, 14.92470573030613, 15.22751270723551, 15.505643530273883, 15.760687328413312, 15.994990079255732, 16.211565139046066, 16.413982619486966, 12.571143196777015, 12.70368215863896, 12.83472106620562, 12.968210160602926, 13.107922852367102, 13.257315805163373, 13.419398749170465, 13.596618229804678, 13.79075907540165, 14.002866827228328, 14.233193734578716, 14.48117018571773, 14.745402663328298, 15.023698478425985, 15.31311670651581, 15.610043916579292, 15.910292507544575, 16.20921873597013, 16.501856892192123, 16.78306554658304, 17.04768138496458, 17.29067588503132, 17.50730995372238, 17.693281680054], "test": [24.0, 24.0, 24.0, 24.0, 23.4, 23.0, 23.0, 23.0, 23.0, 23.0, 23.0, 23.0, 23.0, 23.0, 23.0, 23.0, 23.0, 23.0, 23.0, 23.0, 23.0, 23.8, 24.0, 24.0, 24.0, 24.0, 24.0, 24.0, 24.0, 24.0, 24.0, 24.0, 24.0, 24.0, 24.0, 24.0, 24.0, 24.0, 24.0, 24.0, 24.0, 24.0, 24.0, 24.0, 24.0, 24.0, 24.0, 24.0, 24.0, 24.0, 24.0, 23.8, 23.0, 23.0, 23.2, 24.0, 24.0, 24.0, 24.0, 23.0, 22.8, 21.0, 15.4, 13.200000000000001, 12.0, 14.6, 10.6, 8.4, 7.8, 12.2, 11.6, 9.8, 6.2, 3.6, 5.8, 6.0, 4.0, 5.4, 9.8, 11.0, 11.6, 13.799999999999999, 16.4, 4.85, 4.8999999999999995, 15.8, 12.999999999999998, 13.399999999999999, 19.0, 14.8, 5.2, 0.0, 0.6, 0.6, 4.0, 5.4, 4.2, 1.6, 3.2, 9.4, 5.2, 5.0, 6.6000000000000005, 9.0, 8.2, 9.2, 12.0, 8.6, 6.0, 6.0, 5.6, 3.4000000000000004, 3.6, 1.0, 2.2, 5.6, 0.4, 1.0, 0.4, 0.0, 0.0, 0.2, 0.4, 1.0, 1.0, 3.0, 3.0, 4.4, 5.0, 5.0, 5.0, 5.0, 3.2, 4.4, 8.6, 7.2, 7.6, 6.2, 17.65, 17.5, 17.6, 10.4, 11.4, 11.0]}