{"day": 1, "month": 6, "station_id": 427, "predict": [36.61258749958385, 36.474323457915276, 36.28479813411549, 36.047382669979875, 35.767486204324484, 35.452398391933336, 35.111060092708904, 34.75376928417817, 34.39183142288064, 34.037165384342416, 33.70187765766098, 33.39781862466546, 33.13613548549973, 32.92683664360033, 32.77838217111328, 32.69731429741991, 32.68794075853275, 32.75208230562626, 32.88889378709388, 33.09476600239971, 33.363313074834124, 33.685447473509605, 34.04954209855798, 34.44167612268439, 39.583183856029805, 39.96703160665409, 40.32646056537132, 40.64301362406956, 40.89807239143314, 41.07338914695791, 41.15162190144298, 41.11685659809596, 40.95510068228762, 40.65473294148148, 40.20689565508691, 39.60581665795178, 38.8490508853089, 37.93763323994514, 36.87613717727629, 35.67263613638183, 34.338567780972255, 32.888503886168294, 31.339831483369426, 29.712353548140406, 28.0278199038114, 26.309401168485852, 24.581120269965197, 22.867257432882663, 21.951969289363937, 20.29122286554514, 18.717126509164945, 17.249647101682086, 15.906081107227024, 14.700641490422932, 13.644130170634316, 12.7437053506543, 12.002750372819026, 11.42084779507509, 10.993859360320643, 10.714109454168772, 10.570666646059626, 10.549715073336522, 10.635004806047787, 10.80836805599472, 11.050286172395907, 11.34049091397851, 11.658582495830737, 11.984646448997617, 12.299851380767977, 12.58701031954829, 12.83108940717538, 13.019649279773907, 9.143170372529273, 9.226454716611883, 9.232353009348701, 9.160769049424083, 9.015148655265318, 8.802353628367504, 8.532433834163209, 8.218304473290825, 7.875338372073042, 7.520885583880627, 7.173734677123235, 6.853531752236046, 6.58017440877825, 6.373198551086551, 6.251176064166958, 6.231140994567639, 6.328060958010642, 6.5543690911831325, 6.919570016055378, 7.429931040131548, 8.08826725320062, 8.893826375467711, 9.84227623814689, 10.925794740466452, 12.163663450764579, 13.478885397963925, 14.886615036464724, 16.368011613981402, 17.902532118368885, 19.468471179482957, 21.043529540861662, 22.60539430297652, 24.132313916349737, 25.60365122094084, 27.000398606342454, 28.305640634935582, 29.504951173368767, 30.586714165294065, 31.54235954667299, 32.366508457408166, 33.05702467538684, 33.614972060409904, 34.044480646619675, 34.35252675001195, 34.54863502346827, 34.64451267465228, 34.6536280326024, 34.590747211633335, 35.80353842927247, 35.630754356067605, 35.42965903474067, 35.21592472222596, 35.004172960492895, 34.80755972933384, 34.637418996517795, 34.502974976972816, 34.41113113093176, 34.36634140970685, 34.37056657830371, 34.4233156992886, 34.52177011968408, 34.66098467516617, 34.83415836289958, 35.032964546899336, 35.24792888383606, 35.46884168122851, 35.68519033507376, 35.88659691737349, 36.06324586323482, 36.206287085788944, 36.30820069477116, 36.36311078070101], "test": [43.0, 43.0, 43.0, 43.0, 43.0, 43.0, 43.0, 43.0, 43.0, 43.0, 43.0, 43.0, 43.0, 43.0, 43.0, 43.0, 43.0, 43.0, 43.0, 43.0, 43.0, 43.0, 43.0, 43.0, 43.0, 43.0, 43.0, 43.0, 43.0, 42.2, 42.0, 42.0, 42.0, 41.2, 41.0, 40.6, 40.0, 39.4, 38.0, 35.8, 32.0, 29.4, 27.6, 24.0, 28.400000000000002, 26.6, 23.199999999999996, 14.8, 7.000000000000001, 2.8, 1.0, 1.6, 2.4, 1.0, 1.2, 1.0, 2.0, 1.4, 1.0, 1.0, 1.0, 1.0, 1.0, 1.2, 1.0, 1.0, 1.0, 2.0, 1.4, 1.4, 9.6, 13.4, 14.8, 13.8, 10.8, 8.8, 11.0, 9.4, 7.000000000000001, 5.799999999999999, 6.4, 9.0, 10.0, 12.4, 12.0, 12.2, 11.2, 11.0, 11.2, 10.6, 7.6, 5.6, 3.2, 4.4, 7.6, 9.0, 10.2, 10.8, 10.4, 11.8, 11.399999999999999, 5.6, 9.8, 17.6, 25.8, 37.0, 41.6, 41.4, 40.2, 40.4, 40.8, 38.0, 32.2, 32.0, 39.0, 41.0, 41.0, 41.0, 41.0, 41.0, 41.0, 41.0, 41.0, 41.0, 41.0, 40.2, 31.399999999999995, 32.8, 37.0, 37.0, 38.0, 39.6, 41.0, 41.0, 41.0, 41.0, 41.0, 41.0, 41.0, 41.0, 41.0, 40.8, 41.0, 41.0]}