{"day": 1, "month": 6, "station_id": 217, "predict": [11.389753768767823, 11.485418285971726, 11.593702674808108, 11.710698944536842, 11.832245047545644, 11.954078133109382, 12.071987911665708, 12.181964983408296, 12.280339203569566, 12.363903518739267, 12.430019225025775, 12.476699240506353, 12.502666731887233, 12.507387271066436, 12.491073584967285, 12.454662881572553, 12.399767652313821, 12.328601736436635, 12.24388426402842, 12.14872483575022, 12.046493931249683, 11.940683045546715, 11.834759410934655, 11.73202036339276, 11.690251474022347, 11.59418804586457, 11.508951089197888, 11.436010981665598, 11.376095566015271, 11.329136536531244, 11.294243566079302, 11.269707501719077, 11.25303301676052, 11.24100014469496, 11.229753171468865, 11.214914451297425, 11.191719870714003, 11.155171940877878, 11.100205873432508, 11.021863512023765, 10.915469663842048, 10.776805217768784, 10.602271450698455, 10.389040114889376, 10.135184259924591, 9.839785268903961, 9.503012250930382, 9.126170733551435, 8.095090640363308, 7.632232848435918, 7.141730068171396, 6.629382971286553, 6.101829576028928, 5.5663976313323635, 5.030933351662655, 4.5036110754497685, 3.9927290686011077, 3.5064971643425977, 3.0528222589210197, 2.6390978218215455, 2.272003533359862, 1.9573209516774712, 1.6997706998902604, 1.5028761110813456, 1.3688575409441661, 1.2985607242364718, 1.2914215899359895, 1.345468927238585, 1.4573652110774162, 1.6224848054632517, 1.835027679842609, 2.0881657457443312, 1.181114262502824, 1.4890633211032123, 1.8134249227149537, 2.1450575160028142, 2.4748498614122214, 2.7939607081110918, 3.09405150374129, 3.36750564876714, 3.60762817056857, 3.8088202306345593, 3.966723585228558, 4.078330957011919, 4.142059241906725, 4.157783523557935, 4.126830978101015, 4.051934889761333, 3.9371501261410797, 3.7877325139296962, 3.609985576998108, 3.411079014587701, 3.1988440935007025, 2.9815517659803, 2.767679799504375, 2.565675497187642, 3.649224167243295, 3.518684548822563, 3.422869150176494, 3.367712941417909, 3.3581034934322114, 3.3977501674772537, 3.489087123540881, 3.6332126388507007, 3.829866168746518, 4.077443489475217, 4.373049166904596, 4.712584525172003, 5.090868280301819, 5.5017860897184345, 5.938464457516817, 6.393463778548737, 6.85898479366841, 7.32708239208627, 7.789880548457572, 8.239782206068963, 8.669668133148274, 9.0730791604803, 9.444376765924535, 9.778877652087019, 9.584523794193279, 9.854240366860422, 10.07886606954957, 10.258004277359689, 10.39244478624866, 10.484105725500426, 10.53594405740499, 10.551837866318756, 10.536444438257416, 10.495038805112555, 10.433337953153753, 10.357316253510147, 10.273017861320758, 10.186371838320728, 10.103015588810496, 10.028131862000658, 9.966304078602779, 9.921394105571093, 9.89644584412528, 9.893617143836861, 9.914141633478952, 9.958321093748829, 10.025548027234704, 10.11435712611587], "test": [11.0, 11.0, 11.0, 11.2, 12.0, 12.0, 12.0, 12.0, 12.0, 12.8, 13.0, 13.0, 13.0, 13.0, 13.0, 13.0, 13.0, 13.0, 13.0, 13.0, 13.0, 13.0, 13.0, 13.0, 13.0, 12.6, 12.0, 12.0, 12.0, 12.0, 12.0, 12.0, 12.0, 12.0, 12.0, 12.0, 10.2, 10.0, 11.0, 10.2, 11.0, 11.0, 12.0, 7.2, 4.8, 6.0, 7.2, 5.6, 4.6, 3.8, 5.6, 3.8, 8.4, 11.2, 5.6, 0.8, 0.2, 0.4, 1.6, 0.2, 0.0, 0.0, 0.0, 0.0, 0.4, 1.6, 0.6, 0.0, 0.0, 0.0, 0.0, 0.0, 0.6, 2.8, 3.2, 4.0, 4.0, 3.0, 2.8, 4.2, 5.0, 4.8, 5.0, 5.0, 4.6, 4.0, 4.0, 3.4, 4.0, 4.0, 7.2, 10.2, 9.2, 10.0, 10.0, 9.4, 7.8, 6.0, 3.0, 2.4, 3.0, 2.0, 1.4, 0.8, 0.0, 0.0, 3.6, 3.0, 2.4, 1.6, 0.6, 0.4, 3.2, 4.4, 7.8, 9.8, 10.0, 9.8, 8.8, 6.0, 9.4, 10.0, 9.8, 10.0, 9.4, 10.0, 8.8, 6.0, 7.2, 6.8, 7.8, 7.8, 8.8, 10.0, 10.0, 10.0, 10.0, 10.0, 10.0, 10.0, 10.0, 10.0, 10.0, 10.0]}