{"day": 6, "month": 6, "station_id": 331, "predict": [30.0, 30.0, 30.0, 30.0, 30.0, 30.0, 30.0, 30.0, 29.98389617627311, 29.831642336396627, 29.664724972855172, 29.48743081784672, 29.304415675354957, 29.120519564962326, 28.940570964837924, 28.769186630319282, 28.610573674023037, 28.468340593004694, 28.34532371602407, 28.243435122623872, 28.163537478670953, 28.105350442176498, 28.067392352842216, 28.046959856106554, 26.49068029125598, 26.490391084683264, 26.492364233118362, 26.489486747813988, 26.473924399754942, 26.437319395374068, 26.37101084236131, 26.26627187234264, 26.114556699278378, 25.907750496674698, 25.638414795550666, 25.300021141363242, 24.887166002951368, 24.395760388842263, 23.82318829438034, 23.168428949903642, 22.432138833229633, 21.61669055104128, 20.72616690347011, 19.766309733206143, 18.744424456558864, 17.66924246574887, 16.550744801027744, 15.399951633296903, 14.960920478475058, 13.77168950149609, 12.585205205685037, 11.414067501822743, 10.270601845862833, 9.166582133444724, 8.112968318950141, 7.119665948218975, 6.195314185678103, 5.347108109476805, 4.58066005286446, 3.8999036737777533, 3.3070431868015837, 2.8025489105770864, 2.385198947024883, 2.052165493417367, 1.7991430022721489, 1.620514218579432, 1.5095490473830253, 1.4586302762331922, 1.4594994351101775, 1.5035155222898062, 1.5819189946913914, 1.686093310896359, 11.76291430159836, 11.93507221206702, 12.107710222154191, 12.275990686324281, 12.436223263611536, 12.585950430952952, 12.723992821146911, 12.850453365361984, 12.966680456536286, 13.075191570739632, 13.179559961828197, 13.284268136674653, 13.394532796361286, 13.516106765530921, 13.65506409526656, 13.817575008578329, 14.00967762877764, 14.237053505609913, 14.50481380624611, 14.81730269277126, 15.177923867548165, 15.588995540611364, 16.051638208180375, 16.565698615308836, 20.872409385335075, 21.497804604812675, 22.16569573342934, 22.8710246198429, 23.60764321299599, 24.368459088222092, 25.14560953439314, 25.930658953431752, 26.714813640025156, 27.48914752170895, 28.244832119973214, 28.973363916672195, 29.666782399010906, 30.0, 30.0, 30.0, 30.0, 30.0, 30.0, 30.0, 30.0, 30.0, 30.0, 30.0, 30.0, 30.0, 30.0, 30.0, 30.0, 30.0, 30.0, 30.0, 30.0, 30.0, 30.0, 30.0, 30.0, 30.0, 30.0, 30.0, 30.0, 30.0, 30.0, 30.0, 30.0, 30.0, 30.0, 30.0], "test": [25.2, 26.0, 26.0, 26.0, 26.0, 26.0, 26.0, 26.0, 26.0, 26.2, 27.0, 27.0, 27.0, 27.0, 27.0, 27.0, 27.0, 27.0, 27.0, 27.0, 27.0, 27.0, 27.0, 27.0, 27.0, 27.0, 27.0, 27.0, 27.0, 27.0, 27.0, 27.0, 27.0, 27.0, 27.0, 27.0, 27.0, 27.0, 27.0, 27.0, 27.0, 27.0, 27.0, 27.0, 27.0, 27.0, 27.0, 27.0, 27.0, 27.0, 27.0, 27.0, 27.0, 26.0, 25.0, 24.6, 24.0, 23.0, 23.0, 23.0, 21.6, 23.0, 21.8, 21.8, 22.8, 23.6, 23.0, 21.4, 21.0, 21.4, 22.0, 20.6, 19.4, 18.4, 18.6, 17.4, 17.4, 19.0, 19.0, 19.0, 19.4, 20.0, 20.0, 20.0, 20.0, 20.0, 19.6, 19.4, 20.6, 20.8, 21.2, 22.0, 22.0, 22.8, 23.0, 22.2, 22.0, 21.0, 21.0, 21.0, 21.8, 22.0, 22.0, 21.4, 21.6, 21.2, 22.0, 21.2, 21.6, 23.0, 23.6, 22.4, 22.0, 21.6, 20.0, 21.8, 23.2, 24.4, 25.6, 25.8, 25.0, 24.6, 24.4, 25.0, 25.0, 25.0, 25.6, 28.0, 29.0, 30.0, 30.0, 30.0, 30.0, 30.0, 30.0, 30.0, 30.0, 30.0, 30.0, 30.0, 30.0, 30.0, 30.0, 30.0]}