{"day": 6, "month": 10, "station_id": 732, "predict": [10.530382199575365, 10.611239494990606, 10.683785575672205, 10.748292949136815, 10.80501013346933, 10.854178488048712, 10.89605082765683, 10.930910719135266, 10.95909132407862, 10.980992669006387, 10.997096280302102, 11.00797621599251, 11.014305667701471, 11.01685847324987, 11.016505077744688, 11.01420270160412, 11.010979704788074, 11.007914373473477, 11.006108591805067, 11.006657083396636, 11.01061311236884, 11.018951711591459, 11.032531650310204, 11.05205746020916, 13.343126730029482, 13.364118032761287, 13.392262289111622, 13.427371238437539, 13.468939794135729, 13.51613656610011, 13.567803252296132, 13.622463421744179, 13.678340933479788, 13.733387950365506, 13.785322205529715, 13.831672884967707, 13.869834203488107, 13.897125485978645, 13.910856327591807, 13.908395207126192, 13.88723976864432, 13.845086878751765, 13.77990051152668, 13.68997551338606, 13.573995358674155, 13.43108212152943, 13.260837057717907, 13.063370410340971, 14.714366272185996, 14.513188340680404, 14.288136476727152, 14.041122603377525, 13.77454449390731, 13.4912444231773, 13.194455461744479, 12.887736568985906, 12.574897974188664, 12.259918629258095, 11.946857762154044, 11.639762759001377, 11.342575734539489, 11.059041223433793, 10.792617429712184, 10.546393409170992, 10.323014425783771, 10.124617535007578, 9.952779192987643, 9.808476385034275, 9.692062423621017, 9.603258179752405, 9.54115910851906, 9.50425801112143, 12.197269514477268, 12.25815983810894, 12.33394679536752, 12.421323820300374, 12.516756036228665, 12.61656759258501, 12.717032715855522, 12.814468186969206, 12.905324917608047, 12.986276320166908, 13.054301247882876, 13.106759423243766, 13.141457472035597, 13.156703925345273, 13.151351842171897, 13.124828032091386, 13.077148204363503, 13.008917740159939, 12.921318155382012, 12.816079690357126, 12.695440817248784, 12.5620957868936, 12.419131632687455, 12.269956308893068, 7.887449883381757, 7.772099620682416, 7.6642517492994635, 7.567059104511136, 7.483571469225973, 7.416670346999549, 7.369008665563503, 7.342956769696649, 7.340555873504996, 7.363479920971677, 7.413006564898594, 7.489997719734107, 7.594889883969174, 7.7276941668696075, 7.888005705243144, 8.075021916603792, 8.287568824326561, 8.524134497906855, 8.782908502063922, 9.06182612224859, 9.358616058707403, 9.670850233270485, 9.995994357501798, 10.331457943449298, 13.227649310162164, 13.598014392627386, 13.971227304945918, 14.345383241666582, 14.718707753451605, 15.089569945347005, 15.456490495920551, 15.818144751732776, 16.17336130489736, 16.52111659275287, 16.860526174637062, 17.190833413821192, 17.51139635729897, 17.82167361568867, 18.121210047385272, 18.40962300300653, 18.68658982608087, 18.951837210426547, 19.20513289968704, 19.446280087670296, 19.67511472916477, 19.891505828142606, 20.095358611572287, 20.286620357047244], "test": [14.0, 14.0, 14.0, 14.0, 14.0, 14.0, 14.0, 15.0, 15.0, 15.0, 15.0, 15.0, 15.0, 15.0, 15.0, 15.0, 15.0, 15.0, 15.0, 15.0, 15.0, 15.0, 15.0, 15.0, 15.0, 15.0, 15.0, 15.0, 15.0, 15.0, 15.0, 15.0, 15.0, 15.0, 15.0, 15.0, 15.0, 15.0, 15.0, 15.0, 15.0, 15.0, 15.0, 15.0, 14.6, 14.0, 14.0, 14.0, 13.2, 13.0, 13.0, 13.0, 13.0, 13.0, 13.0, 13.0, 13.0, 13.0, 13.8, 14.0, 14.0, 13.400000000000002, 13.0, 13.2, 13.0, 13.8, 14.0, 14.6, 14.0, 14.0, 14.0, 14.0, 14.0, 14.6, 14.2, 13.600000000000001, 11.2, 9.8, 6.6, 4.8, 4.0, 3.8, 1.2, 0.0, 0.0, 0.0, 0.0, 0.0, 0.0, 0.0, 0.0, 0.0, 0.0, 0.0, 0.0, 0.0, 0.0, 0.0, 0.0, 0.0, 0.0, 4.4, 17.4, 19.0, 19.4, 19.4, 19.2, 20.0, 19.4, 19.0, 19.0, 19.0, 19.0, 19.0, 19.0, 14.0, 14.8, 15.0, 14.2, 14.0, 12.2, 12.0, 12.0, 12.0, 12.2, 13.0, 13.0, 13.0, 13.0, 13.0, 13.0, 13.600000000000001, 15.0, 15.0, 15.0, 15.0, 15.0, 15.0, 15.0, 16.0, 16.0, 16.0, 16.0, 16.0]}