{"day": 2, "month": 4, "station_id": 427, "predict": [35.26129612486227, 35.45826389980653, 35.62977875262564, 35.77125584941883, 35.87954919516369, 35.95304559360484, 35.99169780141815, 35.99699601914911, 35.971878958126, 35.92058777198437, 35.848468085307154, 35.761727126162675, 35.6671545076938, 35.571816480129385, 35.482734416487, 35.406558893830976, 35.34925096654063, 35.31578207543266, 35.30986351033837, 35.33371546643201, 35.38788451313234, 35.4711167852716, 35.58029244608903, 35.71042501194393, 36.860561862018585, 36.975419415649384, 37.0866933670038, 37.18367052450312, 37.25467985358828, 37.28742997511504, 37.26938038849634, 37.18813527882112, 37.031847869224656, 36.789622743543745, 36.451903424105915, 36.01083273535366, 35.46057413248054, 34.79758318514666, 34.02081977273087, 33.13189321502461, 32.13513449094082, 31.037591829957737, 29.848948219122324, 28.581361713577415, 27.24923176507074, 25.868897060204933, 24.45827245326833, 23.036434527090655, 21.291667829202044, 19.849836685456733, 18.4610211462605, 17.144697617865077, 15.918945939211053, 14.799988877623091, 13.801776786747848, 12.935629613050875, 12.209946915349214, 11.629994660759401, 11.197775435673114, 10.911986351624831, 10.768066431062413, 10.75833269927755, 10.872201661278432, 11.09649036289132, 11.415788933269948, 11.812894407447763, 12.269293834933023, 12.76568321547695, 13.282507724439682, 13.800508043774052, 14.30125738518602, 14.76767402282526, 11.655734679316888, 12.020805962320528, 12.315045663288359, 12.530702607067273, 12.663079611670733, 12.71064980820731, 12.675082109362126, 12.561175196503152, 12.37670201664805, 12.132169344307073, 11.840499391099677, 11.516642669909551, 11.177133276988856, 10.83959938604797, 10.522243002656095, 10.243303877532119, 10.020522889007124, 9.87062017564443, 9.808802830565472, 9.848316060178917, 10.000050418043887, 10.27221605736558, 10.670092975741127, 11.195863996570175, 11.398027920250247, 12.240601458139423, 13.197237596854153, 14.257383680531822, 15.407935144247261, 16.633574083058917, 17.91716681105134, 19.240208722057517, 20.58330345768403, 21.926662533045626, 23.250611076709305, 24.53608529945014, 25.76510766946495, 26.921226570847168, 27.989908370271795, 28.958871331821122, 29.81835263926785, 30.561301815114035, 31.18349608397371, 31.68357554974316, 32.06299844734763, 32.325919081670314, 32.47899331571419, 32.531118550662136, 35.19630333910595, 35.10081833675486, 34.94071860920238, 34.7310017473294, 34.486976559283164, 34.223820446500554, 33.95615409398989, 33.69764591961268, 33.46065762719301, 33.255940764767836, 33.092392459935496, 32.97687653810617, 32.914114097117285, 32.90664536719473, 32.95486241785779, 33.05711003608423, 33.20984996777692, 33.40788176664173, 33.64461176545427, 33.91236025179977, 34.20269581637474, 34.50678510750468, 34.81574584577162, 35.12099100056589], "test": [36.0, 36.0, 36.0, 36.0, 36.0, 37.0, 37.0, 37.0, 37.0, 37.0, 37.0, 37.0, 37.0, 37.0, 37.0, 37.0, 37.0, 37.0, 37.0, 37.0, 37.0, 37.0, 37.0, 37.0, 37.0, 37.0, 37.0, 37.0, 37.0, 36.2, 36.0, 36.4, 37.0, 37.0, 37.2, 37.4, 37.0, 36.8, 36.0, 36.6, 35.4, 31.6, 27.0, 23.8, 19.4, 13.0, 20.450000000000003, 1.8, 5.0, 1.4, 0.2, 0.8, 0.0, 0.0, 0.0, 0.4, 0.8, 9.6, 14.000000000000002, 10.4, 8.2, 6.4, 3.6, 1.2, 0.4, 0.6, 0.2, 1.6, 3.6, 6.0, 5.799999999999999, 7.4, 9.8, 10.0, 9.6, 8.4, 7.799999999999999, 6.0, 5.799999999999999, 5.2, 7.2, 6.6, 8.6, 9.4, 10.0, 9.6, 11.599999999999998, 11.2, 11.0, 10.2, 10.6, 10.6, 11.8, 12.8, 13.2, 13.6, 15.399999999999999, 16.8, 17.2, 18.6, 18.8, 19.2, 20.6, 22.0, 26.0, 31.199999999999996, 26.8, 26.4, 35.2, 40.8, 41.4, 43.0, 33.6, 29.2, 32.0, 36.6, 42.8, 43.0, 42.2, 42.8, 43.0, 43.0, 43.0, 43.0, 43.0, 43.0, 43.0, 43.0, 43.0, 43.0, 43.0, 43.0, 43.0, 43.0, 43.0, 43.0, 43.0, 43.0, 43.0, 43.0, 42.8, 42.0, 42.0, 42.0]}