{"day": 5, "month": 1, "station_id": 270, "predict": [3.1068036132124033, 3.1700685096836514, 3.239516104237012, 3.317777561639187, 3.406919099810787, 3.5083729748826396, 3.6228943736581107, 3.750545446059249, 3.8907067989435933, 4.042115843934748, 4.202930500386271, 4.3708158981658976, 4.543050960344555, 4.716651072296813, 4.8885025022581825, 5.055503832333711, 5.214709409295927, 5.363469734872665, 5.499563791728985, 5.621318544022675, 5.727711237813472, 5.818450673815532, 5.894034281953402, 5.955778600852887, 0.0, 0.0, 0.0, 0.0, 0.0, 0.0, 0.0, 0.0, 0.0, 0.0, 0.0, 0.0, 0.0, 0.0, 0.0, 0.0, 0.0, 0.1522235510745114, 0.554003092990097, 0.9997115891785421, 1.4842352377693793, 2.0014933158814463, 2.544573664891292, 3.105893149129464, 0.13487499630169297, 0.5065445440591613, 0.8707023954242195, 1.2195344188716641, 1.5455146986519706, 1.841600344003884, 2.1014140898396074, 2.319409296396793, 2.4910124264752636, 2.612738719818963, 2.682277544752659, 2.6985447771284834, 2.6617005207049464, 2.5731314929968256, 2.4353984379575593, 2.2521499635862012, 2.0280052003556013, 1.7684086023585142, 1.4794610564945914, 1.1677321771689648, 0.8400592421311505, 0.5033386398703382, 0.16431594385101833, 0.0, 0.6129992015328238, 0.25595104240394656, 0.0, 0.0, 0.0, 0.0, 0.0, 0.0, 0.0, 0.0, 0.0, 0.0, 0.0, 0.0, 0.0, 0.0, 0.0, 0.0, 0.0, 0.0, 0.0, 0.0, 0.0, 0.0, 0.0, 0.0, 0.0, 0.0, 0.0, 0.0, 0.0, 0.0, 0.0, 0.0, 0.0, 0.0, 0.0, 0.0, 0.0, 0.0, 0.0, 0.0, 0.0, 0.0, 0.0, 0.0, 0.0, 0.0, 0.0, 0.0, 0.0, 0.0, 0.0, 0.0, 0.0, 0.0, 0.0, 0.0, 0.0, 0.05191982211251128, 0.3666171071154498, 0.6640210012735284, 0.9425246470785593, 1.2013501662679802, 1.440514223054005, 1.6607696107153826, 1.8635253535161227, 2.0507484619475718, 2.2248510117271056, 2.388566638777884, 2.5448208176148936, 2.6965994381396188], "test": [1.0, 1.0, 1.0, 1.0, 1.0, 1.8, 3.4, 3.6, 3.0, 3.0, 3.6, 3.8, 3.0, 3.0, 3.0, 3.0, 3.0, 3.0, 2.8, 2.0, 2.0, 2.0, 2.0, 2.0, 2.0, 2.0, 2.0, 2.0, 2.0, 2.0, 1.2, 1.0, 1.0, 1.0, 1.0, 1.0, 1.0, 1.0, 1.0, 1.0, 1.0, 1.0, 1.0, 1.0, 0.2, 2.0, 1.2, 0.4, 0.0, 0.0, 0.0, 0.6, 0.6, 0.0, 1.0, 1.0, 1.0, 1.0, 1.0, 1.0, 2.0, 2.0, 2.0, 1.8, 2.4, 2.4, 3.8, 3.8, 3.0, 2.0, 1.0, 0.0, 0.0, 0.0, 0.0, 0.6, 0.0, 0.0, 0.8, 0.8, 0.0, 0.2, 0.0, 0.0, 0.4, 0.6, 1.0, 1.2, 2.0, 2.0, 2.0, 1.6, 1.0, 1.0, 0.0, 0.0, 0.0, 0.0, 0.0, 0.0, 0.0, 0.0, 0.0, 1.4, 3.0, 3.0, 3.0, 3.0, 3.0, 4.6, 3.8, 4.2, 4.0, 3.4, 4.0, 3.8, 3.8, 4.0, 2.8, 2.0, 2.0, 2.0, 2.0, 2.0, 1.6, 1.0, 1.0, 1.0, 1.0, 1.0, 1.0, 1.0, 2.0, 2.0, 2.0, 2.0, 2.0, 2.2, 3.0, 3.0, 3.0, 3.0, 3.0, 3.0]}