{"day": 0, "month": 9, "station_id": 278, "predict": [12.422778342296265, 12.610023702203813, 12.78737397494603, 12.952964882642831, 13.105289661503047, 13.243239836373291, 13.366133399480981, 13.473729448645553, 13.566228751786248, 13.64426013502435, 13.708853029286177, 13.761396935899258, 13.803588984310336, 13.837371127918829, 13.864858856364645, 13.88826357907852, 13.909811047620908, 13.931658326289961, 13.955811889167705, 13.984049410924811, 14.017847731229502, 14.058319309890134, 14.106159255607919, 14.161604712706941, 15.941208596484715, 16.020279052360788, 16.10690261360006, 16.19945682371182, 16.29583831806953, 16.39351171658416, 16.489572697316945, 16.58082358659556, 16.6638594170887, 16.73516208587879, 16.791199986786626, 16.82853031272228, 16.843901126094394, 16.83435028099963, 16.79729835214811, 16.730632879890248, 16.632781473464632, 16.50277162003066, 16.340275415108056, 16.145637850127414, 15.919887755053832, 15.664730981993614, 15.382525913429422, 15.076241880449084, 14.122365792537124, 13.735572050543132, 13.339059638490724, 12.93802077098965, 12.53778166439681, 12.14368684562169, 11.760983283512605, 11.394707420942488, 11.0495780968902, 10.729898167210381, 10.439467371246787, 10.181508667337129, 9.958609861864186, 9.772681917486047, 9.624934846775773, 9.51587159528834, 9.445299805582225, 9.412360854311293, 9.415575071145255, 9.452901602534324, 9.521810987803562, 9.619368177362682, 9.742323456337417, 9.887208546919556, 9.202597634056545, 9.379906100883918, 9.569887272421255, 9.7690234348193, 9.974010869359699, 10.181834546384735, 10.38983106780675, 10.595738310287281, 10.797730650304192, 10.994439108148569, 11.184956221120043, 11.368825924794377, 11.546019179234557, 11.716896507163579, 11.882158995221314, 12.042789649398609, 12.199987264773183, 12.355095174447772, 12.509527366950206, 12.66469451087941, 12.821932390732874, 12.982435145324317, 13.147195516585663, 13.316954057446425, 9.363510954250991, 9.50659678428633, 9.652295791211062, 9.800039645594186, 9.94899589430102, 10.098088720978124, 10.246030106641916, 10.391360293388576, 10.532496131877828, 10.667785635180845, 10.795566840164982, 10.914228935415554, 11.022273525415857, 11.118373889680793, 11.20143015080346, 11.270618387548481, 11.325431918644824, 11.365713227286838, 11.391675294199995, 11.40391144273641, 11.403393169135176, 11.391455816340281, 11.369772343674855, 11.340315831851196, 12.163032025326318, 12.136609085543197, 12.106053989162985, 12.07405552419426, 12.043350162273699, 12.016643262353629, 11.996530394681756, 11.98542123086369, 11.985468382415732, 11.998503428930041, 12.025982165491284, 12.068940822731703, 12.127964681072797, 12.203170120893544, 12.294200738810733, 12.40023772353878, 12.52002424309978, 12.651903156289034, 12.79386694302211, 12.943618360947275, 13.098639993192918, 13.25627056626556, 13.413785691302287, 13.568480533403964], "test": [17.0, 17.0, 17.0, 17.0, 17.0, 17.0, 17.0, 17.0, 17.0, 17.0, 17.0, 17.0, 17.0, 17.0, 17.0, 17.0, 17.0, 17.0, 17.0, 17.0, 17.0, 17.0, 17.0, 17.0, 17.0, 17.0, 17.0, 17.0, 17.0, 17.0, 17.0, 16.8, 16.0, 16.0, 16.0, 15.2, 15.0, 14.2, 14.0, 14.8, 15.0, 14.6, 14.4, 15.8, 16.0, 15.6, 14.2, 12.0, 10.2, 11.2, 14.2, 13.4, 13.2, 14.0, 15.4, 13.6, 10.4, 8.0, 7.6, 7.8, 7.2, 7.0, 7.6, 8.0, 7.2, 7.0, 7.0, 6.4, 5.0, 5.0, 5.0, 4.6, 5.0, 5.0, 5.0, 5.0, 5.0, 4.2, 2.0, 2.0, 0.0, 0.2, 1.6, 4.6, 5.0, 5.0, 5.6, 6.200000000000001, 4.6, 4.6, 6.0, 6.8, 7.0, 7.0, 7.0, 6.200000000000001, 8.8, 9.0, 8.6, 9.0, 9.2, 11.0, 11.0, 10.2, 11.4, 14.6, 15.8, 16.4, 15.6, 15.2, 15.6, 15.4, 15.2, 15.0, 11.6, 12.400000000000002, 11.2, 10.0, 9.0, 8.0, 6.200000000000001, 6.0, 7.4, 8.0, 8.4, 9.0, 7.8, 6.0, 3.6, 6.6, 7.0, 7.8, 8.0, 7.0, 6.8, 7.0, 7.2, 8.0, 8.0, 8.0, 8.0, 8.0, 8.0, 8.0]}