{"day": 1, "month": 11, "station_id": 116, "predict": [18.040847812448977, 18.12756408443382, 18.201960132591132, 18.262409623498304, 18.30781152069241, 18.33764257930584, 18.35198780835004, 18.35154773296149, 18.337622062155503, 18.312070159649007, 18.2772494915387, 18.235933970674612, 18.191214801356963, 18.14638703229787, 18.104825530730714, 18.069854476560927, 18.044614733781078, 18.03193357718824, 18.034201227484832, 18.053258484110412, 18.090299440788534, 18.14579283436619, 18.219425029758142, 18.310066990883765, 19.348551883919995, 19.466354800061303, 19.593787508356517, 19.726852247178314, 19.860926030502522, 19.990874215414692, 20.11118359716666, 20.21611133253848, 20.299845449706545, 20.356672290398084, 20.381145952362775, 20.368254672393693, 20.313579115864737, 20.21343771818895, 20.065014549989506, 19.86646564777735, 19.61700034467028, 19.316934843669912, 18.967716064727988, 18.57191466042213, 18.13318699081044, 17.656206764540215, 17.146567945747744, 16.610661388181445, 14.826865815302682, 14.239362700986574, 13.649068222845736, 13.063950138530155, 12.491872867223098, 11.94040495438694, 11.416633872809602, 10.926993417490305, 10.477108622174837, 10.07166263628179, 9.714289379055241, 9.407495066745877, 9.152610872876922, 8.949778095682175, 8.797966268032736, 8.695023695168386, 8.63775896554633, 8.62205108405597, 8.642985046457214, 8.695008934908435, 8.772107989248035, 8.86799061781042, 8.976280963926538, 9.090712457226658, 4.163454863058183, 4.264934991811714, 4.355571615759316, 4.43045928156124, 4.4856643740085955, 4.518333888128394, 4.52677152423465, 4.51047902952136, 4.470161728512271, 4.407698230980199, 4.326075349497537, 4.22929027005509, 4.122222968016863, 4.010482719005084, 3.9002332977249377, 3.798002060956173, 3.7104785637524285, 3.644308637871228, 3.605889970922971, 3.60117515229866, 3.6354879065088017, 3.713357819524889, 3.8383782984632644, 4.013091793750105, 2.8082190702080436, 3.0939477508282254, 3.430188921730368, 3.8143884213592014, 4.242878072221444, 4.71096607167243, 5.213055815652343, 5.742789534722732, 6.2932124036197115, 6.856952229671437, 7.42640938580374, 7.993951409150322, 8.552106577665729, 9.093750869363886, 9.612282944781507, 10.101782196572442, 10.55714546692432, 10.97419869727959, 11.349780575825758, 11.681796099035893, 11.969238897909179, 12.212182121507006, 12.411738626095628, 12.569992129767448, 12.618612882625916, 12.687211024812866, 12.727989985806897, 12.745975464358196, 12.746433797378305, 12.734702115359763, 12.716020800136036, 12.69537340726098, 12.677338926028687, 12.665960812202284, 12.664636654258773, 12.67603164442051, 12.702018239896562, 12.743643545774567, 12.801125052448045, 12.873874448703283, 12.96054833216302, 13.05912378345924, 13.166995981905886, 13.281094345732672, 13.398013100028805, 13.514151731277412, 13.62586048165327, 13.729585898241696], "test": [20.0, 20.0, 20.0, 20.0, 20.0, 20.0, 20.0, 20.0, 20.0, 20.0, 20.0, 20.0, 20.0, 20.0, 20.0, 20.0, 20.0, 20.0, 20.0, 20.0, 20.0, 20.0, 20.0, 20.0, 20.0, 20.0, 20.0, 20.0, 20.0, 19.0, 19.0, 19.0, 19.0, 19.0, 19.0, 19.0, 19.0, 19.0, 19.0, 20.0, 20.0, 20.0, 19.0, 18.0, 18.6, 17.2, 16.4, 15.0, 14.0, 13.2, 9.4, 7.2, 6.2, 2.6, 0.0, 0.0, 0.0, 0.0, 0.0, 0.0, 0.0, 0.0, 0.0, 0.4, 1.0, 1.0, 0.2, 0.0, 0.0, 0.0, 0.0, 0.0, 0.0, 0.2, 0.0, 0.0, 0.0, 0.0, 0.0, 0.8, 1.0, 0.8, 0.0, 0.0, 0.0, 0.0, 0.0, 0.0, 0.0, 0.0, 0.0, 0.0, 0.0, 1.0, 1.0, 1.0, 1.6, 2.0, 2.0, 2.8, 3.2, 5.0, 4.2, 5.0, 5.4, 6.0, 6.4, 7.0, 7.0, 7.4, 9.6, 7.800000000000001, 8.2, 9.0, 9.6, 11.0, 10.0, 10.0, 11.2, 11.8, 12.6, 15.8, 17.4, 18.4, 19.4, 20.0, 20.0, 20.0, 20.0, 19.6, 21.0, 20.6, 20.0, 20.0, 20.0, 20.6, 21.0, 21.0, 21.0, 21.0, 21.0, 21.0, 21.0, 21.0]}