{"day": 6, "month": 11, "station_id": 579, "predict": [36.0, 36.0, 36.0, 36.0, 36.0, 36.0, 36.0, 36.0, 36.0, 36.0, 36.0, 36.0, 36.0, 36.0, 36.0, 36.0, 36.0, 36.0, 36.0, 36.0, 36.0, 36.0, 36.0, 36.0, 36.0, 36.0, 36.0, 36.0, 36.0, 36.0, 36.0, 36.0, 36.0, 36.0, 36.0, 36.0, 36.0, 36.0, 36.0, 36.0, 36.0, 35.904210053676024, 34.869469080763814, 33.80191425341716, 32.71688250420546, 31.63043122562041, 30.558955468440097, 29.518789179637608, 21.86839077169332, 20.8858787070833, 19.973932535244767, 19.144088696495086, 18.406127306460277, 17.76781481165993, 17.234697286245655, 16.809950677198056, 16.49429277384015, 16.28595995951716, 16.180750018624984, 16.17213041172395, 16.251409583405994, 16.407967082919132, 16.62953659159443, 16.902534424553046, 17.212424764232352, 17.544111794983984, 17.882348114295212, 18.212148288643412, 18.5191962291958, 18.79023520387748, 19.013429741640653, 19.178689444606853, 23.91686417992012, 23.944172903046212, 23.895556031498558, 23.77065216764902, 23.57158697259215, 23.302923732684825, 22.97154822647918, 22.586491077386647, 22.158692502371196, 21.700715958066564, 21.226418581806648, 20.750587503624082, 20.2885520163443, 19.855782223740086, 19.46748511301468, 19.13820901078173, 18.88146709702036, 18.70939004710163, 18.632417008813057, 18.65903297899142, 18.795559300174435, 19.046002464533604, 19.411964739023343, 19.892618372758175, 20.739058187057054, 21.324478727200294, 22.004506629661243, 22.770017077197785, 23.61021128235906, 24.512903507549055, 25.464839102922735, 26.4520343105219, 27.46012809667787, 28.474736100487885, 29.481796872383065, 30.4679009646857, 31.420594083332265, 32.328646427841534, 33.18228144361651, 33.973358527311525, 34.69550567007719, 35.34419954965923, 35.916792194892004, 36.0, 36.0, 36.0, 36.0, 36.0, 36.0, 36.0, 36.0, 36.0, 36.0, 36.0, 36.0, 36.0, 36.0, 36.0, 36.0, 36.0, 36.0, 36.0, 36.0, 36.0, 36.0, 36.0, 36.0, 36.0, 36.0, 36.0, 36.0, 36.0], "test": [36.0, 36.0, 36.0, 36.0, 36.0, 36.0, 36.0, 36.0, 36.0, 36.0, 36.0, 36.0, 36.0, 36.0, 36.0, 36.0, 36.0, 34.8, 31.799999999999997, 31.0, 31.4, 32.0, 32.0, 32.0, 32.0, 32.0, 32.0, 31.200000000000003, 31.0, 30.6, 30.0, 30.0, 30.0, 30.0, 30.0, 30.0, 30.0, 30.0, 30.0, 30.0, 30.0, 30.0, 30.0, 30.0, 30.0, 30.0, 30.0, 30.0, 30.0, 30.0, 30.0, 30.0, 30.0, 30.0, 30.0, 30.0, 30.0, 30.0, 30.0, 31.0, 31.0, 31.0, 28.6, 27.0, 27.0, 25.4, 24.4, 25.0, 25.0, 25.0, 25.0, 25.0, 24.6, 24.8, 25.2, 26.0, 26.0, 26.0, 26.0, 26.0, 25.6, 24.2, 24.0, 24.0, 23.199999999999996, 23.0, 23.0, 23.0, 23.4, 23.0, 22.799999999999997, 22.0, 27.0, 34.0, 34.0, 34.0, 34.0, 34.0, 34.0, 33.4, 33.0, 33.0, 33.6, 34.0, 35.0, 35.0, 34.8, 33.4, 34.8, 34.2, 34.0, 35.0, 35.0, 35.0, 35.4, 36.0, 36.0, 36.0, 36.0, 36.0, 36.0, 36.0, 36.0, 36.0, 35.8, 35.0, 35.0, 35.0, 35.0, 35.0, 35.0, 35.0, 35.0, 35.0, 35.0, 35.0, 35.0, 34.6, 30.6, 30.0, 30.0, 30.0, 30.0, 30.0]}