{"day": 2, "month": 5, "station_id": 101, "predict": [22.0, 22.0, 22.0, 22.0, 22.0, 22.0, 22.0, 22.0, 22.0, 22.0, 22.0, 22.0, 22.0, 22.0, 22.0, 22.0, 22.0, 22.0, 22.0, 22.0, 22.0, 22.0, 22.0, 22.0, 21.37066079636932, 21.337018887293755, 21.276126307769772, 21.184620718293996, 21.059341473633335, 20.89741780695451, 20.69635648395987, 20.45412644845273, 20.16923794936042, 19.840813679268347, 19.468649577376432, 19.05326313606145, 18.595927321287743, 18.098688534138926, 17.56436743011593, 16.99654183978496, 16.399511493640457, 15.778244746934462, 15.138307978513893, 14.485778839485219, 13.827144979747697, 13.169190323099736, 12.518871334888837, 11.88318606088022, 10.463107060380192, 9.795157458673678, 9.163558993617867, 8.574497439566983, 8.033477650867361, 7.545212435354626, 7.113528091606394, 6.7412890663857965, 6.430343742155853, 6.181492833546952, 5.994481315883956, 5.868014213689555, 5.799795969314273, 5.786592514477149, 5.824314580532061, 5.90812024058313, 6.032534176264994, 6.19158073684302, 6.378927498502156, 6.588035766098847, 6.812314285257687, 7.0452723557907, 7.2806685637667155, 7.512651474559205, 6.805265283368739, 6.980524777905993, 7.136456717409354, 7.269656490104758, 7.377608577997321, 7.458726279693071, 7.512367539132335, 7.538826758849174, 7.539303103199722, 7.515846404164239, 7.471282355548453, 7.40911920267065, 7.333438594247997, 7.248773643103536, 7.159977540763453, 7.072086270203411, 6.99017906725477, 6.919240284739597, 6.86402621756885, 6.828940258211004, 6.817919471962501, 6.834335323213873, 6.8809108546256095, 6.959656140347996, 9.303920950163468, 9.543786782929221, 9.814958498583195, 10.11607186765217, 10.44509659116465, 10.799392014343663, 11.175776917144892, 11.57061113444069, 11.979886495077176, 12.399324386172466, 12.824477136349898, 13.250830394535603, 13.673903733588, 14.08934685489946, 14.49302896893143, 14.881119208856669, 15.250156263359651, 15.59710578434238, 15.919404536158154, 16.21499067504226, 16.482319976723005, 16.72036825000901, 16.928620581217107, 17.1070484152798, 18.515404279045853, 18.7105943363389, 18.875746783108582, 19.012243909151362, 19.121794114828635, 19.20636969749628, 19.268143219349497, 19.309424453802464, 19.33259977614215, 19.34007567936682, 19.334227858042333, 19.317357027920973, 19.291652340980956, 19.259162931301393, 19.22177779392458, 19.18121386925632, 19.139011895802447, 19.096539304096325, 19.054999176334668, 19.015444092089222, 18.97879352186132, 18.94585333426509, 18.917335944818902, 18.893879649405864], "test": [22.0, 22.0, 22.0, 22.0, 22.0, 22.0, 22.0, 22.0, 22.0, 22.0, 22.0, 22.0, 22.0, 22.0, 22.0, 22.0, 22.0, 22.0, 22.0, 22.0, 22.0, 22.0, 22.0, 22.0, 22.0, 22.0, 22.0, 22.0, 22.0, 22.0, 22.0, 22.0, 22.0, 22.0, 22.0, 22.0, 21.6, 20.6, 21.6, 21.6, 20.6, 17.6, 16.4, 14.999999999999998, 11.6, 13.8, 11.2, 8.6, 3.8, 2.0, 2.4, 3.4, 7.0, 7.0, 10.8, 9.0, 9.6, 9.2, 9.6, 7.0, 3.6, 2.4, 2.8, 3.0, 2.8, 1.4, 1.0, 1.0, 1.0, 1.0, 1.2, 0.20000000000000004, 0.4000000000000001, 0.6, 0.0, 0.8000000000000002, 1.0, 1.4, 2.0, 2.8, 4.4, 5.2, 6.0, 6.400000000000001, 7.0, 7.0, 6.8, 7.0, 8.8, 9.4, 9.6, 7.0, 6.8, 5.8, 7.2, 10.4, 11.8, 11.4, 9.0, 7.6, 7.0, 7.6, 9.2, 10.4, 8.2, 9.8, 12.0, 4.2, 3.4, 6.400000000000001, 9.6, 19.2, 20.4, 21.0, 22.0, 22.0, 22.0, 21.8, 21.6, 20.6, 22.0, 22.0, 22.0, 21.6, 22.0, 22.0, 22.0, 22.0, 22.0, 22.0, 22.0, 22.0, 22.0, 22.0, 22.0, 22.0, 22.0, 22.0, 22.0, 22.0, 18.0, 18.0, 18.0, 18.0]}