{"day": 5, "month": 4, "station_id": 341, "predict": [13.21801936471839, 13.299481659871565, 13.359668168218096, 13.398968496881425, 13.417971067787631, 13.417445698246008, 13.398324825117152, 13.36168382535214, 13.30872086182947, 13.24073664469895, 13.15911445409559, 13.065300717427096, 12.960786379249427, 12.847089241728552, 12.725737399152546, 12.598253830506227, 12.466142167317592, 12.330873606114897, 12.193874901376526, 12.056517343347107, 11.920106609825856, 11.785873370509952, 11.654964525150383, 11.528434967000122, 8.76108213890928, 8.613629093317446, 8.470870192500676, 8.333366701436102, 8.201610430581662, 8.0760157596248, 7.956910932470981, 7.844528923475678, 7.738998235237294, 7.64033403252288, 7.5484300512560365, 7.46305173573953, 7.38383105347763, 7.310263417104354, 7.241707104641502, 7.177385510415682, 7.116392491124394, 7.05770098301744, 7.000174971295081, 6.94258478731072, 6.883625600701209, 6.821938861708411, 6.756136341173517, 6.684826313511128, 10.472063182431897, 10.37283439433343, 10.262048662400549, 10.138973687047464, 10.003012428999487, 9.853717984147043, 9.69080643654658, 9.514167271419167, 9.32387096506074, 9.120173415807615, 8.90351693895467, 8.674527624502307, 8.434008933488697, 8.182931502782147, 7.922419221284054, 7.653731740839021, 7.378243681101539, 7.097420885644131, 6.812794176693384, 6.525931135165056, 6.238406507545193, 5.951771893378326, 5.667525412433439, 5.387082071899072, 10.00712163514492, 9.780356762034433, 9.559777070518892, 9.346242625232678, 9.140415254692185, 8.94274555875265, 8.753465022211024, 8.572583536754664, 8.399892498726702, 8.234973510717436, 8.077212568756515, 7.925819473157852, 7.779852062389268, 7.638244734194025, 7.499840600449643, 7.363426515145842, 7.227770127951041, 7.091658049328004, 6.95393417118668, 6.813537165780655, 6.669536191971588, 6.521163872127584, 6.367845654511931, 6.209224760534798, 14.21151130340935, 14.13168600158532, 14.048746590485353, 13.963701346738524, 13.877746300369221, 13.7922474162035, 13.708718610222913, 13.628796028222041, 13.554209100626903, 13.486748960179801, 13.42823487144973, 13.380479365227712, 13.345252802577486, 13.324248105888863, 13.319046391474734, 13.331084218465788, 13.361623134164532, 13.411722142883635, 13.482213664560073, 13.573683468893057, 13.686454988047712, 13.820578313407907, 13.97582408290733, 14.151682362434364, 17.32684230405049, 17.604129568474736, 17.900591018708834, 18.21495135335397, 18.54569221647823, 18.891072157706237, 19.249150583881736, 19.617815234799178, 19.994812642386947, 20.377780976904962, 20.764284646722977, 21.151849981569505, 21.538001328328715, 21.920296879674567, 22.296363581583286, 22.663930489429067, 23.0, 23.0, 23.0, 23.0, 23.0, 23.0, 23.0, 23.0], "test": [1.0, 4.4, 10.0, 10.0, 9.2, 9.0, 9.0, 9.8, 12.0, 12.0, 12.4, 12.999999999999998, 12.999999999999998, 12.999999999999998, 12.999999999999998, 12.999999999999998, 12.999999999999998, 12.999999999999998, 12.999999999999998, 12.999999999999998, 12.999999999999998, 12.999999999999998, 12.999999999999998, 12.999999999999998, 12.999999999999998, 13.200000000000001, 14.0, 14.8, 15.0, 15.0, 15.0, 15.0, 15.0, 15.0, 15.0, 15.0, 15.0, 15.0, 15.0, 15.0, 15.0, 15.0, 15.0, 15.0, 15.0, 15.0, 15.8, 16.0, 15.4, 15.0, 15.0, 15.0, 15.0, 14.2, 12.999999999999998, 12.999999999999998, 12.999999999999998, 12.999999999999998, 12.999999999999998, 12.999999999999998, 12.999999999999998, 12.999999999999998, 12.999999999999998, 12.999999999999998, 12.999999999999998, 19.6, 20.0, 18.0, 18.0, 18.6, 19.0, 18.6, 19.0, 19.0, 19.0, 19.0, 19.0, 19.2, 20.0, 20.0, 20.0, 20.0, 20.6, 21.0, 21.0, 21.0, 21.0, 21.0, 21.6, 22.0, 21.2, 21.2, 22.0, 21.8, 21.0, 18.6, 17.0, 17.0, 17.4, 17.8, 17.6, 15.4, 17.4, 20.2, 21.8, 17.8, 17.0, 17.0, 16.4, 17.0, 16.6, 15.0, 15.0, 15.0, 15.0, 14.0, 14.2, 15.0, 15.0, 15.0, 15.0, 15.0, 15.0, 14.4, 10.6, 10.0, 10.0, 10.0, 10.0, 10.0, 10.0, 10.0, 9.2, 9.0, 9.2, 9.4, 11.0, 11.0, 11.0, 11.0, 11.0, 11.0, 10.2, 10.0]}