{"day": 3, "month": 2, "station_id": 159, "predict": [35.58314924372307, 35.83458399420527, 36.07794121303757, 36.30685447497438, 36.51559945290071, 36.699316296072766, 36.85419829428922, 36.9776404785376, 37.068343137547245, 37.12636672394084, 37.15313622586516, 37.15139474610301, 37.12510770878117, 37.07932074461822, 37.01997584796113, 36.953691790860546, 36.88751598899402, 36.828655997172575, 36.784199533708275, 36.76083237776235, 36.7645636303205, 36.80046767485464, 36.87245172006233, 36.983057071988966, 39.0, 39.0, 39.0, 39.0, 39.0, 39.0, 39.0, 39.0, 39.0, 39.0, 39.0, 39.0, 39.0, 39.0, 39.0, 39.0, 39.0, 39.0, 39.0, 39.0, 39.0, 39.0, 39.0, 39.0, 39.0, 39.0, 39.0, 39.0, 39.0, 38.42942047341527, 37.615192337021334, 36.825640464203794, 36.07462338052959, 35.37507288183933, 34.738673116346334, 34.17557395262559, 33.6941469321258, 33.30079091925388, 32.9997931072206, 32.793249453937044, 32.68104688320917, 32.66090778774453, 32.7284955527145, 32.87757802249004, 33.10024413767414, 33.387167400094626, 33.72790844880556, 34.11124787106505, 24.185119244075103, 24.506603711639315, 24.832920073823885, 25.152991291606583, 25.456828361149235, 25.735833745361017, 25.983061494541182, 26.19342643905525, 26.363856344256238, 26.49338259733665, 26.5831668089442, 26.6364626013362, 26.6585137638777, 26.65639183002707, 26.638777913348104, 26.615695275430237, 26.59820054534384, 26.59804271831157, 26.627300000266565, 26.698005204746977, 26.82177073020988, 27.009424143990167, 27.270665068900374, 27.613753423522354, 17.096963318454765, 17.458331733568365, 17.917531063322862, 18.4745496171379, 19.127097983809705, 19.87063815319425, 20.698475960316298, 21.601914038196504, 22.570460704925267, 23.592088605934887, 24.653535482709607, 25.740638270522492, 26.838690769392926, 27.93281452114989, 29.008332184095057, 30.051132693303703, 31.048017807738113, 31.98702025589992, 32.85768461451712, 33.65130319414575, 34.36110061669202, 34.982362314409066, 35.512503900984825, 35.9510801206599, 25.58785120090767, 25.653279184844667, 25.640895209211294, 25.557479241412764, 25.411103065063926, 25.210856052961077, 24.966548163601384, 24.68839945140197, 24.386725685964045, 24.07162968024705, 23.75270764192192, 23.4387792894531, 23.13764963570073, 22.855909272570017, 22.598778706268888, 22.37000085808272, 22.17178428430627, 22.00479804376927, 21.8682174981322, 21.759818720695144, 21.676117658492455, 21.61254880500706, 21.56367690759158, 21.523434234683513], "test": [39.0, 39.0, 39.0, 39.0, 39.0, 39.0, 39.0, 39.0, 39.0, 39.0, 39.0, 39.0, 39.0, 39.0, 39.0, 39.0, 39.0, 39.0, 39.0, 39.0, 39.0, 39.0, 39.0, 39.0, 39.0, 39.0, 39.0, 39.0, 39.0, 39.0, 39.0, 39.0, 39.0, 39.0, 39.0, 39.0, 39.0, 39.0, 39.0, 39.0, 39.0, 39.0, 39.0, 39.0, 38.4, 38.2, 36.0, 35.8, 34.8, 34.0, 34.0, 33.0, 29.8, 27.8, 24.4, 21.2, 26.4, 23.4, 21.4, 20.4, 20.4, 21.0, 20.6, 20.6, 19.6, 18.8, 18.0, 18.0, 18.0, 16.6, 16.0, 16.0, 14.8, 14.0, 14.0, 13.6, 13.8, 14.8, 14.2, 14.0, 13.6, 14.4, 12.400000000000002, 12.2, 13.0, 14.0, 13.8, 15.0, 15.2, 16.0, 16.0, 16.0, 16.0, 16.0, 16.0, 14.2, 11.8, 10.2, 10.0, 10.0, 10.0, 10.4, 10.8, 10.0, 9.8, 10.6, 13.4, 16.2, 18.0, 17.8, 17.4, 16.2, 18.8, 17.0, 18.0, 21.6, 23.2, 24.0, 24.0, 24.600000000000005, 25.200000000000003, 25.000000000000004, 25.8, 26.8, 27.0, 27.8, 28.0, 28.6, 31.399999999999995, 33.0, 33.2, 34.6, 35.6, 37.0, 37.0, 37.0, 38.0, 38.0, 38.0, 38.0, 38.0, 38.0, 38.0, 38.0]}