{"day": 3, "month": 10, "station_id": 732, "predict": [16.42290101207669, 16.52292746028033, 16.61558469233117, 16.701382793656514, 16.780705476760534, 16.853830772115433, 16.920957068117534, 16.982233009657865, 17.037789633647936, 17.087773043826704, 17.132375920455328, 17.1718662148178, 17.20661149630046, 17.237097593312825, 17.26394039839024, 17.287889976227444, 17.30982641946258, 17.330747227293404, 17.351746322182382, 17.37398516457918, 17.398656756384796, 17.426943633253362, 17.459971221631896, 17.498758166714317, 18.375751618277032, 18.422714889503677, 18.47830333177144, 18.542952674750524, 18.61674189632028, 18.699358855618385, 18.790076308233118, 18.88773967525695, 18.990767599801636, 19.097165939195857, 19.204555430914123, 19.31021283534545, 19.41112491969829, 19.5040542216009, 19.585615120021977, 19.652358370353607, 19.700861938466975, 19.727825700382294, 19.730167379410943, 19.70511697053644, 19.65030686038905, 19.56385489491843, 19.44443777214841, 19.291352345653756, 17.835868299045217, 17.571633426303123, 17.277681224485757, 16.956261225219226, 16.61026285450665, 16.2431729815696, 15.859016667151096, 15.462282233364238, 15.057832249811819, 14.650802450819878, 14.246490982409613, 13.850240697455773, 13.46731745623396, 13.102787563163275, 12.761397550249148, 12.447459510190678, 12.164745083313205, 11.916391022860358, 11.704818989671836, 11.531671884849537, 11.397768616426886, 11.303078723271812, 11.246717766837527, 11.22696385828931, 7.894457234539661, 7.90856976335689, 7.949441267669097, 8.012144314868626, 8.091310258678474, 8.181259639793874, 8.276140668866205, 8.370072294588567, 8.45728822998201, 8.532278275893063, 8.589923351946176, 8.625620805003235, 8.635396823090142, 8.616003124453869, 8.564995507737459, 8.480792330717591, 8.362711516930856, 8.210985256976796, 8.026752159369554, 7.812027195721057, 7.569650365064782, 7.30321555185474, 7.016981555985355, 6.715767727317179, 3.3342520439194807, 3.0005843257855984, 2.667318415263903, 2.3397183077531487, 2.0230035939919717, 1.722229953278731, 1.4421755050850975, 1.1872357793946071, 0.9613297959083529, 0.7678193978190068, 0.6094436043042417, 0.48826930766512555, 0.40565918406029644, 0.3622572086822343, 0.3579916886007349, 0.39209525998216943, 0.4631408559141906, 0.5690922442452888, 0.7073673801234767, 0.8749125183133217, 1.0682847953404115, 1.283740826951217, 1.517328778121504, 1.7649813468985547, 3.633987580917112, 3.9257751528598757, 4.219038861133215, 4.510003942109339, 4.795175850529889, 5.071393903160257, 5.335873132548474, 5.586233814717499, 5.820518517471024, 6.037196898672059, 6.235158848717374, 6.413696896413077, 6.572479097749338, 6.711513864450522, 6.831108381662078, 6.931822393249371, 7.014419201711916, 7.079815732207259, 7.129033454620599, 7.163151840283736, 7.1832658601789445, 7.1904488149636165, 7.185721530800124, 7.170028671096984], "test": [17.0, 17.0, 17.0, 17.0, 17.0, 17.0, 17.0, 19.0, 19.0, 19.0, 19.0, 19.6, 20.0, 20.0, 20.0, 20.0, 20.0, 20.0, 20.0, 20.0, 20.0, 20.0, 20.0, 20.0, 20.0, 20.0, 20.0, 20.0, 20.6, 21.0, 21.0, 21.0, 21.0, 21.0, 21.0, 21.0, 21.0, 21.0, 20.0, 20.8, 21.0, 19.8, 18.0, 18.8, 19.8, 20.4, 20.0, 20.6, 18.2, 17.4, 19.8, 19.8, 19.4, 19.8, 18.0, 13.2, 8.0, 9.0, 9.8, 8.0, 6.800000000000001, 6.2, 6.800000000000001, 5.2, 5.0, 5.0, 5.800000000000001, 5.6, 6.0, 6.0, 6.0, 5.6, 5.0, 5.800000000000001, 5.0, 5.0, 5.6, 6.0, 3.4000000000000004, 2.4, 0.6, 0.6, 1.0, 1.0, 1.0, 1.0, 2.6, 2.6, 0.6, 0.0, 0.0, 0.2, 1.0, 1.6, 2.8, 2.8, 2.0, 0.8, 0.0, 0.8, 0.2, 0.0, 2.4, 0.6, 2.2, 3.6, 4.6, 6.800000000000001, 6.4, 5.6, 4.0, 0.8, 0.0, 0.0, 0.0, 0.0, 0.4, 1.4, 1.2, 0.4, 0.0, 0.0, 0.2, 1.8, 2.0, 2.2, 3.4000000000000004, 2.2, 2.2, 2.2, 2.0, 2.0, 2.6, 3.0, 2.8, 3.6, 4.0, 4.0, 4.0, 4.0, 4.0, 6.2, 9.0, 9.0]}