{"day": 4, "month": 11, "station_id": 251, "predict": [28.69572335694908, 28.87102692241663, 29.020793544069683, 29.142547473281894, 29.234893193835084, 29.29755895696618, 29.331396491802003, 29.338336991443967, 29.321304963260072, 29.284092961129378, 29.231201556258817, 29.167650090340096, 29.098764776401033, 29.02995150620592, 28.96646129088085, 28.91315656698908, 28.874286635116803, 28.85328026860873, 28.852563035415827, 28.873406128760184, 28.91581253286231, 28.978445185992552, 29.05860047065563, 29.152228915913525, 26.90192182732693, 27.03029023248369, 27.153104127436396, 27.26175001913166, 27.347075222174084, 27.399651856123, 27.410059422217316, 27.369177481218806, 27.268479490111137, 27.100318670671072, 26.858196878249455, 26.537007812565214, 26.133246567273375, 25.645178411791658, 25.072960835830326, 24.418714217733275, 23.686537955474886, 22.882470510884932, 22.01439347179432, 21.091881421200153, 20.126001044613606, 19.12906447425743, 18.11434327721978, 17.095750753922506, 10.76821129681615, 9.686417102396316, 8.641313003181292, 7.6456693754043625, 6.711205430624931, 5.848282860511419, 5.065633683690066, 4.370130412914474, 3.766605511152825, 3.257725737196502, 2.8439254225261954, 2.523401060220034, 2.292167819434728, 2.144176818986748, 2.071490229691216, 2.064509592386018, 2.112251171356742, 2.2026607806593663, 2.3229593438752625, 2.4600095195108267, 2.600693080144177, 2.7322883792106953, 2.842837195083803, 2.9214905131291458, 1.7141312299208906, 1.6710110778743936, 1.5745051068484996, 1.4207724052427113, 1.2081634203563643, 0.9372731564730503, 0.610930485709481, 0.23412382169755525, 0.0, 0.0, 0.0, 0.0, 0.0, 0.0, 0.0, 0.0, 0.0, 0.0, 0.0, 0.0, 0.0, 0.0, 0.0, 0.0, 0.11102744599081216, 0.5665276000301929, 1.114288196098356, 1.7470971347894044, 2.45585486962994, 3.2298105150024394, 4.056840413672874, 4.923760970454457, 5.8166666416923825, 6.721283346878263, 7.623327196817294, 8.508858407457907, 9.364620488756161, 10.178355354295531, 10.939085789108496, 11.637357764968067, 12.265436352176296, 12.817450408386472, 13.289482791601436, 13.679604472045504, 13.987852605490364, 14.216154265712523, 14.368199131578557, 14.449265880076101, 19.38557449497284, 19.410681056867894, 19.38615068647077, 19.32131113207337, 19.225783047520718, 19.10918348352937, 18.980839681705586, 18.849521663473922, 18.723201385629103, 18.608845280793517, 18.512245844735922, 18.437896620793214, 18.388913489855597, 18.367003665238844, 18.37248225277252, 18.404334717735953, 18.460322150025597, 18.537124884628312, 18.630518852337577, 18.735578043140382, 18.84689569933351, 18.958816326674825, 19.06567034472433, 19.162003204433486], "test": [26.0, 26.0, 25.200000000000003, 25.0, 25.4, 25.200000000000003, 24.0, 25.6, 26.0, 25.200000000000003, 25.0, 25.0, 25.0, 25.0, 25.0, 25.0, 25.0, 25.0, 25.0, 24.800000000000004, 24.0, 24.0, 24.0, 24.0, 24.0, 24.0, 24.0, 24.0, 24.0, 24.0, 24.0, 24.0, 24.0, 24.0, 24.0, 24.0, 24.0, 24.0, 24.0, 23.8, 21.4, 20.0, 19.2, 15.2, 13.0, 13.0, 19.0, 21.8, 18.4, 16.8, 11.8, 10.4, 7.2, 2.8, 0.0, 0.4, 0.0, 0.0, 0.0, 0.0, 0.0, 0.0, 0.0, 0.0, 0.0, 0.0, 0.0, 0.0, 0.2, 0.0, 0.0, 0.0, 0.8, 0.2, 0.0, 2.0, 5.6, 5.6, 5.0, 0.2, 0.0, 0.4, 0.0, 0.6, 0.6, 0.4, 1.0, 0.6, 0.0, 0.0, 1.2, 2.8, 1.0, 1.0, 2.0, 1.8, 0.8, 0.0, 0.0, 0.8, 2.0, 4.4, 6.0, 8.4, 9.4, 7.6, 9.0, 7.0, 21.040000000000003, 20.92, 22.439999999999998, 23.44, 23.999999999999996, 23.48, 23.560000000000002, 23.16, 23.560000000000002, 23.599999999999998, 23.519999999999996, 23.160000000000004, 23.12, 23.84, 24.360000000000003, 24.48, 23.999999999999996, 23.52, 23.12, 23.64, 23.599999999999998, 9.0, 9.2, 9.0, 9.8, 9.6, 9.0, 9.0, 9.6, 12.0, 12.0, 11.2, 11.0, 11.6, 12.0, 12.0]}