{"day": 4, "month": 1, "station_id": 195, "predict": [21.283132495997663, 21.39446623561768, 21.482992098810797, 21.54303177070882, 21.57001090483577, 21.560619201263542, 21.512926837982295, 21.426453447414296, 21.30218733413178, 21.14255421123518, 20.95133633147003, 20.733544471613424, 20.495246732396108, 20.24335949990048, 19.98540713923511, 19.72925800880884, 19.482845171227083, 19.253880707707815, 19.049572795755346, 18.876354678075927, 18.739634341499695, 18.643573134494705, 18.590900705972455, 18.582772573241265, 20.585613919910124, 20.655150560384115, 20.763100566165253, 20.90411931164348, 21.071317416814008, 21.256421717105155, 21.449982170745567, 21.641618998042926, 21.820303074838833, 21.974661541419238, 22.09329976163069, 22.165130205083567, 22.179698546848115, 22.127497292845113, 22.00025754290029, 21.791210091596266, 21.495307924635732, 21.109403264454983, 20.632373626700186, 20.065192827365564, 19.410944482629937, 18.674777233980862, 17.86380263386247, 16.98693832076839, 19.46254173235414, 18.527509536165276, 17.562675140173948, 16.581649335399437, 15.598423382497005, 14.6270223683246, 13.681158282418512, 12.773892691579638, 11.917318622677078, 11.122270700749555, 10.398071741035341, 9.752322938461115, 9.190743488894647, 8.717064029851853, 8.33297669259448, 8.038142890617149, 7.830258259812879, 7.705172488553521, 7.657060161243215, 7.678637240855059, 7.761416486999301, 7.895993973325009, 8.072357975826815, 8.280210872562911, 5.7653726620371835, 5.994178936609835, 6.225330809711325, 6.450276819419417, 6.661666538536391, 6.853559788413829, 7.021588793177915, 7.163068657752765, 7.277053136906916, 7.364334324234117, 7.427386596018523, 7.470256831751839, 7.4984045555607235, 7.518497153258329, 7.538166666963609, 7.565735820869473, 7.609921844582763, 7.6795273164326066, 7.783127620749405, 7.928764695132335, 8.123656532444864, 8.373931404548259, 8.684395004400606, 9.05833768757602, 9.226370186228465, 9.721389701206407, 10.279909228504206, 10.898453683112157, 11.571819123514345, 12.293186334866393, 13.05428401624866, 13.845596691569463, 14.656611109120307, 15.476093745492923, 16.292391078737545, 17.093743638185586, 17.86860441142042, 18.605952090803708, 19.29558980086409, 19.928420406142354, 20.49669022318769, 20.9941939282147, 21.41643464746895, 21.760734571250147, 22.02629295195175, 22.21418993243327, 22.327336300261763, 22.370370892427324, 25.86916531632469, 25.804208301497845, 25.69200587636392, 25.542598814221343, 25.36659344215685, 25.174850024379385, 24.978167547432825, 24.786974428462056, 24.611034450219517, 24.459176712264167, 24.339057616315063, 24.256961882821457, 24.217648361034765, 24.22424499510734, 24.278195766851876, 24.379260821231124, 24.525569325757466, 24.71372298207255, 24.938946541749978, 25.195280227874736, 25.475807674227124, 25.77291190841297, 26.07855104485436, 26.384544766037845], "test": [25.0, 25.0, 25.0, 25.0, 25.0, 25.0, 25.0, 25.0, 25.0, 25.0, 25.0, 25.0, 25.0, 25.0, 25.0, 25.0, 25.0, 25.0, 25.0, 25.0, 25.0, 25.0, 25.0, 25.0, 25.0, 25.0, 25.0, 25.0, 25.0, 25.0, 25.0, 25.0, 25.0, 25.0, 26.0, 26.0, 26.0, 26.0, 25.4, 24.6, 24.0, 24.0, 24.0, 24.0, 24.0, 22.6, 22.8, 22.8, 20.6, 18.4, 15.800000000000002, 14.2, 12.2, 8.0, 0.6, 0.2, 0.0, 0.2, 0.6, 0.2, 0.0, 1.0, 1.0, 6.6, 5.8, 4.6, 4.4, 5.2, 5.2, 3.7999999999999994, 1.0, 1.0, 0.2, 0.0, 0.6, 1.4, 1.8, 1.0, 1.2, 4.8, 7.599999999999999, 21.6, 10.850000000000001, 9.8, 9.95, 10.700000000000001, 10.75, 10.55, 10.1, 9.850000000000001, 10.05, 9.700000000000001, 9.65, 9.65, 10.2, 10.55, 10.9, 11.95, 13.05, 13.55, 14.549999999999999, 14.450000000000001, 15.499999999999998, 16.099999999999998, 16.7, 29.0, 28.6, 27.8, 29.0, 30.0, 29.0, 29.2, 28.6, 30.0, 29.0, 29.8, 30.0, 29.6, 30.0, 30.0, 30.0, 30.0, 29.0, 28.0, 27.0, 27.0, 27.0, 27.0, 27.0, 27.0, 27.0, 27.0, 27.0, 27.0, 27.0, 27.0, 27.0, 27.2, 28.0, 28.0, 28.0, 28.0, 28.0, 26.8]}