{"day": 5, "month": 5, "station_id": 579, "predict": [32.203368504064514, 32.15899596956743, 32.08418402717191, 31.97820717372421, 31.841663457894995, 31.67646014608034, 31.48574520072343, 31.273786802644203, 31.045804954711926, 30.80776089894811, 30.56611156436828, 30.327537544531133, 30.09865408417071, 29.885715244601396, 29.69432177230372, 29.52914319609244, 29.393664349438534, 29.289965832190433, 29.21854693483306, 29.17819826397763, 29.165929778365978, 29.176958203601934, 29.204755915139952, 29.241161402486526, 35.745986267547146, 35.944544765041954, 36.0, 36.0, 36.0, 36.0, 36.0, 36.0, 35.984529707719204, 35.65661960396686, 35.21826560544987, 34.66504779027286, 33.994969105734725, 33.20861121720636, 32.30922168525613, 31.302728353664257, 30.197678946290917, 29.005106063627387, 27.73831996930367, 26.41263374139593, 25.045027415498954, 23.65375963546662, 22.257936968859156, 20.877052441575522, 26.73560143822687, 25.740871630014603, 24.821979431259415, 23.995122942063816, 23.27459647944809, 22.672417656820116, 22.1980118591932, 21.857963523600997, 21.655841826277715, 21.592106300254702, 21.66409568396954, 21.866100950275587, 22.189521076448614, 22.623097755386866, 23.15322298725903, 23.76431137717891, 24.439227102465377, 25.159753905568657, 25.907095201422255, 26.66239049291637, 27.407233769494066, 28.12417947055135, 28.79722190866302, 29.41223476501064, 32.764062747230724, 33.29466209765636, 33.75055644583573, 34.12915608050089, 34.430806556259114, 34.65877900838714, 34.81917884525184, 34.92077542797787, 34.97475757564993, 34.99442181687089, 34.994802195820924, 34.99225206993675, 35.003989663044365, 35.04762012378884, 35.14064746501841, 35.29998998574217, 35.54151263026654, 35.879589196165405, 36.0, 36.0, 36.0, 36.0, 36.0, 36.0, 24.38484378422418, 25.225561628304234, 26.178738026251587, 27.233015908612906, 28.374878557775546, 29.589004835278672, 30.85866772155479, 32.16616453566916, 33.493266411745005, 34.821674235374076, 36.0, 36.0, 36.0, 36.0, 36.0, 36.0, 36.0, 36.0, 36.0, 36.0, 36.0, 36.0, 36.0, 36.0, 33.92678698257739, 33.771406722507685, 33.55891438399515, 33.2996972736414, 33.00419759677721, 32.68259372067732, 32.344504017671824, 31.998721984627288, 31.652990167968934, 31.31381903061844, 30.986355327916336, 30.67430287638199, 30.37989682353467, 30.10393076810517, 29.84583433174719, 29.603797159442664, 29.374933834379, 29.15548290180633, 28.941032141758015, 28.72676144774178, 28.50769416301661, 28.27894754421294, 28.03597314504096, 27.774778329240853], "test": [33.0, 33.0, 33.0, 33.0, 32.0, 32.0, 32.0, 32.0, 32.0, 33.8, 32.2, 33.6, 34.0, 34.0, 34.0, 34.0, 34.0, 34.0, 34.0, 34.0, 34.4, 35.0, 35.0, 35.0, 35.0, 35.0, 35.0, 35.0, 35.0, 35.0, 35.0, 35.0, 35.0, 35.0, 35.0, 35.0, 35.0, 35.0, 35.0, 35.0, 34.8, 35.0, 35.0, 35.0, 35.0, 35.0, 35.0, 35.0, 34.2, 34.0, 34.0, 33.8, 33.0, 32.2, 32.0, 32.4, 32.2, 33.0, 33.0, 33.0, 33.0, 33.0, 33.0, 33.0, 33.0, 33.0, 32.8, 32.0, 32.0, 28.4, 28.0, 28.0, 28.0, 28.0, 27.4, 28.0, 29.4, 29.0, 28.6, 28.0, 29.2, 31.0, 30.6, 30.0, 29.6, 29.0, 28.2, 27.0, 27.0, 24.2, 23.8, 22.0, 19.8, 17.0, 18.2, 20.4, 22.4, 24.8, 27.0, 28.0, 27.2, 24.2, 22.799999999999997, 23.0, 23.0, 20.8, 20.0, 17.0, 17.0, 17.6, 18.0, 19.0, 19.0, 18.8, 19.0, 17.8, 19.0, 19.8, 19.2, 18.0, 18.0, 19.2, 21.0, 21.0, 22.6, 23.0, 23.0, 23.0, 23.0, 23.0, 22.4, 23.0, 23.199999999999996, 24.0, 24.0, 24.0, 27.6, 32.0, 32.0, 32.0, 32.0, 32.0, 32.0, 32.0]}