{"day": 3, "month": 11, "station_id": 177, "predict": [16.383132339874194, 16.275167376339166, 16.167741599069686, 16.06180568397247, 15.957946525512515, 15.856396797198022, 15.757056997669705, 15.659528754808397, 15.563157809853664, 15.467084811695411, 15.370301824893332, 15.2717123027014, 15.170192200127468, 15.064649905490409, 14.954082750440097, 14.837628014344926, 14.714606563942306, 14.584557556373436, 14.447262971416928, 14.302761116235931, 14.151348650576335, 13.993571101632728, 13.830202251878932, 13.662213193698047, 15.792720225530498, 15.741871063553834, 15.691799589438304, 15.643630753312785, 15.59842382798206, 15.557116207131735, 15.520470094985376, 15.48902423587299, 15.463052682123587, 15.442532381800888, 15.427121083694157, 15.41614671618107, 15.408609019207228, 15.403193790620994, 15.398299675876812, 15.392076995425551, 15.382477674038963, 15.367314934111345, 15.344331048526538, 15.311271132921926, 15.265960699993183, 15.20638451408565, 15.130764173396482, 15.037631819694305, 12.749982895594414, 12.624231528156498, 12.479484639789332, 12.31589249406491, 12.134152006015443, 11.935515152161935, 11.721780880669886, 11.495270253937534, 11.258785069461554, 11.015550714120321, 10.769144503129095, 10.52341122560778, 10.282368038694456, 10.050101223071712, 9.830657605899303, 9.627933680901052, 9.445565579534483, 9.286823094834428, 9.154510898586587, 9.050879948790103, 8.977551843940002, 8.935458556757428, 8.924799584547626, 8.945018084932649, 11.276793702656798, 11.320137447413137, 11.387092934482169, 11.47473786329711, 11.57957154579901, 11.697595299173313, 11.824408192096714, 11.955315760537626, 12.085448908802125, 12.209889887330878, 12.323801997160446, 12.42255952588312, 12.501874369828366, 12.557915850293377, 12.587420381240799, 12.58778789513793, 12.557162267649884, 12.494493399814928, 12.399579101557269, 12.273085459677983, 12.116544955533804, 11.93233219953808, 11.723617761865624, 11.494301177463434, 11.132892772252438, 10.797940783700815, 10.458064874267375, 10.119119108728585, 9.787082153126732, 9.46791755403804, 9.16743414537603, 8.891150204238787, 8.644164871733112, 8.431040145188156, 8.255696455455599, 8.121324462540128, 8.030315255714244, 7.984210631670148, 7.983674578645217, 8.028486510381002, 8.117556206207588, 8.24895982720321, 8.419995816592305, 8.62725896760652, 8.866730470369118, 9.133881341887868, 9.423786317916363, 9.731245035693092, 8.542582028151473, 8.853198320595236, 9.163762923459263, 9.468714466141776, 9.762861717667462, 10.0414902661218, 10.300453673069937, 10.53624703124791, 10.7460613863101, 10.927818055407437, 11.080182463358614, 11.202557707173854, 11.295058636080629, 11.35846777249085, 11.394174895605234, 11.404102537447502, 11.390620000072632, 11.356448773063182, 11.304562413329384, 11.238084034847, 11.160184546223427, 11.073984669260016, 10.982463576025523, 10.888376704088254], "test": [15.0, 15.0, 15.0, 15.0, 15.0, 15.0, 15.0, 15.0, 15.0, 15.0, 15.0, 15.0, 15.0, 15.0, 15.0, 15.0, 15.0, 15.0, 15.0, 15.0, 15.0, 15.0, 15.0, 15.0, 15.0, 15.0, 15.0, 15.0, 15.0, 15.0, 14.400000000000002, 14.000000000000002, 14.000000000000002, 14.000000000000002, 14.000000000000002, 14.000000000000002, 14.000000000000002, 14.000000000000002, 14.000000000000002, 14.000000000000002, 14.000000000000002, 14.000000000000002, 14.000000000000002, 13.8, 14.000000000000002, 13.0, 16.4, 19.0, 20.0, 19.6, 20.0, 20.6, 21.6, 20.8, 22.0, 22.0, 22.8, 22.8, 22.8, 22.2, 23.0, 22.0, 21.8, 21.0, 21.6, 19.0, 13.0, 15.0, 16.0, 16.2, 16.4, 17.2, 18.0, 18.6, 18.8, 19.2, 19.2, 19.0, 18.6, 17.4, 18.0, 17.6, 16.0, 16.0, 15.6, 15.0, 15.0, 14.000000000000002, 14.000000000000002, 16.2, 15.2, 13.0, 12.8, 11.0, 10.4, 10.0, 9.4, 8.2, 6.6000000000000005, 6.0, 6.0, 5.4, 4.0, 3.6000000000000005, 1.6, 0.4, 0.0, 3.0, 12.2, 8.8, 5.8, 4.8, 3.6000000000000005, 2.2, 1.4, 1.6, 2.4, 2.0, 2.8, 3.0, 2.0, 2.0, 3.8, 4.0, 4.0, 4.0, 3.0, 3.0, 3.0, 4.0, 4.0, 4.0, 3.6000000000000005, 3.0, 3.0, 3.0, 3.0, 3.0, 3.0, 3.6000000000000005, 4.0, 4.0, 4.0, 4.0]}