{"day": 1, "month": 3, "station_id": 251, "predict": [28.35596427217696, 28.54740785874863, 28.715380499387706, 28.858116061505555, 28.974921538383434, 29.066197250031642, 29.13341555315113, 29.179058760028138, 29.206518337025887, 29.219958757621452, 29.224150584185548, 29.224278402523986, 29.22573011048466, 29.233874723874933, 29.253836302868795, 29.290271792384768, 29.34716051461806, 29.427612738729, 29.533704208875395, 29.666342730130154, 29.825171939549445, 30.008516237469625, 30.213369567601262, 30.43542935211304, 30.78171649468729, 30.93754779974891, 31.090295124422926, 31.232017656304293, 31.354235445977732, 31.448177887568743, 31.505050015000677, 31.516308622090545, 31.473939785536576, 31.370729203806164, 31.20051685535208, 30.958427839695105, 30.641071878553245, 30.246704798218996, 29.775346381216583, 29.228850219295477, 28.610922585737622, 27.92708884714159, 27.184607478635698, 26.39233332423957, 25.56053326439299, 24.700658920903134, 23.825082335926627, 22.946801737444623, 19.000192565644024, 18.035907871324184, 17.109909261482795, 16.234944992974853, 15.422673146801639, 14.68336670059141, 14.025654024333928, 13.456302364661006, 12.980050703545963, 12.599496989923, 12.315043205398926, 12.124900078531942, 12.025151553600963, 12.009877410003295, 12.07133074208628, 12.200165432768499, 12.385707295697461, 12.616261296910157, 12.87944621129118, 13.162547265752897, 13.452876790661826, 13.738132661451697, 14.006744362006161, 14.248196859391353, 11.894204417643568, 12.027498263435945, 12.107220675078183, 12.129842275897238, 12.09395772395214, 12.000313020519398, 11.85177105256332, 11.653216519749103, 11.411403135879741, 11.13474765306696, 10.833076770499257, 10.517334334513727, 10.199257355391499, 9.891030235511504, 9.604927203010154, 9.352953238658, 9.146493793278252, 8.9959832874373, 8.910601802147857, 8.898008501340698, 8.964119227429336, 9.112934387841769, 9.34642176097224, 9.664457231409477, 13.826398594672026, 14.413930621032184, 15.07374855870248, 15.797086606069225, 16.573654964753665, 17.391916315374814, 18.23939480785922, 19.103008402559997, 19.969414791908548, 20.825360830256606, 21.658025369012496, 22.45534569325482, 23.206318321305552, 23.901265786200124, 24.532062090624642, 25.092310838610217, 25.577471501220536, 25.984930868722934, 26.314018406909213, 26.565965914621447, 26.743813549765317, 26.852265864329155, 26.897502956690627, 26.886953131841427, 30.743452399694533, 30.796783151408004, 30.817782127499925, 30.81590754448509, 30.800562666867137, 30.78081097893241, 30.765110264301466, 30.76107347899731, 30.77526335578626, 30.813026525638197, 30.878371618601197, 30.973894356219564, 31.100751115680016, 31.25868088299505, 31.44607396279615, 31.660084327080135, 31.89678111751583, 32.151333589666784, 32.41822276415743, 32.69147224173912, 32.96489007982748, 33.23231333396594, 33.48784684647552, 33.726088110263376], "test": [30.0, 30.2, 31.0, 31.0, 31.0, 31.0, 31.0, 31.0, 31.0, 31.0, 31.0, 31.0, 31.0, 31.0, 31.0, 31.0, 31.0, 31.0, 31.0, 31.0, 31.0, 31.0, 31.0, 31.0, 31.0, 31.0, 31.0, 31.0, 31.0, 31.0, 31.0, 31.0, 31.0, 31.0, 30.6, 29.6, 28.0, 27.2, 27.0, 27.0, 27.0, 23.4, 18.4, 15.8, 15.0, 12.400000000000002, 10.8, 8.4, 6.0, 6.4, 5.6, 0.8, 2.6, 4.0, 6.200000000000001, 4.6, 2.0, 1.6, 1.8, 2.0, 2.0, 3.6, 3.2, 2.8, 7.2, 17.6, 17.0, 17.0, 17.2, 19.0, 18.8, 19.2, 20.8, 21.0, 21.8, 22.8, 23.0, 23.8, 25.4, 25.799999999999997, 18.4, 16.0, 14.2, 12.0, 10.4, 9.0, 9.4, 8.0, 8.4, 9.8, 10.2, 10.8, 11.4, 11.2, 9.8, 9.0, 12.0, 12.600000000000001, 9.6, 10.6, 9.0, 9.8, 12.0, 15.4, 18.0, 18.0, 21.0, 26.6, 29.4, 32.0, 31.8, 32.8, 32.6, 32.4, 32.8, 33.0, 33.0, 32.8, 32.8, 32.4, 32.0, 33.0, 32.0, 33.0, 33.0, 33.0, 33.0, 33.0, 32.6, 32.8, 33.0, 33.0, 33.0, 33.0, 32.2, 32.6, 33.0, 32.0, 32.8, 33.0, 33.0, 33.0, 32.0, 32.0]}