{"day": 1, "month": 3, "station_id": 703, "predict": [18.023162797611704, 18.13929244317618, 18.251177647184125, 18.35786210336778, 18.45878852399128, 18.553804674798993, 18.64315034527203, 18.727425941446533, 18.80754405401226, 18.884665968591147, 18.960125635534347, 19.035344075403728, 19.11173756103067, 19.190623160972038, 19.273125357362908, 19.360087449139645, 19.451991325732358, 19.548888943030317, 19.650348471018788, 19.755417608058533, 19.862606000840344, 19.969888073963098, 20.074726891853462, 20.174118961165593, 20.271778890895995, 20.255512913602693, 20.221654830181663, 20.166755057181675, 20.087362592315962, 19.980142765874646, 19.841998584602585, 19.670191737313683, 19.462459241108824, 19.217121744255877, 18.933179667083863, 18.610393653571588, 18.249346221036213, 17.851482001099072, 17.419124580602947, 16.955468630880322, 16.464546742151548, 15.951171155190053, 15.420851344535663, 14.879689175361133, 14.33425406345395, 13.791441237805024, 13.25831676091434, 12.741953448688465, 14.274117785383089, 13.743671753335661, 13.24911105751419, 12.79632049475713, 12.39034099009692, 12.035240736490977, 11.734010229401509, 11.488484471361355, 11.299294894225802, 11.165852732249506, 11.086364704078003, 11.057880953101112, 11.07637428054977, 11.136848812180117, 11.233475382432637, 11.359750147230757, 11.508672243346247, 11.672935745711612, 11.845130730702417, 12.01794796022685, 12.184381560755696, 12.337924092773614, 12.472748582363973, 12.58387242601629, 10.664852831952512, 10.725498351759608, 10.7544971611594, 10.75062999057754, 10.713917020270028, 10.645620343472498, 10.548211896422997, 10.425307647277885, 10.281569781825, 10.122579523010659, 9.95468404261583, 9.784821653007505, 9.62033007557754, 9.468743052525, 9.337580897997608, 9.234140743760133, 9.165292241727524, 9.137284322722836, 9.155568293548102, 9.224642085254363, 9.347919865638234, 9.527630508587153, 9.764747596998713, 10.058952748568034, 11.632797707607725, 12.178307872510832, 12.770761847594361, 13.404298416835363, 14.072157884362738, 14.766842401253061, 15.480294211869422, 16.204086845265557, 16.929623962765184, 17.64834042334679, 18.35190010659144, 19.03238519822778, 19.682471933859738, 20.29558825016185, 20.866049346124438, 21.38916784640949, 21.861336011335343, 22.280078272393062, 22.644073240577097, 22.953145209409538, 23.208226050473296, 23.411289221912202, 23.565258388067782, 23.673893822247972, 22.879233092441787, 22.94969250616832, 22.988541030855014, 23.001527700672437, 22.994525394758202, 22.97336970362995, 22.94370571607234, 22.91084696382822, 22.87965029402127, 22.854409868497747, 22.83877282558834, 22.835678413424333, 22.84732163068488, 22.875141622280783, 22.919834291101626, 22.981387831822126, 23.059139194597048, 23.15184885699385, 23.257790752364333, 23.374853779762724, 23.500651019258434, 23.632632606254553, 23.76819818398262, 23.904804949226993], "test": [18.0, 18.0, 18.0, 19.2, 20.0, 20.0, 20.0, 20.0, 20.0, 20.0, 21.6, 24.0, 24.0, 24.0, 24.0, 24.0, 24.0, 24.0, 24.0, 24.0, 24.0, 24.0, 24.0, 24.0, 24.0, 24.0, 24.0, 24.0, 24.0, 24.0, 24.0, 24.0, 23.0, 23.0, 23.0, 23.0, 23.0, 22.0, 21.0, 18.8, 18.0, 17.2, 15.8, 22.6, 24.0, 24.0, 24.0, 24.0, 22.4, 20.0, 20.0, 20.0, 20.8, 6.550000000000001, 14.6, 11.0, 10.2, 10.0, 6.800000000000001, 5.0, 3.4000000000000004, 2.2, 0.4, 0.0, 2.0, 1.0, 0.4, 0.0, 0.0, 0.0, 1.0, 1.0, 1.2, 3.8, 3.6000000000000005, 2.4, 1.2, 1.2, 2.8, 2.8, 2.6, 2.6, 3.4000000000000004, 5.0, 2.8, 3.4000000000000004, 5.0, 5.0, 8.0, 6.800000000000001, 4.2, 4.2, 5.2, 6.0, 6.0, 5.2, 4.4, 6.0, 7.8, 8.0, 8.0, 8.6, 11.4, 14.000000000000002, 14.400000000000002, 17.0, 18.6, 21.6, 22.0, 22.0, 22.0, 22.0, 22.0, 21.8, 22.0, 22.0, 22.0, 22.0, 14.2, 15.0, 18.8, 20.8, 22.0, 22.6, 23.0, 23.0, 23.0, 23.0, 20.2, 16.8, 17.0, 17.0, 18.6, 19.0, 19.8, 20.0, 20.0, 20.8, 21.0, 21.0, 21.0, 21.0, 22.0, 22.0]}