{"day": 2, "month": 4, "station_id": 192, "predict": [12.505265486590698, 12.69282144205374, 12.868670851464408, 13.030498411296477, 13.176355674317342, 13.304723733470277, 13.414562347365505, 13.505343849212043, 13.577070648408206, 13.630275638234702, 13.666005352026364, 13.685786245364003, 13.691575012473386, 13.68569434570159, 13.670756012204773, 13.649573529861552, 13.625067065304115, 13.600163440804815, 13.577694313498064, 13.560295674239285, 13.550311803419174, 13.549706714106854, 13.559985914399736, 13.582131034332646, 15.411877009557404, 15.469124619677679, 15.537108402309226, 15.614469505933382, 15.699247925600572, 15.788921889399745, 15.880465030040746, 15.970419888562734, 16.0, 16.0, 16.0, 16.0, 16.0, 16.0, 16.0, 16.0, 16.0, 15.915534972618756, 15.739499762909066, 15.524668848592796, 15.271273649196608, 14.980325175969144, 14.653604995850152, 14.293635882952767, 14.858439721867882, 14.46787592897997, 14.05559167478335, 13.626475881983001, 13.18574531142219, 12.738826104327021, 12.291230360124732, 11.848431139678674, 11.415739329453602, 10.998185728104435, 10.600411559268567, 10.226570362828443, 9.880243869860994, 9.564374058353286, 9.281213108821925, 9.032292454877645, 8.818411563406876, 8.639646511763573, 8.495377854632277, 8.384336718956447, 8.304667549816116, 8.254005457159845, 8.22956570952669, 8.228242590095537, 4.5450016975157945, 4.561333943546529, 4.593899215941616, 4.638966590305072, 4.692949494749442, 4.752508532222591, 4.814643642136758, 4.876773026172443, 4.936796694352797, 4.993142975610079, 5.04479687406732, 5.091309717085688, 5.132790118609425, 5.16987685275377, 5.2036947826862, 5.235795498571316, 5.268084774327233, 5.302739339375195, 5.342115768631107, 5.3886545134769825, 5.444782219324923, 5.5128155012889986, 5.594869277482026, 5.692772589493676, 5.017074699269459, 5.130128764399252, 5.260831930529466, 5.409474249777267, 5.575846673030227, 5.759237030794754, 5.958442972066752, 6.171801376023383, 6.397233224413364, 6.632302437111383, 6.874286731824203, 7.1202581927362845, 7.367170926816903, 7.611952971203189, 7.851599483443369, 8.083264207721816, 8.30434627549537, 8.512569543539302, 8.706051917785627, 8.883362428122439, 9.043564210324073, 9.186241997487198, 9.311513217861428, 9.420022313626395, 8.651785282601692, 8.720087413454976, 8.776838046378876, 8.8242848703867, 8.864940921577917, 8.901501276758324, 8.936753823308598, 8.973486936851565, 9.014397000745609, 9.06199871392176, 9.11854105178671, 9.185931573302549, 9.265671510150554, 9.35880373910953, 9.465875337812717, 9.586915965819747, 9.721432818399762, 9.868422376447526, 10.02639864454261, 10.193437047997639, 10.367232655994663, 10.545170943306989, 10.724408891627736, 10.901963897925715], "test": [15.8, 15.0, 15.0, 15.2, 16.0, 16.0, 16.0, 16.0, 16.0, 16.0, 16.0, 16.0, 16.0, 16.0, 16.0, 16.0, 16.0, 16.0, 16.0, 16.0, 16.0, 16.0, 16.0, 16.0, 16.0, 16.0, 16.0, 16.0, 16.0, 16.0, 16.0, 16.0, 16.0, 16.0, 16.0, 16.0, 15.6, 15.0, 15.0, 15.0, 14.2, 14.0, 13.8, 14.0, 14.0, 14.4, 14.8, 14.0, 13.8, 12.8, 12.0, 12.0, 11.0, 8.6, 4.8, 2.0, 0.0, 0.2, 0.4, 0.0, 0.0, 0.0, 0.0, 0.0, 0.0, 0.0, 0.0, 0.0, 0.0, 0.0, 0.0, 0.0, 0.0, 0.4, 0.6, 0.0, 0.0, 0.8, 2.8, 2.8, 1.6, 1.4, 3.0, 3.8, 9.6, 9.0, 9.2, 9.6, 9.4, 8.8, 8.4, 8.2, 8.8, 8.0, 8.4, 9.4, 9.0, 8.0, 6.0, 5.6, 5.0, 5.4, 5.4, 6.6, 7.4, 8.8, 9.4, 9.2, 7.8, 7.6, 7.2, 8.4, 9.4, 9.8, 8.4, 7.4, 8.4, 8.4, 6.6, 7.4, 8.2, 9.8, 10.0, 10.6, 11.0, 12.0, 11.8, 12.6, 14.2, 15.0, 15.0, 15.0, 15.0, 15.0, 15.0, 15.0, 15.0, 14.2, 14.6, 15.0, 15.0, 15.0, 15.0, 15.0]}