{"day": 2, "month": 1, "station_id": 341, "predict": [9.793690244573451, 9.933292594830196, 10.067278702820161, 10.195453197913501, 10.317488744375803, 10.43292103990918, 10.541151672414653, 10.641458908822532, 10.733016201178742, 10.814917906077216, 10.886211441716032, 10.945934855525378, 10.993158556460383, 11.027029785760726, 11.046818265114156, 11.051961376220094, 11.042107193179458, 11.017153714412899, 10.977282716883321, 10.92298678962709, 10.855088282660473, 10.774749135012025, 10.683470809022946, 10.583083852656728, 6.773133915090522, 6.600723305308632, 6.4268725092405985, 6.254338391586555, 6.086006379139639, 5.9248274444814975, 5.773749884274011, 5.63564768299945, 5.513247405080612, 5.409055653930074, 5.32528917647524, 5.263809664400421, 5.226065220434203, 5.213040309570996, 5.225215815742634, 5.262540568974594, 5.324415413503434, 5.409690552319537, 5.516676545443767, 5.643168963796912, 5.78648632011427, 5.943520521215904, 6.110798732699097, 6.2845552108130995, 6.848196690490532, 7.008918270314833, 7.163971832140733, 7.309229143601387, 7.4407119806757755, 7.554682115253911, 7.647725737010803, 7.716830092204731, 7.759450321110149, 7.7735647370284155, 7.757717096983367, 7.7110447653903575, 7.6332920539927, 7.524808423550239, 7.386531645060566, 7.219956428345989, 7.027089419862604, 6.810391843255674, 6.572711388361799, 6.317205244130706, 6.047256405691963, 5.766385557804483, 5.4781609493493475, 5.186108711089823, 6.226024907569341, 5.989026370806221, 5.7578045368839845, 5.534451024582722, 5.320692947270351, 5.117861917815037, 4.926874697037136, 4.748225866193045, 4.581992564489066, 4.427850993656409, 4.2851040618646685, 4.1527192354324916, 4.02937538407065, 3.913517165606402, 3.803415297177141, 3.6972309092730486, 3.5930820825370664, 3.4891106258594187, 3.3835471692177634, 3.274772712463531, 3.161374896471506, 3.04219743229643, 2.916381339503337, 2.7833968964652325, 2.547151689304126, 2.3995167065125047, 2.2430200003432206, 2.078571675246593, 1.9074402844665588, 1.7312212704029588, 1.551796320403339, 1.371284914645815, 1.1919895505980393, 1.0163362871808288, 0.8468123645038639, 0.6859027126984016, 0.5360271658272134, 0.3994801457823095, 0.27837448013242644, 0.17459086699019238, 0.08973430659206044, 0.025098590801026333, 0.0, 0.0, 0.0, 0.0, 0.026176444332993654, 0.09045460123335403, 1.3079314612189294, 1.4197354923868957, 1.544679913620153, 1.6815426633952744, 1.8290003044382024, 1.9856613295069836, 2.150099246741636, 2.3208843871272444, 2.496613450769499, 2.6759359154286058, 2.8575765675638505, 3.0403535696248354, 3.2231916561114726, 3.405130234262989, 3.5853263574773013, 3.763052728040152, 3.937691069685387, 4.108721375880709, 4.275707689155121, 4.4382811910269595, 4.596121474114524, 4.748936935494982, 4.896445254492617, 5.0383549156829215], "test": [7.0, 7.0, 7.0, 7.0, 7.0, 7.0, 7.0, 7.0, 7.0, 7.0, 7.0, 7.0, 7.0, 7.0, 7.0, 7.0, 7.0, 7.0, 7.0, 7.0, 7.0, 7.0, 7.0, 7.0, 7.0, 7.0, 7.0, 7.0, 7.0, 7.0, 7.0, 7.0, 7.0, 7.0, 7.0, 7.0, 6.4, 6.0, 6.6000000000000005, 7.0, 7.0, 7.0, 7.8, 8.0, 8.6, 9.0, 8.8, 8.8, 8.2, 8.4, 9.8, 9.0, 8.0, 4.2, 6.800000000000001, 8.2, 7.0, 7.0, 6.2, 5.0, 5.8, 6.0, 6.0, 6.0, 7.0, 7.0, 7.0, 5.2, 4.0, 4.0, 3.8, 4.0, 4.0, 4.0, 4.6, 4.6, 3.8, 3.0, 3.0, 2.0, 2.0, 2.0, 2.0, 1.2, 1.4, 1.0, 1.0, 0.8, 0.0, 0.0, 0.2, 1.0, 1.4, 2.0, 2.0, 2.0, 2.8, 3.4000000000000004, 1.8, 0.4, 0.0, 0.2, 0.0, 2.0, 2.4, 0.6, 0.6, 1.4, 0.0, 0.8, 3.0, 3.6, 3.4000000000000004, 3.4000000000000004, 6.2, 8.8, 9.0, 7.2, 5.6, 3.6, 1.0, 0.4, 0.6, 0.0, 5.2, 8.4, 8.6, 9.6, 11.2, 11.0, 11.4, 11.2, 10.0, 10.2, 11.4, 12.999999999999998, 12.999999999999998, 12.999999999999998, 12.999999999999998, 12.0, 12.4, 15.0, 16.6, 17.8]}