{"day": 2, "month": 10, "station_id": 338, "predict": [23.0, 23.0, 23.0, 23.0, 23.0, 23.0, 23.0, 23.0, 23.0, 23.0, 23.0, 23.0, 23.0, 23.0, 23.0, 23.0, 23.0, 23.0, 23.0, 23.0, 23.0, 23.0, 23.0, 23.0, 21.760954040937577, 21.784649417409863, 21.809525923446735, 21.832037277061776, 21.848248558494134, 21.85392805802428, 21.844649018993323, 21.81589870395245, 21.763191987948755, 21.682186536656598, 21.56879655928093, 21.419302146640547, 21.230451302984985, 20.99955196128304, 20.72455152868937, 20.404101834976082, 20.03760773616805, 19.625258065957965, 19.16803808889954, 18.66772310584244, 18.126853362522056, 17.548690911536422, 16.937159547926587, 16.296769392715895, 15.969728921146826, 15.197971632956902, 14.411570783430088, 13.617085013341562, 12.82110708769444, 12.030132655828844, 11.25043350417243, 10.487938454475703, 9.748124833384447, 9.035923108144729, 8.355636889492551, 7.710880068373246, 7.104532343815525, 6.538713890263809, 6.01477937173655, 5.533330978818356, 5.094249641145965, 4.69674308609512, 4.339408973768777, 4.020310948185864, 3.737065138076581, 3.486934391158739, 3.266927375712055, 3.073899607823033, 7.068630263252569, 6.99137353223811, 6.934459829445608, 6.8945526310886605, 6.868532401031993, 6.853569948767904, 6.847187221292511, 6.847304217232011, 6.85227116186624, 6.860885542404909, 6.872394073584177, 6.886480116012253, 6.9032375019657435, 6.923132114707456, 6.946952910517565, 6.975754355636243, 7.010792467749337, 7.053456794509402, 7.105200729367627, 7.167472555097368, 7.241649520209604, 7.328977094701589, 7.430515329212317, 7.547093957810846, 8.366622629174458, 8.553146300595653, 8.753802843661159, 8.968434319571937, 9.196621063628461, 9.437694896353317, 9.690761660456126, 9.954732023504345, 10.228359204036838, 10.51028206205198, 10.79907181727908, 11.093280560997847, 11.391489672628552, 11.692356284511936, 11.994656018924744, 12.297320368153024, 12.59946729698729, 12.900423890788039, 13.199740174135975, 13.497193538395615, 13.792783567239299, 14.086717391915705, 14.379386061108782, 14.671332737475938, 12.389084904844363, 12.764551010558167, 13.141902453126471, 13.521222335378425, 13.902568428116924, 14.285933883916961, 14.671209322201713, 15.058147924393712, 15.446335086371207, 15.835164036494449, 16.22381863745178, 16.611264346532224, 16.996248038880243, 17.377307085817346, 17.752787761558285, 18.120872709672998, 18.47961687836022, 18.826991008008044, 19.16093146372379, 19.479394945540104, 19.78041639033026, 20.062168219692914, 20.323018972082757, 20.561589320358433], "test": [23.0, 23.0, 23.0, 23.0, 23.0, 23.0, 23.0, 23.0, 23.0, 23.0, 23.0, 23.0, 23.0, 23.0, 23.0, 23.0, 23.0, 23.0, 23.0, 23.0, 23.0, 23.0, 23.0, 23.0, 23.0, 23.0, 23.0, 23.0, 23.0, 23.0, 23.0, 23.0, 23.0, 23.0, 23.0, 23.0, 23.0, 23.0, 23.0, 23.0, 23.0, 22.8, 22.0, 22.2, 21.2, 21.0, 20.8, 20.6, 20.6, 20.4, 21.4, 21.6, 20.8, 20.8, 21.4, 8.16, 6.84, 5.92, 19.0, 17.6, 16.2, 13.399999999999999, 11.8, 10.0, 9.2, 6.2, 3.6, 2.6, 2.0, 1.2, 1.4, 2.2, 3.0, 2.6, 3.2, 3.6, 3.0, 2.2, 3.4000000000000004, 2.2, 3.2, 4.0, 2.4, 1.4, 1.4, 0.4, 0.0, 0.0, 0.2, 1.4, 3.0, 6.4, 8.0, 7.0, 6.800000000000001, 6.6000000000000005, 7.0, 7.8, 6.6000000000000005, 7.2, 5.6, 6.800000000000001, 6.0, 5.2, 4.2, 3.4000000000000004, 1.6, 0.4, 0.4, 1.4, 0.8, 2.6, 3.2, 3.8, 5.4, 4.0, 4.0, 7.0, 6.2, 5.2, 6.0, 8.0, 8.2, 9.0, 9.0, 9.0, 9.0, 9.8, 10.0, 10.8, 11.4, 12.599999999999998, 12.999999999999998, 14.2, 15.4, 17.4, 19.6, 20.4, 21.0, 21.0, 21.0, 21.0, 20.8, 21.0]}