{"day": 1, "month": 1, "station_id": 703, "predict": [21.583892977946817, 21.514529970713873, 21.43189500245723, 21.337490856186843, 21.23334850545124, 21.121955507466417, 21.00616333838707, 20.88907675221182, 20.773928912415503, 20.663946589123817, 20.56221012235377, 20.471513109671292, 20.394226863541594, 20.332174617897962, 20.286520218016776, 20.257675635264683, 20.24523110071514, 20.24791097791807, 20.263557704284604, 20.28914525969961, 20.320822685004806, 20.35398720575688, 20.383385553750855, 20.403241137869557, 23.422054587527562, 23.40601723912796, 23.361624167541844, 23.28295190259296, 23.164414783232303, 23.000950701707755, 22.788199138397836, 22.522665855201296, 22.20186890084333, 21.82446102870916, 21.390324239210926, 20.900632906752936, 20.357882816384596, 19.765884394902567, 19.129719449672617, 18.45566178689968, 17.751063147904162, 17.02420694245983, 16.284133228668694, 15.540439286961389, 14.803060901925335, 14.082040105639054, 13.387285597233095, 12.728332359223648, 13.274780256659868, 12.712724916755146, 12.21135820255186, 11.776396707344231, 11.412155555126187, 11.12143802061155, 10.905463677514494, 10.763837362688651, 10.694560123865346, 10.694082150202297, 10.757396512788036, 10.878171399263312, 11.048917438378346, 11.261185719930516, 11.505791242080859, 11.773055788145774, 12.053063683763812, 12.33592350186941, 12.612028610635873, 12.872309478384652, 13.10847086906346, 13.313207484838616, 13.48039220558373, 13.60523184139742, 13.237006184277892, 13.292584782576444, 13.296316514507684, 13.249561720166547, 13.155286934893736, 13.01796964427258, 12.843462772960088, 12.638822874597588, 12.412106977363946, 12.172143886950582, 11.928286422014928, 11.690151545712707, 11.467355644585405, 11.269252285396677, 11.104679649501692, 10.981724508897873, 10.907509084261134, 10.888006414017655, 10.927889010333066, 11.030414580947223, 11.197351513556786, 11.42894565761242, 11.72392875325807, 12.079567665155203, 10.344371687232758, 10.855179017150547, 11.412068940506344, 12.006748642397474, 12.630224529828146, 13.273042131257595, 13.925533639406334, 14.578065955846176, 15.22128217088442, 15.846329737193155, 16.445069070727246, 17.010257008439623, 17.535700368027403, 18.016375838158684, 18.448513476747202, 18.829642234329505, 19.1585970839093, 19.435488490714995, 19.661636089795962, 19.839469475976745, 19.97239996247713, 20.06466797653886, 20.121171417882774, 20.14728079075154, 21.732002140894842, 21.782383817163307, 21.81639810520873, 21.83963564697125, 21.85733600663204, 21.874237698193667, 21.894451583407843, 21.921361106844703, 21.95755189297561, 22.004772218171514, 22.063924828886336, 22.13508952093855, 22.217574888129942, 22.309996683001856, 22.41037938319222, 22.5162768107866, 22.62490705881769, 22.73329654682734, 22.838427770073988, 22.937385228278238, 23.027494134475717, 23.106446794404683, 23.172412002690493, 23.224123424742828], "test": [25.0, 25.0, 25.0, 25.0, 25.0, 25.0, 25.0, 25.0, 25.0, 25.0, 25.0, 25.0, 25.0, 25.0, 25.0, 25.0, 25.0, 25.0, 25.0, 25.0, 25.0, 25.0, 25.0, 25.0, 25.0, 25.0, 25.0, 25.0, 25.0, 25.0, 25.0, 25.0, 25.0, 25.0, 25.0, 25.0, 23.4, 19.4, 17.0, 13.0, 10.0, 7.400000000000001, 9.8, 18.4, 19.2, 22.6, 18.2, 16.6, 14.400000000000002, 11.4, 9.8, 1.6, 0.2, 0.4, 0.0, 1.0, 3.2, 14.6, 17.2, 16.4, 14.2, 12.4, 11.0, 11.0, 11.8, 13.0, 13.0, 12.4, 12.0, 11.6, 11.0, 11.0, 12.0, 12.4, 13.0, 12.8, 10.4, 9.0, 8.2, 9.0, 8.6, 9.6, 8.0, 7.400000000000001, 8.2, 8.8, 8.2, 7.400000000000001, 6.2, 3.8, 3.2, 4.4, 5.0, 4.6, 4.0, 4.0, 4.6, 5.4, 5.0, 6.800000000000001, 8.0, 8.0, 7.200000000000001, 11.8, 14.000000000000002, 17.6, 20.0, 22.0, 24.6, 25.0, 24.8, 24.0, 25.0, 25.0, 24.8, 24.4, 25.0, 24.6, 23.0, 23.0, 24.0, 24.6, 17.2, 18.8, 19.8, 21.8, 23.6, 25.0, 25.0, 25.0, 24.6, 24.0, 24.0, 24.0, 24.0, 24.0, 24.0, 24.0, 24.0, 24.0, 24.0, 24.0, 24.0, 24.0]}