{"day": 3, "month": 6, "station_id": 703, "predict": [23.528284377408546, 23.57916109263913, 23.610844219872735, 23.623576315408346, 23.61834576892557, 23.596843653011685, 23.561391853741082, 23.514844878858923, 23.460468660363595, 23.401800480702363, 23.34249483589797, 23.286160576266923, 23.23619502179644, 23.195620922821597, 23.166932115180906, 23.15195351211591, 23.151720677376236, 23.166383653365067, 23.195138991707697, 23.236193067196005, 23.286758784324896, 23.34308673243078, 23.400530745413366, 23.45364670796579, 24.723775630048788, 24.76979397628178, 24.79241998888701, 24.784546665688197, 24.73914182991969, 24.64946742135296, 24.509298786273913, 24.313137255038207, 24.056409375433816, 23.735646450665442, 23.34863851375588, 22.89455753232568, 22.374045475751554, 21.789263841417448, 21.143902337604754, 20.443145582925364, 19.693597907341214, 18.903167572823346, 18.080912933920672, 17.236854206218727, 16.3817555615407, 15.52688319245095, 14.68374574104486, 13.863824085287158, 13.26796119521296, 12.559737751397309, 11.907462432726094, 11.319577157057296, 10.803243560038844, 10.364168818767922, 10.006468262502846, 9.732568806700376, 9.543156125674432, 9.437167260153304, 9.411829079789866, 9.462741735277474, 9.584004959869336, 9.76838386566801, 10.00750975708857, 10.292110484922503, 10.612264021766563, 10.957668271841046, 11.317919665175529, 11.682792832283319, 12.042513617850377, 12.388017889622178, 12.711188994119574, 13.005067327295409, 10.630151975987786, 10.828786367985327, 10.985102333380167, 11.098122590984849, 11.168520352785634, 11.198577886105987, 11.192100021129962, 11.154285301821737, 11.09155866806174, 11.011370635084896, 10.921968860852441, 10.832148749267676, 10.750990296095846, 10.68758873197176, 10.650786648037212, 10.648915194690334, 10.68955163116399, 10.779299982614118, 10.923600847843925, 11.12657551291893, 11.390908502244427, 11.71777155215858, 12.106790776568474, 12.556057527774975, 9.2520628346019, 9.754405021150578, 10.301826405422213, 10.886931683278336, 11.501451424589012, 12.136465179730274, 12.782639804602614, 13.430475980155848, 14.070555728410028, 14.693783804754498, 15.291616093649926, 15.856268620439481, 16.38090143313126, 16.859772436195147, 17.288357210904266, 17.663431919907723, 17.98311753824812, 18.246884828582978, 18.455520668752058, 18.611057483974676, 18.716668630001653, 18.77653355311643, 18.795677414906034, 18.77979057202557, 21.03576957039571, 20.987701677685504, 20.92550597263831, 20.855697812457866, 20.784413721853255, 20.71723826588886, 20.659054072514493, 20.613919253442177, 20.584975540239576, 20.574389422979866, 20.583327487230065, 20.611966025634327, 20.659533892213332, 20.7243864936737, 20.804107826199157, 20.895636577919564, 20.995411567130766, 21.099531199764556, 21.203921208591165, 21.304504713800988, 21.39736861443619, 21.47892048401154, 21.546030497792128, 21.596153457605027], "test": [25.0, 25.0, 25.0, 25.0, 25.0, 25.0, 25.0, 25.0, 25.0, 25.0, 25.0, 25.0, 25.0, 25.0, 25.0, 25.0, 25.0, 25.0, 25.0, 25.0, 25.0, 25.0, 25.0, 25.0, 25.0, 25.0, 25.0, 25.0, 25.0, 25.0, 25.0, 25.0, 24.6, 24.0, 24.0, 23.0, 21.4, 20.8, 20.2, 18.8, 16.6, 13.8, 12.0, 11.2, 19.8, 17.2, 11.6, 8.6, 8.0, 11.4, 9.6, 7.400000000000001, 6.4, 10.4, 3.0, 0.6, 0.0, 0.0, 0.2, 0.0, 0.0, 0.4, 0.0, 0.6, 1.0, 0.8, 5.0, 10.0, 10.0, 10.4, 10.2, 10.0, 10.2, 10.0, 9.6, 9.4, 8.8, 7.6, 7.8, 6.6000000000000005, 5.0, 3.6000000000000005, 2.6, 1.4, 1.4, 1.2, 1.6, 3.8, 5.6, 5.0, 6.2, 8.0, 8.4, 8.0, 9.0, 8.2, 9.4, 11.4, 14.800000000000002, 13.600000000000001, 13.0, 16.6, 16.8, 8.0, 10.6, 15.4, 19.8, 24.6, 24.4, 25.0, 25.0, 23.8, 25.0, 24.4, 24.8, 25.0, 25.0, 25.0, 25.0, 25.0, 24.8, 24.0, 24.2, 23.4, 19.4, 20.8, 22.4, 23.6, 24.8, 25.0, 25.0, 25.0, 25.0, 25.0, 25.0, 25.0, 25.0, 25.0, 25.0, 25.0, 25.0, 25.0, 25.0, 25.0]}