{"day": 4, "month": 6, "station_id": 101, "predict": [17.401413640956545, 17.412265590189698, 17.418921979902358, 17.4204472272949, 17.41626574263641, 17.406173647161108, 17.39033119403082, 17.369236274640798, 17.343680096280153, 17.314686783912823, 17.283439265814824, 17.251194331664845, 17.219190181986022, 17.188550105884467, 17.160186121106438, 17.134706472833777, 17.112330820942006, 17.092816744217327, 17.075400861554016, 17.05875742693676, 17.04097670770961, 17.019564817309803, 16.99146597884095, 16.953107444395652, 18.869107053771213, 18.830708465286424, 18.769397938038743, 18.680446669809527, 18.559121373342556, 18.400827012346877, 18.20125443108176, 17.956528400336797, 17.663351461667645, 17.319138946632794, 16.922140697926167, 16.471545299497365, 15.967563054450656, 15.411484483485555, 14.805711787133838, 14.15376144942471, 13.460236983800595, 12.730771685459532, 11.97194212253164, 11.191153989906162, 10.396502774430736, 9.59661247660545, 8.800456316553163, 8.017163962603727, 7.920091479225459, 7.212798975238863, 6.544701517487116, 5.923395342320665, 5.355664575636261, 4.847320804288168, 4.403065180841498, 4.026377088219139, 3.7194327107662954, 3.4830560491240172, 3.316704048648164, 3.2184865757379346, 3.185221010915098, 3.212520270084946, 3.294912124403872, 3.4259868035760523, 3.5985690667264283, 3.8049102206709753, 4.036894985939596, 4.286257677981665, 4.544801882138999, 4.804617685523759, 5.058290573068505, 5.299096308732346, 4.026344773347689, 4.203025306444581, 4.351673577306619, 4.469879327482169, 4.556544640132412, 4.611902869997722, 4.637500885733957, 4.63614519314466, 4.611813507308309, 4.56953429514203, 4.515237692787242, 4.455581985461057, 4.397760502211784, 4.349294303302445, 4.317816413317824, 4.310853557505486, 4.335611405284701, 4.398769192518414, 4.506289299522932, 4.663246917767173, 4.87368433746705, 5.14049367996132, 5.465331076050663, 5.8485643881158795, 6.700943862091192, 7.182297384247664, 7.713553769634272, 8.290358631343077, 8.907348967849645, 9.558284601722374, 10.236201175192722, 10.93358025875985, 11.642531704484416, 12.354983105551039, 13.06287109108832, 13.7583292106145, 14.433867337049781, 15.08253784655695, 15.698084274877774, 16.27506872442075, 16.80897497487026, 17.29628498602854, 17.73452730014369, 18.122296681249885, 18.459245172900903, 18.746045577105242, 18.98432914427611, 19.176599967289263, 21.135920727141364, 21.242791032236223, 21.31775547500359, 21.365770622731382, 21.391937550295033, 21.4013562452874, 21.398987118223467, 21.38952356355082, 21.377279073483198, 21.36609185849201, 21.359249300493843, 21.3594338722838, 21.368691422608883, 21.388421982767387, 21.41939250449229, 21.46177023396316, 21.515174770885853, 21.578746277867047, 21.651226817672402, 21.73105141671294, 21.81644518359994, 21.90552267966796, 21.99638572987736, 22.0], "test": [19.0, 19.0, 19.8, 19.0, 20.0, 20.0, 20.0, 20.0, 20.0, 20.0, 20.0, 20.0, 20.0, 20.0, 20.0, 20.0, 20.0, 20.0, 20.0, 20.0, 20.0, 20.0, 20.0, 20.0, 20.0, 20.0, 20.0, 19.0, 19.0, 19.0, 18.0, 18.0, 18.0, 18.0, 18.0, 18.0, 18.0, 18.0, 18.0, 16.6, 16.6, 16.0, 16.2, 13.6, 11.2, 8.0, 5.2, 2.8, 3.6, 5.2, 4.6, 1.4, 1.4, 1.6000000000000003, 4.4, 4.6, 4.4, 2.6, 0.20000000000000004, 0.0, 0.20000000000000004, 0.20000000000000004, 0.20000000000000004, 0.0, 0.0, 0.20000000000000004, 0.8000000000000002, 1.0, 1.0, 2.4, 0.4000000000000001, 0.0, 0.0, 1.2, 1.8, 0.4000000000000001, 0.6, 1.0, 2.4, 2.2, 3.0, 5.0, 6.199999999999999, 6.6, 6.6, 5.2, 6.199999999999999, 9.2, 8.4, 9.2, 11.4, 12.0, 11.2, 10.4, 9.8, 10.8, 10.2, 9.8, 10.0, 11.0, 11.8, 13.4, 15.2, 15.400000000000002, 14.599999999999998, 15.2, 18.6, 20.0, 20.4, 20.6, 21.0, 21.0, 20.4, 20.2, 21.0, 21.0, 20.8, 20.4, 19.6, 20.4, 21.0, 21.0, 21.0, 21.0, 21.8, 22.0, 22.0, 22.0, 22.0, 22.0, 22.0, 21.4, 21.0, 21.0, 21.8, 22.0, 22.0, 22.0, 22.0, 22.0, 22.0, 22.0, 22.0, 22.0]}