{"day": 0, "month": 7, "station_id": 107, "predict": [4.838710221389429, 4.6607327252954915, 4.49948400637545, 4.353064902610488, 4.219171903886933, 4.0952100586952795, 3.9784145376980344, 3.8659766417633765, 3.755169904289554, 3.6434719445889243, 3.528677869435022, 3.409001303616426, 3.283159532126377, 3.1504397575024345, 3.010744093519615, 2.86461160764747, 2.7132164796690454, 2.5583421243961446, 2.402331920368452, 2.2480179591757166, 2.0986299649848394, 1.9576872022377372, 1.8288767712852383, 1.7159221720498419, 6.289091855426998, 6.261286303168356, 6.259244904625245, 6.285726524436792, 6.342862004060262, 6.432051632989819, 6.55388296533586, 6.7080719871801975, 6.893429948898861, 7.107857407555025, 7.348366197974721, 7.611129201081024, 7.8915569158237675, 8.18439901175262, 8.48386824981806, 8.783783446698973, 9.077727540195946, 9.359216307028733, 9.62187291573615, 9.85960325919795, 10.06676693791739, 10.238338831473804, 10.370056426333045, 10.458548436542635, 14.631309760270035, 14.671446749813935, 14.662805552232792, 14.606411371757943, 14.504438331043994, 14.360165900326136, 14.177904873058402, 13.96289474126207, 13.721175168094518, 13.45943501627304, 13.18484306175109, 12.90486507140332, 12.627072332422635, 12.358946995134746, 12.107689693851615, 11.880034867674038, 11.682078987702187, 11.519126543590424, 11.395558132407658, 11.314724365736666, 11.278868568222656, 11.289080410769552, 11.345281732591841, 11.446244874403614, 14.196369523095871, 14.453165014017664, 14.745451897256867, 15.067933257070948, 15.41466887032842, 15.779251151080453, 16.154992835166283, 16.53512094446722, 16.912971410114107, 17.282178723659115, 17.636855160824247, 17.97175443455619, 18.282415115958333, 18.565279767651855, 18.817786461517322, 19.0384301777241, 19.2267924739649, 19.38353875329346, 19.510383413569432, 19.61002410701302, 19.686047238250627, 19.742807670180504, 19.785286349980538, 19.81893020189978, 13.965150424869567, 13.962740428063995, 13.967219304903061, 13.983979814795372, 14.018033710395933, 14.073852693579127, 14.15522646618724, 14.265142019932814, 14.405687650709332, 14.577984424222773, 14.782146982303281, 15.017274690026913, 15.281473208244481, 15.57190566807255, 15.884871734578157, 16.215912028153312, 16.5599346229351, 16.911359698968432, 17.264277908647415, 17.612617633093063, 17.9503160686801, 18.271489004513683, 18.570594231153038, 18.842583744118514, 18.56095313651821, 18.81843493184405, 19.04017559264693, 19.22398806664557, 19.368618744493354, 19.47376556399326, 19.54006796877866, 19.569069376581485, 19.56315364600775, 19.52545781626251, 19.459764106176213, 19.370374768108142, 19.261973892600118, 19.139480622267556, 19.00789846302736, 18.872165455441742, 18.73700989883732, 18.606816104057057, 18.485504292155127, 18.376428273371854, 18.28229394536548, 18.205100959280237, 18.14610914392611, 18.105830471746714], "test": [9.0, 9.0, 9.0, 9.0, 9.0, 9.0, 9.0, 9.0, 9.0, 9.0, 9.0, 9.0, 9.0, 9.0, 9.0, 8.0, 8.0, 8.0, 8.0, 8.0, 8.0, 8.0, 8.0, 8.0, 8.0, 8.0, 8.0, 8.0, 8.0, 8.0, 8.0, 8.0, 8.0, 8.0, 8.0, 8.0, 8.4, 9.0, 9.0, 9.0, 10.2, 12.0, 12.2, 18.0, 18.0, 17.8, 16.4, 17.4, 19.0, 18.8, 16.6, 17.0, 18.2, 18.0, 15.8, 16.2, 14.399999999999999, 14.8, 14.8, 13.0, 11.8, 11.8, 12.4, 12.6, 12.8, 13.0, 12.0, 12.2, 11.6, 11.8, 11.6, 9.6, 10.0, 9.8, 10.2, 10.2, 10.8, 9.4, 9.8, 9.0, 9.0, 8.8, 8.6, 9.0, 9.0, 9.8, 11.2, 11.0, 11.0, 11.0, 10.4, 9.4, 10.0, 10.2, 11.0, 9.8, 8.0, 9.0, 9.0, 9.0, 10.600000000000001, 12.0, 13.8, 14.8, 15.0, 15.4, 15.600000000000001, 16.6, 18.0, 18.4, 17.8, 18.0, 15.8, 12.6, 13.2, 13.4, 14.0, 15.600000000000001, 17.0, 17.6, 18.8, 18.8, 18.0, 17.0, 18.4, 18.8, 18.2, 18.4, 19.0, 19.0, 19.0, 18.0, 18.6, 20.0, 20.0, 20.0, 20.0, 19.0, 18.0, 18.0, 18.0, 18.0, 18.0, 18.0]}