{"day": 1, "month": 2, "station_id": 66, "predict": [35.426804106768365, 35.67889024261387, 35.91053042724658, 36.11803827656868, 36.29873723044692, 36.45104756412373, 36.57453307858391, 36.6699061802953, 36.738991418812134, 36.784648900670646, 36.810660301983575, 36.821581411150255, 36.82256621639227, 36.81916847936507, 36.81712746131933, 36.82214499254755, 36.83966136351216, 36.874637565576094, 36.93135122529387, 37.0132131501487, 37.12261076310548, 37.26078385990263, 37.42773710537386, 37.62219252356732, 40.0, 40.0, 40.0, 40.0, 40.0, 40.0, 40.0, 40.0, 40.0, 40.0, 40.0, 40.0, 40.0, 40.0, 40.0, 40.0, 40.0, 40.0, 40.0, 40.0, 40.0, 40.0, 40.0, 40.0, 36.07643138254497, 35.4115467183336, 34.7446070902425, 34.085392285839845, 33.44331968483275, 32.82719022620094, 32.24495268690045, 31.703493494440835, 31.208458569220298, 30.76411273271241, 30.37324111430354, 30.03709572407758, 29.755388999227428, 29.526334713496084, 29.346735194504173, 29.21211238039725, 29.11687889476807, 29.054544085736822, 29.01794887798241, 28.999522379565338, 28.99155247994009, 28.986462207992496, 28.97708339219003, 28.95691919744225, 24.791138531198982, 24.667640415882257, 24.51807669911041, 24.340695805535955, 24.13535824674642, 23.90358675106785, 23.648565011011318, 23.37508461106678, 23.08944123884934, 22.799282803559375, 22.51341352378875, 22.241559385988463, 21.99410154233665, 21.781785207515924, 21.615412376544963, 21.50552720803267, 21.462103179648437, 21.49424111882461, 21.609886937310506, 21.81557736513802, 22.11622120080479, 22.514922595272814, 23.01285169251857, 23.609166596400854, 16.755673732396062, 17.460897054586834, 18.251546264981993, 19.118426716251108, 20.05074482358119, 21.036352174131878, 22.062025802851537, 23.11377690101102, 24.177179401549722, 25.23770936018025, 26.281085750856448, 27.29360328400176, 28.262448117434108, 29.175987862458868, 30.024028050025148, 30.798028222986538, 31.491272023292414, 32.098986974831746, 32.6184111541353, 33.048805469053505, 33.39141184460222, 33.6493591661491, 33.8275203242228, 33.93232508068407, 34.698607117239, 34.71192354144491, 34.675196307666745, 34.59879883026011, 34.49337805475258, 34.36954639345472, 34.237583247179245, 34.10715466330197, 33.987059034253505, 33.88500586060516, 33.807433518575486, 33.75937072160015, 33.74434498254797, 33.764339913406516, 33.81980168776542, 33.90969348388856, 34.03159526607291, 34.18184490164816, 34.35571537818961, 34.547621832700536, 34.75135124767063, 34.96030704672437, 35.167760443456785, 35.3671002753933], "test": [40.0, 40.0, 40.0, 40.0, 40.0, 40.0, 40.0, 40.0, 40.0, 40.0, 40.0, 40.0, 40.0, 40.0, 40.0, 40.0, 40.0, 40.0, 40.0, 40.0, 40.0, 40.0, 40.0, 40.0, 40.0, 40.0, 40.0, 40.0, 40.0, 40.0, 40.0, 40.0, 40.0, 40.0, 40.0, 39.6, 39.0, 39.0, 39.0, 39.0, 38.4, 38.0, 38.0, 37.6, 40.0, 39.0, 38.8, 38.4, 36.8, 36.8, 33.0, 34.0, 31.200000000000003, 21.4, 13.599999999999998, 20.0, 19.6, 18.4, 17.4, 12.8, 11.0, 13.4, 24.6, 27.0, 26.0, 26.200000000000003, 27.0, 26.6, 27.6, 29.0, 28.4, 29.0, 29.0, 27.800000000000004, 21.200000000000003, 20.0, 19.6, 16.8, 12.0, 5.6, 5.0, 4.8, 5.8, 6.4, 6.0, 6.0, 5.6, 6.0, 6.0, 6.0, 6.0, 6.2, 7.0, 7.199999999999999, 8.0, 8.2, 10.0, 13.0, 14.0, 10.0, 11.400000000000002, 13.0, 15.8, 17.8, 17.0, 18.4, 21.0, 23.799999999999997, 27.0, 28.799999999999997, 31.200000000000003, 35.6, 36.6, 37.6, 39.4, 40.0, 40.0, 36.6, 32.0, 33.6, 34.0, 36.0, 38.0, 38.0, 38.6, 39.0, 39.0, 32.4, 30.0, 30.0, 30.0, 30.0, 30.2, 31.0, 31.0, 31.0, 31.0, 31.0, 31.0, 31.0, 31.0, 31.0, 31.0, 31.0]}