{"day": 6, "month": 10, "station_id": 95, "predict": [7.105764964536618, 7.011599866641788, 6.90869505195243, 6.797292077228539, 6.677878012301614, 6.551183741133547, 6.4181733344886815, 6.280024566417965, 6.13810093686691, 5.993915851446562, 5.849089877421907, 5.705302243193748, 5.564237960177056, 5.427532120890589, 5.2967130551607395, 5.173146103727315, 5.057979794352231, 4.952096175947128, 4.856066981651352, 4.770117154955356, 4.694097088165002, 4.627464691336073, 4.569278143450395, 4.518199878997421, 10.328363269378185, 10.372517560940684, 10.418148780366852, 10.462662569237358, 10.503239565789462, 10.53689935903469, 10.560571080266246, 10.571168829879282, 10.565669965963458, 10.541194169030701, 10.495081139442325, 10.424964790333291, 10.328841865794574, 10.205133039017738, 10.052734730083682, 9.871060116345443, 9.660068089109453, 9.420279229510374, 9.152778220417469, 8.859202477992115, 8.541717160595388, 8.202977084295446, 7.846076430053665, 7.4744874683462905, 9.145247988357296, 8.797884900790674, 8.446841745897705, 8.096221731285507, 7.7501229353435805, 7.412552201968224, 7.087341594537115, 6.7780695496785786, 6.487988743169265, 6.219962491652193, 5.976411272248578, 5.759270666103816, 5.5699617088236915, 5.4093742907054585, 5.277863889294902, 5.175261550734154, 5.100896673631875, 5.053631805078995, 5.031908334796515, 5.033801685545166, 5.057084352404354, 5.099294944999034, 5.157811244228483, 5.229925199598064, 6.752389099020197, 6.835076004552441, 6.923904223581784, 7.016896473551123, 7.112295403797023, 7.208602528092988, 7.304608083982001, 7.3994111729909395, 7.492429830507048, 7.58340097532555, 7.672370487054955, 7.7596739458202855, 7.845908836441313, 7.93189925954454, 8.0186543956665, 8.107322136256549, 8.199139413919063, 8.295380838872566, 8.397307270148707, 8.506115925707054, 8.62289356025428, 8.748574118250586, 8.883902110898866, 9.029402764629832, 10.357059955207722, 10.525529184990729, 10.704214718092215, 10.892777097233001, 11.09062578738666, 11.296935319608457, 11.51066875230445, 11.73060757638343, 11.95538699463958, 12.183535355830177, 12.413516405770938, 12.643772949103841, 12.872770487589053, 13.099039424547218, 13.321214488833723, 13.538070138183098, 13.748550852363381, 13.951795400858064, 14.147154384922281, 14.334200575532222, 14.512731816741635, 14.682766507338329, 14.844531922808438, 14.998445871873272, 14.960988431803806, 15.0, 15.0, 15.0, 15.0, 15.0, 15.0, 15.0, 15.0, 15.0, 15.0, 15.0, 15.0, 15.0, 15.0, 15.0, 15.0, 15.0, 15.0, 15.0, 15.0, 15.0, 15.0, 15.0], "test": [13.0, 13.0, 13.0, 13.0, 13.0, 13.0, 13.0, 13.0, 13.0, 13.0, 13.0, 13.0, 13.0, 13.0, 13.0, 13.0, 13.0, 13.0, 13.0, 13.0, 13.0, 12.6, 12.0, 12.0, 12.0, 12.6, 12.8, 12.0, 12.0, 12.0, 12.0, 12.0, 12.0, 12.0, 12.0, 12.0, 12.0, 12.0, 12.0, 12.0, 12.0, 12.0, 12.0, 12.0, 12.0, 12.0, 12.0, 12.0, 12.0, 11.4, 11.0, 11.0, 11.0, 11.0, 11.0, 11.0, 11.0, 11.0, 11.0, 11.0, 11.0, 11.0, 10.4, 11.0, 11.0, 10.6, 11.2, 10.4, 9.0, 9.0, 9.0, 9.0, 8.8, 9.0, 9.0, 9.0, 9.0, 9.8, 10.0, 9.4, 9.0, 10.0, 12.0, 12.0, 12.0, 10.4, 10.0, 11.2, 10.4, 11.0, 11.2, 12.0, 12.6, 13.8, 14.0, 13.4, 13.4, 15.0, 15.0, 15.0, 14.6, 13.8, 13.8, 14.2, 12.8, 12.8, 12.2, 12.0, 13.0, 13.8, 13.2, 13.4, 13.4, 13.6, 12.4, 13.0, 14.0, 14.0, 14.0, 14.0, 14.8, 15.0, 15.0, 15.0, 15.0, 15.0, 14.0, 14.0, 14.0, 14.0, 14.0, 13.2, 13.0, 12.0, 12.0, 12.0, 12.0, 12.0, 12.0, 12.0, 11.6, 11.0, 11.0, 11.0]}