{"day": 1, "month": 5, "station_id": 95, "predict": [15.0, 15.0, 15.0, 15.0, 15.0, 15.0, 15.0, 15.0, 15.0, 15.0, 15.0, 15.0, 15.0, 15.0, 15.0, 15.0, 15.0, 15.0, 15.0, 15.0, 15.0, 15.0, 15.0, 15.0, 14.838920512894576, 14.934754958422662, 15.0, 15.0, 15.0, 15.0, 15.0, 15.0, 15.0, 15.0, 15.0, 15.0, 15.0, 15.0, 15.0, 15.0, 15.0, 14.839198582917573, 14.64744738064806, 14.431910261518603, 14.194227685886233, 13.936498344717334, 13.661258861827912, 13.371453373628084, 11.403872871280265, 11.043018783298393, 10.677589460139808, 10.3117219513929, 9.949665315510746, 9.595703182845966, 9.254073788852784, 8.928889246945143, 8.62405589680463, 8.34319756848397, 8.089583567678359, 7.866063108386151, 7.675007783916023, 7.518263501125641, 7.397113091152279, 7.312250566110852, 7.263767719242622, 7.251153476727717, 7.273306101937323, 7.3285580447062175, 7.414712919596633, 7.529093802421847, 7.668601755977608, 7.829783245073346, 7.6350508968144295, 7.875126269883376, 8.126515380950275, 8.384548872924643, 8.644600530426239, 8.902184452488125, 9.153047940813016, 9.39325792136204, 9.619278891971888, 9.828040607853106, 10.016993988116248, 10.184154029783373, 10.328128850769454, 10.448134340573208, 10.543994261099623, 10.616126009624352, 10.665512612617269, 10.693661858869273, 10.702553793567194, 10.694578071354295, 10.67246290014705, 10.639197494192675, 10.597950086655256, 10.551983629412163, 7.97180811805303, 7.936673474325581, 7.905225087182645, 7.879849529828259, 7.862689754012447, 7.855596132975304, 7.8600862039754045, 7.877313874813538, 7.908048589990383, 7.9526646796406855, 8.011140843409969, 8.083069456977922, 8.167675140155774, 8.263841801441826, 8.37014717520258, 8.484903701639816, 8.606204474196886, 8.731972886414757, 8.86001456640379, 8.988070176957025, 9.113867695048722, 9.235172853942654, 9.34983653907786, 9.455838065174662, 11.190695628660027, 11.33258472031343, 11.459923994848786, 11.571269722768974, 11.665479847206663, 11.741723803790249, 11.79948467427189, 11.838554070004694, 11.859020322472327, 11.861250721935967, 11.845868673038249, 11.813726736046952, 11.765876582564275, 11.70353692242167, 11.628060449045861, 11.540900808193582, 11.443580520440713, 11.337660685832594, 11.224713174946585, 11.106295864765965, 10.983931324868614, 10.859089192599853, 10.733172315243205, 10.6075065762365], "test": [14.0, 14.0, 14.0, 14.0, 14.0, 14.0, 14.0, 14.0, 13.6, 13.0, 14.0, 13.2, 13.0, 13.0, 13.0, 13.0, 13.0, 13.0, 13.0, 13.0, 13.0, 13.0, 13.0, 13.0, 13.0, 13.0, 13.0, 13.0, 13.0, 13.0, 13.0, 13.0, 14.0, 14.0, 14.0, 14.0, 13.8, 13.0, 12.8, 12.4, 12.8, 13.4, 13.0, 13.8, 14.0, 14.0, 14.4, 15.0, 14.8, 15.0, 15.0, 13.2, 12.0, 10.4, 9.0, 6.6, 4.6, 4.0, 3.4, 1.2, 0.4, 2.4, 3.0, 2.8, 3.2, 5.0, 4.2, 4.0, 2.0, 1.0, 2.0, 2.6, 2.6, 2.4, 2.0, 1.0, 0.0, 2.0, 6.0, 6.0, 6.0, 6.0, 6.0, 6.0, 6.0, 6.0, 6.0, 6.4, 7.4, 8.0, 8.0, 8.0, 7.2, 7.0, 7.0, 7.0, 7.2, 7.800000000000001, 7.4, 6.8, 6.8, 7.0, 7.2, 7.599999999999999, 6.6, 6.6, 8.2, 8.2, 10.2, 11.0, 15.0, 13.0, 14.2, 15.0, 15.0, 15.0, 15.0, 14.2, 14.6, 15.0, 14.6, 14.8, 14.6, 9.4, 9.6, 10.8, 11.6, 12.0, 12.0, 12.0, 12.2, 13.0, 12.8, 12.0, 12.4, 13.4, 13.0, 13.0, 10.8, 10.0, 10.0, 10.2, 11.0, 11.0]}