{"day": 1, "month": 11, "station_id": 109, "predict": [48.632512314915544, 49.09992217264811, 49.55716730508981, 49.99337590121599, 50.398358513613445, 50.76299916853084, 51.079607275040246, 51.342218256639406, 51.54683248783617, 51.69158412445832, 51.77683369109668, 51.8051807645919, 51.78139570649251, 51.71227204246341, 51.60640370379727, 51.473893834364716, 51.326004159201915, 51.17475592811354, 51.0324951280842, 50.91143594356892, 50.82319730392093, 50.77834773560712, 50.78597366175772, 50.85328571242016, 56.21978303052015, 56.5106896960922, 56.86685924640152, 57.0, 57.0, 57.0, 57.0, 57.0, 57.0, 57.0, 57.0, 57.0, 57.0, 57.0, 57.0, 57.0, 57.0, 57.0, 57.0, 57.0, 57.0, 57.0, 57.0, 57.0, 57.0, 55.98977785691375, 54.49341763673485, 52.90757740692156, 51.2559632199233, 49.56392911624451, 47.85786884784585, 46.16457562601625, 44.510587623309505, 42.92153744719718, 41.42152374538675, 40.03252257755462, 38.7738550656198, 37.6617262946089, 36.708848419356634, 35.924158556227546, 35.31263932175837, 34.87524696290303, 34.60894894299458, 34.50686970378396, 34.55854023394538, 34.75024409495294, 35.065449798902236, 35.48531696967348, 19.350443510613392, 19.865171351081347, 20.42289484071448, 20.999137942747595, 21.570246016693073, 22.114042023690438, 22.610432953162796, 23.041949438729784, 23.394203547630283, 23.656252170143933, 23.820856238374095, 23.8846290817802, 23.848070487849288, 23.71548638796547, 23.49479742690357, 23.19724289989975, 22.836989566398294, 22.430657573387947, 21.996778079839217, 21.55519908079205, 21.12645734466878, 20.731135255726098, 20.38922166693406, 20.119495616685526, 8.900808874040079, 8.798574854291592, 8.805431359475802, 8.929563264994627, 9.176011629253289, 9.546513972732825, 10.039444241920995, 10.649853432466546, 11.369608804767966, 12.187626709417811, 13.090191233959612, 14.061348399678316, 15.083363412793215, 16.137226699183575, 17.203193090592634, 18.26133764687551, 19.2921112597308, 20.276879301643717, 21.198427278440313, 22.04141855281187, 22.792790825365287, 23.442080022465944, 23.981662580976412, 24.406909685508264, 18.61186002071798, 18.730236549037755, 18.73671953702661, 18.638190213185787, 18.44404141808342, 18.16582671247358, 17.816849806939302, 17.411707819567873, 16.965803192256, 16.494839941107035, 16.01432027392556, 15.539057458248436, 15.082720174669152, 14.65742247682612, 14.273371914559947, 13.93858643854988, 13.65868842810818, 13.436781662774697, 13.273414363580693, 13.16662863779657, 13.112093880539001, 13.10331898629723, 13.131935690818935, 13.188043094779271], "test": [55.0, 55.0, 55.0, 55.0, 55.0, 55.0, 55.4, 56.0, 56.0, 56.0, 56.0, 55.4, 55.0, 55.0, 55.0, 55.0, 55.0, 55.0, 55.0, 55.0, 55.0, 55.0, 55.0, 54.2, 54.0, 54.0, 54.0, 54.0, 54.0, 54.0, 54.0, 54.0, 54.0, 54.0, 54.0, 54.0, 54.0, 54.0, 54.0, 54.0, 54.0, 54.0, 54.0, 54.0, 54.0, 54.0, 54.0, 52.6, 49.2, 48.4, 46.2, 41.8, 40.0, 37.6, 32.8, 27.0, 21.2, 13.6, 7.6, 6.4, 6.0, 5.8, 4.4, 4.0, 3.4, 2.8, 3.2, 3.0, 3.0, 2.2, 1.0, 1.0, 1.0, 1.2, 0.8, 2.0, 1.0, 1.0, 1.0, 1.0, 1.0, 1.0, 1.0, 1.0, 1.0, 1.0, 1.0, 1.0, 1.8, 2.6, 1.2, 1.0, 1.0, 1.0, 1.8, 2.0, 2.0, 1.6, 1.0, 1.8, 3.6, 4.6, 5.6, 6.0, 5.2, 6.2, 7.6, 9.0, 10.0, 13.6, 14.2, 16.2, 16.4, 17.0, 17.8, 18.0, 19.8, 21.6, 22.4, 24.2, 26.4, 28.2, 29.0, 29.0, 31.0, 32.0, 32.6, 33.8, 35.8, 37.8, 39.0, 39.0, 39.0, 39.2, 40.0, 40.0, 40.6, 41.0, 41.0, 41.0, 41.0, 41.0, 41.0, 48.6]}