{"day": 1, "month": 2, "station_id": 130, "predict": [16.842514586425168, 16.88139663363699, 16.906022711799835, 16.914051544593008, 16.90370354245725, 16.87384766334529, 16.824065359235714, 16.754689198674694, 16.666814580462734, 16.562283827083935, 16.44364284913797, 16.3140714745093, 16.177289408072415, 16.037440601334662, 15.898959545831914, 15.766423625531543, 15.644396167309, 15.537265179104246, 15.449082972263652, 15.38341189796856, 15.343181307549921, 15.330560556736497, 15.34685243693805, 15.392410833487908, 17.0479074147431, 17.13345348367332, 17.24361136777535, 17.374872515852054, 17.52280072083788, 17.68212805156885, 17.846878216213756, 18.010514149432275, 18.166105841545615, 18.306513771429206, 18.42458277608349, 18.513340821529074, 18.566196925043585, 18.577132444926214, 18.540880083881436, 18.453085259729292, 18.31044496130216, 18.110819823836867, 17.85331590333377, 17.538333485209627, 17.167581202293295, 16.744054737291258, 16.271980401587726, 15.756724912997967, 17.043053215117368, 16.431975782184175, 15.797283843600656, 15.147439924366337, 14.491229121517733, 13.837542255398862, 13.195156002372133, 12.572516183126579, 11.977530321930615, 11.417375320273832, 10.898325673951735, 10.425607072949987, 10.003279490045408, 9.634153023179508, 9.319738805586391, 9.060236286585672, 8.854557129159346, 8.700384918192672, 8.59426883004949, 8.531748438577523, 8.50750593105337, 8.515541221790508, 8.54936479493035, 8.602202607668696, 10.086464577203122, 10.160611404072876, 10.234997980398227, 10.303831059757721, 10.361997532856645, 10.405216570411048, 10.430165308156399, 10.434574520520787, 10.417291629492391, 10.37830936485907, 10.318759413394544, 10.240871430316687, 10.147898805726543, 10.044013555861792, 9.934173611852339, 9.823966578576751, 9.719434714814229, 9.626886420619462, 9.552699891688263, 9.503124805262733, 9.484087932594772, 9.501008427069962, 9.55862821961681, 9.66086247811393, 7.69047489511284, 7.9053297621046275, 8.172045729729444, 8.49007230245294, 8.857709513012896, 9.272145246215295, 9.72952415523308, 10.225045960790162, 10.753090052929023, 11.307362562009285, 11.88106141650842, 12.467054401103947, 13.058064875245709, 13.646859630100503, 14.226433334183893, 14.790184166395942, 15.332075551667835, 15.846779363856836, 16.329796574197754, 16.777552030188204, 17.187460870053137, 17.557964957805588, 17.8885386567639, 18.179664196898386, 17.25540148892385, 17.490134859710878, 17.69306044184682, 17.867892649765594, 18.018848301098014, 18.15049215185957, 18.267575441750658, 18.374872630617404, 18.477021513691092, 18.578371748383663, 18.682846517514786, 18.79382159387565, 18.914025484542922, 19.045463629837553, 19.18936884194812, 19.34617930695368, 19.515544581582702, 19.696359106239164, 19.886821868648525, 20.084520009764177, 20.286533392718574, 20.489556482408897, 20.69003332739637, 20.884301014230598], "test": [21.0, 21.0, 21.0, 21.0, 21.0, 21.0, 21.0, 21.0, 21.0, 21.0, 21.0, 21.0, 21.0, 21.0, 21.0, 21.0, 21.0, 21.0, 21.0, 21.0, 21.0, 21.0, 21.0, 21.0, 21.0, 21.0, 21.0, 21.0, 21.0, 21.0, 21.0, 21.0, 21.0, 21.0, 21.0, 21.0, 21.0, 22.0, 22.0, 22.0, 22.0, 22.4, 22.6, 21.2, 22.2, 23.0, 23.0, 23.0, 23.0, 21.6, 21.8, 21.0, 18.8, 16.8, 17.2, 17.2, 14.599999999999998, 11.6, 10.0, 9.4, 8.8, 8.0, 8.0, 7.199999999999999, 6.8, 7.0, 7.0, 5.0, 5.0, 7.4, 7.0, 7.0, 5.8, 4.6, 3.0, 3.5999999999999996, 4.0, 4.0, 4.8, 5.0, 4.2, 3.0, 3.0, 3.0, 3.0, 3.0, 3.0, 3.0, 3.0, 3.0, 3.0, 3.5999999999999996, 4.0, 3.8, 3.0, 2.4, 0.0, 0.8, 2.0, 2.8, 3.0, 3.8, 5.0, 5.0, 5.6, 7.6, 9.8, 11.8, 12.2, 13.0, 14.0, 14.599999999999998, 15.0, 16.0, 17.0, 16.0, 16.0, 16.4, 18.2, 19.6, 20.0, 21.0, 21.0, 21.0, 21.0, 21.0, 21.0, 20.6, 20.0, 20.0, 20.0, 20.0, 20.0, 20.0, 20.0, 20.4, 21.0, 21.0, 21.0, 21.0, 20.4, 20.0, 20.0, 20.0]}