{"day": 0, "month": 10, "station_id": 278, "predict": [14.094070120888556, 14.21249060444212, 14.3202448424748, 14.41674680706667, 14.501618980943709, 14.574698788894839, 14.636040000882401, 14.685909030007979, 14.724776180129943, 14.753302025617007, 14.772319231827508, 14.782810243786562, 14.785881377610377, 14.782733944589681, 14.774633116967888, 14.76287530423499, 14.74875484993352, 14.73353087923763, 14.718395124616652, 14.70444153407155, 14.692638422058051, 14.683803858015539, 14.67858490543285, 14.677441226019942, 15.032697766355948, 15.038736284579596, 15.04993951302815, 15.065760935327644, 15.085443001050503, 15.108036883240182, 15.132426870458941, 15.157358743452042, 15.181471390746818, 15.203330843098858, 15.2214658539799, 15.234404125718145, 15.240708275139152, 15.23901065362613, 15.228046178665005, 15.20668239823406, 15.173946094044036, 15.129045831441694, 15.071389977031048, 15.000599834071997, 14.916517675281952, 14.81920959159514, 14.708963208314445, 14.586280453667927, 14.344815373064199, 14.21050772461955, 14.06511640659231, 13.90966226320059, 13.745323583957322, 13.573411568876827, 13.39534358636082, 13.21261492534851, 13.026769764610773, 12.839372072283862, 12.651977128096105, 12.466104318163868, 12.283211791530263, 12.104673497650131, 11.93175903819478, 11.765616673350326, 11.607259721689271, 11.457556493765585, 11.317223793643024, 11.1868239262464, 11.066765055884042, 10.957304674948185, 10.858555872329596, 10.770496028770292, 6.555521127419513, 6.484673465901762, 6.424887960559271, 6.375276279159998, 6.334888528764344, 6.302737946442362, 6.277824224722038, 6.25915489043848, 6.245764249942471, 6.236729518771169, 6.231183869111165, 6.228326247412191, 6.227427933226717, 6.227835928364982, 6.228973372051862, 6.230337277872594, 6.231493971434646, 6.232072675989536, 6.23175774195747, 6.230280046482826, 6.227408097660116, 6.222939365605411, 6.216692332619542, 6.208499702909716, 5.78914848260371, 5.781620445996544, 5.771554852656846, 5.758764798348381, 5.743079540015355, 5.724349925146431, 5.702455380415586, 5.677312166085202, 5.648882529285344, 5.617184328121603, 5.582300655297811, 5.544388961832343, 5.503689173142915, 5.460530301314014, 5.4153350867685495, 5.36862225204929, 5.321006016970507, 5.273192605072622, 5.22597356659155, 5.180215847885449, 5.136848647439242, 5.096847213905894, 5.061213854234841, 5.030956529152381, 5.354599548514339, 5.348139972842654, 5.350459110701841, 5.362201637803717, 5.383888071576207, 5.415895195019056, 5.458438713326061, 5.511558745597777, 5.575108701434261, 5.648748020730666, 5.731939166918605, 5.823949160131242, 5.9238558213268675, 6.030558774072843, 6.142795119979239, 6.2591595712150685, 6.378128695272033, 6.498088800656474, 6.617366879128392, 6.734263919195684, 6.847089818831401, 6.954199062987529, 7.05402628545109, 7.145120814924213], "test": [15.0, 15.0, 15.0, 15.0, 15.0, 15.0, 15.0, 15.0, 15.0, 15.0, 15.0, 15.0, 15.0, 15.0, 15.0, 15.0, 15.0, 15.0, 15.0, 15.0, 15.0, 15.0, 15.0, 15.0, 15.0, 15.0, 15.0, 15.0, 15.0, 15.0, 15.0, 14.6, 14.0, 14.0, 14.0, 13.6, 13.0, 13.0, 13.0, 13.0, 13.0, 13.0, 13.4, 14.8, 15.0, 15.0, 14.0, 13.4, 12.600000000000001, 14.0, 13.6, 13.8, 13.8, 10.0, 7.0, 5.0, 2.0, 1.8, 1.4, 0.8, 0.0, 0.4, 0.0, 0.0, 0.0, 0.0, 0.2, 0.2, 1.8, 3.2, 4.6, 6.0, 6.0, 6.0, 5.0, 6.0, 6.8, 6.4, 6.0, 5.8, 5.2, 7.2, 8.0, 7.6, 8.8, 9.2, 6.0, 5.6, 5.2, 2.4, 4.0, 4.6, 5.0, 4.2, 4.6, 5.2, 5.0, 6.8, 7.0, 7.0, 7.8, 8.0, 8.6, 10.0, 10.0, 9.8, 7.6, 7.4, 7.2, 7.2, 7.2, 7.2, 3.6, 0.8, 2.2, 4.0, 3.6, 2.8, 4.6, 6.200000000000001, 6.8, 9.2, 9.6, 9.0, 9.0, 8.2, 7.8, 7.0, 7.2, 8.0, 7.4, 7.6, 7.8, 8.0, 8.4, 9.0, 9.0, 9.0, 9.2, 10.0, 10.0, 10.6, 11.0, 11.0]}