{"day": 6, "month": 5, "station_id": 564, "predict": [35.41988557503717, 35.81148857357981, 36.17147401326089, 36.4957516920974, 36.78076554058151, 37.0236128511393, 37.222145319523314, 37.37504828907212, 37.481895243087116, 37.543175338366474, 37.560292600290495, 37.535536277720546, 37.47202275788424, 37.37361034093493, 37.2447890445129, 37.09054841494441, 36.91622705297566, 36.72734817798337, 36.52944605234969, 36.327888433258074, 36.12770042107863, 35.93339510290192, 35.74881626320986, 35.576998141668376, 35.303844049359725, 35.17061046562159, 35.04820666759315, 34.9352172249592, 34.829176039016104, 34.72660192960365, 34.62306549920392, 34.51328587911327, 34.391255065317985, 34.25038670547149, 34.08368544337169, 33.88393227696474, 33.643880866971884, 33.35645935397414, 33.01497202456629, 32.6132951122657, 32.14606112551096, 31.608826379715584, 30.998216831526683, 30.312047903691116, 29.54941468393331, 28.710749711199533, 27.797846449249537, 26.813847517511913, 31.115331400364063, 30.22987419255659, 29.289878281781515, 28.302853511488042, 27.277157109789766, 26.221806029332182, 25.14627230540454, 24.06026698414323, 22.973518510497946, 21.895551616156993, 20.83547272449855, 19.801767707815983, 18.802117454126634, 17.843236212335903, 16.9307370014025, 16.06902761594728, 15.261239861961855, 14.5091937200118, 13.813397131595877, 13.173081093491248, 12.58626874779185, 12.049876189520674, 11.55984184273949, 11.1112804473614, 19.153112548115494, 18.883379121932865, 18.638672184676864, 18.413615637504684, 18.202922903517305, 18.001565814581625, 17.804932442682432, 17.60896944486092, 17.410304980812942, 17.206348875614054, 16.99536739488846, 16.77653077954548, 16.54993250176429, 16.316580053671466, 16.078357923211623, 15.837964223370198, 15.598823215274344, 15.364976648389089, 15.14095744845712, 14.931649762753697, 14.742139742353814, 14.577561662499859, 14.442944073153377, 14.34306061460802, 22.31058522112653, 22.426767586336908, 22.595612742711687, 22.819941699290226, 23.10168161255232, 23.441819311026272, 23.840382843591357, 24.296451212072448, 24.808191583480497, 25.37292244677199, 25.987200394786214, 26.646927512561312, 27.34747574758752, 28.08382416362565, 28.850704609580298, 29.642751141310676, 30.454648457896077, 31.281274701008897, 32.11783420254361, 32.95997612251183, 33.80389541491884, 34.64641315668939, 35.48503397158397, 36.31797902457082, 36.11891067126488, 36.861734015905135, 37.60090850852032, 38.3374600051263, 39.07287757984453, 39.80901369237764, 40.54797227761973, 41.0, 41.0, 41.0, 41.0, 41.0, 41.0, 41.0, 41.0, 41.0, 41.0, 41.0, 41.0, 41.0, 41.0, 41.0, 41.0, 41.0], "test": [30.0, 30.0, 30.0, 30.0, 30.0, 31.2, 32.0, 32.0, 32.0, 32.0, 32.0, 32.0, 32.0, 32.0, 32.0, 32.0, 32.0, 32.0, 32.0, 30.2, 29.0, 29.0, 29.0, 29.0, 29.0, 29.0, 29.0, 29.0, 29.0, 29.0, 29.0, 29.0, 29.0, 29.0, 29.0, 29.0, 29.0, 29.0, 29.0, 29.0, 29.0, 29.0, 29.0, 29.0, 29.0, 29.0, 29.0, 29.0, 29.0, 28.800000000000004, 32.6, 37.8, 38.0, 38.0, 38.0, 38.0, 38.0, 37.8, 37.0, 37.0, 37.0, 37.0, 37.0, 36.8, 36.0, 33.4, 33.0, 31.400000000000002, 31.8, 33.0, 32.6, 31.2, 34.6, 37.0, 36.6, 34.4, 34.4, 34.4, 33.6, 32.0, 32.0, 32.0, 30.8, 31.6, 30.4, 31.6, 32.4, 34.6, 34.0, 32.4, 30.4, 32.2, 30.8, 27.0, 25.8, 27.0, 28.4, 35.8, 36.4, 32.2, 33.0, 33.0, 32.6, 32.4, 30.8, 30.2, 32.4, 34.2, 35.8, 35.0, 34.2, 33.2, 32.6, 34.0, 34.2, 32.8, 30.2, 34.8, 33.8, 33.0, 32.4, 35.4, 36.0, 34.4, 33.2, 36.0, 38.0, 38.0, 38.0, 38.0, 36.0, 34.2, 33.6, 34.0, 35.6, 33.4, 33.0, 31.8, 32.4, 33.4, 31.8, 29.600000000000005, 32.0, 31.8]}