{"day": 1, "month": 2, "station_id": 154, "predict": [4.943242954805223, 4.993470201306627, 5.018907796277497, 5.012058455937993, 4.966536670027691, 4.877280230094693, 4.740725378017958, 4.554940184130802, 4.319711964630035, 4.036585880640829, 3.7088532763969146, 3.3414897785922775, 2.9410446464963282, 2.515484285143197, 2.073994180679546, 1.6267447276436187, 1.184627487829434, 0.7589692787128133, 0.3612321521122816, 0.0027077280268694714, 0.0, 0.0, 0.0, 0.0, 0.09096296041195273, 0.1322478133286048, 0.2651970619726757, 0.4914122694430989, 0.8105522822156142, 1.2203440477620293, 1.7166450841772842, 2.2935555159778036, 2.9435761720992435, 3.657807938498409, 4.4261863826523715, 5.237744700964261, 6.080897250300934, 6.943735407071401, 7.8143271832710965, 8.681012009741135, 9.532682302021337, 10.359043892489318, 11.150848115555103, 11.900089230256107, 12.600161960384057, 13.245975162836459, 13.834018997005536, 14.362384366218174, 18.63297201152444, 19.096796570316247, 19.508471334171286, 19.871930148489582, 20.19204443247603, 20.474408984492374, 20.725110790103553, 20.95048832260388, 21.15688903938715, 21.350432764259143, 21.536788387633326, 21.720970833338164, 21.907164549042076, 22.09857888874415, 22.297339713269338, 22.504420356932513, 22.71961384604698, 22.941546930531224, 23.167735164660836, 23.3946769672394, 23.61798336318041, 23.832538985335585, 24.032688932771528, 24.212445274479204, 30.010939266340504, 30.215947201179038, 30.382649977568942, 30.50556181549107, 30.57994708182027, 30.60200470590216, 30.569023833046618, 30.47950557900048, 30.33324682078831, 30.131383161364436, 29.876389491610723, 29.572037918826087, 29.223314173006315, 28.836294919758462, 28.41798965104709, 27.976151945735936, 27.519065873467824, 27.055314117420043, 26.59353498381663, 26.142175836990365, 25.70925064707103, 25.30210922431674, 24.927225386947065, 24.590010744246204, 24.078897507195244, 23.8640439371717, 23.69174998160823, 23.56141369464209, 23.47109859509626, 23.417596667571978, 23.39653092705881, 23.40249462025612, 23.429222985369126, 23.469792459091085, 23.516841339614555, 23.5628052180485, 23.60015999462678, 23.621665021399803, 23.620598865628267, 23.590980372498116, 23.52776811514797, 23.42703194589895, 23.28609118160217, 23.103614950224735, 22.87968135884464, 22.615793388099398, 22.314850729380563, 21.981078124911363, 14.194187983612563, 13.73212914421621, 13.254797929958519, 12.770024265290342, 12.286121246781281, 11.811635017701711, 11.355085220821291, 10.92470390873676, 10.528180893125285, 10.172423364053033, 9.8633372209632, 9.605636952652743, 9.402690071918483, 9.256401108477515, 9.167138997376025, 9.133710415412342, 9.153380248982842, 9.22193896667692, 9.333815259625199, 9.482230945822575, 9.659393847888522, 9.85672319656571, 10.065101105691543, 10.275142850782698], "test": [5.0, 5.0, 5.0, 5.0, 5.0, 5.0, 5.0, 5.0, 5.0, 5.0, 5.0, 5.0, 5.0, 5.0, 5.0, 5.0, 5.0, 5.0, 5.0, 5.0, 5.0, 5.0, 5.0, 5.0, 5.0, 5.0, 5.0, 5.0, 5.0, 5.0, 5.0, 5.0, 5.0, 5.0, 5.0, 5.0, 5.0, 5.8, 10.0, 20.6, 31.200000000000003, 32.8, 31.200000000000003, 20.199999999999996, 18.8, 22.400000000000002, 15.8, 26.0, 30.0, 30.4, 28.6, 29.000000000000004, 26.4, 29.8, 30.8, 31.4, 32.0, 31.8, 32.0, 32.0, 32.0, 32.0, 32.0, 32.0, 32.0, 32.0, 32.0, 31.6, 31.0, 31.0, 30.6, 31.6, 32.0, 32.0, 32.0, 32.0, 31.8, 31.0, 30.4, 30.4, 31.0, 31.0, 30.6, 30.0, 30.0, 29.6, 27.2, 26.799999999999997, 26.0, 25.0, 25.0, 24.4, 24.2, 25.0, 24.6, 22.6, 20.0, 15.0, 8.2, 5.6000000000000005, 1.8, 2.6, 2.0, 9.2, 8.0, 17.2, 20.199999999999996, 14.2, 7.800000000000001, 21.0, 27.4, 27.2, 21.4, 13.8, 5.0, 4.6, 4.8, 4.6, 4.0, 3.8, 3.0, 4.2, 6.2, 7.0, 7.0, 7.0, 5.8, 6.8, 7.0, 7.0, 7.0, 6.2, 6.0, 6.0, 6.0, 6.0, 6.0, 6.0, 6.0, 6.0, 6.0, 6.0, 6.0, 6.0]}