{"day": 0, "month": 9, "station_id": 193, "predict": [60.0, 60.0, 60.0, 60.0, 60.0, 60.0, 60.0, 60.0, 60.0, 60.0, 60.0, 60.0, 60.0, 60.0, 60.0, 60.0, 60.0, 60.0, 60.0, 60.0, 60.0, 60.0, 60.0, 60.0, 60.0, 60.0, 60.0, 60.0, 60.0, 60.0, 60.0, 60.0, 60.0, 60.0, 60.0, 60.0, 60.0, 60.0, 60.0, 60.0, 60.0, 60.0, 60.0, 60.0, 60.0, 58.91004234222458, 57.563504269149504, 56.10044688106397, 50.7214504308979, 48.97398252138619, 47.170358338319964, 45.33323777850386, 43.48597135218687, 41.65202547930839, 39.8544039965165, 38.11508221668291, 36.45446959068694, 34.89091622541589, 33.44027725421972, 32.115547435227626, 30.926576297895384, 29.879871849315062, 28.97849828444117, 28.222070410821853, 27.606844681033383, 27.12590392826136, 26.769430166499916, 26.525057252646388, 26.378292898482123, 26.312997498142852, 26.31190560553728, 26.357174671542232, 13.789196384807477, 13.831039054097861, 13.876286730191643, 13.908345295468681, 13.912574509652874, 13.876717781022212, 13.791255598227211, 13.649672581660566, 13.448630700177636, 13.188043999142788, 12.8710531103764, 12.503900789531942, 12.095712653214107, 11.658190077095767, 11.20522480375502, 10.752447086394474, 10.316721129849642, 9.915603099871358, 9.56677802842753, 9.287492502861047, 9.094000089542218, 9.001035995829199, 9.021336539997083, 9.165217600360133, 4.342569213739964, 4.791720439418664, 5.371634292742784, 6.079221918292859, 6.908312695143756, 7.849776115219007, 8.891729710856499, 10.019826666314787, 11.217614363456052, 12.466953073710005, 13.748482219029652, 15.042120304401177, 16.327583651948412, 17.584908612536204, 18.794961895980624, 19.939924098526124, 21.003732420040542, 21.972469838584374, 22.83468973944023, 23.581666967902077, 24.20756858151021, 24.70954001843736, 25.087705004316263, 25.345080119944345, 28.962151524088117, 29.061730545509356, 29.05441348591569, 28.95242699044398, 28.76961966439623, 28.521004664531553, 28.22227846039488, 27.88933080177854, 27.537761059426654, 27.18241576083738, 26.836961336991212, 26.513504872574096, 26.22227401963314, 25.971365287048506, 25.766567671809327, 25.611266163826414, 25.506427081278666, 25.45066457598858, 25.440385061421203, 25.470003846260244, 25.532225971458836, 25.618381232892325, 25.718801675270733, 25.82322852497506], "test": [59.0, 59.0, 59.0, 59.0, 59.0, 59.0, 59.0, 59.0, 59.0, 59.0, 59.0, 59.0, 59.0, 59.0, 59.0, 59.0, 59.0, 59.0, 59.0, 59.0, 59.0, 59.0, 59.0, 59.0, 59.0, 59.0, 59.0, 59.0, 59.0, 59.0, 59.0, 59.0, 59.0, 59.0, 59.0, 59.0, 59.0, 59.0, 59.0, 58.0, 58.0, 57.8, 56.8, 56.0, 55.6, 54.6, 53.6, 55.0, 53.4, 50.8, 48.0, 43.8, 41.0, 37.0, 30.2, 23.6, 15.800000000000002, 10.8, 6.0, 5.4, 5.0, 3.7999999999999994, 3.0, 0.8, 0.0, 0.6, 1.6, 2.0, 1.6, 1.0, 0.2, 0.0, 0.0, 0.0, 1.0, 0.8, 1.0, 1.0, 1.0, 0.4, 0.2, 0.0, 0.0, 0.8, 1.0, 0.2, 0.4, 1.8, 1.2, 0.0, 0.0, 0.0, 0.0, 0.0, 0.0, 0.0, 0.6, 0.2, 1.0, 0.0, 0.0, 0.4, 0.6, 1.6, 2.4, 2.8, 6.4, 9.4, 11.2, 14.2, 39.5, 43.800000000000004, 47.25, 47.5, 23.6, 45.55, 46.550000000000004, 47.400000000000006, 47.6, 25.8, 28.0, 28.6, 30.6, 31.000000000000004, 32.2, 33.4, 34.0, 34.0, 34.6, 35.0, 35.8, 35.0, 35.0, 34.0, 34.0, 33.0, 33.0, 33.0, 33.0, 33.0, 32.4, 32.0, 32.0, 32.0]}