{"day": 5, "month": 4, "station_id": 177, "predict": [10.150749864978604, 9.994889705560652, 9.83740699647922, 9.67947533836761, 9.522146695697572, 9.366346211626873, 9.212871032634196, 9.062392708012009, 8.915462634254613, 8.772519940670572, 8.633901167572159, 8.499851068586732, 8.370533875816472, 8.24604439735414, 8.126418375746981, 8.011641609853685, 7.901657439749897, 7.796372302152374, 7.695659183793532, 7.599358920007053, 7.5072794139700765, 7.419192966731103, 7.334832019505957, 7.25388370594758, 10.884992161695038, 10.83417457358805, 10.783491433232607, 10.732342134241591, 10.6800704817658, 10.625964850335883, 10.569260738740951, 10.509146062385039, 10.444769422511287, 10.375251468519819, 10.299699345657556, 10.217224083168816, 10.12696064173763, 10.028090208637993, 9.919864204997305, 9.801629358015285, 9.672853101989205, 9.533148499491364, 9.382297828715549, 9.22027396603026, 9.04725870259608, 8.863657176064311, 8.670107665190264, 8.467486097764883, 12.224238198061736, 12.066414307581228, 11.899899275654127, 11.726284216148253, 11.547390740317736, 11.365239996898891, 11.182014894820423, 11.000016227697467, 10.821613621996756, 10.649192414621984, 10.485097718727065, 10.331577065301909, 10.190723090929303, 10.064417794042315, 9.95427988648937, 9.861616731430129, 9.787382276385737, 9.732142271799134, 9.696047903145745, 9.678818768657282, 9.679735910752216, 9.697645357928314, 9.730972364755203, 9.777746262717233, 12.875510482014935, 12.99922719141365, 13.12806173394326, 13.259038375782767, 13.38905018270812, 13.514927835966867, 13.633511560411499, 13.741724414414916, 13.836645125467525, 13.915578637914658, 13.976122574674907, 14.016227892193001, 14.03425213731444, 14.029003887143732, 13.999777161807328, 13.946374847441955, 13.869120437387556, 13.768857692903449, 13.646938130632508, 13.505196551753038, 13.345915134214057, 13.171776901444973, 12.98580965210562, 12.791321682380952, 11.046606194692956, 10.8468734279962, 10.649907683528358, 10.459389048394728, 10.278895040421853, 10.111824104225144, 9.961323549156793, 9.830223611379465, 9.720979156858359, 9.635620336483031, 9.575713270495562, 9.542331574518531, 9.536039261149217, 9.556885258707654, 9.604409495426824, 9.67766020842676, 9.775221862293277, 9.895252804913836, 10.035531562578598, 10.19351047824031, 10.366375241848585, 10.551108741560942, 10.744557596071164, 10.943499698387265, 9.402980343208544, 9.59122064892668, 9.777628859050644, 9.959226924064312, 10.133236797166417, 10.297126858550268, 10.448650984129829, 10.585879595534484, 10.707222252976134, 10.811441589631684, 10.89765861974416, 10.96534967587979, 11.014335445694536, 11.0447627658947, 11.057080001074283, 11.052006970124879, 11.03050049013238, 10.993716677562935, 10.942971182500848, 10.879698530757578, 10.805411716075389, 10.721663114603485, 10.630007700620894, 10.531969417488774], "test": [16.0, 16.0, 16.0, 16.0, 16.0, 15.4, 15.0, 15.0, 15.0, 15.0, 15.0, 15.0, 15.0, 15.0, 15.0, 15.0, 15.0, 14.6, 14.000000000000002, 14.000000000000002, 14.000000000000002, 14.000000000000002, 14.000000000000002, 14.000000000000002, 14.000000000000002, 14.000000000000002, 14.000000000000002, 14.000000000000002, 14.000000000000002, 14.000000000000002, 14.000000000000002, 14.000000000000002, 14.000000000000002, 14.000000000000002, 14.000000000000002, 14.000000000000002, 14.000000000000002, 14.000000000000002, 14.000000000000002, 14.000000000000002, 14.2, 15.0, 15.0, 15.0, 15.0, 15.0, 15.0, 15.0, 15.0, 15.0, 15.0, 15.0, 15.0, 15.0, 15.0, 14.2, 14.000000000000002, 14.000000000000002, 14.000000000000002, 14.000000000000002, 14.000000000000002, 14.000000000000002, 13.600000000000001, 13.0, 12.0, 12.0, 12.0, 12.0, 13.0, 13.8, 14.000000000000002, 14.2, 14.000000000000002, 14.000000000000002, 14.000000000000002, 13.600000000000001, 12.0, 12.0, 11.6, 12.2, 9.6, 9.0, 9.0, 9.0, 9.6, 10.0, 10.0, 10.0, 9.2, 9.0, 9.0, 9.0, 9.4, 11.6, 11.6, 11.0, 11.4, 9.8, 9.0, 9.0, 9.0, 9.0, 9.4, 10.0, 10.0, 10.8, 11.0, 11.0, 11.0, 10.6, 9.0, 9.0, 8.0, 6.2, 6.4, 6.800000000000001, 6.6000000000000005, 7.000000000000001, 7.000000000000001, 7.400000000000001, 8.8, 10.0, 10.0, 10.0, 10.2, 11.2, 12.0, 12.0, 12.0, 12.2, 13.0, 12.0, 12.0, 12.0, 11.6, 11.0, 11.0, 11.6, 12.0, 12.0, 12.0, 12.0, 12.0, 12.0]}