{"day": 5, "month": 2, "station_id": 270, "predict": [7.10531649248124, 7.052348792539493, 7.0087449037857095, 6.976904234525473, 6.95870060714069, 6.955417660675139, 6.967707376597558, 6.995573014871009, 7.038376931404399, 7.094872920196103, 7.16326190737018, 7.241269046467245, 7.32623954960507, 7.415249960283652, 7.50523104886388, 7.593098112193345, 7.675884190752753, 7.750871595573418, 7.815717162196879, 7.868566821961823, 7.908155397287836, 7.9338879761588075, 7.945899787753697, 7.945092173137884, 10.791366772083261, 10.845253935951343, 10.893658274300968, 10.940221040799273, 10.989155089531476, 11.04513498558359, 11.113168461524648, 11.1984529294276, 11.306221275830486, 11.441581558134489, 11.6093554717805, 11.813920558229864, 12.05906107260698, 12.3478322261981, 12.682442166409334, 13.064155570977848, 13.493222120487584, 13.968832395400558, 14.48910294991871, 15.051091447043227, 15.650841854032356, 16.283458787794466, 16.9432092305171, 17.623648991326803, 16.949866671047964, 17.63766719069629, 18.321096622813833, 18.991609728339057, 19.640880966513024, 20.26100827709469, 20.844706240012012, 21.38548308564766, 21.877796455146413, 22.317183418187874, 22.700360977125477, 23.025294132780587, 23.291229525164272, 23.498693648659597, 23.64945567718481, 23.746455958095943, 23.793702239364887, 23.796136632780467, 23.75947717607806, 23.69003859762033, 23.59453750010674, 23.47988763517254, 23.352991232752316, 23.22053246464472, 11.104055843941541, 10.859678616022125, 10.623816002897193, 10.399914088662943, 10.19050950353844, 9.997157293116429, 9.82038903347415, 9.65970242412701, 9.51358266105102, 9.379554956704837, 9.254266654908912, 9.13359651804496, 9.01278796025527, 8.8866022974371, 8.749487492738814, 8.595757420719572, 8.419776363809213, 8.216143301706067, 7.979870561410083, 7.706551559209227, 7.392512694965697, 7.034944918283566, 6.632011088778078, 6.182925965797158, 0.8800294069081585, 0.2472125300959871, 0.0, 0.0, 0.0, 0.0, 0.0, 0.0, 0.0, 0.0, 0.0, 0.0, 0.0, 0.0, 0.0, 0.0, 0.0, 0.0, 0.0, 0.0, 0.0, 0.0, 0.0, 0.0, 0.0, 0.0, 0.0, 0.0, 0.0, 0.0, 0.0, 0.0, 0.0, 0.0, 0.0, 0.0, 0.0, 0.0, 0.0, 0.0, 0.0, 0.0, 0.0, 0.0, 0.0, 0.0, 0.0, 0.0], "test": [9.0, 8.8, 9.0, 9.0, 9.0, 9.0, 9.0, 9.0, 9.0, 9.6, 10.0, 10.0, 10.0, 10.0, 10.0, 10.0, 10.0, 10.0, 10.0, 10.0, 10.0, 10.0, 10.0, 10.8, 11.0, 11.0, 11.0, 11.0, 11.0, 11.0, 11.0, 11.0, 11.0, 11.0, 11.0, 11.0, 11.0, 11.0, 11.0, 11.0, 11.0, 11.0, 11.0, 11.0, 11.0, 10.2, 10.0, 10.2, 9.0, 7.799999999999999, 7.0, 6.6, 6.0, 5.4, 4.2, 4.0, 4.4, 5.0, 5.0, 4.4, 2.6, 1.0, 1.8, 2.6, 2.8, 1.2, 2.0, 2.4, 2.8, 3.8, 4.0, 3.2, 3.0, 2.8, 2.6, 1.2, 2.0, 2.0, 2.6, 3.6, 6.4, 5.8, 5.0, 6.0, 3.8, 2.0, 2.0, 2.6, 2.0, 2.0, 1.0, 1.0, 1.0, 1.4, 2.0, 1.8, 2.8, 2.6, 1.2, 1.6, 2.2, 2.8, 2.0, 2.0, 1.4, 1.0, 1.0, 1.8, 2.0, 2.2, 3.0, 2.6, 1.2, 2.0, 1.4, 1.0, 1.0, 1.0, 1.0, 1.0, 1.0, 1.0, 2.2, 3.0, 3.0, 4.0, 4.0, 4.0, 4.0, 4.0, 4.0, 4.0, 4.0, 4.0, 4.0, 4.0, 4.0, 5.0, 5.0, 4.0, 4.0, 4.0, 4.0, 4.0]}